country,nace,year,ghg_tht,gva_meur,intensity_kg_eur
AT,A,2012,8436.69616,4488.2,1.879750
AT,A,2013,8448.90325,4104.3,2.058549
AT,A,2014,8568.45199,4210.8,2.034875
AT,A,2015,8585.75679,3912.2,2.194611
AT,A,2016,8722.32736,4087.6,2.133851
AT,A,2017,8650.43373,4407.2,1.962796
AT,A,2018,8530.30256,4250.5,2.006894
AT,A,2019,8421.72046,4133.7,2.037332
AT,A,2020,8394.07196,4074.7,2.060047
AT,A,2021,8461.38173,4936.7,1.713975
AT,A,2022,8411.20523,6050.9,1.390075
AT,A,2023,8270.81375,5933.6,1.393895
AT,A01,2012,8317.56673,3074.0,2.705780
AT,A01,2013,8326.29441,2847.5,2.924072
AT,A01,2014,8446.08565,2823.0,2.991883
AT,A01,2015,8461.64406,2754.1,3.072381
AT,A01,2016,8594.42626,2895.6,2.968099
AT,A01,2017,8523.03894,3255.3,2.618204
AT,A01,2018,8407.18916,3154.3,2.665311
AT,A01,2019,8296.29427,3085.4,2.688888
AT,A01,2020,8274.76135,3173.0,2.607867
AT,A01,2021,8339.60951,3682.4,2.264721
AT,A01,2022,8290.49261,4501.2,1.841841
AT,A01,2023,8148.37605,4364.9,1.866796
AT,A02,2012,117.6827,1393.7,0.084439
AT,A02,2013,121.06967,1234.3,0.098088
AT,A02,2014,120.90968,1365.6,0.088540
AT,A02,2015,122.53623,1134.9,0.107971
AT,A02,2016,126.10479,1164.6,0.108282
AT,A02,2017,125.50285,1124.1,0.111647
AT,A02,2018,121.14073,1067.1,0.113523
AT,A02,2019,123.28237,1016.2,0.121317
AT,A02,2020,117.38498,866.0,0.135548
AT,A02,2021,119.29367,1220.4,0.097750
AT,A02,2022,118.20351,1512.3,0.078161
AT,A02,2023,119.96446,1531.5,0.078331
AT,A03,2012,1.44673,20.5,0.070572
AT,A03,2013,1.53917,22.6,0.068105
AT,A03,2014,1.45666,22.2,0.065615
AT,A03,2015,1.5765,23.1,0.068247
AT,A03,2016,1.79631,27.4,0.065559
AT,A03,2017,1.89193,27.9,0.067811
AT,A03,2018,1.97267,29.1,0.067789
AT,A03,2019,2.14381,32.1,0.066785
AT,A03,2020,1.92563,35.7,0.053939
AT,A03,2021,2.47855,33.9,0.073114
AT,A03,2022,2.50911,37.5,0.066910
AT,A03,2023,2.47323,37.2,0.066485
AT,B,2012,995.32531,1519.4,0.655078
AT,B,2013,845.64232,1487.4,0.568537
AT,B,2014,839.82399,1398.3,0.600604
AT,B,2015,777.43173,1186.8,0.655065
AT,B,2016,757.20132,1068.2,0.708857
AT,B,2017,818.83551,1199.7,0.682534
AT,B,2018,778.72706,1169.9,0.665636
AT,B,2019,664.79641,1059.3,0.627581
AT,B,2020,629.23433,758.7,0.829359
AT,B,2021,704.39196,980.7,0.718254
AT,B,2022,655.63563,1433.0,0.457527
AT,B,2023,576.61983,983.8,0.586115
AT,C,2012,26995.49242,54632.2,0.494132
AT,C,2013,26911.17214,54944.3,0.489790
AT,C,2014,26519.28742,56735.9,0.467416
AT,C,2015,27040.05054,58985.2,0.458421
AT,C,2016,26768.33445,62839.8,0.425977
AT,C,2017,27597.16188,64066.2,0.430760
AT,C,2018,26026.07595,66380.5,0.392074
AT,C,2019,27063.14192,67674.9,0.399899
AT,C,2020,25867.14827,63122.6,0.409792
AT,C,2021,27822.90578,68975.9,0.403371
AT,C,2022,26011.84059,74829.2,0.347616
AT,C,2023,24665.60319,76173.9,0.323806
AT,C10-C12,2012,1096.16655,5515.7,0.198736
AT,C10-C12,2013,941.68447,5365.5,0.175507
AT,C10-C12,2014,1039.21791,5764.6,0.180276
AT,C10-C12,2015,1086.04887,5937.3,0.182920
AT,C10-C12,2016,912.19468,6370.7,0.143186
AT,C10-C12,2017,901.43244,6471.4,0.139295
AT,C10-C12,2018,867.14672,6477.7,0.133866
AT,C10-C12,2019,858.61193,6888.7,0.124641
AT,C10-C12,2020,883.35761,7017.1,0.125886
AT,C10-C12,2021,895.1257,7397.4,0.121005
AT,C10-C12,2022,1001.65423,8531.8,0.117402
AT,C10-C12,2023,891.3251,9071.4,0.098257
AT,C13-C15,2012,113.84161,1038.4,0.109632
AT,C13-C15,2013,105.7762,1012.2,0.104501
AT,C13-C15,2014,83.33843,1043.7,0.079849
AT,C13-C15,2015,74.66902,1091.8,0.068391
AT,C13-C15,2016,93.87806,1038.5,0.090398
AT,C13-C15,2017,77.30012,925.6,0.083514
AT,C13-C15,2018,76.19207,992.4,0.076776
AT,C13-C15,2019,76.03749,981.4,0.077479
AT,C13-C15,2020,67.56185,905.5,0.074613
AT,C13-C15,2021,75.30753,900.0,0.083675
AT,C13-C15,2022,67.99637,911.9,0.074566
AT,C13-C15,2023,66.50525,928.6,0.071619
AT,C16,2012,334.53345,2093.3,0.159812
AT,C16,2013,331.4313,2118.1,0.156476
AT,C16,2014,304.61284,2153.1,0.141476
AT,C16,2015,400.28477,2355.4,0.169943
AT,C16,2016,279.02489,2499.7,0.111623
AT,C16,2017,296.12767,2515.8,0.117707
AT,C16,2018,291.25161,2758.5,0.105583
AT,C16,2019,262.92141,2940.0,0.089429
AT,C16,2020,247.59476,2923.3,0.084697
AT,C16,2021,266.87803,3568.8,0.074781
AT,C16,2022,259.16606,3671.5,0.070589
AT,C16,2023,272.68304,3100.6,0.087945
AT,C17,2012,2069.86471,1792.2,1.154930
AT,C17,2013,1945.242,1767.6,1.100499
AT,C17,2014,1786.69717,1875.6,0.952600
AT,C17,2015,1872.28843,1878.0,0.996959
AT,C17,2016,1819.35094,2042.5,0.890747
AT,C17,2017,1820.01141,1970.6,0.923582
AT,C17,2018,1928.28128,2186.8,0.881782
AT,C17,2019,2017.6187,2228.6,0.905330
AT,C17,2020,1845.32663,2077.7,0.888158
AT,C17,2021,1875.52602,1996.7,0.939313
AT,C17,2022,1587.04678,2580.5,0.615015
AT,C17,2023,1258.70844,2086.5,0.603263
AT,C18,2012,15.35267,1113.6,0.013787
AT,C18,2013,9.73114,1024.4,0.009499
AT,C18,2014,8.92618,976.3,0.009143
AT,C18,2015,7.68755,967.1,0.007949
AT,C18,2016,6.14817,935.0,0.006576
AT,C18,2017,6.30378,909.3,0.006933
AT,C18,2018,5.48094,851.6,0.006436
AT,C18,2019,4.89011,818.1,0.005977
AT,C18,2020,4.7058,717.1,0.006562
AT,C18,2021,3.68501,675.0,0.005459
AT,C18,2022,3.90744,732.9,0.005331
AT,C18,2023,4.33095,741.4,0.005842
AT,C19,2012,2875.96,423.1,6.797353
AT,C19,2013,2867.81923,253.1,11.330775
AT,C19,2014,2754.24502,240.7,11.442647
AT,C19,2015,2842.60115,394.8,7.200104
AT,C19,2016,2820.74157,712.3,3.960047
AT,C19,2017,2776.88119,629.4,4.411950
AT,C19,2018,2867.52607,738.8,3.881329
AT,C19,2019,2831.80695,908.3,3.117700
AT,C19,2020,2764.37481,370.9,7.453154
AT,C19,2021,2779.20893,796.9,3.487525
AT,C19,2022,2282.17234,760.5,3.000884
AT,C19,2023,2608.5103,783.1,3.331005
AT,C20,2012,2350.65354,2017.4,1.165190
AT,C20,2013,2186.06689,2293.2,0.953282
AT,C20,2014,2339.25502,2536.7,0.922165
AT,C20,2015,2287.7751,2947.9,0.776069
AT,C20,2016,2467.8682,3699.7,0.667045
AT,C20,2017,2487.82744,3372.4,0.737702
AT,C20,2018,2229.8719,3162.1,0.705187
AT,C20,2019,2412.32447,3098.6,0.778521
AT,C20,2020,2378.14419,3191.1,0.745243
AT,C20,2021,2418.9504,4068.9,0.594497
AT,C20,2022,2196.21608,3267.3,0.672181
AT,C20,2023,2049.1078,3325.7,0.616143
AT,C21,2012,24.07794,1912.4,0.012590
AT,C21,2013,24.78764,1982.1,0.012506
AT,C21,2014,25.96532,2146.8,0.012095
AT,C21,2015,28.30422,2215.2,0.012777
AT,C21,2016,30.04039,2372.8,0.012660
AT,C21,2017,29.79484,2490.5,0.011963
AT,C21,2018,29.19382,2379.6,0.012268
AT,C21,2019,28.32454,2684.9,0.010550
AT,C21,2020,30.02274,2703.5,0.011105
AT,C21,2021,20.84158,2624.9,0.007940
AT,C21,2022,16.81049,2653.7,0.006335
AT,C21,2023,17.62372,3107.4,0.005672
AT,C22,2012,110.40904,2213.2,0.049887
AT,C22,2013,90.88957,2303.4,0.039459
AT,C22,2014,87.56006,2491.2,0.035148
AT,C22,2015,80.40448,2454.4,0.032759
AT,C22,2016,83.74776,2624.4,0.031911
AT,C22,2017,82.0649,2634.5,0.031150
AT,C22,2018,77.66203,2595.8,0.029918
AT,C22,2019,80.52666,2694.0,0.029891
AT,C22,2020,73.89028,2541.0,0.029079
AT,C22,2021,94.18162,2554.0,0.036876
AT,C22,2022,86.21354,2810.4,0.030677
AT,C22,2023,84.33568,3152.7,0.026750
AT,C23,2012,4968.74089,2452.2,2.026238
AT,C23,2013,5120.96885,2494.9,2.052575
AT,C23,2014,5036.03182,2599.6,1.937233
AT,C23,2015,4987.88421,2544.5,1.960261
AT,C23,2016,5118.48819,2625.0,1.949900
AT,C23,2017,5146.099,2710.5,1.898579
AT,C23,2018,5253.35066,2661.3,1.973979
AT,C23,2019,5208.17789,2877.2,1.810155
AT,C23,2020,5257.26916,2577.6,2.039599
AT,C23,2021,5496.60588,2711.9,2.026847
AT,C23,2022,5209.4273,2878.2,1.809960
AT,C23,2023,4488.8644,2836.8,1.582369
AT,C24,2012,11911.7274,3928.7,3.031977
AT,C24,2013,12441.69789,3618.3,3.438548
AT,C24,2014,12289.53958,3798.7,3.235196
AT,C24,2015,12623.9071,4375.5,2.885135
AT,C24,2016,12364.47691,4085.6,3.026355
AT,C24,2017,13208.43114,4396.8,3.004101
AT,C24,2018,11637.66582,4739.4,2.455515
AT,C24,2019,12551.15283,4448.7,2.821308
AT,C24,2020,11656.39532,3711.6,3.140531
AT,C24,2021,13208.90157,3810.2,3.466721
AT,C24,2022,12604.95365,5338.9,2.360965
AT,C24,2023,12302.05092,5198.9,2.366280
AT,C25,2012,358.38709,5175.1,0.069252
AT,C25,2013,262.03533,5554.2,0.047178
AT,C25,2014,232.65001,5559.7,0.041846
AT,C25,2015,236.77843,5853.1,0.040454
AT,C25,2016,244.21614,6318.7,0.038650
AT,C25,2017,235.14741,6427.5,0.036585
AT,C25,2018,231.8695,6619.7,0.035027
AT,C25,2019,219.88929,6730.1,0.032673
AT,C25,2020,205.95068,6404.4,0.032158
AT,C25,2021,217.55707,7202.3,0.030207
AT,C25,2022,214.34424,7857.9,0.027278
AT,C25,2023,203.87899,7350.0,0.027739
AT,C26,2012,137.32717,2891.1,0.047500
AT,C26,2013,115.12164,3025.2,0.038054
AT,C26,2014,117.39512,3032.0,0.038719
AT,C26,2015,125.72575,3029.8,0.041496
AT,C26,2016,112.01548,3429.6,0.032661
AT,C26,2017,115.13406,3619.7,0.031808
AT,C26,2018,109.28174,4013.1,0.027231
AT,C26,2019,113.10428,4248.4,0.026623
AT,C26,2020,83.88242,3952.0,0.021225
AT,C26,2021,80.66844,4558.7,0.017695
AT,C26,2022,82.09509,5419.3,0.015149
AT,C26,2023,86.08481,5534.3,0.015555
AT,C27,2012,202.97777,5408.5,0.037529
AT,C27,2013,83.19142,5111.0,0.016277
AT,C27,2014,72.53859,5188.2,0.013981
AT,C27,2015,69.88988,5369.4,0.013016
AT,C27,2016,97.22919,5625.0,0.017285
AT,C27,2017,90.94424,5994.9,0.015170
AT,C27,2018,95.09018,5918.8,0.016066
AT,C27,2019,91.22745,5462.0,0.016702
AT,C27,2020,67.76906,4657.4,0.014551
AT,C27,2021,91.78452,5147.4,0.017831
AT,C27,2022,85.38756,5470.8,0.015608
AT,C27,2023,68.76168,6057.5,0.011351
AT,C28,2012,178.41341,7723.6,0.023100
AT,C28,2013,168.53573,7920.6,0.021278
AT,C28,2014,148.9259,8005.9,0.018602
AT,C28,2015,138.38807,8318.4,0.016636
AT,C28,2016,126.54194,8384.3,0.015093
AT,C28,2017,125.82081,8907.5,0.014125
AT,C28,2018,123.76258,9278.3,0.013339
AT,C28,2019,121.49051,9480.1,0.012815
AT,C28,2020,123.25463,8809.0,0.013992
AT,C28,2021,122.08706,9819.1,0.012434
AT,C28,2022,127.37207,10301.7,0.012364
AT,C28,2023,117.04375,11328.0,0.010332
AT,C29,2012,134.21213,3813.3,0.035196
AT,C29,2013,110.00369,3745.0,0.029373
AT,C29,2014,93.55612,3874.7,0.024145
AT,C29,2015,80.9862,3856.5,0.021000
AT,C29,2016,101.56232,4311.4,0.023557
AT,C29,2017,105.28417,4155.4,0.025337
AT,C29,2018,101.1471,4643.7,0.021782
AT,C29,2019,94.79915,4654.8,0.020366
AT,C29,2020,95.92904,4244.4,0.022601
AT,C29,2021,99.86941,4490.2,0.022242
AT,C29,2022,105.74767,4317.6,0.024492
AT,C29,2023,62.46002,4445.3,0.014051
AT,C30,2012,9.24027,650.0,0.014216
AT,C30,2013,8.79383,884.0,0.009948
AT,C30,2014,9.46086,875.6,0.010805
AT,C30,2015,9.85682,888.0,0.011100
AT,C30,2016,9.3263,969.1,0.009624
AT,C30,2017,8.42975,1041.4,0.008095
AT,C30,2018,16.83986,1383.3,0.012174
AT,C30,2019,8.23781,1452.9,0.005670
AT,C30,2020,12.44595,1509.6,0.008245
AT,C30,2021,13.55911,1507.8,0.008993
AT,C30,2022,13.85182,1633.4,0.008480
AT,C30,2023,13.16826,1500.0,0.008779
AT,C31_C32,2012,72.65449,2558.1,0.028402
AT,C31_C32,2013,60.67347,2600.2,0.023334
AT,C31_C32,2014,52.73752,2703.2,0.019509
AT,C31_C32,2015,50.18623,2633.9,0.019054
AT,C31_C32,2016,48.23125,2731.2,0.017659
AT,C31_C32,2017,53.4395,2834.6,0.018853
AT,C31_C32,2018,52.49066,2846.0,0.018444
AT,C31_C32,2019,48.24981,2794.8,0.017264
AT,C31_C32,2020,44.3283,2578.0,0.017195
AT,C31_C32,2021,40.27295,2873.4,0.014016
AT,C31_C32,2022,40.78106,3178.9,0.012829
AT,C31_C32,2023,42.47818,3056.9,0.013896
AT,C33,2012,30.9523,1912.4,0.016185
AT,C33,2013,36.72187,1871.5,0.019622
AT,C33,2014,36.63392,1869.6,0.019595
AT,C33,2015,36.38426,1874.2,0.019413
AT,C33,2016,33.25206,2064.2,0.016109
AT,C33,2017,30.688,2058.4,0.014909
AT,C33,2018,31.9714,2133.5,0.014985
AT,C33,2019,33.75063,2283.0,0.014783
AT,C33,2020,24.94503,2231.1,0.011181
AT,C33,2021,21.89497,2272.2,0.009636
AT,C33,2022,26.69679,2512.0,0.010628
AT,C33,2023,27.6819,2568.7,0.010777
AT,D,2012,9370.1916,5765.2,1.625302
AT,D,2013,8532.44239,5895.1,1.447379
AT,D,2014,7000.10039,5357.4,1.306623
AT,D,2015,8004.75689,5123.1,1.562483
AT,D,2016,7806.2942,5334.9,1.463250
AT,D,2017,8495.25569,5262.7,1.614239
AT,D,2018,7558.02191,5423.1,1.393672
AT,D,2019,7626.49937,5758.4,1.324413
AT,D,2020,6307.29765,6352.2,0.992931
AT,D,2021,6296.76567,6294.6,1.000344
AT,D,2022,6244.71728,9530.5,0.655235
AT,D,2023,5099.47526,15293.9,0.333432
AT,E,2012,2690.96841,2955.8,0.910403
AT,E,2013,2578.57971,3005.1,0.858068
AT,E,2014,2489.05037,3129.6,0.795325
AT,E,2015,2401.94802,3142.1,0.764440
AT,E,2016,2461.57108,3265.4,0.753834
AT,E,2017,2425.60599,3369.0,0.719978
AT,E,2018,2555.06961,3507.0,0.728563
AT,E,2019,2547.539,3606.7,0.706335
AT,E,2020,2499.81502,3556.2,0.702946
AT,E,2021,2250.12571,3722.1,0.604531
AT,E,2022,2200.44982,3925.4,0.560567
AT,E,2023,2144.40765,3823.5,0.560849
AT,E36,2012,22.80209,480.9,0.047415
AT,E36,2013,19.80543,522.4,0.037912
AT,E36,2014,14.79052,516.8,0.028619
AT,E36,2015,10.43582,505.7,0.020636
AT,E36,2016,6.25759,533.1,0.011738
AT,E36,2017,17.92495,551.9,0.032479
AT,E36,2018,18.36907,566.7,0.032414
AT,E36,2019,17.31579,611.8,0.028303
AT,E36,2020,17.93022,598.2,0.029974
AT,E36,2021,19.87657,600.0,0.033128
AT,E36,2022,21.81073,608.6,0.035838
AT,E36,2023,24.7923,622.6,0.039821
AT,E37-E39,2012,2668.16632,2474.9,1.078091
AT,E37-E39,2013,2558.77429,2482.7,1.030642
AT,E37-E39,2014,2474.25986,2612.8,0.946976
AT,E37-E39,2015,2391.5122,2636.4,0.907113
AT,E37-E39,2016,2455.31348,2732.3,0.898625
AT,E37-E39,2017,2407.68104,2817.1,0.854667
AT,E37-E39,2018,2536.70054,2940.3,0.862735
AT,E37-E39,2019,2530.22321,2994.9,0.844844
AT,E37-E39,2020,2481.8848,2958.0,0.839042
AT,E37-E39,2021,2230.24914,3122.1,0.714343
AT,E37-E39,2022,2178.63909,3316.8,0.656850
AT,E37-E39,2023,2119.61535,3200.8,0.662214
AT,F,2012,1404.0847,17471.7,0.080363
AT,F,2013,1330.7694,18080.9,0.073601
AT,F,2014,1160.93156,18500.9,0.062750
AT,F,2015,1040.9896,18846.3,0.055236
AT,F,2016,968.43252,19653.4,0.049276
AT,F,2017,1093.64441,20873.1,0.052395
AT,F,2018,1111.76774,22084.0,0.050343
AT,F,2019,1100.65812,22949.8,0.047959
AT,F,2020,1080.64181,23778.8,0.045446
AT,F,2021,1010.42649,24531.2,0.041189
AT,F,2022,1433.84265,26422.3,0.054266
AT,F,2023,1339.38833,28395.0,0.047170
AT,G,2012,1740.40864,36411.1,0.047799
AT,G,2013,1743.82823,35253.7,0.049465
AT,G,2014,1611.63657,36507.6,0.044145
AT,G,2015,1589.51254,37643.9,0.042225
AT,G,2016,1430.5994,37822.7,0.037824
AT,G,2017,1469.87675,38015.4,0.038665
AT,G,2018,1523.80234,41357.3,0.036845
AT,G,2019,1485.33927,41972.2,0.035389
AT,G,2020,1503.84391,41191.8,0.036508
AT,G,2021,1463.95303,45801.0,0.031963
AT,G,2022,1561.16601,51139.5,0.030528
AT,G,2023,1424.22323,48312.8,0.029479
AT,G45,2012,159.31224,4550.1,0.035013
AT,G45,2013,155.96324,4173.0,0.037374
AT,G45,2014,122.44176,4187.9,0.029237
AT,G45,2015,100.8206,4569.4,0.022064
AT,G45,2016,106.95719,4874.2,0.021944
AT,G45,2017,115.31745,5046.5,0.022851
AT,G45,2018,144.53448,4655.4,0.031047
AT,G45,2019,136.00702,4844.1,0.028077
AT,G45,2020,137.80066,4500.5,0.030619
AT,G45,2021,149.11535,5180.4,0.028785
AT,G45,2022,156.6698,5551.4,0.028222
AT,G45,2023,130.19827,5534.3,0.023526
AT,G46,2012,947.08646,18068.7,0.052416
AT,G46,2013,940.77775,17049.2,0.055180
AT,G46,2014,903.32723,17898.3,0.050470
AT,G46,2015,882.78927,18710.3,0.047182
AT,G46,2016,797.88389,18420.7,0.043315
AT,G46,2017,815.37757,18446.1,0.044203
AT,G46,2018,861.2466,21415.6,0.040216
AT,G46,2019,842.7667,21312.2,0.039544
AT,G46,2020,850.76289,21538.2,0.039500
AT,G46,2021,818.84278,23621.8,0.034665
AT,G46,2022,907.60291,27378.0,0.033151
AT,G46,2023,835.2878,24522.5,0.034062
AT,G47,2012,634.00994,13792.3,0.045968
AT,G47,2013,647.08724,14031.5,0.046117
AT,G47,2014,585.86758,14421.4,0.040625
AT,G47,2015,605.90267,14364.3,0.042181
AT,G47,2016,525.75833,14527.8,0.036190
AT,G47,2017,539.18173,14522.8,0.037127
AT,G47,2018,518.02125,15286.3,0.033888
AT,G47,2019,506.56556,15816.0,0.032029
AT,G47,2020,515.28036,15153.1,0.034005
AT,G47,2021,495.9949,16998.7,0.029178
AT,G47,2022,496.8933,18210.2,0.027287
AT,G47,2023,458.73716,18256.0,0.025128
AT,H,2012,6582.1803,15801.1,0.416565
AT,H,2013,6417.86135,16195.2,0.396282
AT,H,2014,6349.29954,16876.3,0.376226
AT,H,2015,6103.14827,17444.8,0.349855
AT,H,2016,6028.00746,18073.7,0.333524
AT,H,2017,7098.8659,18656.3,0.380508
AT,H,2018,6998.35172,19043.8,0.367487
AT,H,2019,9276.50926,19666.1,0.471701
AT,H,2020,5847.50487,17948.8,0.325788
AT,H,2021,6426.41727,17736.8,0.362321
AT,H,2022,8612.85202,21544.1,0.399778
AT,H,2023,8316.29035,22831.6,0.364245
AT,H49,2012,3440.92932,7655.5,0.449472
AT,H49,2013,3637.54681,8115.3,0.448233
AT,H49,2014,3475.10284,8319.0,0.417731
AT,H49,2015,3075.60064,8500.9,0.361797
AT,H49,2016,2736.72549,8792.7,0.311250
AT,H49,2017,3134.10509,8999.3,0.348261
AT,H49,2018,3232.64939,9123.3,0.354329
AT,H49,2019,3234.6883,9304.9,0.347633
AT,H49,2020,3308.01479,8948.3,0.369681
AT,H49,2021,2901.39176,8139.9,0.356441
AT,H49,2022,3000.76099,10445.1,0.287289
AT,H49,2023,2819.02308,11326.4,0.248890
AT,H50,2012,79.38348,27.6,2.876213
AT,H50,2013,92.17042,26.2,3.517955
AT,H50,2014,93.08964,41.3,2.253986
AT,H50,2015,94.45336,37.6,2.512057
AT,H50,2016,99.16602,35.9,2.762285
AT,H50,2017,109.04955,36.6,2.979496
AT,H50,2018,112.18048,37.3,3.007520
AT,H50,2019,136.31728,41.3,3.300661
AT,H50,2020,71.68376,11.1,6.457996
AT,H50,2021,101.3559,11.2,9.049634
AT,H50,2022,118.65288,47.2,2.513832
AT,H50,2023,133.75147,35.5,3.767647
AT,H51,2012,2806.98814,596.0,4.709712
AT,H51,2013,2457.36239,460.3,5.338610
AT,H51,2014,2561.71485,599.4,4.273799
AT,H51,2015,2702.35045,756.9,3.570287
AT,H51,2016,2928.28143,767.0,3.817838
AT,H51,2017,3578.2249,884.4,4.045935
AT,H51,2018,3382.44117,931.2,3.632347
AT,H51,2019,5619.87316,933.4,6.020863
AT,H51,2020,2162.15935,55.1,39.240642
AT,H51,2021,3228.91,335.6,9.621305
AT,H51,2022,5259.73339,912.9,5.761566
AT,H51,2023,5126.04035,1083.1,4.732749
AT,H52,2012,232.91312,6118.4,0.038068
AT,H52,2013,210.48499,6186.3,0.034024
AT,H52,2014,202.74336,6503.5,0.031174
AT,H52,2015,219.84212,6737.4,0.032630
AT,H52,2016,254.53816,7055.2,0.036078
AT,H52,2017,189.99636,7288.5,0.026068
AT,H52,2018,196.61196,7510.5,0.026178
AT,H52,2019,192.61543,7913.9,0.024339
AT,H52,2020,205.30086,7455.8,0.027536
AT,H52,2021,185.24321,7696.2,0.024069
AT,H52,2022,222.91657,8576.7,0.025991
AT,H52,2023,226.95566,8802.0,0.025785
AT,H53,2012,21.96624,1403.6,0.015650
AT,H53,2013,20.29675,1406.9,0.014427
AT,H53,2014,16.64885,1413.1,0.011782
AT,H53,2015,10.9017,1412.0,0.007721
AT,H53,2016,9.29635,1423.0,0.006533
AT,H53,2017,87.48999,1447.5,0.060442
AT,H53,2018,74.46872,1441.6,0.051657
AT,H53,2019,93.01508,1472.6,0.063164
AT,H53,2020,100.34611,1478.4,0.067875
AT,H53,2021,9.5164,1553.8,0.006125
AT,H53,2022,10.78819,1562.2,0.006906
AT,H53,2023,10.51978,1584.7,0.006638
AT,I,2012,496.68745,11027.1,0.045042
AT,I,2013,472.27113,11202.7,0.042157
AT,I,2014,431.76422,11443.6,0.037730
AT,I,2015,418.86948,12292.6,0.034075
AT,I,2016,402.635,13061.1,0.030827
AT,I,2017,452.53215,13507.2,0.033503
AT,I,2018,428.95507,14126.2,0.030366
AT,I,2019,399.72242,14528.4,0.027513
AT,I,2020,334.13461,9120.4,0.036636
AT,I,2021,305.89362,8328.4,0.036729
AT,I,2022,344.04818,15056.1,0.022851
AT,I,2023,327.42137,17696.2,0.018502
AT,J,2012,84.14049,9514.5,0.008843
AT,J,2013,81.4335,9906.7,0.008220
AT,J,2014,72.44274,10467.4,0.006921
AT,J,2015,67.75575,10827.7,0.006258
AT,J,2016,55.15801,11630.0,0.004743
AT,J,2017,56.04769,11869.0,0.004722
AT,J,2018,65.84491,12896.5,0.005106
AT,J,2019,60.58541,13689.9,0.004426
AT,J,2020,63.33342,13703.2,0.004622
AT,J,2021,59.28165,15276.3,0.003881
AT,J,2022,69.06856,15865.8,0.004353
AT,J,2023,70.16443,16885.9,0.004155
AT,J58,2012,17.85098,1073.1,0.016635
AT,J58,2013,17.41151,1180.8,0.014746
AT,J58,2014,17.71133,1136.4,0.015585
AT,J58,2015,17.25204,1182.0,0.014596
AT,J58,2016,15.99771,1210.5,0.013216
AT,J58,2017,7.85835,1252.8,0.006273
AT,J58,2018,7.98587,1205.1,0.006627
AT,J58,2019,6.98561,1317.4,0.005303
AT,J58,2020,7.07315,1267.6,0.005580
AT,J58,2021,6.72212,1469.2,0.004575
AT,J58,2022,7.4764,1558.2,0.004798
AT,J58,2023,7.28632,1549.3,0.004703
AT,J59_J60,2012,5.67219,1099.3,0.005160
AT,J59_J60,2013,5.44566,1130.4,0.004817
AT,J59_J60,2014,4.54439,1152.4,0.003943
AT,J59_J60,2015,4.39934,1194.4,0.003683
AT,J59_J60,2016,2.74917,1222.3,0.002249
AT,J59_J60,2017,4.22453,1232.1,0.003429
AT,J59_J60,2018,5.58663,1250.2,0.004469
AT,J59_J60,2019,4.30126,1280.8,0.003358
AT,J59_J60,2020,4.4456,1179.4,0.003769
AT,J59_J60,2021,4.73175,1155.2,0.004096
AT,J59_J60,2022,5.46229,1263.5,0.004323
AT,J59_J60,2023,5.52466,1320.6,0.004183
AT,J61,2012,11.19793,2503.2,0.004473
AT,J61,2013,11.10628,2376.2,0.004674
AT,J61,2014,10.38219,2555.6,0.004063
AT,J61,2015,9.05341,2725.5,0.003322
AT,J61,2016,7.23899,2904.4,0.002492
AT,J61,2017,7.1352,2823.9,0.002527
AT,J61,2018,9.00304,3120.5,0.002885
AT,J61,2019,7.2047,2979.8,0.002418
AT,J61,2020,7.06828,3030.7,0.002332
AT,J61,2021,7.73124,3249.3,0.002379
AT,J61,2022,8.48303,3348.1,0.002534
AT,J61,2023,8.42981,3318.2,0.002540
AT,J62_J63,2012,49.41939,4838.8,0.010213
AT,J62_J63,2013,47.47005,5219.4,0.009095
AT,J62_J63,2014,39.80483,5622.9,0.007079
AT,J62_J63,2015,37.05096,5725.7,0.006471
AT,J62_J63,2016,29.17213,6292.8,0.004636
AT,J62_J63,2017,36.8296,6560.1,0.005614
AT,J62_J63,2018,43.26937,7320.7,0.005911
AT,J62_J63,2019,42.09384,8111.8,0.005189
AT,J62_J63,2020,44.74639,8225.5,0.005440
AT,J62_J63,2021,40.09654,9402.6,0.004264
AT,J62_J63,2022,47.64684,9696.0,0.004914
AT,J62_J63,2023,48.92365,10697.8,0.004573
AT,K,2012,40.67067,12301.8,0.003306
AT,K,2013,39.66212,12861.4,0.003084
AT,K,2014,35.51528,12969.1,0.002738
AT,K,2015,34.14288,13499.8,0.002529
AT,K,2016,34.19497,13242.6,0.002582
AT,K,2017,48.79286,13764.6,0.003545
AT,K,2018,66.49327,14217.4,0.004677
AT,K,2019,77.48206,14836.8,0.005222
AT,K,2020,76.25176,14659.1,0.005202
AT,K,2021,72.30016,16731.9,0.004321
AT,K,2022,81.12564,18202.0,0.004457
AT,K,2023,78.48429,21769.3,0.003605
AT,K64,2012,18.02509,8186.8,0.002202
AT,K64,2013,17.64168,8572.8,0.002058
AT,K64,2014,17.64828,8994.5,0.001962
AT,K64,2015,17.81626,9062.4,0.001966
AT,K64,2016,17.90762,8632.4,0.002074
AT,K64,2017,31.72217,8893.4,0.003567
AT,K64,2018,44.4326,9214.7,0.004822
AT,K64,2019,53.06603,9548.0,0.005558
AT,K64,2020,51.59447,9310.9,0.005541
AT,K64,2021,49.73246,9995.2,0.004976
AT,K64,2022,55.32954,12064.9,0.004586
AT,K64,2023,52.17214,15232.3,0.003425
AT,K65,2012,11.79234,2810.2,0.004196
AT,K65,2013,11.80146,2965.9,0.003979
AT,K65,2014,11.37139,2727.3,0.004169
AT,K65,2015,11.47932,3005.3,0.003820
AT,K65,2016,11.76168,3130.0,0.003758
AT,K65,2017,11.79094,3396.4,0.003472
AT,K65,2018,15.36655,3609.9,0.004257
AT,K65,2019,16.24328,3803.8,0.004270
AT,K65,2020,15.98421,3712.6,0.004305
AT,K65,2021,17.05137,4356.0,0.003914
AT,K65,2022,19.4436,4183.6,0.004648
AT,K65,2023,19.83656,4435.6,0.004472
AT,K66,2012,10.85324,1304.8,0.008318
AT,K66,2013,10.21898,1322.7,0.007726
AT,K66,2014,6.4956,1247.3,0.005208
AT,K66,2015,4.8473,1432.1,0.003385
AT,K66,2016,4.52567,1480.2,0.003057
AT,K66,2017,5.27975,1474.8,0.003580
AT,K66,2018,6.69411,1392.8,0.004806
AT,K66,2019,8.17275,1485.0,0.005504
AT,K66,2020,8.67308,1635.5,0.005303
AT,K66,2021,5.51633,2380.8,0.002317
AT,K66,2022,6.3525,1953.5,0.003252
AT,K66,2023,6.47559,2101.5,0.003081
AT,L,2012,28.35939,25436.7,0.001115
AT,L,2013,25.79874,26676.5,0.000967
AT,L,2014,22.83975,27715.8,0.000824
AT,L,2015,25.40837,28934.9,0.000878
AT,L,2016,29.57847,30097.2,0.000983
AT,L,2017,60.11386,31749.8,0.001893
AT,L,2018,55.14209,33180.2,0.001662
AT,L,2019,52.11346,34265.4,0.001521
AT,L,2020,55.54593,35353.5,0.001571
AT,L,2021,48.81881,35461.4,0.001377
AT,L,2022,58.43964,36487.1,0.001602
AT,L,2023,60.11081,40253.1,0.001493
AT,M,2012,223.98781,13994.3,0.016006
AT,M,2013,206.64353,14567.6,0.014185
AT,M,2014,174.63477,15031.1,0.011618
AT,M,2015,177.49492,16029.9,0.011073
AT,M,2016,188.59861,16931.0,0.011139
AT,M,2017,177.12198,17561.1,0.010086
AT,M,2018,209.10657,18323.3,0.011412
AT,M,2019,202.39286,19714.5,0.010266
AT,M,2020,216.29787,19530.8,0.011075
AT,M,2021,220.10315,20966.3,0.010498
AT,M,2022,264.78935,22869.8,0.011578
AT,M,2023,270.69397,23957.9,0.011299
AT,M69_M70,2012,74.38219,7381.3,0.010077
AT,M69_M70,2013,67.29077,7381.7,0.009116
AT,M69_M70,2014,50.85655,7827.6,0.006497
AT,M69_M70,2015,53.37547,8296.1,0.006434
AT,M69_M70,2016,86.08948,8914.4,0.009657
AT,M69_M70,2017,62.09782,9074.9,0.006843
AT,M69_M70,2018,67.16189,9269.6,0.007245
AT,M69_M70,2019,63.33623,9936.8,0.006374
AT,M69_M70,2020,67.01233,10040.9,0.006674
AT,M69_M70,2021,57.77343,10848.3,0.005326
AT,M69_M70,2022,67.80462,11694.6,0.005798
AT,M69_M70,2023,68.47408,12259.6,0.005585
AT,M71,2012,53.56821,3763.2,0.014235
AT,M71,2013,49.47431,4079.2,0.012128
AT,M71,2014,44.64673,4173.2,0.010698
AT,M71,2015,41.89404,4332.6,0.009669
AT,M71,2016,23.11073,4395.6,0.005258
AT,M71,2017,27.33687,4495.3,0.006081
AT,M71,2018,37.21842,4851.1,0.007672
AT,M71,2019,32.70675,5273.8,0.006202
AT,M71,2020,34.6735,5343.2,0.006489
AT,M71,2021,31.18787,5444.8,0.005728
AT,M71,2022,36.84523,6062.7,0.006077
AT,M71,2023,37.28311,6124.9,0.006087
AT,M72,2012,10.45363,801.6,0.013041
AT,M72,2013,9.52343,1035.6,0.009196
AT,M72,2014,7.44414,959.0,0.007762
AT,M72,2015,9.59154,1131.0,0.008481
AT,M72,2016,9.37547,1279.2,0.007329
AT,M72,2017,13.11582,1521.4,0.008621
AT,M72,2018,9.4634,1556.8,0.006079
AT,M72,2019,6.89351,1689.5,0.004080
AT,M72,2020,6.99496,1617.3,0.004325
AT,M72,2021,8.1992,1851.5,0.004428
AT,M72,2022,8.92913,1982.3,0.004504
AT,M72,2023,8.54766,2172.9,0.003934
AT,M73,2012,23.42988,1325.9,0.017671
AT,M73,2013,19.21619,1360.9,0.014120
AT,M73,2014,13.80937,1359.5,0.010158
AT,M73,2015,14.20993,1485.9,0.009563
AT,M73,2016,10.48954,1492.9,0.007026
AT,M73,2017,11.9678,1581.9,0.007565
AT,M73,2018,18.90178,1678.7,0.011260
AT,M73,2019,10.78029,1715.5,0.006284
AT,M73,2020,10.94065,1518.0,0.007207
AT,M73,2021,9.74515,1713.0,0.005689
AT,M73,2022,11.12725,1903.2,0.005847
AT,M73,2023,11.15484,2004.3,0.005565
AT,M74_M75,2012,62.15389,722.3,0.086050
AT,M74_M75,2013,61.13883,710.1,0.086099
AT,M74_M75,2014,57.87798,711.7,0.081324
AT,M74_M75,2015,58.42394,784.3,0.074492
AT,M74_M75,2016,59.53339,848.8,0.070138
AT,M74_M75,2017,62.60366,887.5,0.070539
AT,M74_M75,2018,76.36108,967.1,0.078959
AT,M74_M75,2019,88.67607,1099.0,0.080688
AT,M74_M75,2020,96.67644,1011.4,0.095587
AT,M74_M75,2021,113.1975,1108.8,0.102090
AT,M74_M75,2022,140.08311,1226.9,0.114176
AT,M74_M75,2023,145.23428,1396.1,0.104029
AT,N,2012,357.39695,11803.6,0.030279
AT,N,2013,354.15537,12122.1,0.029216
AT,N,2014,336.66597,12615.6,0.026686
AT,N,2015,303.04158,12923.7,0.023449
AT,N,2016,276.86596,13580.4,0.020387
AT,N,2017,311.85231,14611.9,0.021342
AT,N,2018,362.20966,15386.3,0.023541
AT,N,2019,389.77406,16154.8,0.024127
AT,N,2020,418.62258,14648.5,0.028578
AT,N,2021,438.81138,15829.0,0.027722
AT,N,2022,532.16781,17630.6,0.030184
AT,N,2023,544.12082,18693.3,0.029108
AT,N77,2012,126.50279,3660.0,0.034564
AT,N77,2013,125.31621,3660.6,0.034234
AT,N77,2014,120.92198,3772.6,0.032053
AT,N77,2015,119.98,3820.6,0.031403
AT,N77,2016,124.84711,3942.5,0.031667
AT,N77,2017,138.30788,4241.9,0.032605
AT,N77,2018,174.97894,4380.1,0.039949
AT,N77,2019,198.04604,4566.7,0.043367
AT,N77,2020,214.3721,4575.2,0.046855
AT,N77,2021,249.5443,4624.5,0.053961
AT,N77,2022,306.01578,4892.3,0.062550
AT,N77,2023,316.29457,5328.7,0.059357
AT,N78,2012,21.23642,3107.5,0.006834
AT,N78,2013,21.08155,3138.8,0.006716
AT,N78,2014,19.6988,3268.2,0.006027
AT,N78,2015,13.94228,3306.9,0.004216
AT,N78,2016,10.66553,3569.0,0.002988
AT,N78,2017,16.62533,4056.3,0.004099
AT,N78,2018,14.93979,4401.6,0.003394
AT,N78,2019,13.8102,4470.2,0.003089
AT,N78,2020,14.23691,3876.1,0.003673
AT,N78,2021,17.69766,4579.2,0.003865
AT,N78,2022,20.18821,5135.8,0.003931
AT,N78,2023,19.41207,5126.8,0.003786
AT,N79,2012,50.46701,653.0,0.077285
AT,N79,2013,50.08444,630.4,0.079449
AT,N79,2014,48.25401,599.0,0.080558
AT,N79,2015,39.20866,611.4,0.064129
AT,N79,2016,22.3865,570.1,0.039268
AT,N79,2017,29.35338,577.5,0.050828
AT,N79,2018,35.8956,589.7,0.060871
AT,N79,2019,38.458,620.1,0.062019
AT,N79,2020,41.58708,233.9,0.177799
AT,N79,2021,26.26614,247.3,0.106212
AT,N79,2022,31.83704,541.4,0.058805
AT,N79,2023,32.36388,683.2,0.047371
AT,N80-N82,2012,159.19074,4383.1,0.036319
AT,N80-N82,2013,157.67316,4692.3,0.033603
AT,N80-N82,2014,147.79118,4975.8,0.029702
AT,N80-N82,2015,129.91062,5184.9,0.025056
AT,N80-N82,2016,118.96682,5498.9,0.021635
AT,N80-N82,2017,127.56573,5736.2,0.022239
AT,N80-N82,2018,136.39533,6014.8,0.022677
AT,N80-N82,2019,139.45981,6497.7,0.021463
AT,N80-N82,2020,148.42649,5963.2,0.024890
AT,N80-N82,2021,145.30327,6378.0,0.022782
AT,N80-N82,2022,174.12678,7061.2,0.024660
AT,N80-N82,2023,176.05031,7554.5,0.023304
AT,O,2012,527.2587,15196.3,0.034697
AT,O,2013,512.6237,15274.0,0.033562
AT,O,2014,502.41522,15538.2,0.032334
AT,O,2015,520.28117,16010.6,0.032496
AT,O,2016,555.93646,16437.4,0.033821
AT,O,2017,608.22783,16847.2,0.036103
AT,O,2018,473.54549,17377.5,0.027250
AT,O,2019,414.09436,17875.3,0.023166
AT,O,2020,419.89334,18402.3,0.022817
AT,O,2021,514.81175,19053.8,0.027019
AT,O,2022,366.51184,19790.5,0.018520
AT,O,2023,511.75359,21286.8,0.024041
AT,P,2012,65.27874,15473.8,0.004219
AT,P,2013,65.96769,15558.0,0.004240
AT,P,2014,63.70919,15879.6,0.004012
AT,P,2015,64.70063,16471.9,0.003928
AT,P,2016,66.05315,17002.5,0.003885
AT,P,2017,69.99785,17436.0,0.004015
AT,P,2018,76.14098,18054.2,0.004217
AT,P,2019,83.87794,18742.1,0.004475
AT,P,2020,85.12062,18984.3,0.004484
AT,P,2021,96.34201,19808.4,0.004864
AT,P,2022,109.72891,20816.5,0.005271
AT,P,2023,111.40579,22645.2,0.004920
AT,Q,2012,271.32861,19712.6,0.013764
AT,Q,2013,284.99326,20481.1,0.013915
AT,Q,2014,227.05228,21248.4,0.010686
AT,Q,2015,235.69238,22487.2,0.010481
AT,Q,2016,168.71891,23656.8,0.007132
AT,Q,2017,130.67005,24643.5,0.005302
AT,Q,2018,171.40161,25711.8,0.006666
AT,Q,2019,243.44523,26894.9,0.009052
AT,Q,2020,245.28225,27508.5,0.008917
AT,Q,2021,203.62757,29892.0,0.006812
AT,Q,2022,219.45745,31134.9,0.007049
AT,Q,2023,192.45904,33764.0,0.005700
AT,Q86,2012,256.66565,14964.3,0.017152
AT,Q86,2013,269.83839,15437.4,0.017480
AT,Q86,2014,211.70341,16028.4,0.013208
AT,Q86,2015,219.71071,16818.3,0.013064
AT,Q86,2016,152.15347,17603.2,0.008644
AT,Q86,2017,108.03781,18263.5,0.005916
AT,Q86,2018,130.64545,19075.8,0.006849
AT,Q86,2019,193.64703,19936.1,0.009713
AT,Q86,2020,194.43266,20424.1,0.009520
AT,Q86,2021,171.2598,22372.4,0.007655
AT,Q86,2022,185.72435,23210.6,0.008002
AT,Q86,2023,162.74445,25036.8,0.006500
AT,Q87_Q88,2012,14.66296,4748.3,0.003088
AT,Q87_Q88,2013,15.15488,5043.8,0.003005
AT,Q87_Q88,2014,15.34887,5220.0,0.002940
AT,Q87_Q88,2015,15.98167,5668.9,0.002819
AT,Q87_Q88,2016,16.56545,6053.6,0.002736
AT,Q87_Q88,2017,22.63224,6380.0,0.003547
AT,Q87_Q88,2018,40.75616,6636.1,0.006142
AT,Q87_Q88,2019,49.7982,6958.8,0.007156
AT,Q87_Q88,2020,50.8496,7084.4,0.007178
AT,Q87_Q88,2021,32.36777,7519.6,0.004304
AT,Q87_Q88,2022,33.7331,7924.4,0.004257
AT,Q87_Q88,2023,29.7146,8727.2,0.003405
AT,R,2012,70.77576,3289.5,0.021516
AT,R,2013,70.67815,3308.8,0.021361
AT,R,2014,69.34362,3395.5,0.020422
AT,R,2015,71.18627,3488.2,0.020408
AT,R,2016,72.44176,3359.0,0.021566
AT,R,2017,86.17394,3530.5,0.024408
AT,R,2018,107.06577,3641.3,0.029403
AT,R,2019,110.53225,3833.0,0.028837
AT,R,2020,114.76461,2755.1,0.041655
AT,R,2021,118.82999,2972.0,0.039983
AT,R,2022,140.0258,4015.1,0.034875
AT,R,2023,140.12895,4338.2,0.032301
AT,R90-R92,2012,48.62648,2180.8,0.022298
AT,R90-R92,2013,48.5704,2174.8,0.022333
AT,R90-R92,2014,47.75196,2244.3,0.021277
AT,R90-R92,2015,48.08441,2324.0,0.020690
AT,R90-R92,2016,50.12045,2225.3,0.022523
AT,R90-R92,2017,55.25992,2352.7,0.023488
AT,R90-R92,2018,71.53472,2414.9,0.029622
AT,R90-R92,2019,71.71719,2560.2,0.028012
AT,R90-R92,2020,75.71264,1856.5,0.040782
AT,R90-R92,2021,80.97154,2026.9,0.039948
AT,R90-R92,2022,96.6046,2585.2,0.037368
AT,R90-R92,2023,98.44598,2771.6,0.035520
AT,R93,2012,22.14929,1108.7,0.019978
AT,R93,2013,22.10775,1134.0,0.019495
AT,R93,2014,21.59166,1151.2,0.018756
AT,R93,2015,23.10186,1164.1,0.019845
AT,R93,2016,22.32131,1133.7,0.019689
AT,R93,2017,30.91402,1177.8,0.026247
AT,R93,2018,35.53105,1226.4,0.028972
AT,R93,2019,38.81506,1272.8,0.030496
AT,R93,2020,39.05197,898.7,0.043454
AT,R93,2021,37.85846,945.1,0.040058
AT,R93,2022,43.42121,1429.9,0.030367
AT,R93,2023,41.68297,1566.6,0.026607
AT,S,2012,82.15075,4132.5,0.019879
AT,S,2013,67.04813,4259.8,0.015740
AT,S,2014,78.91969,4318.0,0.018277
AT,S,2015,80.74641,4460.9,0.018101
AT,S,2016,82.94305,4637.3,0.017886
AT,S,2017,106.06941,4858.7,0.021831
AT,S,2018,108.8326,5081.3,0.021418
AT,S,2019,194.70704,5250.4,0.037084
AT,S,2020,196.47268,4944.2,0.039738
AT,S,2021,145.86802,5106.2,0.028567
AT,S,2022,153.22084,5889.9,0.026014
AT,S,2023,142.10202,6461.7,0.021991
AT,S94,2012,17.15176,2090.8,0.008203
AT,S94,2013,14.18786,2179.1,0.006511
AT,S94,2014,10.33826,2174.3,0.004755
AT,S94,2015,12.43428,2255.2,0.005514
AT,S94,2016,16.64131,2346.6,0.007092
AT,S94,2017,33.40402,2540.0,0.013151
AT,S94,2018,45.85145,2668.1,0.017185
AT,S94,2019,105.54233,2767.5,0.038136
AT,S94,2020,103.79468,2766.1,0.037524
AT,S94,2021,77.61975,2928.3,0.026507
AT,S94,2022,82.01423,3138.7,0.026130
AT,S94,2023,76.95032,3555.7,0.021641
AT,S95,2012,7.09693,160.9,0.044108
AT,S95,2013,6.85651,163.8,0.041859
AT,S95,2014,6.90261,170.5,0.040485
AT,S95,2015,5.53932,180.1,0.030757
AT,S95,2016,3.5785,182.9,0.019565
AT,S95,2017,3.48524,164.3,0.021213
AT,S95,2018,3.50831,182.8,0.019192
AT,S95,2019,3.13651,161.2,0.019457
AT,S95,2020,3.39771,148.4,0.022896
AT,S95,2021,1.88221,151.2,0.012448
AT,S95,2022,2.30686,167.9,0.013739
AT,S95,2023,2.36017,204.4,0.011547
AT,S96,2012,57.90206,1880.8,0.030786
AT,S96,2013,46.00376,1916.9,0.023999
AT,S96,2014,61.67882,1973.2,0.031258
AT,S96,2015,62.7728,2025.6,0.030990
AT,S96,2016,62.72324,2107.8,0.029758
AT,S96,2017,69.18015,2154.5,0.032110
AT,S96,2018,59.47284,2230.4,0.026665
AT,S96,2019,86.02819,2321.7,0.037054
AT,S96,2020,89.28029,2029.6,0.043989
AT,S96,2021,66.36606,2026.7,0.032746
AT,S96,2022,68.89976,2583.4,0.026670
AT,S96,2023,62.79152,2701.7,0.023241
AT,T,2012,0.0,145.2,0.000000
AT,T,2013,0.0,142.3,0.000000
AT,T,2014,0.0,141.2,0.000000
AT,T,2015,0.0,133.8,0.000000
AT,T,2016,0.0,142.9,0.000000
AT,T,2017,0.0,142.6,0.000000
AT,T,2018,0.0,139.6,0.000000
AT,T,2019,0.0,135.9,0.000000
AT,T,2020,0.0,136.1,0.000000
AT,T,2021,0.0,132.0,0.000000
AT,T,2022,0.0,133.9,0.000000
AT,T,2023,0.0,134.4,0.000000
AT,TOTAL,2012,60463.38286,281072.7,0.215117
AT,TOTAL,2013,58990.47411,285327.0,0.206747
AT,TOTAL,2014,56553.88454,293480.3,0.192701
AT,TOTAL,2015,57542.91421,303845.6,0.189382
AT,TOTAL,2016,56875.89212,315923.9,0.180030
AT,TOTAL,2017,59757.27978,326371.6,0.183096
AT,TOTAL,2018,57206.85693,341351.6,0.167589
AT,TOTAL,2019,60414.93088,352742.6,0.171272
AT,TOTAL,2020,54355.27752,340529.9,0.159620
AT,TOTAL,2021,56661.05573,362536.8,0.156290
AT,TOTAL,2022,57470.29325,402767.1,0.142689
AT,TOTAL,2023,54285.66668,429634.3,0.126353
BE,A,2012,11269.17378,3276.4,3.439499
BE,A,2013,11318.06154,3017.1,3.751305
BE,A,2014,11571.41613,2901.6,3.987943
BE,A,2015,12113.43463,3119.1,3.883631
BE,A,2016,12340.67976,2884.4,4.278422
BE,A,2017,12347.76788,3234.8,3.817166
BE,A,2018,12379.14742,3053.9,4.053554
BE,A,2019,12588.0225,3446.2,3.652725
BE,A,2020,12679.52776,3305.7,3.835656
BE,A,2021,11967.16396,3314.1,3.610985
BE,A,2022,11252.87414,3768.8,2.985798
BE,A,2023,11477.22602,4665.8,2.459862
BE,A01,2012,11069.58287,3144.4,3.520412
BE,A01,2013,11127.76774,2886.7,3.854840
BE,A01,2014,11293.8172,2764.6,4.085154
BE,A01,2015,11698.852,2979.1,3.926975
BE,A01,2016,11841.80178,2729.8,4.337974
BE,A01,2017,11835.09769,3102.1,3.815189
BE,A01,2018,11850.23019,2930.0,4.044447
BE,A01,2019,12099.43193,3314.8,3.650124
BE,A01,2020,12333.25573,3169.4,3.891353
BE,A01,2021,11571.23057,3179.1,3.639782
BE,A01,2022,10859.18513,3607.4,3.010253
BE,A01,2023,11079.69734,4512.6,2.455280
BE,A02,2012,37.14151,92.6,0.401096
BE,A02,2013,37.27279,88.6,0.420686
BE,A02,2014,115.67887,89.3,1.295396
BE,A02,2015,223.02535,90.7,2.458934
BE,A02,2016,290.2999,89.9,3.229142
BE,A02,2017,305.3493,82.0,3.723772
BE,A02,2018,301.79665,79.2,3.810564
BE,A02,2019,285.15659,86.1,3.311923
BE,A02,2020,115.90345,95.3,1.216196
BE,A02,2021,166.67778,99.6,1.673472
BE,A02,2022,166.53505,113.0,1.473762
BE,A02,2023,169.0229,106.5,1.587069
BE,A03,2012,162.4494,39.4,4.123081
BE,A03,2013,153.02101,41.8,3.660790
BE,A03,2014,161.92006,47.7,3.394551
BE,A03,2015,191.55727,49.3,3.885543
BE,A03,2016,208.57807,64.7,3.223772
BE,A03,2017,207.32089,50.7,4.089169
BE,A03,2018,227.12058,44.7,5.080997
BE,A03,2019,203.43398,45.3,4.490816
BE,A03,2020,230.36858,41.0,5.618746
BE,A03,2021,229.25562,35.4,6.476147
BE,A03,2022,227.15395,48.4,4.693263
BE,A03,2023,228.50578,46.7,4.893057
BE,B,2012,740.23111,296.4,2.497406
BE,B,2013,665.91514,275.4,2.417993
BE,B,2014,654.39739,281.2,2.327160
BE,B,2015,458.45799,219.3,2.090552
BE,B,2016,490.27692,238.1,2.059122
BE,B,2017,495.00174,248.6,1.991157
BE,B,2018,513.8964,246.6,2.083927
BE,B,2019,504.06476,284.7,1.770512
BE,B,2020,478.30288,265.1,1.804236
BE,B,2021,495.18536,297.2,1.666169
BE,B,2022,395.99894,281.4,1.407246
BE,B,2023,377.62509,306.6,1.231654
BE,C,2012,36668.94144,48963.5,0.748904
BE,C,2013,36963.91558,49975.7,0.739638
BE,C,2014,37023.51535,50959.1,0.726534
BE,C,2015,37204.48662,52223.7,0.712406
BE,C,2016,37933.1202,52480.4,0.722805
BE,C,2017,38300.25829,55185.7,0.694025
BE,C,2018,38652.74583,56719.3,0.681474
BE,C,2019,38240.19711,59514.7,0.642534
BE,C,2020,34426.25596,55705.8,0.618001
BE,C,2021,35444.44403,54373.8,0.651866
BE,C,2022,32762.31013,70348.9,0.465712
BE,C,2023,30543.91081,72062.6,0.423852
BE,C10-C12,2012,2402.38015,7133.5,0.336774
BE,C10-C12,2013,2523.61338,7580.4,0.332913
BE,C10-C12,2014,2608.24602,7804.3,0.334206
BE,C10-C12,2015,2522.29778,7948.3,0.317338
BE,C10-C12,2016,2541.21362,8054.0,0.315522
BE,C10-C12,2017,2606.13695,8285.6,0.314538
BE,C10-C12,2018,2738.49127,8485.2,0.322737
BE,C10-C12,2019,2787.75006,8871.2,0.314247
BE,C10-C12,2020,2436.44586,8523.0,0.285867
BE,C10-C12,2021,2597.89195,8697.8,0.298684
BE,C10-C12,2022,2767.8686,10075.4,0.274716
BE,C10-C12,2023,2561.09349,12122.1,0.211275
BE,C13-C15,2012,306.07509,1376.0,0.222438
BE,C13-C15,2013,310.68822,1292.5,0.240378
BE,C13-C15,2014,240.60195,1366.3,0.176097
BE,C13-C15,2015,274.38081,1382.7,0.198438
BE,C13-C15,2016,257.29403,1340.8,0.191896
BE,C13-C15,2017,264.4627,1281.0,0.206450
BE,C13-C15,2018,269.59236,1289.6,0.209051
BE,C13-C15,2019,227.96674,1241.6,0.183607
BE,C13-C15,2020,194.93632,1123.1,0.173570
BE,C13-C15,2021,234.82025,1112.9,0.210999
BE,C13-C15,2022,182.72473,1236.4,0.147788
BE,C13-C15,2023,186.79864,1329.5,0.140503
BE,C16,2012,56.24943,802.3,0.070110
BE,C16,2013,62.36918,730.0,0.085437
BE,C16,2014,54.62517,745.0,0.073322
BE,C16,2015,93.24459,818.3,0.113949
BE,C16,2016,94.3912,847.2,0.111415
BE,C16,2017,91.04719,893.5,0.101899
BE,C16,2018,92.99866,953.7,0.097514
BE,C16,2019,87.17088,1031.5,0.084509
BE,C16,2020,51.33178,973.0,0.052756
BE,C16,2021,63.49815,1133.7,0.056010
BE,C16,2022,66.40559,1378.8,0.048162
BE,C16,2023,61.26755,1225.4,0.049998
BE,C17,2012,330.60667,1028.1,0.321571
BE,C17,2013,327.03965,995.2,0.328617
BE,C17,2014,382.30982,1080.8,0.353729
BE,C17,2015,432.28624,1099.7,0.393095
BE,C17,2016,454.736,1053.8,0.431520
BE,C17,2017,401.8407,1043.3,0.385163
BE,C17,2018,398.3938,1045.9,0.380910
BE,C17,2019,404.3565,1066.6,0.379108
BE,C17,2020,419.6946,1014.5,0.413696
BE,C17,2021,420.49686,949.8,0.442721
BE,C17,2022,425.18292,1121.3,0.379187
BE,C17,2023,405.52623,1145.3,0.354079
BE,C18,2012,231.16561,1130.9,0.204409
BE,C18,2013,224.77465,1051.2,0.213827
BE,C18,2014,244.92823,1046.9,0.233956
BE,C18,2015,252.69855,987.3,0.255949
BE,C18,2016,236.84657,979.3,0.241853
BE,C18,2017,246.89405,929.9,0.265506
BE,C18,2018,212.89771,901.4,0.236186
BE,C18,2019,214.48929,881.1,0.243434
BE,C18,2020,186.31575,671.3,0.277545
BE,C18,2021,207.40821,724.9,0.286120
BE,C18,2022,201.93153,787.4,0.256454
BE,C18,2023,185.7163,795.3,0.233517
BE,C19,2012,6021.63314,1263.8,4.764704
BE,C19,2013,6034.24271,1039.4,5.805506
BE,C19,2014,6134.85543,1005.4,6.101905
BE,C19,2015,6326.87779,2259.8,2.799751
BE,C19,2016,6607.60449,1873.8,3.526313
BE,C19,2017,6710.80584,1885.3,3.559543
BE,C19,2018,6844.82865,1330.4,5.144940
BE,C19,2019,7905.14736,1795.5,4.402755
BE,C19,2020,6593.5332,811.6,8.124117
BE,C19,2021,6591.00994,847.7,7.775168
BE,C19,2022,6047.7282,2452.6,2.465844
BE,C19,2023,5552.73431,2259.6,2.457397
BE,C20,2012,11115.1979,7567.4,1.468827
BE,C20,2013,11602.16999,7896.9,1.469206
BE,C20,2014,11748.69676,8530.0,1.377338
BE,C20,2015,11984.8354,8971.4,1.335894
BE,C20,2016,11995.22079,8380.7,1.431291
BE,C20,2017,12642.63005,9160.3,1.380155
BE,C20,2018,12259.57889,9505.1,1.289790
BE,C20,2019,11281.98979,8801.2,1.281869
BE,C20,2020,11274.20551,8381.9,1.345066
BE,C20,2021,10994.76468,7741.4,1.420255
BE,C20,2022,9524.1705,10730.2,0.887604
BE,C20,2023,9071.14118,9831.4,0.922670
BE,C21,2012,292.403,5494.4,0.053218
BE,C21,2013,310.5678,6380.3,0.048676
BE,C21,2014,276.24848,6151.4,0.044908
BE,C21,2015,319.8738,5558.2,0.057550
BE,C21,2016,341.00593,6490.7,0.052538
BE,C21,2017,321.6022,6808.7,0.047234
BE,C21,2018,328.06042,8474.5,0.038711
BE,C21,2019,256.25437,10417.0,0.024600
BE,C21,2020,199.04594,11789.1,0.016884
BE,C21,2021,209.44641,9613.4,0.021787
BE,C21,2022,304.47354,14205.1,0.021434
BE,C21,2023,226.31885,14578.5,0.015524
BE,C22,2012,157.47155,1957.5,0.080445
BE,C22,2013,136.04082,1969.9,0.069060
BE,C22,2014,117.01478,1951.3,0.059968
BE,C22,2015,152.20641,2044.7,0.074439
BE,C22,2016,201.75734,2375.2,0.084943
BE,C22,2017,186.43021,2349.3,0.079356
BE,C22,2018,176.20749,2303.0,0.076512
BE,C22,2019,153.89781,2414.7,0.063734
BE,C22,2020,118.10452,2461.9,0.047973
BE,C22,2021,121.7587,2272.2,0.053586
BE,C22,2022,133.65393,2640.2,0.050623
BE,C22,2023,118.02832,2622.3,0.045009
BE,C23,2012,8103.00585,2310.1,3.507643
BE,C23,2013,7845.52772,2201.5,3.563719
BE,C23,2014,7934.93449,2311.8,3.432362
BE,C23,2015,7696.03727,2402.4,3.203479
BE,C23,2016,7618.60177,2466.3,3.089082
BE,C23,2017,7381.45106,2503.5,2.948453
BE,C23,2018,7708.02391,2617.0,2.945366
BE,C23,2019,7763.27729,2689.4,2.886621
BE,C23,2020,7073.28095,2563.3,2.759443
BE,C23,2021,7475.95345,2736.1,2.732339
BE,C23,2022,6974.30696,3191.6,2.185207
BE,C23,2023,6267.18154,3215.0,1.949357
BE,C24,2012,5829.99018,2403.3,2.425827
BE,C24,2013,5744.33149,2569.0,2.236018
BE,C24,2014,5678.62629,2529.7,2.244782
BE,C24,2015,5684.51171,2666.2,2.132065
BE,C24,2016,6199.64821,2649.8,2.339666
BE,C24,2017,6079.26716,3120.9,1.947921
BE,C24,2018,6318.99765,3305.7,1.911546
BE,C24,2019,5966.17032,3051.1,1.955416
BE,C24,2020,4896.8628,2210.2,2.215575
BE,C24,2021,5513.35606,2980.6,1.849747
BE,C24,2022,5187.16598,4430.1,1.170891
BE,C24,2023,5023.25593,3095.3,1.622866
BE,C25,2012,267.37536,3898.0,0.068593
BE,C25,2013,288.07551,3721.6,0.077406
BE,C25,2014,264.31972,3558.4,0.074280
BE,C25,2015,162.79336,3674.1,0.044308
BE,C25,2016,174.71618,3798.8,0.045992
BE,C25,2017,175.65112,4079.5,0.043057
BE,C25,2018,167.27899,3950.6,0.042343
BE,C25,2019,152.16114,4055.2,0.037522
BE,C25,2020,120.69977,3614.4,0.033394
BE,C25,2021,158.6209,3872.4,0.040962
BE,C25,2022,149.47942,4267.6,0.035027
BE,C25,2023,140.26885,4554.1,0.030801
BE,C26,2012,62.64105,1310.7,0.047792
BE,C26,2013,64.59427,1270.7,0.050834
BE,C26,2014,51.05687,1315.0,0.038827
BE,C26,2015,56.98605,1269.3,0.044896
BE,C26,2016,71.01407,1458.8,0.048680
BE,C26,2017,65.20572,1533.9,0.042510
BE,C26,2018,64.45255,1446.4,0.044561
BE,C26,2019,97.40966,1536.6,0.063393
BE,C26,2020,80.79392,1335.3,0.060506
BE,C26,2021,81.195,1325.9,0.061238
BE,C26,2022,79.25403,1590.0,0.049845
BE,C26,2023,74.09427,1820.1,0.040709
BE,C27,2012,64.86256,1493.0,0.043444
BE,C27,2013,68.07661,1455.5,0.046772
BE,C27,2014,49.55925,1433.7,0.034567
BE,C27,2015,52.36555,1428.0,0.036671
BE,C27,2016,43.86986,1156.1,0.037946
BE,C27,2017,41.41576,1181.3,0.035059
BE,C27,2018,41.46975,1120.9,0.036997
BE,C27,2019,39.22165,1220.5,0.032136
BE,C27,2020,30.19964,1084.8,0.027839
BE,C27,2021,38.06741,1103.0,0.034513
BE,C27,2022,35.05609,1282.3,0.027338
BE,C27,2023,34.81929,1397.7,0.024912
BE,C28,2012,748.59617,3558.9,0.210345
BE,C28,2013,706.07378,3358.9,0.210210
BE,C28,2014,629.89187,3599.4,0.174999
BE,C28,2015,742.45569,3489.0,0.212799
BE,C28,2016,660.18647,3425.1,0.192750
BE,C28,2017,639.13373,3623.7,0.176376
BE,C28,2018,624.29763,3513.7,0.177675
BE,C28,2019,518.86211,3513.9,0.147660
BE,C28,2020,321.67271,3419.3,0.094076
BE,C28,2021,345.01334,3609.2,0.095593
BE,C28,2022,310.75443,4231.3,0.073442
BE,C28,2023,279.957,4691.7,0.059671
BE,C29,2012,419.04951,2739.0,0.152994
BE,C29,2013,422.41044,2841.2,0.148673
BE,C29,2014,376.96842,2816.0,0.133867
BE,C29,2015,176.81156,2316.3,0.076334
BE,C29,2016,175.61788,2208.4,0.079523
BE,C29,2017,175.72378,2356.5,0.074570
BE,C29,2018,150.48923,2392.2,0.062908
BE,C29,2019,134.35957,2354.2,0.057072
BE,C29,2020,99.73702,2141.1,0.046582
BE,C29,2021,95.43328,2037.4,0.046841
BE,C29,2022,90.07902,2223.3,0.040516
BE,C29,2023,83.06521,2490.5,0.033353
BE,C30,2012,32.66202,763.3,0.042791
BE,C30,2013,33.95974,812.3,0.041807
BE,C30,2014,29.0765,832.3,0.034935
BE,C30,2015,27.60916,870.5,0.031716
BE,C30,2016,24.93923,841.8,0.029626
BE,C30,2017,23.12932,921.3,0.025105
BE,C30,2018,20.00896,864.0,0.023159
BE,C30,2019,21.73646,958.8,0.022670
BE,C30,2020,19.4397,522.4,0.037212
BE,C30,2021,20.49235,527.2,0.038870
BE,C30,2022,20.62699,623.8,0.033067
BE,C30,2023,20.65626,729.3,0.028323
BE,C31_C32,2012,91.42906,1301.3,0.070260
BE,C31_C32,2013,96.9155,1277.9,0.075840
BE,C31_C32,2014,73.2037,1334.9,0.054838
BE,C31_C32,2015,72.64897,1400.9,0.051859
BE,C31_C32,2016,71.2687,1361.1,0.052361
BE,C31_C32,2017,67.41505,1328.0,0.050764
BE,C31_C32,2018,67.40765,1329.6,0.050698
BE,C31_C32,2019,61.76908,1552.1,0.039797
BE,C31_C32,2020,47.60431,1425.3,0.033400
BE,C31_C32,2021,55.96938,1380.7,0.040537
BE,C31_C32,2022,56.30567,1650.4,0.034116
BE,C31_C32,2023,48.62768,1717.9,0.028306
BE,C33,2012,136.14714,1432.0,0.095075
BE,C33,2013,162.4441,1531.3,0.106082
BE,C33,2014,128.35162,1546.5,0.082995
BE,C33,2015,173.56592,1636.6,0.106053
BE,C33,2016,163.18787,1718.7,0.094948
BE,C33,2017,180.0157,1900.2,0.094735
BE,C33,2018,169.27027,1890.4,0.089542
BE,C33,2019,166.20703,2062.5,0.080585
BE,C33,2020,262.35167,1640.3,0.159941
BE,C33,2021,219.24771,1707.5,0.128403
BE,C33,2022,205.142,2231.1,0.091947
BE,C33,2023,203.3599,2441.6,0.083290
BE,D,2012,18257.43325,6149.2,2.969075
BE,D,2013,16953.72044,6353.1,2.668574
BE,D,2014,16064.10052,5870.7,2.736318
BE,D,2015,16574.08936,5938.1,2.791144
BE,D,2016,15304.36902,6130.7,2.496349
BE,D,2017,15363.34225,5941.0,2.585986
BE,D,2018,15483.34024,5202.4,2.976192
BE,D,2019,15726.66792,6160.3,2.552906
BE,D,2020,14571.91675,6847.3,2.128126
BE,D,2021,13534.39703,7746.5,1.747163
BE,D,2022,14033.46733,9887.4,1.419328
BE,D,2023,11543.57984,10413.7,1.108499
BE,E,2012,3307.38349,3424.2,0.965885
BE,E,2013,2951.26474,3383.3,0.872304
BE,E,2014,2849.78804,3502.7,0.813598
BE,E,2015,2927.05847,3534.4,0.828163
BE,E,2016,2783.6318,3592.9,0.774759
BE,E,2017,2881.88304,3863.6,0.745906
BE,E,2018,2953.30097,3906.1,0.756074
BE,E,2019,2896.00789,4046.1,0.715753
BE,E,2020,2737.26296,3997.7,0.684709
BE,E,2021,2706.75604,4119.8,0.657012
BE,E,2022,2590.71165,4180.0,0.619787
BE,E,2023,2512.34914,4704.3,0.534054
BE,E36,2012,30.16254,1001.5,0.030117
BE,E36,2013,34.49776,990.2,0.034839
BE,E36,2014,59.03696,1045.2,0.056484
BE,E36,2015,62.99553,1079.3,0.058367
BE,E36,2016,56.92035,1104.9,0.051516
BE,E36,2017,65.10298,1205.6,0.054000
BE,E36,2018,67.91577,1228.9,0.055265
BE,E36,2019,72.12138,1277.1,0.056473
BE,E36,2020,54.43277,1174.6,0.046342
BE,E36,2021,61.47294,1118.2,0.054975
BE,E36,2022,55.36322,1108.0,0.049967
BE,E36,2023,54.87215,1257.2,0.043646
BE,E37-E39,2012,3277.22095,2422.7,1.352714
BE,E37-E39,2013,2916.76698,2393.1,1.218824
BE,E37-E39,2014,2790.75108,2457.5,1.135606
BE,E37-E39,2015,2864.06294,2455.1,1.166577
BE,E37-E39,2016,2726.71145,2488.0,1.095945
BE,E37-E39,2017,2816.78006,2658.0,1.059737
BE,E37-E39,2018,2885.3852,2677.2,1.077762
BE,E37-E39,2019,2823.88651,2769.0,1.019822
BE,E37-E39,2020,2682.83018,2823.1,0.950314
BE,E37-E39,2021,2645.2831,3001.6,0.881291
BE,E37-E39,2022,2535.34843,3072.0,0.825309
BE,E37-E39,2023,2457.477,3447.1,0.712911
BE,F,2012,3334.80275,18736.8,0.177981
BE,F,2013,3431.85902,18601.1,0.184498
BE,F,2014,2861.96691,18835.3,0.151947
BE,F,2015,2841.00441,19017.9,0.149386
BE,F,2016,2853.74925,19387.0,0.147199
BE,F,2017,2775.28284,19693.8,0.140922
BE,F,2018,2767.30865,21064.2,0.131375
BE,F,2019,2778.97979,22247.6,0.124911
BE,F,2020,2614.30398,21673.2,0.120624
BE,F,2021,2937.57416,24533.6,0.119737
BE,F,2022,3058.5231,27576.0,0.110912
BE,F,2023,3089.56237,29771.7,0.103775
BE,G,2012,2396.13279,42958.2,0.055778
BE,G,2013,2434.5082,43045.7,0.056556
BE,G,2014,2374.71102,43667.8,0.054381
BE,G,2015,3093.74917,44218.1,0.069966
BE,G,2016,2907.493,46553.8,0.062454
BE,G,2017,2711.64107,45302.0,0.059857
BE,G,2018,2650.89076,46453.8,0.057065
BE,G,2019,2496.15225,48164.5,0.051826
BE,G,2020,1464.87247,47595.1,0.030778
BE,G,2021,1663.26321,55037.5,0.030221
BE,G,2022,1359.83257,58067.7,0.023418
BE,G,2023,1312.14599,61154.6,0.021456
BE,G45,2012,371.1543,5842.1,0.063531
BE,G45,2013,374.73231,5748.6,0.065187
BE,G45,2014,307.17923,5952.1,0.051609
BE,G45,2015,606.40021,6288.0,0.096438
BE,G45,2016,612.31847,6632.4,0.092322
BE,G45,2017,566.22958,6638.2,0.085299
BE,G45,2018,555.48533,6971.6,0.079678
BE,G45,2019,517.94919,7340.4,0.070561
BE,G45,2020,222.75984,6875.7,0.032398
BE,G45,2021,256.60926,7316.4,0.035073
BE,G45,2022,223.03047,8045.0,0.027723
BE,G45,2023,216.59591,9384.4,0.023080
BE,G46,2012,1131.29423,21739.1,0.052040
BE,G46,2013,1114.16585,21649.6,0.051464
BE,G46,2014,1253.24728,22106.1,0.056692
BE,G46,2015,1419.13558,22452.6,0.063206
BE,G46,2016,1280.91549,24376.2,0.052548
BE,G46,2017,1174.40651,23399.9,0.050189
BE,G46,2018,1162.01105,23764.4,0.048897
BE,G46,2019,1114.20529,24546.1,0.045392
BE,G46,2020,575.04543,24376.0,0.023591
BE,G46,2021,703.09163,29923.9,0.023496
BE,G46,2022,599.43071,30746.7,0.019496
BE,G46,2023,597.39623,31118.5,0.019197
BE,G47,2012,893.68426,15377.0,0.058118
BE,G47,2013,945.61005,15647.5,0.060432
BE,G47,2014,814.28451,15609.6,0.052166
BE,G47,2015,1068.21339,15477.5,0.069017
BE,G47,2016,1014.25904,15545.2,0.065246
BE,G47,2017,971.00497,15263.9,0.063614
BE,G47,2018,933.39438,15717.8,0.059385
BE,G47,2019,863.99777,16278.0,0.053078
BE,G47,2020,667.0672,16343.4,0.040816
BE,G47,2021,703.56232,17797.2,0.039532
BE,G47,2022,537.3714,19276.0,0.027878
BE,G47,2023,498.15385,20651.7,0.024122
BE,H,2012,11945.12233,20113.3,0.593892
BE,H,2013,10650.42242,19818.9,0.537387
BE,H,2014,10172.0435,20532.5,0.495412
BE,H,2015,10290.53232,21537.3,0.477800
BE,H,2016,10319.84197,21498.6,0.480024
BE,H,2017,9916.01603,22280.7,0.445050
BE,H,2018,10203.25923,23315.7,0.437613
BE,H,2019,10135.00428,24045.0,0.421502
BE,H,2020,8484.01463,22570.1,0.375896
BE,H,2021,8896.90386,24749.1,0.359484
BE,H,2022,9444.16717,27351.4,0.345290
BE,H,2023,9360.22258,30526.3,0.306628
BE,H49,2012,3891.00804,6952.2,0.559680
BE,H49,2013,4008.4137,7028.7,0.570292
BE,H49,2014,4386.99431,7605.6,0.576811
BE,H49,2015,4398.24295,7736.8,0.568483
BE,H49,2016,3852.33026,7846.0,0.490993
BE,H49,2017,3882.85371,8096.5,0.479572
BE,H49,2018,3880.91219,8565.5,0.453086
BE,H49,2019,3883.62046,8838.8,0.439383
BE,H49,2020,3547.67175,8379.3,0.423385
BE,H49,2021,3319.34631,8821.6,0.376275
BE,H49,2022,3721.81435,10004.2,0.372025
BE,H49,2023,3713.1166,11022.5,0.336867
BE,H50,2012,3214.74589,455.0,7.065376
BE,H50,2013,1718.25817,389.1,4.415981
BE,H50,2014,1673.27158,417.4,4.008796
BE,H50,2015,2531.40208,688.3,3.677760
BE,H50,2016,2963.31494,639.2,4.635975
BE,H50,2017,2453.73797,690.4,3.554082
BE,H50,2018,2593.89864,934.3,2.776302
BE,H50,2019,2203.64935,1031.8,2.135733
BE,H50,2020,3058.09517,677.7,4.512462
BE,H50,2021,2898.37689,617.8,4.691449
BE,H50,2022,2292.75359,692.7,3.309880
BE,H50,2023,2259.31191,1343.5,1.681661
BE,H51,2012,2195.00598,437.4,5.018304
BE,H51,2013,2307.87314,465.6,4.956772
BE,H51,2014,2580.70551,479.0,5.387694
BE,H51,2015,2695.9309,554.9,4.858409
BE,H51,2016,2847.8354,524.1,5.433763
BE,H51,2017,2890.37505,533.1,5.421825
BE,H51,2018,3030.62116,541.0,5.601888
BE,H51,2019,3376.37205,538.7,6.267630
BE,H51,2020,1417.08345,104.2,13.599649
BE,H51,2021,2076.50067,319.1,6.507367
BE,H51,2022,2774.4978,406.6,6.823654
BE,H51,2023,2704.22759,572.9,4.720244
BE,H52,2012,2508.19299,10182.8,0.246317
BE,H52,2013,2485.72572,9802.2,0.253589
BE,H52,2014,1420.44018,9908.8,0.143351
BE,H52,2015,536.81048,10495.6,0.051146
BE,H52,2016,528.98705,10467.4,0.050537
BE,H52,2017,560.94493,10929.9,0.051322
BE,H52,2018,571.12272,11211.5,0.050941
BE,H52,2019,537.44701,11492.4,0.046765
BE,H52,2020,277.37418,11318.1,0.024507
BE,H52,2021,416.24953,12646.2,0.032915
BE,H52,2022,456.225,14007.4,0.032570
BE,H52,2023,482.15623,15176.8,0.031769
BE,H53,2012,136.16943,2085.9,0.065281
BE,H53,2013,130.15169,2133.3,0.061010
BE,H53,2014,110.63192,2121.7,0.052143
BE,H53,2015,128.1459,2061.7,0.062155
BE,H53,2016,127.37431,2021.9,0.062997
BE,H53,2017,128.10437,2030.8,0.063081
BE,H53,2018,126.70453,2063.4,0.061406
BE,H53,2019,133.9154,2143.3,0.062481
BE,H53,2020,183.79008,2090.8,0.087904
BE,H53,2021,186.43046,2344.4,0.079522
BE,H53,2022,198.87644,2240.5,0.088764
BE,H53,2023,201.41025,2410.6,0.083552
BE,I,2012,708.72539,6101.5,0.116156
BE,I,2013,784.38162,6336.5,0.123788
BE,I,2014,594.64114,6679.6,0.089023
BE,I,2015,869.48593,6877.2,0.126430
BE,I,2016,885.06142,7040.7,0.125706
BE,I,2017,873.14397,7438.2,0.117386
BE,I,2018,925.32194,7770.1,0.119088
BE,I,2019,887.55451,8233.8,0.107794
BE,I,2020,646.36884,4900.8,0.131890
BE,I,2021,812.30262,6483.5,0.125288
BE,I,2022,532.29111,9300.5,0.057233
BE,I,2023,524.82717,10683.2,0.049126
BE,J,2012,319.86623,14901.5,0.021465
BE,J,2013,357.30886,14504.8,0.024634
BE,J,2014,417.32329,14555.4,0.028671
BE,J,2015,476.56839,15198.5,0.031356
BE,J,2016,461.74248,15764.1,0.029291
BE,J,2017,458.94259,16676.5,0.027520
BE,J,2018,449.47111,17259.1,0.026043
BE,J,2019,504.21683,18636.8,0.027055
BE,J,2020,392.63653,18779.8,0.020907
BE,J,2021,386.37976,20397.8,0.018942
BE,J,2022,389.07542,21728.3,0.017906
BE,J,2023,405.33322,23536.6,0.017221
BE,J58,2012,105.25672,1084.7,0.097038
BE,J58,2013,104.88804,1058.5,0.099091
BE,J58,2014,92.04637,1178.8,0.078085
BE,J58,2015,95.1928,1171.9,0.081229
BE,J58,2016,83.44682,1257.4,0.066365
BE,J58,2017,79.06871,1194.7,0.066183
BE,J58,2018,66.10007,1170.6,0.056467
BE,J58,2019,59.42058,1173.4,0.050640
BE,J58,2020,38.12183,1138.1,0.033496
BE,J58,2021,25.21804,1179.9,0.021373
BE,J58,2022,27.24261,1236.4,0.022034
BE,J58,2023,43.63118,1299.3,0.033581
BE,J59_J60,2012,64.08958,1724.1,0.037173
BE,J59_J60,2013,65.87736,1765.3,0.037318
BE,J59_J60,2014,80.15735,1767.6,0.045348
BE,J59_J60,2015,75.3974,1782.6,0.042296
BE,J59_J60,2016,67.84908,1806.7,0.037554
BE,J59_J60,2017,73.5084,1856.3,0.039599
BE,J59_J60,2018,73.83996,1813.5,0.040717
BE,J59_J60,2019,78.8858,1863.1,0.042341
BE,J59_J60,2020,73.28894,1496.4,0.048977
BE,J59_J60,2021,77.8995,1756.4,0.044352
BE,J59_J60,2022,72.48512,1928.0,0.037596
BE,J59_J60,2023,72.06282,2152.8,0.033474
BE,J61,2012,46.55369,5559.3,0.008374
BE,J61,2013,47.3946,5213.4,0.009091
BE,J61,2014,62.85773,4911.3,0.012799
BE,J61,2015,50.47029,5151.8,0.009797
BE,J61,2016,50.37276,5135.2,0.009809
BE,J61,2017,43.15277,5296.5,0.008147
BE,J61,2018,42.31664,5186.9,0.008158
BE,J61,2019,42.43485,5379.6,0.007888
BE,J61,2020,25.11465,5379.9,0.004668
BE,J61,2021,28.36909,5313.7,0.005339
BE,J61,2022,26.92292,5572.2,0.004832
BE,J61,2023,24.89166,5310.5,0.004687
BE,J62_J63,2012,103.96623,6533.4,0.015913
BE,J62_J63,2013,139.14886,6467.6,0.021515
BE,J62_J63,2014,182.26184,6697.7,0.027213
BE,J62_J63,2015,255.50789,7092.2,0.036027
BE,J62_J63,2016,260.07382,7564.8,0.034379
BE,J62_J63,2017,263.21272,8329.0,0.031602
BE,J62_J63,2018,267.21443,9088.1,0.029403
BE,J62_J63,2019,323.4756,10220.7,0.031649
BE,J62_J63,2020,256.11111,10765.4,0.023790
BE,J62_J63,2021,254.89313,12147.8,0.020983
BE,J62_J63,2022,262.42478,12991.7,0.020199
BE,J62_J63,2023,264.74755,14774.0,0.017920
BE,K,2012,296.12831,21077.2,0.014050
BE,K,2013,321.10315,20322.1,0.015801
BE,K,2014,375.98989,22359.3,0.016816
BE,K,2015,136.86716,23793.6,0.005752
BE,K,2016,147.31036,24649.2,0.005976
BE,K,2017,139.61639,25627.5,0.005448
BE,K,2018,136.48526,26514.7,0.005148
BE,K,2019,135.05483,27592.7,0.004895
BE,K,2020,259.54477,26747.3,0.009704
BE,K,2021,348.32667,28834.5,0.012080
BE,K,2022,344.20561,28094.4,0.012252
BE,K,2023,350.6657,29237.9,0.011994
BE,K64,2012,114.26834,13265.5,0.008614
BE,K64,2013,128.88254,12643.5,0.010194
BE,K64,2014,100.66836,14217.0,0.007081
BE,K64,2015,63.51219,15265.0,0.004161
BE,K64,2016,66.37895,16492.4,0.004025
BE,K64,2017,60.89142,16774.9,0.003630
BE,K64,2018,57.06283,17199.3,0.003318
BE,K64,2019,54.51924,17982.3,0.003032
BE,K64,2020,69.0018,17163.7,0.004020
BE,K64,2021,77.96183,18474.1,0.004220
BE,K64,2022,66.44298,17327.4,0.003835
BE,K64,2023,63.50667,17987.2,0.003531
BE,K65,2012,32.75746,4898.1,0.006688
BE,K65,2013,38.81421,4367.0,0.008888
BE,K65,2014,35.44671,4490.0,0.007895
BE,K65,2015,28.5937,4915.1,0.005818
BE,K65,2016,30.68979,4467.9,0.006869
BE,K65,2017,30.00509,4979.5,0.006026
BE,K65,2018,30.09637,5095.2,0.005907
BE,K65,2019,31.29432,5195.2,0.006024
BE,K65,2020,35.68692,5100.4,0.006997
BE,K65,2021,39.93235,5244.5,0.007614
BE,K65,2022,35.72652,5530.3,0.006460
BE,K65,2023,35.95371,5611.4,0.006407
BE,K66,2012,149.10251,2913.6,0.051175
BE,K66,2013,153.4064,3311.6,0.046324
BE,K66,2014,239.87482,3652.3,0.065678
BE,K66,2015,44.76127,3613.5,0.012387
BE,K66,2016,50.24162,3688.9,0.013620
BE,K66,2017,48.71988,3873.1,0.012579
BE,K66,2018,49.32607,4220.2,0.011688
BE,K66,2019,49.24126,4415.2,0.011153
BE,K66,2020,154.85605,4483.2,0.034541
BE,K66,2021,230.43249,5115.9,0.045042
BE,K66,2022,242.03611,5236.7,0.046219
BE,K66,2023,251.20532,5639.3,0.044545
BE,L,2012,136.55806,31701.0,0.004308
BE,L,2013,142.50907,33008.6,0.004317
BE,L,2014,179.19348,33746.5,0.005310
BE,L,2015,250.22745,34645.4,0.007223
BE,L,2016,247.09788,35844.2,0.006894
BE,L,2017,195.36869,37363.8,0.005229
BE,L,2018,193.9906,38814.4,0.004998
BE,L,2019,198.76362,40432.0,0.004916
BE,L,2020,82.4258,41434.3,0.001989
BE,L,2021,166.67311,43691.5,0.003815
BE,L,2022,180.51693,50201.8,0.003596
BE,L,2023,183.7137,55667.1,0.003300
BE,L68A,2012,0.0,18842.7,0.000000
BE,L68A,2013,0.0,19556.2,0.000000
BE,L68A,2014,0.0,19854.8,0.000000
BE,L68A,2015,0.0,20210.7,0.000000
BE,L68A,2016,0.0,20696.9,0.000000
BE,L68A,2017,0.0,21452.2,0.000000
BE,L68A,2018,0.0,22126.5,0.000000
BE,L68A,2019,0.0,22786.5,0.000000
BE,L68A,2020,0.0,23821.8,0.000000
BE,L68A,2021,0.0,24800.2,0.000000
BE,L68A,2022,0.0,28819.3,0.000000
BE,L68A,2023,0.0,32219.9,0.000000
BE,M,2012,1018.17828,32181.6,0.031639
BE,M,2013,1141.67127,34134.3,0.033446
BE,M,2014,1077.68954,35386.6,0.030455
BE,M,2015,1245.44193,36380.5,0.034234
BE,M,2016,1328.32969,37478.2,0.035443
BE,M,2017,1349.20254,40066.4,0.033674
BE,M,2018,1346.32075,42021.1,0.032039
BE,M,2019,1392.34947,43405.3,0.032078
BE,M,2020,1428.53007,43544.7,0.032806
BE,M,2021,1566.09176,47906.3,0.032691
BE,M,2022,1470.77601,52273.8,0.028136
BE,M,2023,1428.08676,57302.4,0.024922
BE,M69_M70,2012,613.62274,25526.1,0.024039
BE,M69_M70,2013,679.85241,27236.5,0.024961
BE,M69_M70,2014,606.6267,28343.0,0.021403
BE,M69_M70,2015,733.02905,28995.3,0.025281
BE,M69_M70,2016,800.24363,29608.8,0.027027
BE,M69_M70,2017,816.3393,31647.7,0.025795
BE,M69_M70,2018,816.4332,33072.2,0.024686
BE,M69_M70,2019,879.97085,34649.9,0.025396
BE,M69_M70,2020,893.9613,34470.1,0.025934
BE,M69_M70,2021,1019.00884,37304.1,0.027316
BE,M69_M70,2022,927.57772,41041.6,0.022601
BE,M69_M70,2023,896.19739,44557.4,0.020113
BE,M71,2012,208.29889,3559.7,0.058516
BE,M71,2013,231.34576,3704.8,0.062445
BE,M71,2014,258.68219,3763.7,0.068731
BE,M71,2015,319.94821,3931.8,0.081374
BE,M71,2016,327.85095,4060.4,0.080744
BE,M71,2017,327.41516,4384.0,0.074684
BE,M71,2018,331.87132,4651.8,0.071343
BE,M71,2019,303.13189,5012.1,0.060480
BE,M71,2020,307.01864,5147.3,0.059647
BE,M71,2021,310.48146,5771.7,0.053794
BE,M71,2022,324.3614,6353.9,0.051049
BE,M71,2023,326.15424,7055.0,0.046230
BE,M72,2012,114.04331,853.1,0.133681
BE,M72,2013,142.80954,914.3,0.156195
BE,M72,2014,132.48959,908.8,0.145785
BE,M72,2015,120.35226,987.8,0.121839
BE,M72,2016,120.61566,1193.5,0.101060
BE,M72,2017,123.40512,1360.5,0.090706
BE,M72,2018,114.48482,1551.3,0.073799
BE,M72,2019,118.60348,904.1,0.131184
BE,M72,2020,122.32691,1087.2,0.112516
BE,M72,2021,121.51591,1539.5,0.078932
BE,M72,2022,106.91317,1497.4,0.071399
BE,M72,2023,105.0673,2049.0,0.051277
BE,M73,2012,46.62352,1416.7,0.032910
BE,M73,2013,48.72981,1429.5,0.034089
BE,M73,2014,44.35432,1460.2,0.030376
BE,M73,2015,27.73419,1480.8,0.018729
BE,M73,2016,32.61628,1589.7,0.020517
BE,M73,2017,32.27593,1592.1,0.020273
BE,M73,2018,32.90827,1598.9,0.020582
BE,M73,2019,33.24809,1611.9,0.020627
BE,M73,2020,24.34339,1568.8,0.015517
BE,M73,2021,26.18625,1819.1,0.014395
BE,M73,2022,22.9225,1764.4,0.012992
BE,M73,2023,21.29554,1832.8,0.011619
BE,M74_M75,2012,35.58982,826.0,0.043087
BE,M74_M75,2013,38.93375,849.2,0.045848
BE,M74_M75,2014,35.53674,910.9,0.039013
BE,M74_M75,2015,44.37822,984.8,0.045063
BE,M74_M75,2016,47.00317,1025.8,0.045821
BE,M74_M75,2017,49.76703,1082.1,0.045991
BE,M74_M75,2018,50.62313,1146.9,0.044139
BE,M74_M75,2019,57.39516,1227.3,0.046765
BE,M74_M75,2020,80.87982,1271.3,0.063620
BE,M74_M75,2021,88.89931,1471.9,0.060398
BE,M74_M75,2022,89.00122,1616.5,0.055058
BE,M74_M75,2023,79.37229,1808.2,0.043896
BE,N,2012,1306.08481,14012.5,0.093209
BE,N,2013,1388.295,14635.7,0.094857
BE,N,2014,1124.42358,16065.0,0.069992
BE,N,2015,1151.29399,17530.2,0.065675
BE,N,2016,1241.59895,18573.4,0.066848
BE,N,2017,1233.73982,19614.3,0.062900
BE,N,2018,1272.37672,20892.6,0.060901
BE,N,2019,1482.29133,22456.1,0.066008
BE,N,2020,1345.07539,21256.1,0.063280
BE,N,2021,1319.22305,23681.3,0.055707
BE,N,2022,1412.77779,25307.1,0.055825
BE,N,2023,1490.03121,26688.9,0.055830
BE,N77,2012,635.57963,2815.8,0.225719
BE,N77,2013,661.82984,3092.1,0.214039
BE,N77,2014,518.86073,3868.9,0.134111
BE,N77,2015,483.70502,4517.7,0.107069
BE,N77,2016,544.03555,4930.9,0.110332
BE,N77,2017,551.63998,5177.7,0.106542
BE,N77,2018,589.42625,5513.8,0.106900
BE,N77,2019,745.38855,6359.0,0.117218
BE,N77,2020,587.38448,6692.5,0.087768
BE,N77,2021,549.64704,6811.6,0.080693
BE,N77,2022,655.29883,6515.1,0.100582
BE,N77,2023,751.44357,7421.7,0.101250
BE,N78,2012,198.48352,4989.1,0.039783
BE,N78,2013,220.42311,5061.6,0.043548
BE,N78,2014,182.23059,5521.3,0.033005
BE,N78,2015,193.52533,6118.5,0.031630
BE,N78,2016,224.07105,6429.0,0.034853
BE,N78,2017,217.92036,6902.4,0.031572
BE,N78,2018,212.33697,7485.6,0.028366
BE,N78,2019,218.3507,7611.9,0.028685
BE,N78,2020,184.49202,6757.0,0.027304
BE,N78,2021,201.71903,7919.3,0.025472
BE,N78,2022,166.8707,8660.0,0.019269
BE,N78,2023,157.29907,8728.4,0.018022
BE,N79,2012,15.72019,475.5,0.033060
BE,N79,2013,16.9214,506.5,0.033408
BE,N79,2014,6.79264,510.0,0.013319
BE,N79,2015,17.82091,506.3,0.035198
BE,N79,2016,15.90763,496.2,0.032059
BE,N79,2017,14.9233,494.0,0.030209
BE,N79,2018,15.09705,488.2,0.030924
BE,N79,2019,14.60418,475.1,0.030739
BE,N79,2020,9.04417,125.2,0.072238
BE,N79,2021,9.60428,227.2,0.042272
BE,N79,2022,9.21218,433.3,0.021261
BE,N79,2023,9.53749,467.6,0.020397
BE,N80-N82,2012,456.30147,5732.1,0.079605
BE,N80-N82,2013,489.12065,5975.5,0.081854
BE,N80-N82,2014,416.53961,6164.8,0.067567
BE,N80-N82,2015,456.24273,6387.7,0.071425
BE,N80-N82,2016,457.58473,6717.3,0.068120
BE,N80-N82,2017,449.25617,7040.2,0.063813
BE,N80-N82,2018,455.51645,7405.0,0.061515
BE,N80-N82,2019,503.9479,8010.1,0.062914
BE,N80-N82,2020,564.15472,7681.4,0.073444
BE,N80-N82,2021,558.25271,8723.2,0.063996
BE,N80-N82,2022,581.39609,9698.7,0.059946
BE,N80-N82,2023,571.75108,10071.2,0.056771
BE,O,2012,1164.03043,27247.9,0.042720
BE,O,2013,1160.92398,28206.0,0.041159
BE,O,2014,1221.73029,28656.2,0.042634
BE,O,2015,1361.3466,28401.0,0.047933
BE,O,2016,1415.9891,29218.2,0.048463
BE,O,2017,1349.15278,29788.2,0.045292
BE,O,2018,1387.9348,30621.5,0.045326
BE,O,2019,1300.09952,31669.9,0.041052
BE,O,2020,1514.36569,32659.4,0.046368
BE,O,2021,1682.66796,34091.7,0.049357
BE,O,2022,1741.84272,37218.1,0.046801
BE,O,2023,1774.99022,40138.1,0.044222
BE,P,2012,588.75157,24113.2,0.024416
BE,P,2013,571.57703,24832.4,0.023017
BE,P,2014,536.79333,25215.7,0.021288
BE,P,2015,712.17032,25798.7,0.027605
BE,P,2016,699.48519,26484.6,0.026411
BE,P,2017,668.24389,27677.6,0.024144
BE,P,2018,640.22571,28601.5,0.022384
BE,P,2019,603.54134,29538.5,0.020432
BE,P,2020,631.6736,30358.2,0.020807
BE,P,2021,675.93117,31783.8,0.021267
BE,P,2022,742.75416,34716.4,0.021395
BE,P,2023,723.43428,37837.9,0.019119
BE,Q,2012,1138.81165,25168.8,0.045247
BE,Q,2013,1112.00907,25664.3,0.043329
BE,Q,2014,1086.53247,26484.3,0.041026
BE,Q,2015,1382.54574,26761.7,0.051661
BE,Q,2016,1433.83082,27518.2,0.052105
BE,Q,2017,1393.1042,28293.3,0.049238
BE,Q,2018,1434.5868,29782.4,0.048169
BE,Q,2019,1453.58056,30735.9,0.047293
BE,Q,2020,1381.00358,29435.6,0.046916
BE,Q,2021,1684.54456,33417.1,0.050410
BE,Q,2022,1675.95187,36185.4,0.046316
BE,Q,2023,1704.57629,40025.2,0.042588
BE,Q86,2012,760.31148,17202.6,0.044197
BE,Q86,2013,749.96793,17483.5,0.042896
BE,Q86,2014,740.54082,17864.3,0.041454
BE,Q86,2015,983.15895,17995.8,0.054633
BE,Q86,2016,977.49262,18322.3,0.053350
BE,Q86,2017,929.25855,18609.1,0.049936
BE,Q86,2018,963.93565,19691.4,0.048952
BE,Q86,2019,987.02652,20289.1,0.048648
BE,Q86,2020,1048.48062,18835.3,0.055666
BE,Q86,2021,1233.16767,22324.4,0.055239
BE,Q86,2022,1261.65216,23916.2,0.052753
BE,Q86,2023,1296.86417,26626.7,0.048705
BE,Q87_Q88,2012,378.50017,7966.2,0.047513
BE,Q87_Q88,2013,362.04114,8180.8,0.044255
BE,Q87_Q88,2014,345.99165,8620.0,0.040138
BE,Q87_Q88,2015,399.38679,8765.9,0.045561
BE,Q87_Q88,2016,456.3382,9195.9,0.049624
BE,Q87_Q88,2017,463.84565,9684.2,0.047897
BE,Q87_Q88,2018,470.65115,10091.0,0.046641
BE,Q87_Q88,2019,466.55403,10446.8,0.044660
BE,Q87_Q88,2020,332.52297,10600.3,0.031369
BE,Q87_Q88,2021,451.37689,11092.7,0.040691
BE,Q87_Q88,2022,414.29971,12269.2,0.033767
BE,Q87_Q88,2023,407.71212,13398.5,0.030430
BE,R,2012,275.52189,2013.2,0.136858
BE,R,2013,289.67934,2077.7,0.139423
BE,R,2014,324.20202,2194.3,0.147747
BE,R,2015,320.60939,2351.7,0.136331
BE,R,2016,296.10219,2437.5,0.121478
BE,R,2017,340.17818,2500.0,0.136071
BE,R,2018,347.64007,2710.8,0.128243
BE,R,2019,347.32728,2948.1,0.117814
BE,R,2020,324.30127,1953.6,0.166002
BE,R,2021,365.44369,2373.3,0.153981
BE,R,2022,297.38781,3283.9,0.090559
BE,R,2023,299.19698,3683.3,0.081231
BE,R90-R92,2012,136.64448,1153.3,0.118481
BE,R90-R92,2013,145.40969,1228.1,0.118402
BE,R90-R92,2014,163.63793,1291.6,0.126694
BE,R90-R92,2015,161.88045,1472.8,0.109913
BE,R90-R92,2016,151.60615,1514.3,0.100116
BE,R90-R92,2017,177.49143,1612.1,0.110100
BE,R90-R92,2018,182.27374,1681.3,0.108412
BE,R90-R92,2019,179.92534,1898.9,0.094752
BE,R90-R92,2020,165.37927,1407.1,0.117532
BE,R90-R92,2021,183.80938,1733.3,0.106046
BE,R90-R92,2022,138.13763,2009.5,0.068742
BE,R90-R92,2023,138.04973,2296.2,0.060121
BE,R93,2012,138.87741,859.9,0.161504
BE,R93,2013,144.26965,849.6,0.169809
BE,R93,2014,160.56409,902.7,0.177871
BE,R93,2015,158.72894,878.9,0.180600
BE,R93,2016,144.49604,923.2,0.156517
BE,R93,2017,162.68674,887.9,0.183226
BE,R93,2018,165.36633,1029.5,0.160628
BE,R93,2019,167.40194,1049.2,0.159552
BE,R93,2020,158.922,546.5,0.290800
BE,R93,2021,181.6343,640.0,0.283804
BE,R93,2022,159.25018,1274.4,0.124961
BE,R93,2023,161.14725,1387.1,0.116176
BE,S,2012,408.09215,4454.5,0.091613
BE,S,2013,449.79827,4578.7,0.098237
BE,S,2014,505.62937,4725.8,0.106993
BE,S,2015,480.97201,4696.4,0.102413
BE,S,2016,533.58223,4794.2,0.111297
BE,S,2017,615.01581,4863.9,0.126445
BE,S,2018,637.66151,5083.8,0.125430
BE,S,2019,641.43146,5229.7,0.122652
BE,S,2020,633.40919,4754.0,0.133237
BE,S,2021,683.8755,5318.7,0.128579
BE,S,2022,657.04774,5946.4,0.110495
BE,S,2023,653.1306,6463.5,0.101049
BE,S94,2012,81.38603,2226.1,0.036560
BE,S94,2013,85.50534,2287.3,0.037383
BE,S94,2014,88.92589,2395.4,0.037124
BE,S94,2015,93.99223,2333.2,0.040285
BE,S94,2016,115.38432,2455.3,0.046994
BE,S94,2017,129.76768,2474.0,0.052453
BE,S94,2018,134.24993,2643.6,0.050783
BE,S94,2019,139.27031,2676.8,0.052029
BE,S94,2020,112.56613,2683.1,0.041954
BE,S94,2021,129.21622,2967.4,0.043545
BE,S94,2022,145.19968,3281.8,0.044244
BE,S94,2023,151.06726,3444.9,0.043852
BE,S95,2012,90.31416,247.0,0.365644
BE,S95,2013,96.65034,249.8,0.386911
BE,S95,2014,61.88874,235.4,0.262909
BE,S95,2015,49.49642,238.5,0.207532
BE,S95,2016,45.24733,238.6,0.189637
BE,S95,2017,42.72519,235.4,0.181500
BE,S95,2018,41.53754,250.2,0.166017
BE,S95,2019,38.81128,261.3,0.148531
BE,S95,2020,55.43889,240.5,0.230515
BE,S95,2021,50.31805,280.2,0.179579
BE,S95,2022,49.08923,284.6,0.172485
BE,S95,2023,47.31625,315.5,0.149972
BE,S96,2012,236.39196,1981.4,0.119306
BE,S96,2013,267.6426,2041.6,0.131095
BE,S96,2014,354.81474,2095.0,0.169363
BE,S96,2015,337.48336,2124.7,0.158838
BE,S96,2016,372.95058,2100.3,0.177570
BE,S96,2017,442.52294,2154.5,0.205395
BE,S96,2018,461.87404,2190.0,0.210901
BE,S96,2019,463.34987,2291.6,0.202195
BE,S96,2020,465.40417,1830.4,0.254264
BE,S96,2021,504.34124,2071.1,0.243514
BE,S96,2022,462.75883,2380.0,0.194436
BE,S96,2023,454.74709,2703.1,0.168232
BE,T,2012,38.3912,366.0,0.104894
BE,T,2013,42.42296,335.6,0.126409
BE,T,2014,69.30045,320.4,0.216294
BE,T,2015,80.97231,306.1,0.264529
BE,T,2016,128.88518,306.3,0.420781
BE,T,2017,161.18308,312.1,0.516447
BE,T,2018,169.4689,317.2,0.534265
BE,T,2019,166.38512,295.3,0.563444
BE,T,2020,77.98227,211.1,0.369409
BE,T,2021,94.12245,255.8,0.367953
BE,T,2022,82.62372,270.3,0.305674
BE,T,2023,84.37306,264.4,0.319111
BE,TOTAL,2012,95318.36089,347256.9,0.274489
BE,TOTAL,2013,93131.3467,353107.0,0.263748
BE,TOTAL,2014,91085.38772,362940.0,0.250965
BE,TOTAL,2015,93971.31421,372548.9,0.252239
BE,TOTAL,2016,93752.17739,382874.7,0.244864
BE,TOTAL,2017,93568.08509,395972.0,0.236300
BE,TOTAL,2018,94545.37368,410351.2,0.230401
BE,TOTAL,2019,94477.69236,429083.2,0.220185
BE,TOTAL,2020,86173.77439,417994.9,0.206160
BE,TOTAL,2021,87431.26996,452406.9,0.193258
BE,TOTAL,2022,84425.13592,505988.0,0.166852
BE,TOTAL,2023,79838.98101,545134.1,0.146458
BG,A,2012,4903.06709,1871.9,2.619300
BG,A,2013,5208.20615,1899.0,2.742605
BG,A,2014,5895.6141,1961.3,3.005973
BG,A,2015,6159.17175,1860.3,3.310849
BG,A,2016,6459.96197,1976.8,3.267888
BG,A,2017,6373.06752,2122.7,3.002340
BG,A,2018,6376.86711,1906.6,3.344628
BG,A,2019,6621.17079,1959.5,3.379010
BG,A,2020,6343.27841,2125.4,2.984510
BG,A,2021,6578.6748,3088.4,2.130124
BG,A,2022,6321.10651,3194.7,1.978623
BG,A,2023,6374.74619,2384.3,2.673634
BG,A01,2012,4845.57723,1680.7,2.883071
BG,A01,2013,5157.26868,1695.6,3.041560
BG,A01,2014,5837.74029,1741.7,3.351748
BG,A01,2015,6097.36314,1624.4,3.753609
BG,A01,2016,6399.22663,1767.8,3.619882
BG,A01,2017,6308.42171,1907.4,3.307341
BG,A01,2018,6305.3674,1639.1,3.846847
BG,A01,2019,6555.12693,1698.6,3.859135
BG,A01,2020,6286.29335,1874.9,3.352869
BG,A01,2021,6517.16271,2797.6,2.329555
BG,A01,2022,6284.55813,2808.2,2.237931
BG,A01,2023,6342.95691,2001.5,3.169102
BG,A02,2012,54.64267,175.9,0.310646
BG,A02,2013,48.46634,185.4,0.261415
BG,A02,2014,55.03088,194.0,0.283664
BG,A02,2015,58.53008,212.1,0.275955
BG,A02,2016,57.15374,188.8,0.302721
BG,A02,2017,60.63367,192.2,0.315472
BG,A02,2018,67.59062,255.5,0.264543
BG,A02,2019,62.64211,238.1,0.263092
BG,A02,2020,53.51872,229.6,0.233095
BG,A02,2021,58.21833,269.3,0.216184
BG,A02,2022,35.18581,378.0,0.093084
BG,A02,2023,30.9136,369.4,0.083686
BG,A03,2012,2.84719,15.3,0.186091
BG,A03,2013,2.47112,18.0,0.137284
BG,A03,2014,2.84293,25.6,0.111052
BG,A03,2015,3.27853,23.7,0.138335
BG,A03,2016,3.58161,20.2,0.177307
BG,A03,2017,4.01213,23.2,0.172937
BG,A03,2018,3.90908,11.9,0.328494
BG,A03,2019,3.40176,22.8,0.149200
BG,A03,2020,3.46635,20.9,0.165854
BG,A03,2021,3.29376,21.5,0.153198
BG,A03,2022,1.36257,8.5,0.160302
BG,A03,2023,0.87567,13.4,0.065349
BG,B,2012,1709.2076,886.5,1.928040
BG,B,2013,1495.86845,901.5,1.659311
BG,B,2014,1539.01895,973.4,1.581076
BG,B,2015,1725.3555,983.4,1.754480
BG,B,2016,1583.06466,951.5,1.663757
BG,B,2017,1709.78154,1013.8,1.686508
BG,B,2018,1535.73596,892.6,1.720520
BG,B,2019,1384.83156,710.9,1.947998
BG,B,2020,1298.39918,921.9,1.408395
BG,B,2021,1481.06339,876.0,1.690712
BG,B,2022,1531.85126,698.3,2.193686
BG,B,2023,1148.82286,1248.7,0.920015
BG,C,2012,7530.86515,5937.4,1.268378
BG,C,2013,7536.08898,5369.1,1.403604
BG,C,2014,7680.23687,5605.0,1.370247
BG,C,2015,8642.46816,6241.9,1.384589
BG,C,2016,9280.56838,7021.2,1.321792
BG,C,2017,9837.31797,7360.4,1.336519
BG,C,2018,9998.12986,7477.4,1.337113
BG,C,2019,9696.72032,8157.6,1.188673
BG,C,2020,9174.87201,7969.6,1.151234
BG,C,2021,9555.2957,8003.6,1.193875
BG,C,2022,9619.94669,11345.0,0.847946
BG,C,2023,8644.78485,12714.0,0.679942
BG,C10-C12,2012,583.81536,1404.7,0.415616
BG,C10-C12,2013,607.15466,1214.3,0.500004
BG,C10-C12,2014,611.97701,1116.5,0.548121
BG,C10-C12,2015,601.12328,1091.3,0.550832
BG,C10-C12,2016,590.30746,1080.5,0.546328
BG,C10-C12,2017,563.91684,862.0,0.654196
BG,C10-C12,2018,569.93958,1090.3,0.522736
BG,C10-C12,2019,533.26722,1208.1,0.441410
BG,C10-C12,2020,522.16452,1514.7,0.344731
BG,C10-C12,2021,634.629,1195.1,0.531026
BG,C10-C12,2022,600.43278,2137.1,0.280957
BG,C10-C12,2023,571.30988,2003.9,0.285099
BG,C13-C15,2012,106.63511,830.1,0.128461
BG,C13-C15,2013,116.51463,683.9,0.170368
BG,C13-C15,2014,116.2846,700.9,0.165908
BG,C13-C15,2015,119.29413,662.3,0.180121
BG,C13-C15,2016,117.28928,716.0,0.163812
BG,C13-C15,2017,105.79262,714.7,0.148024
BG,C13-C15,2018,100.14831,731.5,0.136908
BG,C13-C15,2019,88.93152,799.1,0.111290
BG,C13-C15,2020,78.24673,716.8,0.109161
BG,C13-C15,2021,83.86168,578.7,0.144914
BG,C13-C15,2022,82.48048,756.7,0.109000
BG,C13-C15,2023,74.20307,818.6,0.090646
BG,C16,2012,64.47155,108.1,0.596407
BG,C16,2013,43.8974,89.2,0.492123
BG,C16,2014,48.83632,106.4,0.458988
BG,C16,2015,55.90617,134.3,0.416278
BG,C16,2016,46.04111,134.6,0.342059
BG,C16,2017,61.09819,149.4,0.408957
BG,C16,2018,68.4072,127.1,0.538216
BG,C16,2019,67.69741,129.5,0.522760
BG,C16,2020,66.15739,126.5,0.522983
BG,C16,2021,70.31023,144.4,0.486913
BG,C16,2022,38.35198,190.8,0.201006
BG,C16,2023,32.53607,165.2,0.196950
BG,C17,2012,206.48411,142.1,1.453090
BG,C17,2013,264.47533,140.9,1.877043
BG,C17,2014,261.45087,127.5,2.050595
BG,C17,2015,241.45823,149.6,1.614026
BG,C17,2016,256.32413,155.3,1.650510
BG,C17,2017,209.08911,162.3,1.288288
BG,C17,2018,203.74098,175.4,1.161579
BG,C17,2019,181.55318,169.1,1.073644
BG,C17,2020,173.85144,162.0,1.073157
BG,C17,2021,197.86498,174.0,1.137155
BG,C17,2022,180.82195,167.6,1.078890
BG,C17,2023,142.112,182.2,0.779978
BG,C18,2012,8.98301,105.6,0.085066
BG,C18,2013,8.09759,105.7,0.076609
BG,C18,2014,8.65484,107.6,0.080435
BG,C18,2015,8.30343,109.6,0.075761
BG,C18,2016,7.5625,121.5,0.062243
BG,C18,2017,8.99932,122.3,0.073584
BG,C18,2018,10.47048,139.4,0.075111
BG,C18,2019,8.98703,161.8,0.055544
BG,C18,2020,7.9059,141.8,0.055754
BG,C18,2021,9.21892,166.0,0.055536
BG,C18,2022,10.23724,179.1,0.057159
BG,C18,2023,9.78861,212.4,0.046086
BG,C19,2012,1100.67525,133.8,8.226272
BG,C19,2013,1109.59579,121.7,9.117467
BG,C19,2015,1448.0482,134.7,10.750172
BG,C19,2016,1709.96228,305.9,5.589939
BG,C19,2017,1817.76146,308.0,5.901823
BG,C19,2018,1587.76484,113.6,13.976803
BG,C19,2019,1893.47665,190.0,9.965667
BG,C19,2021,1362.25743,291.6,4.671665
BG,C19,2022,1871.05385,591.7,3.162166
BG,C19,2023,1716.9554,801.7,2.141643
BG,C20,2012,1732.19252,256.2,6.761095
BG,C20,2013,1777.81541,227.3,7.821449
BG,C20,2014,1874.05707,330.9,5.663515
BG,C20,2015,2222.1516,403.3,5.509922
BG,C20,2016,2316.29907,399.3,5.800899
BG,C20,2017,2884.41576,435.1,6.629317
BG,C20,2018,3236.3072,362.8,8.920362
BG,C20,2019,2838.74153,442.2,6.419587
BG,C20,2020,2501.10545,482.4,5.184713
BG,C20,2021,2993.97463,215.4,13.899604
BG,C20,2022,2654.83731,711.8,3.729752
BG,C20,2023,2299.10382,608.3,3.779556
BG,C21,2012,25.85148,196.9,0.131292
BG,C21,2013,25.75313,198.2,0.129935
BG,C21,2014,22.61133,226.0,0.100050
BG,C21,2015,27.76629,218.5,0.127077
BG,C21,2016,32.09699,233.5,0.137460
BG,C21,2017,58.52858,240.8,0.243059
BG,C21,2018,70.8626,232.0,0.305442
BG,C21,2019,66.72651,192.7,0.346271
BG,C21,2020,100.21332,226.8,0.441858
BG,C21,2021,133.72686,113.5,1.178210
BG,C21,2022,66.01028,233.3,0.282942
BG,C21,2023,58.67917,290.7,0.201855
BG,C22,2012,103.17485,180.9,0.570342
BG,C22,2013,102.88942,178.5,0.576411
BG,C22,2014,118.66021,254.4,0.466432
BG,C22,2015,134.80094,313.0,0.430674
BG,C22,2016,143.32533,360.6,0.397463
BG,C22,2017,147.27162,349.1,0.421861
BG,C22,2018,146.08141,423.7,0.344776
BG,C22,2019,149.81535,456.6,0.328111
BG,C22,2020,158.06445,544.2,0.290453
BG,C22,2021,160.07783,493.6,0.324307
BG,C22,2022,153.39301,572.6,0.267889
BG,C22,2023,148.03531,754.5,0.196203
BG,C23,2012,2749.13914,314.9,8.730197
BG,C23,2013,2715.65468,267.0,10.170991
BG,C23,2014,2736.5371,310.7,8.807651
BG,C23,2015,2958.02459,358.5,8.251115
BG,C23,2016,3215.94464,376.6,8.539418
BG,C23,2017,3149.48355,378.9,8.312176
BG,C23,2018,3129.76646,435.4,7.188256
BG,C23,2019,2959.22376,496.5,5.960169
BG,C23,2020,3056.697,525.4,5.817847
BG,C23,2021,3068.33791,464.6,6.604257
BG,C23,2022,3137.96602,487.2,6.440817
BG,C23,2023,2792.10477,778.2,3.587901
BG,C24,2012,540.0259,458.4,1.178067
BG,C24,2013,473.92506,325.7,1.455097
BG,C24,2014,517.07991,275.3,1.878242
BG,C24,2015,501.37419,327.4,1.531381
BG,C24,2016,518.77456,434.8,1.193134
BG,C24,2017,495.89185,540.9,0.916790
BG,C24,2018,540.99993,503.5,1.074479
BG,C24,2019,584.37637,516.2,1.132074
BG,C24,2020,528.79127,454.0,1.164738
BG,C24,2021,518.6663,670.0,0.774129
BG,C24,2022,523.66524,1141.5,0.458752
BG,C24,2023,517.13913,540.9,0.956072
BG,C25,2012,116.6612,396.7,0.294079
BG,C25,2013,106.9811,394.6,0.271113
BG,C25,2014,112.80504,515.8,0.218699
BG,C25,2015,104.58939,571.3,0.183073
BG,C25,2016,110.85483,772.6,0.143483
BG,C25,2017,107.85489,914.5,0.117939
BG,C25,2018,108.47645,796.6,0.136174
BG,C25,2019,108.80071,821.5,0.132442
BG,C25,2020,100.4863,723.6,0.138870
BG,C25,2021,94.8959,567.8,0.167129
BG,C25,2022,83.4519,1038.7,0.080343
BG,C25,2023,87.11069,1609.1,0.054136
BG,C26,2012,2.10925,59.4,0.035509
BG,C26,2013,1.84516,48.6,0.037966
BG,C26,2014,2.02594,83.7,0.024205
BG,C26,2015,2.50948,116.3,0.021578
BG,C26,2016,4.39905,123.0,0.035765
BG,C26,2017,4.78799,146.4,0.032705
BG,C26,2018,5.0325,218.3,0.023053
BG,C26,2019,4.41592,246.1,0.017944
BG,C26,2020,3.85406,289.3,0.013322
BG,C26,2021,2.13957,393.2,0.005441
BG,C26,2022,2.3855,430.9,0.005536
BG,C26,2023,2.46037,473.6,0.005195
BG,C27,2012,55.40151,272.3,0.203458
BG,C27,2013,55.68373,271.8,0.204870
BG,C27,2014,60.18296,266.8,0.225573
BG,C27,2015,68.05303,313.9,0.216798
BG,C27,2016,69.89632,348.3,0.200678
BG,C27,2017,72.12499,416.1,0.173336
BG,C27,2018,73.03533,451.2,0.161869
BG,C27,2019,74.28786,488.4,0.152105
BG,C27,2020,69.63325,390.1,0.178501
BG,C27,2021,92.45896,548.2,0.168659
BG,C27,2022,82.43969,501.9,0.164255
BG,C27,2023,73.33545,670.4,0.109391
BG,C28,2012,50.80987,401.4,0.126582
BG,C28,2013,46.14861,396.1,0.116507
BG,C28,2014,47.95532,401.4,0.119470
BG,C28,2015,51.09345,425.1,0.120192
BG,C28,2016,51.57358,450.4,0.114506
BG,C28,2017,56.48913,514.1,0.109880
BG,C28,2018,57.36148,577.8,0.099276
BG,C28,2019,53.18532,637.0,0.083493
BG,C28,2020,47.6557,555.4,0.085804
BG,C28,2021,54.91836,595.9,0.092160
BG,C28,2022,52.40688,658.2,0.079622
BG,C28,2023,43.58077,850.6,0.051235
BG,C29,2012,18.20912,131.5,0.138472
BG,C29,2013,17.23651,137.6,0.125265
BG,C29,2014,17.66364,186.5,0.094711
BG,C29,2015,19.73796,215.9,0.091422
BG,C29,2016,17.69576,242.5,0.072972
BG,C29,2017,18.72462,277.5,0.067476
BG,C29,2018,17.45107,248.6,0.070197
BG,C29,2019,14.26565,270.3,0.052777
BG,C29,2020,13.18672,344.3,0.038300
BG,C29,2021,21.67755,434.2,0.049925
BG,C29,2022,21.08586,423.9,0.049743
BG,C29,2023,20.85351,589.5,0.035375
BG,C30,2012,9.99641,53.3,0.187550
BG,C30,2013,9.85272,53.1,0.185550
BG,C30,2014,9.92396,61.1,0.162422
BG,C30,2015,13.80179,71.8,0.192225
BG,C30,2016,12.10381,63.4,0.190912
BG,C30,2017,16.7176,69.9,0.239165
BG,C30,2018,19.00436,92.5,0.205453
BG,C30,2019,11.732,99.0,0.118505
BG,C30,2020,12.27261,111.4,0.110167
BG,C30,2021,6.72606,110.6,0.060814
BG,C30,2022,5.99028,101.6,0.058959
BG,C30,2023,6.14435,230.4,0.026668
BG,C31_C32,2012,33.05259,322.9,0.102362
BG,C31_C32,2013,30.23756,348.2,0.086840
BG,C31_C32,2014,33.77125,413.7,0.081632
BG,C31_C32,2015,36.96213,429.1,0.086139
BG,C31_C32,2016,35.69175,482.2,0.074019
BG,C31_C32,2017,38.54437,512.3,0.075238
BG,C31_C32,2018,34.49277,465.5,0.074098
BG,C31_C32,2019,30.52383,513.6,0.059431
BG,C31_C32,2020,25.84652,403.2,0.064103
BG,C31_C32,2021,32.55178,488.4,0.066650
BG,C31_C32,2022,34.02029,572.3,0.059445
BG,C31_C32,2023,31.39283,638.0,0.049205
BG,C33,2012,23.1769,168.1,0.137876
BG,C33,2013,22.33051,166.8,0.133876
BG,C33,2014,22.99866,198.7,0.115746
BG,C33,2015,27.46988,196.0,0.140152
BG,C33,2016,24.4259,220.2,0.110926
BG,C33,2017,19.82548,246.0,0.080591
BG,C33,2018,18.78692,292.1,0.064317
BG,C33,2019,26.71252,319.9,0.083503
BG,C33,2020,28.37208,321.4,0.088277
BG,C33,2021,17.00174,358.5,0.047425
BG,C33,2022,18.91617,448.0,0.042224
BG,C33,2023,17.93964,495.9,0.036176
BG,D,2012,31333.88606,1415.5,22.136267
BG,D,2013,26985.57825,1508.1,17.893759
BG,D,2014,28819.35204,1444.2,19.955236
BG,D,2015,29824.31107,1597.3,18.671703
BG,D,2016,26319.98134,1822.9,14.438522
BG,D,2017,27639.72045,1878.6,14.712935
BG,D,2018,23524.56357,1595.7,14.742473
BG,D,2019,22377.77477,1466.7,15.257227
BG,D,2020,17752.52637,1478.3,12.008744
BG,D,2021,22174.99863,3042.6,7.288174
BG,D,2022,26948.92213,6418.4,4.198698
BG,D,2023,15381.28718,3168.3,4.854745
BG,E,2012,3513.8679,344.0,10.214732
BG,E,2013,3435.15067,382.0,8.992541
BG,E,2014,3336.29549,412.8,8.082111
BG,E,2015,3335.09867,456.1,7.312209
BG,E,2016,3231.69401,482.3,6.700589
BG,E,2017,3096.53865,475.8,6.508068
BG,E,2018,2980.9706,458.0,6.508669
BG,E,2019,2893.59082,565.2,5.119587
BG,E,2020,2815.74069,570.4,4.936432
BG,E,2021,2789.12645,404.7,6.891837
BG,E,2022,2679.80084,415.6,6.448029
BG,E,2023,2607.78041,662.3,3.937461
BG,E36,2012,495.80403,173.3,2.860958
BG,E36,2013,485.24262,186.3,2.604630
BG,E36,2014,491.94878,194.4,2.530601
BG,E36,2015,480.62402,204.2,2.353693
BG,E36,2016,463.63297,214.6,2.160452
BG,E36,2017,433.71931,197.9,2.191608
BG,E36,2018,425.26818,204.8,2.076505
BG,E36,2019,419.07635,220.7,1.898851
BG,E36,2020,406.95042,233.5,1.742828
BG,E36,2021,434.2542,118.1,3.677004
BG,E36,2022,403.06466,111.0,3.631213
BG,E36,2023,393.90945,306.9,1.283511
BG,E37-E39,2012,3018.06386,170.7,17.680515
BG,E37-E39,2013,2949.90805,195.7,15.073623
BG,E37-E39,2014,2844.34671,218.3,13.029531
BG,E37-E39,2015,2854.47465,251.8,11.336277
BG,E37-E39,2016,2768.06104,267.7,10.340161
BG,E37-E39,2017,2662.81934,277.9,9.581934
BG,E37-E39,2018,2555.70242,253.2,10.093611
BG,E37-E39,2019,2474.51446,344.4,7.185001
BG,E37-E39,2020,2408.79028,336.9,7.149867
BG,E37-E39,2021,2354.87225,286.6,8.216581
BG,E37-E39,2022,2276.73618,304.6,7.474511
BG,E37-E39,2023,2213.87096,355.4,6.229237
BG,F,2012,501.11569,2142.4,0.233904
BG,F,2013,461.2764,1725.5,0.267329
BG,F,2014,539.22609,1651.3,0.326546
BG,F,2015,654.56408,1726.5,0.379128
BG,F,2016,471.37343,1646.6,0.286271
BG,F,2017,469.24845,1866.0,0.251473
BG,F,2018,562.00078,2030.2,0.276820
BG,F,2019,605.67266,2294.7,0.263944
BG,F,2020,606.06982,2571.0,0.235733
BG,F,2021,630.77747,2477.1,0.254644
BG,F,2022,441.15061,2903.6,0.151932
BG,F,2023,463.89214,3666.7,0.126515
BG,G,2012,576.90547,4441.5,0.129890
BG,G,2013,495.18871,4857.1,0.101952
BG,G,2014,559.22887,4885.8,0.114460
BG,G,2015,607.83738,5492.8,0.110661
BG,G,2016,625.74705,5760.1,0.108635
BG,G,2017,664.68731,6513.5,0.102048
BG,G,2018,719.59873,7398.5,0.097263
BG,G,2019,678.84754,8139.1,0.083406
BG,G,2020,640.33764,7851.0,0.081561
BG,G,2021,706.24913,9985.4,0.070728
BG,G,2022,869.74411,11155.5,0.077965
BG,G,2023,849.62915,12932.7,0.065696
BG,G45,2012,40.72397,340.9,0.119460
BG,G45,2013,35.21283,345.2,0.102007
BG,G45,2014,39.27136,394.3,0.099598
BG,G45,2015,51.68977,438.2,0.117959
BG,G45,2016,53.55216,470.6,0.113795
BG,G45,2017,61.44956,526.8,0.116647
BG,G45,2018,69.50416,691.5,0.100512
BG,G45,2019,59.61759,675.8,0.088218
BG,G45,2020,52.16661,478.6,0.108998
BG,G45,2021,55.93197,611.6,0.091452
BG,G45,2022,192.04026,901.1,0.213118
BG,G45,2023,188.16073,1389.4,0.135426
BG,G46,2012,429.68585,2193.9,0.195855
BG,G46,2013,368.60176,2706.7,0.136181
BG,G46,2014,417.29484,2625.3,0.158951
BG,G46,2015,436.6392,2922.6,0.149401
BG,G46,2016,451.75032,3065.2,0.147380
BG,G46,2017,477.58553,3383.3,0.141160
BG,G46,2018,517.27266,3880.7,0.133294
BG,G46,2019,497.71633,4368.2,0.113941
BG,G46,2020,468.77979,4400.4,0.106531
BG,G46,2021,515.45047,6029.5,0.085488
BG,G46,2022,498.54874,6428.6,0.077552
BG,G46,2023,492.84397,6620.3,0.074444
BG,G47,2012,106.49565,1906.7,0.055853
BG,G47,2013,91.37412,1805.2,0.050617
BG,G47,2014,102.66267,1866.2,0.055012
BG,G47,2015,119.50842,2132.1,0.056052
BG,G47,2016,120.44457,2224.3,0.054149
BG,G47,2017,125.65222,2603.4,0.048265
BG,G47,2018,132.82191,2826.3,0.046995
BG,G47,2019,121.51362,3095.1,0.039260
BG,G47,2020,119.39124,2972.1,0.040171
BG,G47,2021,134.8667,3344.3,0.040327
BG,G47,2022,179.15511,3825.8,0.046828
BG,G47,2023,168.62445,4923.0,0.034252
BG,H,2012,6145.73704,2132.2,2.882345
BG,H,2013,5459.0889,2153.6,2.534867
BG,H,2014,6222.73973,2328.3,2.672654
BG,H,2015,6845.10742,2389.6,2.864541
BG,H,2016,7383.74061,2554.8,2.890144
BG,H,2017,7508.77453,2495.0,3.009529
BG,H,2018,7135.09702,2671.1,2.671220
BG,H,2019,7251.8103,2957.8,2.451758
BG,H,2020,6627.9399,2724.8,2.432450
BG,H,2021,7450.81691,3035.4,2.454641
BG,H,2022,5231.98108,3595.0,1.455349
BG,H,2023,4887.61736,3910.2,1.249966
BG,H49,2012,5659.84935,1328.4,4.260651
BG,H49,2013,4970.65422,1316.5,3.775658
BG,H49,2014,5604.66494,1312.6,4.269896
BG,H49,2015,6203.69885,1348.7,4.599762
BG,H49,2016,6696.95388,1578.4,4.242875
BG,H49,2017,6814.00628,1489.8,4.573773
BG,H49,2018,6465.63246,1608.9,4.018666
BG,H49,2019,6610.61423,1779.0,3.715916
BG,H49,2020,6281.15199,1800.9,3.487785
BG,H49,2021,6982.80915,1925.0,3.627433
BG,H49,2022,4630.73836,2207.8,2.097445
BG,H49,2023,4405.59465,2271.7,1.939338
BG,H50,2012,111.79383,62.8,1.780157
BG,H50,2013,137.23891,39.2,3.500993
BG,H50,2014,107.37832,175.9,0.610451
BG,H50,2015,140.05572,154.1,0.908863
BG,H50,2016,132.25144,93.6,1.412943
BG,H50,2017,135.04519,60.0,2.250753
BG,H50,2018,123.32104,41.6,2.964448
BG,H50,2019,129.19628,30.7,4.208348
BG,H50,2020,119.29824,19.6,6.086645
BG,H50,2021,148.2205,32.5,4.560631
BG,H50,2022,81.21243,51.1,1.589284
BG,H50,2023,81.91243,58.5,1.400212
BG,H51,2012,272.57446,85.3,3.195480
BG,H51,2013,264.37309,74.3,3.558184
BG,H51,2014,412.72385,104.6,3.945735
BG,H51,2015,391.19415,126.2,3.099795
BG,H51,2016,452.14071,81.1,5.575101
BG,H51,2017,441.44835,94.8,4.656628
BG,H51,2018,413.79075,84.3,4.908550
BG,H51,2019,400.36736,98.3,4.072913
BG,H51,2020,111.63878,15.6,7.156332
BG,H51,2021,197.29642,57.9,3.407537
BG,H51,2022,424.93954,107.8,3.941925
BG,H51,2023,308.17631,159.3,1.934566
BG,H52,2012,60.17181,519.1,0.115916
BG,H52,2013,51.18599,586.5,0.087274
BG,H52,2014,57.74481,609.0,0.094819
BG,H52,2015,64.87918,621.7,0.104358
BG,H52,2016,65.42268,654.0,0.100035
BG,H52,2017,80.90905,686.8,0.117806
BG,H52,2018,93.46394,768.5,0.121619
BG,H52,2019,71.69639,867.9,0.082609
BG,H52,2020,69.70636,713.9,0.097642
BG,H52,2021,71.26029,803.9,0.088643
BG,H52,2022,61.46654,941.9,0.065258
BG,H52,2023,59.59553,1115.1,0.053444
BG,H53,2012,41.34758,136.6,0.302691
BG,H53,2013,35.63669,137.1,0.259932
BG,H53,2014,40.22781,126.2,0.318762
BG,H53,2015,45.27953,138.8,0.326221
BG,H53,2016,36.9719,147.7,0.250318
BG,H53,2017,37.36566,163.7,0.228257
BG,H53,2018,38.88882,167.9,0.231619
BG,H53,2019,39.93603,181.8,0.219670
BG,H53,2020,46.14454,174.8,0.263985
BG,H53,2021,51.23054,216.1,0.237069
BG,H53,2022,33.62422,286.4,0.117403
BG,H53,2023,32.33845,305.6,0.105820
BG,I,2012,75.07092,847.2,0.088611
BG,I,2013,66.44228,877.0,0.075761
BG,I,2014,67.25006,873.1,0.077024
BG,I,2015,62.74207,946.1,0.066317
BG,I,2016,64.58983,983.7,0.065660
BG,I,2017,65.63437,1116.4,0.058791
BG,I,2018,79.79087,1295.2,0.061605
BG,I,2019,87.22255,1382.0,0.063113
BG,I,2020,60.61924,903.6,0.067086
BG,I,2021,77.52218,1420.5,0.054574
BG,I,2022,96.36221,1954.4,0.049305
BG,I,2023,80.90473,2361.5,0.034260
BG,J,2012,33.68868,1857.3,0.018139
BG,J,2013,28.47208,2035.6,0.013987
BG,J,2014,32.30616,2064.8,0.015646
BG,J,2015,31.18447,2092.0,0.014907
BG,J,2016,31.83383,2597.0,0.012258
BG,J,2017,33.45881,2759.9,0.012123
BG,J,2018,30.70877,3296.9,0.009314
BG,J,2019,27.70732,4033.9,0.006869
BG,J,2020,22.80395,4508.6,0.005058
BG,J,2021,27.15493,4867.4,0.005579
BG,J,2022,27.03818,5733.8,0.004716
BG,J,2023,26.01476,6846.6,0.003800
BG,J58,2012,1.49004,91.7,0.016249
BG,J58,2013,1.26235,87.9,0.014361
BG,J58,2014,1.40583,84.8,0.016578
BG,J58,2015,1.27757,105.3,0.012133
BG,J58,2016,0.99383,95.4,0.010418
BG,J58,2017,0.92751,98.1,0.009455
BG,J58,2018,1.15622,90.4,0.012790
BG,J58,2019,1.17486,96.9,0.012124
BG,J58,2020,1.07547,106.0,0.010146
BG,J58,2021,1.21291,117.6,0.010314
BG,J58,2022,1.57969,120.5,0.013109
BG,J58,2023,1.66548,153.1,0.010878
BG,J59_J60,2012,3.18645,147.2,0.021647
BG,J59_J60,2013,2.69344,159.6,0.016876
BG,J59_J60,2014,3.01162,186.1,0.016183
BG,J59_J60,2015,3.0327,228.7,0.013261
BG,J59_J60,2016,3.83041,317.9,0.012049
BG,J59_J60,2017,3.2436,326.0,0.009950
BG,J59_J60,2018,3.32955,370.0,0.008999
BG,J59_J60,2019,2.73864,274.1,0.009991
BG,J59_J60,2020,2.35095,217.4,0.010814
BG,J59_J60,2021,3.58638,296.8,0.012083
BG,J59_J60,2022,4.07776,359.1,0.011355
BG,J59_J60,2023,3.74009,361.2,0.010355
BG,J61,2012,15.42655,862.3,0.017890
BG,J61,2013,13.10979,898.4,0.014592
BG,J61,2014,14.91701,892.3,0.016717
BG,J61,2015,18.41892,858.4,0.021457
BG,J61,2016,19.00475,836.0,0.022733
BG,J61,2017,20.03184,783.2,0.025577
BG,J61,2018,16.59746,917.8,0.018084
BG,J61,2019,14.64847,1072.9,0.013653
BG,J61,2020,12.3702,1106.7,0.011178
BG,J61,2021,14.84463,924.8,0.016052
BG,J61,2022,6.97333,1276.3,0.005464
BG,J61,2023,6.34323,1450.9,0.004372
BG,J62_J63,2012,13.58564,756.1,0.017968
BG,J62_J63,2013,11.40649,889.7,0.012821
BG,J62_J63,2014,12.97169,901.6,0.014387
BG,J62_J63,2015,8.45528,899.7,0.009398
BG,J62_J63,2016,8.00484,1347.7,0.005940
BG,J62_J63,2017,9.25586,1552.7,0.005961
BG,J62_J63,2018,9.62553,1918.7,0.005017
BG,J62_J63,2019,9.14535,2590.0,0.003531
BG,J62_J63,2020,7.00734,3078.5,0.002276
BG,J62_J63,2021,7.51102,3528.2,0.002129
BG,J62_J63,2022,14.4074,3977.9,0.003622
BG,J62_J63,2023,14.26596,4881.3,0.002923
BG,K,2012,26.55926,2735.7,0.009708
BG,K,2013,22.17606,2393.8,0.009264
BG,K,2014,24.95769,2508.5,0.009949
BG,K,2015,6.95745,2713.6,0.002564
BG,K,2016,7.586,2953.1,0.002569
BG,K,2017,7.17445,2944.0,0.002437
BG,K,2018,7.17985,3080.0,0.002331
BG,K,2019,7.75949,2934.8,0.002644
BG,K,2020,7.05074,3168.1,0.002226
BG,K,2021,8.62214,4201.6,0.002052
BG,K,2022,35.84439,5009.6,0.007155
BG,K,2023,32.21087,5142.4,0.006264
BG,K64,2012,21.63854,2103.0,0.010289
BG,K64,2013,18.05681,1799.8,0.010033
BG,K64,2014,20.30475,1980.8,0.010251
BG,K64,2015,4.43986,2230.5,0.001991
BG,K64,2016,4.39698,2303.2,0.001909
BG,K64,2017,4.77537,2282.6,0.002092
BG,K64,2018,4.61071,2460.6,0.001874
BG,K64,2019,5.42668,2053.5,0.002643
BG,K64,2020,4.99226,1965.7,0.002540
BG,K64,2021,5.75483,3231.4,0.001781
BG,K64,2022,28.17829,3506.1,0.008037
BG,K64,2023,24.58695,3432.8,0.007162
BG,K65,2012,1.05068,494.3,0.002126
BG,K65,2013,0.88086,460.6,0.001912
BG,K65,2014,0.97014,390.9,0.002482
BG,K65,2015,0.20798,328.5,0.000633
BG,K65,2016,0.21514,475.5,0.000452
BG,K65,2017,0.2409,485.8,0.000496
BG,K65,2018,0.23125,438.2,0.000528
BG,K65,2019,0.24765,681.7,0.000363
BG,K65,2020,0.2632,946.0,0.000278
BG,K65,2021,0.23587,665.4,0.000354
BG,K65,2022,2.52205,999.5,0.002523
BG,K65,2023,2.47963,1286.4,0.001928
BG,K66,2012,3.87004,138.3,0.027983
BG,K66,2013,3.23838,133.4,0.024276
BG,K66,2014,3.6828,136.7,0.026941
BG,K66,2015,2.30961,154.6,0.014939
BG,K66,2016,2.97388,174.3,0.017062
BG,K66,2017,2.15818,175.7,0.012283
BG,K66,2018,2.3379,181.2,0.012902
BG,K66,2019,2.08515,199.6,0.010447
BG,K66,2020,1.79529,256.4,0.007002
BG,K66,2021,2.63144,304.8,0.008633
BG,K66,2022,5.14405,503.9,0.010208
BG,K66,2023,5.14429,423.2,0.012156
BG,L,2012,40.56075,4190.6,0.009679
BG,L,2013,34.84311,4124.6,0.008448
BG,L,2014,35.14957,3894.6,0.009025
BG,L,2015,33.5185,3857.4,0.008689
BG,L,2016,34.48497,3986.8,0.008650
BG,L,2017,35.11924,4515.4,0.007778
BG,L,2018,35.8546,5116.5,0.007008
BG,L,2019,35.17588,5494.3,0.006402
BG,L,2020,29.77185,5217.1,0.005707
BG,L,2021,35.08715,5619.9,0.006243
BG,L,2022,72.28796,6231.3,0.011601
BG,L,2023,67.26342,7177.3,0.009372
BG,L68A,2012,39.53469,3238.3,0.012208
BG,L68A,2013,33.69739,3188.9,0.010567
BG,L68A,2014,33.85582,2999.0,0.011289
BG,L68A,2015,32.0701,3044.2,0.010535
BG,L68A,2016,32.96978,3278.4,0.010057
BG,L68A,2017,33.60299,3651.1,0.009204
BG,L68A,2018,34.32731,3985.9,0.008612
BG,L68A,2019,33.51661,4137.1,0.008101
BG,L68A,2020,28.14148,3964.1,0.007099
BG,L68A,2021,33.46532,4191.3,0.007984
BG,L68A,2022,70.85094,4731.8,0.014973
BG,L68A,2023,65.92213,5200.9,0.012675
BG,M,2012,56.36974,1419.6,0.039708
BG,M,2013,47.55201,1348.4,0.035266
BG,M,2014,53.33737,1294.1,0.041216
BG,M,2015,31.69684,1623.2,0.019527
BG,M,2016,41.62649,1645.7,0.025294
BG,M,2017,31.31317,1693.7,0.018488
BG,M,2018,34.53678,1882.8,0.018343
BG,M,2019,37.07828,2301.7,0.016109
BG,M,2020,32.28061,2356.8,0.013697
BG,M,2021,33.75567,2752.7,0.012263
BG,M,2022,73.2012,3225.0,0.022698
BG,M,2023,70.41213,3577.0,0.019685
BG,M69_M70,2012,15.36404,506.0,0.030364
BG,M69_M70,2013,12.99571,427.4,0.030406
BG,M69_M70,2014,14.55782,381.1,0.038199
BG,M69_M70,2015,10.37138,517.3,0.020049
BG,M69_M70,2016,9.31374,563.4,0.016531
BG,M69_M70,2017,9.86345,636.2,0.015504
BG,M69_M70,2018,10.55304,705.2,0.014965
BG,M69_M70,2019,11.83759,966.2,0.012252
BG,M69_M70,2020,9.24455,871.6,0.010606
BG,M69_M70,2021,10.3906,982.9,0.010571
BG,M69_M70,2022,24.08524,1141.0,0.021109
BG,M69_M70,2023,22.29801,1293.0,0.017245
BG,M71,2012,14.28534,298.2,0.047905
BG,M71,2013,12.07356,272.5,0.044307
BG,M71,2014,13.42766,266.6,0.050366
BG,M71,2015,10.06046,308.7,0.032590
BG,M71,2016,9.1178,300.5,0.030342
BG,M71,2017,10.09414,286.9,0.035183
BG,M71,2018,11.10463,326.2,0.034042
BG,M71,2019,10.67314,397.6,0.026844
BG,M71,2020,10.04031,455.3,0.022052
BG,M71,2021,11.20542,527.1,0.021259
BG,M71,2022,24.78805,634.1,0.039092
BG,M71,2023,23.1037,685.9,0.033684
BG,M72,2012,8.43973,287.4,0.029366
BG,M72,2013,6.97571,289.7,0.024079
BG,M72,2014,7.85392,291.4,0.026952
BG,M72,2015,1.94737,315.9,0.006165
BG,M72,2016,13.77351,253.5,0.054333
BG,M72,2017,1.35078,197.7,0.006832
BG,M72,2018,1.46841,223.8,0.006561
BG,M72,2019,1.55699,223.3,0.006973
BG,M72,2020,1.56963,254.5,0.006168
BG,M72,2021,1.38431,302.9,0.004570
BG,M72,2022,2.39498,447.7,0.005350
BG,M72,2023,2.10083,459.4,0.004573
BG,M73,2012,5.73622,134.4,0.042680
BG,M73,2013,4.85049,161.0,0.030127
BG,M73,2014,5.43958,164.7,0.033027
BG,M73,2015,3.38297,207.7,0.016288
BG,M73,2016,3.94416,202.7,0.019458
BG,M73,2017,3.48348,221.4,0.015734
BG,M73,2018,3.55581,227.9,0.015603
BG,M73,2019,3.17539,243.4,0.013046
BG,M73,2020,2.34492,246.9,0.009497
BG,M73,2021,2.652,315.2,0.008414
BG,M73,2022,4.8535,388.5,0.012493
BG,M73,2023,4.91033,402.2,0.012209
BG,M74_M75,2012,12.5444,193.6,0.064795
BG,M74_M75,2013,10.65655,197.8,0.053875
BG,M74_M75,2014,12.05838,190.3,0.063365
BG,M74_M75,2015,5.93466,273.8,0.021675
BG,M74_M75,2016,5.47728,325.5,0.016827
BG,M74_M75,2017,6.52132,351.5,0.018553
BG,M74_M75,2018,7.85489,399.6,0.019657
BG,M74_M75,2019,9.83517,471.2,0.020873
BG,M74_M75,2020,9.0812,528.5,0.017183
BG,M74_M75,2021,8.12335,624.6,0.013006
BG,M74_M75,2022,17.07943,613.7,0.027830
BG,M74_M75,2023,17.99927,736.4,0.024442
BG,N,2012,110.44375,736.2,0.150019
BG,N,2013,94.98543,678.0,0.140097
BG,N,2014,97.38228,800.3,0.121682
BG,N,2015,104.01602,861.7,0.120710
BG,N,2016,99.71615,980.4,0.101710
BG,N,2017,104.6631,1049.0,0.099774
BG,N,2018,119.32266,1267.0,0.094177
BG,N,2019,115.87043,1445.5,0.080159
BG,N,2020,104.22982,1384.4,0.075289
BG,N,2021,110.4906,1566.3,0.070542
BG,N,2022,95.09496,1830.7,0.051945
BG,N,2023,99.91715,2268.6,0.044044
BG,N77,2012,52.74176,119.0,0.443208
BG,N77,2013,45.43899,108.1,0.420342
BG,N77,2014,42.58776,116.3,0.366189
BG,N77,2015,47.01943,125.6,0.374359
BG,N77,2016,44.50725,145.9,0.305053
BG,N77,2017,47.2324,170.4,0.277185
BG,N77,2018,52.00089,213.6,0.243450
BG,N77,2019,55.20235,256.0,0.215634
BG,N77,2020,45.80015,256.2,0.178767
BG,N77,2021,47.60763,297.0,0.160295
BG,N77,2022,44.54932,324.1,0.137455
BG,N77,2023,45.7564,362.2,0.126329
BG,N78,2012,2.1947,62.2,0.035285
BG,N78,2013,1.86475,74.1,0.025165
BG,N78,2014,2.00332,80.5,0.024886
BG,N78,2015,1.28549,86.5,0.014861
BG,N78,2016,0.82097,98.0,0.008377
BG,N78,2017,1.10746,106.9,0.010360
BG,N78,2018,3.77622,122.4,0.030851
BG,N78,2019,1.01577,131.6,0.007719
BG,N78,2020,1.03006,129.6,0.007948
BG,N78,2021,1.68359,155.0,0.010862
BG,N78,2022,1.06378,185.1,0.005747
BG,N78,2023,2.71684,217.4,0.012497
BG,N79,2012,6.27332,125.5,0.049987
BG,N79,2013,5.29968,111.7,0.047446
BG,N79,2014,6.02775,89.8,0.067124
BG,N79,2015,4.93782,119.4,0.041355
BG,N79,2016,3.10046,105.1,0.029500
BG,N79,2017,2.89782,82.4,0.035168
BG,N79,2018,6.64395,89.5,0.074234
BG,N79,2019,4.77647,76.8,0.062194
BG,N79,2021,2.18292,32.6,0.066961
BG,N79,2022,5.31363,81.1,0.065519
BG,N79,2023,6.44041,154.6,0.041659
BG,N80-N82,2012,49.23396,429.5,0.114631
BG,N80-N82,2013,42.38201,384.2,0.110312
BG,N80-N82,2014,46.76345,513.6,0.091050
BG,N80-N82,2015,50.77328,530.2,0.095763
BG,N80-N82,2016,51.28747,631.4,0.081228
BG,N80-N82,2017,53.42542,689.4,0.077496
BG,N80-N82,2018,56.90159,841.4,0.067627
BG,N80-N82,2019,54.87584,981.1,0.055933
BG,N80-N82,2020,55.77844,1025.5,0.054391
BG,N80-N82,2021,59.01646,1081.7,0.054559
BG,N80-N82,2022,44.16822,1240.4,0.035608
BG,N80-N82,2023,45.0035,1534.5,0.029328
BG,O,2012,61.47032,2255.9,0.027249
BG,O,2013,61.60917,2452.9,0.025117
BG,O,2014,54.74093,2723.6,0.020099
BG,O,2015,74.03944,2655.2,0.027885
BG,O,2016,89.67487,2556.3,0.035080
BG,O,2017,81.82414,2932.7,0.027901
BG,O,2018,54.67427,3166.1,0.017269
BG,O,2019,52.0529,3474.3,0.014982
BG,O,2020,50.06655,3802.8,0.013166
BG,O,2021,65.29113,4294.3,0.015204
BG,O,2022,119.16613,4745.9,0.025109
BG,O,2023,134.50238,5424.4,0.024796
BG,P,2012,168.79144,1340.6,0.125907
BG,P,2013,141.09635,1206.4,0.116957
BG,P,2014,152.94476,1572.5,0.097262
BG,P,2015,48.64183,1606.5,0.030278
BG,P,2016,43.78091,1480.0,0.029582
BG,P,2017,43.69839,1733.6,0.025207
BG,P,2018,43.31243,1928.0,0.022465
BG,P,2019,42.69159,2190.6,0.019489
BG,P,2020,33.67209,2403.7,0.014008
BG,P,2021,42.00524,2698.0,0.015569
BG,P,2022,44.28899,3095.4,0.014308
BG,P,2023,45.34761,3652.9,0.012414
BG,Q,2012,69.38188,1337.2,0.051886
BG,Q,2013,51.03565,1418.6,0.035976
BG,Q,2014,50.01949,1376.7,0.036333
BG,Q,2015,47.89426,1458.3,0.032843
BG,Q,2016,47.83725,1582.2,0.030235
BG,Q,2017,46.22664,1618.4,0.028563
BG,Q,2018,46.04444,1929.5,0.023863
BG,Q,2019,43.8143,2003.3,0.021871
BG,Q,2020,42.3017,2665.8,0.015868
BG,Q,2021,46.01623,3028.3,0.015195
BG,Q,2022,49.39832,3767.0,0.013113
BG,Q,2023,49.09041,4309.8,0.011390
BG,Q86,2012,61.57774,1145.8,0.053742
BG,Q86,2013,44.32723,1016.6,0.043603
BG,Q86,2014,43.3162,1067.6,0.040573
BG,Q86,2015,42.52062,1141.6,0.037247
BG,Q86,2016,43.01264,1314.5,0.032722
BG,Q86,2017,41.19312,1355.3,0.030394
BG,Q86,2018,41.01176,1657.6,0.024742
BG,Q86,2019,39.94439,1697.4,0.023533
BG,Q86,2020,38.5969,2242.1,0.017215
BG,Q86,2021,41.72998,2494.8,0.016727
BG,Q86,2022,43.63764,3041.8,0.014346
BG,Q86,2023,43.6489,3390.4,0.012874
BG,Q87_Q88,2012,7.80414,191.4,0.040774
BG,Q87_Q88,2013,6.70842,402.0,0.016688
BG,Q87_Q88,2014,6.70329,309.1,0.021686
BG,Q87_Q88,2015,5.37364,316.7,0.016968
BG,Q87_Q88,2016,4.82461,267.7,0.018022
BG,Q87_Q88,2017,5.03352,263.1,0.019132
BG,Q87_Q88,2018,5.03267,272.0,0.018502
BG,Q87_Q88,2019,3.86991,305.8,0.012655
BG,Q87_Q88,2020,3.7048,423.7,0.008744
BG,Q87_Q88,2021,4.28624,533.6,0.008033
BG,Q87_Q88,2022,5.76068,725.2,0.007944
BG,Q87_Q88,2023,5.44151,919.4,0.005919
BG,R,2012,22.33702,492.8,0.045327
BG,R,2013,18.72326,519.4,0.036048
BG,R,2014,20.42226,499.6,0.040877
BG,R,2015,10.74014,550.8,0.019499
BG,R,2016,10.88893,579.3,0.018797
BG,R,2017,10.96666,605.4,0.018115
BG,R,2018,12.56097,593.2,0.021175
BG,R,2019,10.70202,753.8,0.014197
BG,R,2020,7.60578,536.5,0.014177
BG,R,2021,9.8947,479.3,0.020644
BG,R,2022,12.94083,621.6,0.020819
BG,R,2023,12.81091,801.8,0.015978
BG,R90-R92,2012,13.5888,389.4,0.034897
BG,R90-R92,2013,11.30212,431.0,0.026223
BG,R90-R92,2014,12.51543,394.1,0.031757
BG,R90-R92,2015,3.48926,441.0,0.007912
BG,R90-R92,2016,3.48968,436.5,0.007995
BG,R90-R92,2017,3.20933,456.5,0.007030
BG,R90-R92,2018,3.44272,416.9,0.008258
BG,R90-R92,2019,3.27266,586.0,0.005585
BG,R90-R92,2020,2.32204,427.5,0.005432
BG,R90-R92,2021,2.6372,338.9,0.007782
BG,R90-R92,2022,6.23142,435.9,0.014296
BG,R90-R92,2023,6.21946,608.7,0.010218
BG,R93,2012,8.74822,103.3,0.084688
BG,R93,2013,7.42114,88.4,0.083950
BG,R93,2014,7.90684,105.5,0.074946
BG,R93,2015,7.25088,109.8,0.066037
BG,R93,2016,7.39925,142.7,0.051852
BG,R93,2017,7.75733,148.9,0.052098
BG,R93,2018,9.11825,176.3,0.051720
BG,R93,2019,7.42936,167.9,0.044249
BG,R93,2020,5.28374,108.9,0.048519
BG,R93,2021,7.2575,140.4,0.051692
BG,R93,2022,6.70941,185.7,0.036130
BG,R93,2023,6.59146,193.2,0.034117
BG,S,2012,27.69853,375.3,0.073804
BG,S,2013,23.56012,406.7,0.057930
BG,S,2014,23.90557,445.3,0.053684
BG,S,2015,14.88287,441.1,0.033740
BG,S,2016,17.07821,418.2,0.040837
BG,S,2017,19.97842,451.9,0.044210
BG,S,2018,20.02967,505.8,0.039600
BG,S,2019,21.52298,521.5,0.041271
BG,S,2020,17.83463,528.1,0.033771
BG,S,2021,21.30229,589.8,0.036118
BG,S,2022,41.46979,590.2,0.070264
BG,S,2023,41.95169,608.8,0.068909
BG,S94,2012,14.0218,127.5,0.109975
BG,S94,2013,12.0263,165.3,0.072754
BG,S94,2014,11.32557,157.2,0.072046
BG,S94,2015,7.01755,147.6,0.047544
BG,S94,2016,7.97877,131.3,0.060767
BG,S94,2017,9.35843,147.4,0.063490
BG,S94,2018,8.97645,164.6,0.054535
BG,S94,2019,9.93592,169.3,0.058688
BG,S94,2020,8.61268,163.2,0.052774
BG,S94,2021,9.23708,173.5,0.053240
BG,S94,2022,21.60998,176.1,0.122714
BG,S94,2023,22.18798,350.6,0.063286
BG,S95,2012,2.53327,95.2,0.026610
BG,S95,2013,2.1316,64.3,0.033151
BG,S95,2014,2.42265,74.5,0.032519
BG,S95,2015,1.19567,64.5,0.018538
BG,S95,2016,1.33292,57.4,0.023222
BG,S95,2017,1.54158,62.8,0.024547
BG,S95,2018,1.65165,64.9,0.025449
BG,S95,2019,1.38285,42.7,0.032385
BG,S95,2020,6.70191,41.5,0.161492
BG,S95,2021,1.51145,48.0,0.031489
BG,S95,2022,3.05851,50.5,0.060565
BG,S95,2023,2.84698,68.2,0.041745
BG,S96,2012,11.14346,152.6,0.073024
BG,S96,2013,9.40221,177.2,0.053060
BG,S96,2014,10.15736,213.6,0.047553
BG,S96,2015,6.66966,229.1,0.029112
BG,S96,2016,7.76652,229.5,0.033841
BG,S96,2017,9.07841,241.6,0.037576
BG,S96,2018,9.40158,276.3,0.034027
BG,S96,2019,10.20422,309.5,0.032970
BG,S96,2020,2.52004,323.3,0.007795
BG,S96,2021,10.55377,368.2,0.028663
BG,S96,2022,16.8013,363.7,0.046195
BG,S96,2023,16.91674,190.1,0.088989
BG,TOTAL,2012,56907.02432,36759.7,1.548082
BG,TOTAL,2013,51666.9421,36257.4,1.425004
BG,TOTAL,2014,55204.12837,37315.2,1.479401
BG,TOTAL,2015,58260.6157,39553.7,1.472950
BG,TOTAL,2016,55845.22898,41978.7,1.330323
BG,TOTAL,2017,57779.57338,45146.2,1.279832
BG,TOTAL,2018,53318.9194,48490.8,1.099568
BG,TOTAL,2019,51995.71275,52787.0,0.985010
BG,TOTAL,2020,45673.75936,53688.0,0.850726
BG,TOTAL,2021,51853.62555,62431.3,0.830571
BG,TOTAL,2022,54320.04032,76531.2,0.709776
BG,TOTAL,2023,41026.46458,82858.4,0.495139
CY,A,2012,568.65122,390.2,1.457333
CY,A,2013,529.47833,367.4,1.441150
CY,A,2014,507.97056,322.5,1.575103
CY,A,2015,528.61554,335.2,1.577015
CY,A,2016,546.27596,407.6,1.340226
CY,A,2017,565.03584,376.3,1.501557
CY,A,2018,565.60857,374.7,1.509497
CY,A,2019,585.88531,409.1,1.432132
CY,A,2020,626.04529,408.4,1.532922
CY,A,2021,637.34366,385.8,1.652005
CY,A,2022,616.83761,351.6,1.754373
CY,A,2023,610.12126,374.7,1.628293
CY,A01,2012,557.04085,351.5,1.584753
CY,A01,2013,521.50424,325.1,1.604135
CY,A01,2014,500.0934,282.7,1.768990
CY,A01,2015,520.51659,293.1,1.775901
CY,A01,2016,538.06691,362.5,1.484323
CY,A01,2017,557.26318,326.1,1.708872
CY,A01,2018,557.88591,322.4,1.730415
CY,A01,2019,577.63821,346.9,1.665143
CY,A01,2020,618.94151,356.3,1.737136
CY,A01,2021,630.13095,329.3,1.913547
CY,A01,2022,609.41486,281.3,2.166423
CY,A01,2023,602.35726,313.5,1.921395
CY,A02,2012,1.57167,15.2,0.103399
CY,A02,2013,1.142,14.0,0.081571
CY,A02,2014,1.03189,12.5,0.082551
CY,A02,2015,1.22031,14.8,0.082453
CY,A02,2016,1.28567,17.0,0.075628
CY,A02,2017,1.2691,16.5,0.076915
CY,A02,2018,1.39085,19.5,0.071326
CY,A02,2019,1.45905,21.6,0.067549
CY,A02,2020,1.68604,23.1,0.072989
CY,A02,2021,1.25596,26.9,0.046690
CY,A02,2022,1.26176,30.5,0.041369
CY,A02,2023,1.88021,35.2,0.053415
CY,A03,2012,10.0387,23.4,0.429004
CY,A03,2013,6.83209,28.3,0.241417
CY,A03,2014,6.84527,27.3,0.250742
CY,A03,2015,6.87864,27.3,0.251965
CY,A03,2016,6.92339,28.2,0.245510
CY,A03,2017,6.50355,33.7,0.192984
CY,A03,2018,6.33181,32.7,0.193633
CY,A03,2019,6.78805,40.6,0.167193
CY,A03,2020,5.41774,29.0,0.186819
CY,A03,2021,5.95675,29.7,0.200564
CY,A03,2022,6.161,39.8,0.154799
CY,A03,2023,5.88379,26.0,0.226300
CY,B,2012,25.82775,18.3,1.411352
CY,B,2013,11.78102,19.2,0.613595
CY,B,2014,16.21578,20.8,0.779605
CY,B,2015,13.8317,25.7,0.538198
CY,B,2016,14.386,18.5,0.777622
CY,B,2017,20.97835,17.8,1.178559
CY,B,2018,29.87603,24.3,1.229466
CY,B,2019,38.16827,27.0,1.413640
CY,B,2020,42.10621,25.4,1.657725
CY,B,2021,35.78893,30.3,1.181153
CY,B,2022,58.16098,43.7,1.330915
CY,B,2023,55.1726,45.7,1.207278
CY,C,2012,1094.49218,816.9,1.339812
CY,C,2013,1399.7699,700.8,1.997389
CY,C,2014,1741.38213,712.9,2.442674
CY,C,2015,1567.09004,764.4,2.050092
CY,C,2016,1573.68261,869.0,1.810912
CY,C,2017,1638.57469,993.7,1.648963
CY,C,2018,1500.37783,1155.3,1.298691
CY,C,2019,1455.15007,1265.1,1.150225
CY,C,2020,1579.85351,1260.0,1.253852
CY,C,2021,1534.98252,1280.9,1.198362
CY,C,2022,1529.40782,1274.3,1.200194
CY,C,2023,1596.00956,1506.1,1.059697
CY,C10-C12,2012,130.61806,283.9,0.460085
CY,C10-C12,2013,108.18136,257.0,0.420939
CY,C10-C12,2014,112.51595,253.2,0.444376
CY,C10-C12,2015,123.25952,255.0,0.483371
CY,C10-C12,2016,131.53977,302.7,0.434555
CY,C10-C12,2017,139.06848,321.2,0.432965
CY,C10-C12,2018,137.87811,363.1,0.379725
CY,C10-C12,2019,146.19767,385.7,0.379045
CY,C10-C12,2020,149.68304,369.9,0.404658
CY,C10-C12,2021,140.2009,377.6,0.371295
CY,C10-C12,2022,134.41603,354.4,0.379278
CY,C10-C12,2023,126.99341,434.8,0.292073
CY,C13-C15,2012,1.65052,15.3,0.107877
CY,C13-C15,2013,1.43552,11.4,0.125923
CY,C13-C15,2014,1.32487,11.6,0.114213
CY,C13-C15,2015,1.41241,12.5,0.112993
CY,C13-C15,2016,1.44067,13.5,0.106716
CY,C13-C15,2017,1.59801,15.1,0.105828
CY,C13-C15,2018,1.61002,17.7,0.090962
CY,C13-C15,2019,1.66275,18.7,0.088917
CY,C13-C15,2020,1.78987,15.3,0.116985
CY,C13-C15,2021,1.44437,16.8,0.085974
CY,C13-C15,2022,1.36515,19.4,0.070369
CY,C13-C15,2023,1.49162,21.5,0.069378
CY,C16,2012,7.0128,51.3,0.136702
CY,C16,2013,4.96361,31.4,0.158077
CY,C16,2014,4.71006,28.0,0.168216
CY,C16,2015,4.61117,33.3,0.138474
CY,C16,2016,5.00194,36.9,0.135554
CY,C16,2017,5.49264,45.5,0.120717
CY,C16,2018,5.95102,54.9,0.108397
CY,C16,2019,6.47533,62.2,0.104105
CY,C16,2020,7.33975,56.1,0.130833
CY,C16,2021,6.61839,58.3,0.113523
CY,C16,2022,6.60635,62.7,0.105364
CY,C16,2023,7.79738,77.5,0.100611
CY,C17,2012,3.52334,16.6,0.212249
CY,C17,2013,3.04293,15.4,0.197593
CY,C17,2014,3.67762,15.2,0.241949
CY,C17,2015,3.15865,14.8,0.213422
CY,C17,2016,3.26187,17.3,0.188547
CY,C17,2017,3.02382,16.6,0.182158
CY,C17,2018,3.33253,16.1,0.206989
CY,C17,2019,3.30576,17.8,0.185717
CY,C17,2020,4.42123,18.3,0.241597
CY,C17,2021,2.19015,17.5,0.125151
CY,C17,2022,1.67246,15.7,0.106526
CY,C17,2023,1.63511,17.8,0.091860
CY,C18,2012,2.85254,31.2,0.091428
CY,C18,2013,2.27468,24.6,0.092467
CY,C18,2014,2.4666,23.8,0.103639
CY,C18,2015,2.42287,22.0,0.110130
CY,C18,2016,2.81974,24.4,0.115563
CY,C18,2017,2.95949,26.6,0.111259
CY,C18,2018,3.13546,27.1,0.115700
CY,C18,2019,2.5369,27.9,0.090928
CY,C18,2020,2.49863,19.5,0.128135
CY,C18,2021,1.83441,20.3,0.090365
CY,C18,2022,1.67382,24.5,0.068319
CY,C18,2023,1.81985,25.9,0.070264
CY,C19,2012,0.03987,0.4,0.099675
CY,C19,2013,0.01253,0.4,0.031325
CY,C19,2014,0.01472,0.6,0.024533
CY,C19,2015,0.07056,1.2,0.058800
CY,C19,2016,0.07353,1.3,0.056562
CY,C19,2017,0.07789,1.2,0.064908
CY,C19,2018,0.16929,2.4,0.070538
CY,C19,2019,0.17695,2.3,0.076935
CY,C19,2020,0.22035,1.8,0.122417
CY,C19,2021,0.12978,2.1,0.061800
CY,C19,2022,0.16246,4.9,0.033155
CY,C19,2023,0.19054,4.8,0.039696
CY,C20,2012,10.01149,20.9,0.479019
CY,C20,2013,8.43364,18.6,0.453422
CY,C20,2014,8.6293,17.3,0.498803
CY,C20,2015,8.82931,19.3,0.457477
CY,C20,2016,4.4105,21.6,0.204190
CY,C20,2017,6.24923,23.3,0.268207
CY,C20,2018,4.74021,27.2,0.174272
CY,C20,2019,4.83486,27.8,0.173916
CY,C20,2020,5.72592,29.4,0.194759
CY,C20,2021,7.34486,28.7,0.255918
CY,C20,2022,12.02783,30.1,0.399596
CY,C20,2023,9.62668,34.5,0.279034
CY,C21,2012,3.07462,61.2,0.050239
CY,C21,2013,2.41622,68.0,0.035533
CY,C21,2014,4.0463,74.0,0.054680
CY,C21,2015,4.49206,88.5,0.050758
CY,C21,2016,6.09761,99.5,0.061283
CY,C21,2017,6.86815,125.3,0.054814
CY,C21,2018,6.03172,138.3,0.043613
CY,C21,2019,6.61192,155.6,0.042493
CY,C21,2020,7.79455,200.3,0.038914
CY,C21,2021,7.22491,160.0,0.045156
CY,C21,2022,10.25935,171.3,0.059891
CY,C21,2023,8.84935,165.2,0.053567
CY,C22,2012,5.8682,22.8,0.257377
CY,C22,2013,4.23652,21.7,0.195231
CY,C22,2014,3.85768,21.8,0.176958
CY,C22,2015,3.63181,21.7,0.167365
CY,C22,2016,4.37236,26.4,0.165620
CY,C22,2017,5.25526,26.9,0.195363
CY,C22,2018,4.6291,29.6,0.156389
CY,C22,2019,5.60196,32.1,0.174516
CY,C22,2020,4.36559,36.6,0.119278
CY,C22,2021,4.36304,37.3,0.116972
CY,C22,2022,4.65313,34.8,0.133711
CY,C22,2023,4.30669,48.8,0.088252
CY,C23,2012,900.60811,92.7,9.715298
CY,C23,2013,1238.99526,62.4,19.855693
CY,C23,2014,1568.34747,72.0,21.782604
CY,C23,2015,1391.66302,85.7,16.238775
CY,C23,2016,1392.55387,103.3,13.480676
CY,C23,2017,1439.9059,109.1,13.198038
CY,C23,2018,1304.53948,123.2,10.588794
CY,C23,2019,1246.70071,140.6,8.867004
CY,C23,2020,1362.64677,151.3,9.006258
CY,C23,2021,1334.59213,143.5,9.300294
CY,C23,2022,1328.71077,137.3,9.677427
CY,C23,2023,1403.2339,189.7,7.397121
CY,C24,2012,7.1312,28.4,0.251099
CY,C24,2013,8.7465,22.0,0.397568
CY,C24,2014,14.99609,16.0,0.937256
CY,C24,2015,5.64212,12.5,0.451370
CY,C24,2016,2.73129,15.9,0.171779
CY,C24,2017,6.66937,17.3,0.385513
CY,C24,2018,4.16569,22.8,0.182706
CY,C24,2019,3.95637,23.7,0.166935
CY,C24,2020,3.7858,26.5,0.142860
CY,C24,2021,2.87456,36.3,0.079189
CY,C24,2022,2.68286,28.3,0.094801
CY,C24,2023,2.40679,44.0,0.054700
CY,C25,2012,12.6278,89.5,0.141093
CY,C25,2013,9.13239,64.6,0.141368
CY,C25,2014,8.95981,64.1,0.139779
CY,C25,2015,9.14702,60.8,0.150444
CY,C25,2016,10.67979,68.3,0.156366
CY,C25,2017,11.97239,84.4,0.141853
CY,C25,2018,13.22163,108.2,0.122196
CY,C25,2019,15.17136,122.2,0.124152
CY,C25,2020,16.84274,121.5,0.138623
CY,C25,2021,14.47518,128.8,0.112385
CY,C25,2022,13.6272,136.4,0.099906
CY,C25,2023,15.76048,167.2,0.094261
CY,C26,2012,0.04428,2.2,0.020127
CY,C26,2013,0.00678,12.7,0.000534
CY,C26,2014,0.00193,19.9,0.000097
CY,C26,2015,0.0199,26.9,0.000740
CY,C26,2016,0.01668,8.9,0.001874
CY,C26,2017,0.01681,15.3,0.001099
CY,C26,2018,0.03294,35.0,0.000941
CY,C26,2019,0.03784,37.8,0.001001
CY,C26,2020,0.06055,33.9,0.001786
CY,C26,2021,0.04622,50.3,0.000919
CY,C26,2022,0.05355,21.3,0.002514
CY,C26,2023,0.05656,27.4,0.002064
CY,C27,2012,1.27155,12.2,0.104225
CY,C27,2013,0.93892,9.6,0.097804
CY,C27,2014,0.96668,9.1,0.106229
CY,C27,2015,1.1325,8.8,0.128693
CY,C27,2016,0.97025,9.3,0.104328
CY,C27,2017,0.94103,10.3,0.091362
CY,C27,2018,1.03007,12.5,0.082406
CY,C27,2019,1.04195,13.5,0.077181
CY,C27,2020,1.12408,16.4,0.068541
CY,C27,2021,0.92913,16.3,0.057002
CY,C27,2022,0.95144,16.2,0.058731
CY,C27,2023,1.15109,19.2,0.059953
CY,C28,2012,1.97224,24.3,0.081162
CY,C28,2013,1.38664,18.1,0.076610
CY,C28,2014,1.37378,16.8,0.081773
CY,C28,2015,1.37189,18.7,0.073363
CY,C28,2016,1.05794,19.7,0.053703
CY,C28,2017,1.05091,23.8,0.044156
CY,C28,2018,1.12689,24.6,0.045809
CY,C28,2019,1.27759,27.4,0.046627
CY,C28,2020,1.33344,25.3,0.052705
CY,C28,2021,1.11553,27.6,0.040418
CY,C28,2022,0.9455,26.7,0.035412
CY,C28,2023,1.01007,33.1,0.030516
CY,C29,2012,0.29737,2.3,0.129291
CY,C29,2013,0.20396,2.3,0.088678
CY,C29,2014,0.22378,2.3,0.097296
CY,C29,2015,0.23855,3.6,0.066264
CY,C29,2016,0.23689,4.4,0.053839
CY,C29,2017,0.27723,4.1,0.067617
CY,C29,2018,0.28511,4.8,0.059398
CY,C29,2019,0.29235,4.8,0.060906
CY,C29,2020,0.33803,4.7,0.071921
CY,C29,2021,0.50704,5.1,0.099420
CY,C29,2022,0.36899,5.4,0.068331
CY,C29,2023,0.38372,7.8,0.049195
CY,C30,2012,0.05646,0.8,0.070575
CY,C30,2013,0.04104,0.6,0.068400
CY,C30,2014,0.02741,0.8,0.034263
CY,C30,2015,0.04982,0.8,0.062275
CY,C30,2016,0.09801,1.0,0.098010
CY,C30,2017,0.11111,1.5,0.074073
CY,C30,2018,0.13411,1.6,0.083819
CY,C30,2019,0.07117,1.8,0.039539
CY,C30,2020,0.11964,2.0,0.059820
CY,C30,2021,0.10492,2.8,0.037471
CY,C30,2022,0.10899,5.0,0.021798
CY,C30,2023,0.15354,6.3,0.024371
CY,C31_C32,2012,3.96649,33.9,0.117006
CY,C31_C32,2013,3.21235,31.7,0.101336
CY,C31_C32,2014,2.92885,30.4,0.096344
CY,C31_C32,2015,3.6276,29.1,0.124660
CY,C31_C32,2016,3.63047,33.2,0.109352
CY,C31_C32,2017,3.95248,36.5,0.108287
CY,C31_C32,2018,4.37488,39.7,0.110198
CY,C31_C32,2019,4.46051,40.5,0.110136
CY,C31_C32,2020,4.56549,33.9,0.134675
CY,C31_C32,2021,4.3411,42.4,0.102384
CY,C31_C32,2022,4.06412,43.5,0.093428
CY,C31_C32,2023,4.18749,48.6,0.086162
CY,C33,2012,1.86525,26.9,0.069340
CY,C33,2013,2.10905,28.4,0.074262
CY,C33,2014,2.31321,36.1,0.064078
CY,C33,2015,2.30928,49.1,0.047032
CY,C33,2016,2.68943,61.5,0.043731
CY,C33,2017,3.0845,89.6,0.034425
CY,C33,2018,3.98956,106.5,0.037461
CY,C33,2019,4.73612,122.9,0.038536
CY,C33,2020,5.19803,97.4,0.053368
CY,C33,2021,4.6459,109.2,0.042545
CY,C33,2022,5.0578,136.5,0.037053
CY,C33,2023,4.9553,132.0,0.037540
CY,D,2012,3573.38235,295.1,12.109056
CY,D,2013,2854.70989,300.9,9.487238
CY,D,2014,2965.95731,224.0,13.240881
CY,D,2015,3049.29472,270.9,11.256164
CY,D,2016,3326.20632,275.4,12.077728
CY,D,2017,3314.29889,223.0,14.862327
CY,D,2018,3369.10211,218.8,15.398090
CY,D,2019,3308.17856,256.3,12.907447
CY,D,2020,3032.37695,218.0,13.909986
CY,D,2021,3104.98458,222.8,13.936196
CY,D,2022,3126.72305,265.7,11.767870
CY,D,2023,3077.76469,348.8,8.823867
CY,E,2012,604.86675,132.0,4.582324
CY,E,2013,616.00055,136.4,4.516133
CY,E,2014,628.81199,132.4,4.749335
CY,E,2015,630.0196,132.8,4.744123
CY,E,2016,633.02073,138.3,4.577156
CY,E,2017,644.48653,148.0,4.354639
CY,E,2018,653.83551,129.2,5.060646
CY,E,2019,674.7414,139.6,4.833391
CY,E,2020,686.31276,136.7,5.020576
CY,E,2021,682.49752,153.3,4.452039
CY,E,2022,693.92115,183.8,3.775414
CY,E,2023,701.85405,181.1,3.875506
CY,E36,2012,2.36678,34.2,0.069204
CY,E36,2013,1.25277,35.8,0.034994
CY,E36,2014,1.30269,30.9,0.042158
CY,E36,2015,1.35275,31.0,0.043637
CY,E36,2016,1.31634,29.8,0.044172
CY,E36,2017,1.48659,29.8,0.049886
CY,E36,2018,1.35024,31.0,0.043556
CY,E36,2019,1.31554,33.7,0.039037
CY,E36,2020,1.57975,32.4,0.048758
CY,E36,2021,1.46838,36.8,0.039902
CY,E36,2022,1.49747,37.6,0.039826
CY,E36,2023,1.55513,42.3,0.036764
CY,E37-E39,2012,602.49997,97.8,6.160531
CY,E37-E39,2013,614.74778,100.6,6.110813
CY,E37-E39,2014,627.5093,101.5,6.182358
CY,E37-E39,2015,628.66685,101.9,6.169449
CY,E37-E39,2016,631.7044,108.5,5.822160
CY,E37-E39,2017,642.99994,118.2,5.439932
CY,E37-E39,2018,652.48527,98.2,6.644453
CY,E37-E39,2019,673.42586,105.9,6.359073
CY,E37-E39,2020,684.73301,104.3,6.565034
CY,E37-E39,2021,681.02914,116.5,5.845744
CY,E37-E39,2022,692.42368,146.2,4.736140
CY,E37-E39,2023,700.29892,138.9,5.041749
CY,F,2012,105.81312,1030.1,0.102721
CY,F,2013,85.42264,781.9,0.109250
CY,F,2014,85.72886,653.4,0.131204
CY,F,2015,88.66236,634.8,0.139670
CY,F,2016,102.84265,759.2,0.135462
CY,F,2017,117.9629,922.5,0.127873
CY,F,2018,120.55513,1094.3,0.110166
CY,F,2019,138.23324,1304.7,0.105950
CY,F,2020,160.12171,1229.1,0.130276
CY,F,2021,137.39319,1261.0,0.108956
CY,F,2022,142.24905,1308.2,0.108736
CY,F,2023,164.23614,1594.9,0.102976
CY,G,2012,165.67888,1858.5,0.089147
CY,G,2013,139.58919,1615.8,0.086390
CY,G,2014,128.61429,1616.3,0.079573
CY,G,2015,139.75342,1640.9,0.085169
CY,G,2016,149.01238,1770.2,0.084178
CY,G,2017,162.42408,1997.0,0.081334
CY,G,2018,167.79135,2146.4,0.078173
CY,G,2019,176.78551,2235.8,0.079070
CY,G,2020,195.69789,2160.5,0.090580
CY,G,2021,172.31808,2949.3,0.058427
CY,G,2022,178.35793,3567.7,0.049992
CY,G,2023,199.4563,3362.1,0.059325
CY,G45,2012,17.08314,171.2,0.099785
CY,G45,2013,14.40517,131.8,0.109296
CY,G45,2014,12.26932,138.6,0.088523
CY,G45,2015,13.5711,146.2,0.092826
CY,G45,2016,14.78021,154.3,0.095789
CY,G45,2017,16.13167,176.1,0.091605
CY,G45,2018,16.63963,186.6,0.089173
CY,G45,2019,16.95745,195.1,0.086917
CY,G45,2020,18.65747,180.4,0.103423
CY,G45,2021,14.78477,214.0,0.069088
CY,G45,2022,16.45075,251.8,0.065333
CY,G45,2023,18.3621,293.4,0.062584
CY,G46,2012,84.70684,820.8,0.103200
CY,G46,2013,72.06656,681.8,0.105700
CY,G46,2014,65.86398,676.4,0.097374
CY,G46,2015,71.23567,683.9,0.104161
CY,G46,2016,74.74183,749.6,0.099709
CY,G46,2017,81.21856,829.2,0.097948
CY,G46,2018,84.12387,902.4,0.093222
CY,G46,2019,88.89874,944.6,0.094113
CY,G46,2020,99.90845,943.6,0.105880
CY,G46,2021,83.68065,1515.8,0.055206
CY,G46,2022,87.44129,1972.5,0.044330
CY,G46,2023,99.90125,1685.8,0.059260
CY,G47,2012,63.8889,866.5,0.073732
CY,G47,2013,53.11746,802.1,0.066223
CY,G47,2014,50.48099,801.3,0.062999
CY,G47,2015,54.94665,810.9,0.067760
CY,G47,2016,59.49034,866.4,0.068664
CY,G47,2017,65.07386,991.6,0.065625
CY,G47,2018,67.02786,1057.4,0.063389
CY,G47,2019,70.92932,1096.0,0.064717
CY,G47,2020,77.13197,1036.6,0.074409
CY,G47,2021,73.85266,1219.5,0.060560
CY,G47,2022,74.46589,1343.4,0.055431
CY,G47,2023,81.19295,1382.9,0.058712
CY,H,2012,547.96858,1253.6,0.437116
CY,H,2013,426.37733,1219.0,0.349776
CY,H,2014,329.7101,1163.6,0.283353
CY,H,2015,209.54546,1239.8,0.169016
CY,H,2016,261.09347,1211.2,0.215566
CY,H,2017,389.94647,1243.4,0.313613
CY,H,2018,510.6126,1386.5,0.368275
CY,H,2019,331.35596,1427.0,0.232205
CY,H,2020,300.45248,1112.1,0.270167
CY,H,2021,273.18086,1196.1,0.228393
CY,H,2022,346.35454,1461.7,0.236953
CY,H,2023,429.58243,1523.9,0.281897
CY,H49,2012,158.60726,196.2,0.808396
CY,H49,2013,127.32111,192.8,0.660379
CY,H49,2014,124.86127,178.5,0.699503
CY,H49,2015,136.96575,177.7,0.770770
CY,H49,2016,146.26513,180.6,0.809884
CY,H49,2017,159.50811,181.2,0.880288
CY,H49,2018,164.21241,190.9,0.860201
CY,H49,2019,175.83716,193.6,0.908250
CY,H49,2020,178.68546,162.3,1.100958
CY,H49,2021,150.07402,138.3,1.085134
CY,H49,2022,173.61046,174.2,0.996616
CY,H49,2023,195.03861,199.5,0.977637
CY,H50,2012,120.55567,609.6,0.197762
CY,H50,2013,93.19408,622.0,0.149830
CY,H50,2014,65.47857,528.3,0.123942
CY,H50,2015,48.10442,590.7,0.081436
CY,H50,2016,54.65245,515.4,0.106039
CY,H50,2017,60.5311,489.7,0.123609
CY,H50,2018,57.41539,561.9,0.102181
CY,H50,2019,73.43439,515.7,0.142397
CY,H50,2020,68.08229,445.4,0.152857
CY,H50,2021,67.04852,444.7,0.150772
CY,H50,2022,72.11562,520.2,0.138631
CY,H50,2023,80.94439,480.4,0.168494
CY,H51,2012,241.33998,4.6,52.465213
CY,H51,2013,182.45304,3.1,58.855819
CY,H51,2014,118.71651,6.0,19.786085
CY,H51,2015,1.3773,2.6,0.529731
CY,H52,2012,23.65506,412.0,0.057415
CY,H52,2013,20.03443,370.7,0.054045
CY,H52,2014,17.15135,418.4,0.040993
CY,H52,2015,19.30351,436.9,0.044183
CY,H52,2016,17.92008,499.8,0.035855
CY,H52,2017,21.91548,562.3,0.038975
CY,H52,2018,23.403,617.5,0.037900
CY,H52,2019,27.31522,684.3,0.039917
CY,H52,2020,28.4345,462.8,0.061440
CY,H52,2021,25.12898,564.1,0.044547
CY,H52,2022,26.61433,719.4,0.036995
CY,H52,2023,29.09621,789.7,0.036845
CY,H53,2012,3.8106,31.1,0.122527
CY,H53,2013,3.37466,30.4,0.111009
CY,H53,2014,3.50241,32.4,0.108099
CY,H53,2015,3.79447,31.9,0.118949
CY,H53,2016,4.58073,35.0,0.130878
CY,H53,2017,5.38418,37.8,0.142439
CY,H53,2018,5.43118,44.9,0.120962
CY,H53,2019,6.23545,43.7,0.142688
CY,H53,2020,8.80392,48.3,0.182276
CY,H53,2021,7.20903,58.4,0.123442
CY,H53,2022,7.60752,60.2,0.126371
CY,H53,2023,10.99342,65.4,0.168095
CY,I,2012,62.36606,1042.1,0.059847
CY,I,2013,65.08445,986.9,0.065948
CY,I,2014,59.45967,1011.5,0.058784
CY,I,2015,64.92367,1020.2,0.063638
CY,I,2016,66.03101,1174.5,0.056221
CY,I,2017,72.88864,1271.0,0.057347
CY,I,2018,73.64536,1393.0,0.052868
CY,I,2019,89.26137,1438.8,0.062039
CY,I,2020,68.21613,444.2,0.153571
CY,I,2021,70.00903,979.5,0.071474
CY,I,2022,83.11581,1494.4,0.055618
CY,I,2023,88.35011,1829.0,0.048305
CY,J,2012,11.60179,619.4,0.018731
CY,J,2013,10.35219,688.9,0.015027
CY,J,2014,9.85088,737.6,0.013355
CY,J,2015,10.34582,756.3,0.013680
CY,J,2016,10.26699,969.2,0.010593
CY,J,2017,11.35183,1154.6,0.009832
CY,J,2018,11.00796,1237.9,0.008892
CY,J,2019,11.21883,1436.1,0.007812
CY,J,2020,11.8252,1730.9,0.006832
CY,J,2021,11.74998,2026.9,0.005797
CY,J,2022,13.38502,2843.4,0.004707
CY,J,2023,18.0339,3053.3,0.005906
CY,J58,2012,1.35795,70.1,0.019372
CY,J58,2013,1.1059,112.9,0.009795
CY,J58,2014,1.18914,176.6,0.006734
CY,J58,2015,1.24097,145.0,0.008558
CY,J58,2016,1.55644,220.6,0.007055
CY,J58,2017,1.47105,274.0,0.005369
CY,J58,2018,1.36725,290.7,0.004703
CY,J58,2019,1.2498,405.5,0.003082
CY,J58,2020,0.97448,631.3,0.001544
CY,J58,2021,1.24557,722.7,0.001723
CY,J58,2022,1.76483,993.4,0.001777
CY,J58,2023,1.91473,1123.7,0.001704
CY,J59_J60,2012,1.32052,49.2,0.026840
CY,J59_J60,2013,1.04146,53.6,0.019430
CY,J59_J60,2014,1.13104,52.5,0.021544
CY,J59_J60,2015,1.37348,55.9,0.024570
CY,J59_J60,2016,1.16543,63.2,0.018440
CY,J59_J60,2017,1.35351,69.8,0.019391
CY,J59_J60,2018,1.45522,72.9,0.019962
CY,J59_J60,2019,1.71234,64.4,0.026589
CY,J59_J60,2020,1.52248,60.3,0.025248
CY,J59_J60,2021,1.57386,92.5,0.017015
CY,J59_J60,2022,1.48063,108.5,0.013646
CY,J59_J60,2023,1.75664,112.0,0.015684
CY,J61,2012,6.38102,323.1,0.019749
CY,J61,2013,5.94483,330.3,0.017998
CY,J61,2014,5.12377,321.7,0.015927
CY,J61,2015,5.51609,329.0,0.016766
CY,J61,2016,4.50034,342.6,0.013136
CY,J61,2017,4.92096,347.3,0.014169
CY,J61,2018,3.69086,350.2,0.010539
CY,J61,2019,3.84952,337.0,0.011423
CY,J61,2020,3.99588,347.3,0.011506
CY,J61,2021,3.1037,394.0,0.007877
CY,J61,2022,3.67573,445.0,0.008260
CY,J61,2023,4.22511,428.3,0.009865
CY,J62_J63,2012,2.54229,176.9,0.014371
CY,J62_J63,2013,2.26,192.1,0.011765
CY,J62_J63,2014,2.40693,186.9,0.012878
CY,J62_J63,2015,2.21529,226.4,0.009785
CY,J62_J63,2016,3.04478,342.9,0.008879
CY,J62_J63,2017,3.60631,463.6,0.007779
CY,J62_J63,2018,4.49463,524.1,0.008576
CY,J62_J63,2019,4.40717,629.3,0.007003
CY,J62_J63,2020,5.33236,692.0,0.007706
CY,J62_J63,2021,5.82684,817.7,0.007126
CY,J62_J63,2022,6.46384,1296.6,0.004985
CY,J62_J63,2023,10.13742,1389.4,0.007296
CY,K,2012,11.35408,1857.0,0.006114
CY,K,2013,12.67986,1922.4,0.006596
CY,K,2014,9.69788,1898.5,0.005108
CY,K,2015,12.1395,2025.6,0.005993
CY,K,2016,12.13125,1925.0,0.006302
CY,K,2017,12.77203,1817.4,0.007028
CY,K,2018,12.47141,1597.2,0.007808
CY,K,2019,16.19951,1553.9,0.010425
CY,K,2020,18.22566,2047.7,0.008901
CY,K,2021,17.11268,2361.3,0.007247
CY,K,2022,16.89924,2393.0,0.007062
CY,K,2023,16.71249,2936.4,0.005691
CY,K64,2012,8.44128,1585.4,0.005324
CY,K64,2013,8.62011,1582.6,0.005447
CY,K64,2014,6.10045,1539.5,0.003963
CY,K64,2015,8.27956,1627.9,0.005086
CY,K64,2016,8.01058,1434.3,0.005585
CY,K64,2017,8.0793,1324.4,0.006100
CY,K64,2018,7.67237,1092.3,0.007024
CY,K64,2019,10.58061,1118.4,0.009460
CY,K64,2020,10.99036,1302.5,0.008438
CY,K64,2021,10.45832,1340.3,0.007803
CY,K64,2022,10.17393,1456.4,0.006986
CY,K64,2023,9.98521,2071.3,0.004821
CY,K65,2012,1.86992,132.4,0.014123
CY,K65,2013,2.86205,155.8,0.018370
CY,K65,2014,2.36994,103.0,0.023009
CY,K65,2015,2.38737,109.0,0.021902
CY,K65,2016,2.36386,94.3,0.025067
CY,K65,2017,2.57817,119.8,0.021521
CY,K65,2018,2.59973,145.8,0.017831
CY,K65,2019,2.95713,110.0,0.026883
CY,K65,2020,3.89115,173.3,0.022453
CY,K65,2021,3.21391,178.9,0.017965
CY,K65,2022,3.32903,165.7,0.020091
CY,K65,2023,3.40436,162.3,0.020976
CY,K66,2012,1.04288,139.2,0.007492
CY,K66,2013,1.19771,184.0,0.006509
CY,K66,2014,1.22749,256.1,0.004793
CY,K66,2015,1.47256,288.8,0.005099
CY,K66,2016,1.75681,396.4,0.004432
CY,K66,2017,2.11457,373.2,0.005666
CY,K66,2018,2.19931,359.0,0.006126
CY,K66,2019,2.66177,325.6,0.008175
CY,K66,2020,3.34416,571.9,0.005847
CY,K66,2021,3.44045,842.0,0.004086
CY,K66,2022,3.39629,771.0,0.004405
CY,K66,2023,3.32292,702.8,0.004728
CY,L,2012,2.17923,1815.3,0.001200
CY,L,2013,1.88848,1663.9,0.001135
CY,L,2014,1.92657,1463.9,0.001316
CY,L,2015,2.69957,1483.9,0.001819
CY,L,2016,3.05955,1573.1,0.001945
CY,L,2017,3.53805,1599.5,0.002212
CY,L,2018,3.80846,1829.5,0.002082
CY,L,2019,4.69306,2083.4,0.002253
CY,L,2020,6.08936,2147.8,0.002835
CY,L,2021,5.18732,2339.6,0.002217
CY,L,2022,5.63354,2670.4,0.002110
CY,L,2023,7.18497,2899.4,0.002478
CY,L68A,2012,0.0,1065.6,0.000000
CY,L68A,2013,0.0,958.4,0.000000
CY,L68A,2014,0.0,809.0,0.000000
CY,L68A,2015,0.0,870.2,0.000000
CY,L68A,2016,0.0,930.6,0.000000
CY,L68A,2017,0.0,913.7,0.000000
CY,L68A,2018,0.0,1099.1,0.000000
CY,L68A,2019,0.0,1268.0,0.000000
CY,L68A,2020,0.0,1341.1,0.000000
CY,L68A,2021,0.0,1466.5,0.000000
CY,L68A,2022,0.0,1633.7,0.000000
CY,L68A,2023,0.0,1757.8,0.000000
CY,M,2012,18.79579,1297.8,0.014483
CY,M,2013,17.1267,1199.5,0.014278
CY,M,2014,17.54084,1222.1,0.014353
CY,M,2015,20.14267,1297.3,0.015527
CY,M,2016,22.63698,1393.9,0.016240
CY,M,2017,25.80658,1573.1,0.016405
CY,M,2018,24.78741,1693.1,0.014640
CY,M,2019,26.65534,1799.7,0.014811
CY,M,2020,29.96858,1801.2,0.016638
CY,M,2021,29.19805,1905.2,0.015325
CY,M,2022,28.43344,2050.5,0.013867
CY,M,2023,31.6368,2075.5,0.015243
CY,M69_M70,2012,9.18024,1066.8,0.008605
CY,M69_M70,2013,9.23378,1021.4,0.009040
CY,M69_M70,2014,10.39791,1035.9,0.010038
CY,M69_M70,2015,11.47188,1096.0,0.010467
CY,M69_M70,2016,12.38224,1170.2,0.010581
CY,M69_M70,2017,13.59989,1328.0,0.010241
CY,M69_M70,2018,12.88227,1407.8,0.009151
CY,M69_M70,2019,14.09065,1437.3,0.009804
CY,M69_M70,2020,15.24812,1422.8,0.010717
CY,M69_M70,2021,14.91634,1443.2,0.010336
CY,M69_M70,2022,15.79647,1499.2,0.010537
CY,M69_M70,2023,16.41327,1465.0,0.011204
CY,M71,2012,5.76001,106.8,0.053933
CY,M71,2013,4.33029,68.6,0.063124
CY,M71,2014,3.53319,70.4,0.050187
CY,M71,2015,4.55444,80.7,0.056437
CY,M71,2016,5.34295,91.1,0.058649
CY,M71,2017,6.77504,105.2,0.064402
CY,M71,2018,6.71246,120.3,0.055798
CY,M71,2019,7.32578,122.3,0.059900
CY,M71,2020,8.49986,123.0,0.069105
CY,M71,2021,8.18456,135.6,0.060358
CY,M71,2022,6.15936,155.3,0.039661
CY,M71,2023,7.0844,174.4,0.040622
CY,M72,2012,0.15832,20.6,0.007685
CY,M72,2013,0.13473,19.4,0.006945
CY,M72,2014,0.13274,19.5,0.006807
CY,M72,2015,0.11752,19.6,0.005996
CY,M72,2016,0.1078,19.4,0.005557
CY,M72,2017,0.1148,19.4,0.005918
CY,M72,2018,0.12254,21.8,0.005621
CY,M72,2019,0.1399,26.5,0.005279
CY,M72,2020,0.17082,30.5,0.005601
CY,M72,2021,0.16753,32.2,0.005203
CY,M72,2022,0.22739,36.7,0.006196
CY,M72,2023,0.27342,42.8,0.006388
CY,M73,2012,1.16357,51.6,0.022550
CY,M73,2013,1.17179,47.4,0.024721
CY,M73,2014,1.36484,51.5,0.026502
CY,M73,2015,1.60022,54.4,0.029416
CY,M73,2016,1.99948,60.0,0.033325
CY,M73,2017,2.16317,61.7,0.035059
CY,M73,2018,1.88533,79.8,0.023626
CY,M73,2019,2.14105,140.1,0.015282
CY,M73,2020,2.31897,155.2,0.014942
CY,M73,2021,2.17306,215.7,0.010074
CY,M73,2022,2.58055,274.6,0.009397
CY,M73,2023,3.16925,297.6,0.010649
CY,M74_M75,2012,2.53365,52.1,0.048631
CY,M74_M75,2013,2.25611,42.7,0.052836
CY,M74_M75,2014,2.11216,44.8,0.047146
CY,M74_M75,2015,2.39861,46.7,0.051362
CY,M74_M75,2016,2.8045,53.2,0.052716
CY,M74_M75,2017,3.15368,58.8,0.053634
CY,M74_M75,2018,3.1848,63.5,0.050154
CY,M74_M75,2019,2.95796,73.5,0.040244
CY,M74_M75,2020,3.73082,69.7,0.053527
CY,M74_M75,2021,3.75656,78.5,0.047854
CY,M74_M75,2022,3.66968,84.7,0.043326
CY,M74_M75,2023,4.69645,95.7,0.049075
CY,N,2012,30.58824,262.8,0.116394
CY,N,2013,24.29303,244.1,0.099521
CY,N,2014,24.00417,258.7,0.092788
CY,N,2015,23.43402,270.0,0.086793
CY,N,2016,23.12371,288.3,0.080207
CY,N,2017,28.46328,329.2,0.086462
CY,N,2018,29.84414,440.5,0.067751
CY,N,2019,31.73031,495.1,0.064089
CY,N,2020,33.65816,436.8,0.077056
CY,N,2021,31.67507,534.3,0.059283
CY,N,2022,33.47457,674.5,0.049629
CY,N,2023,40.16511,762.3,0.052689
CY,N77,2012,10.59345,76.7,0.138115
CY,N77,2013,9.01374,71.6,0.125890
CY,N77,2014,9.12488,73.6,0.123979
CY,N77,2015,10.46738,74.7,0.140126
CY,N77,2016,9.28146,81.0,0.114586
CY,N77,2017,13.05501,104.5,0.124928
CY,N77,2018,13.56205,127.7,0.106202
CY,N77,2019,15.05555,143.4,0.104990
CY,N77,2020,12.05821,112.3,0.107375
CY,N77,2021,12.53178,134.9,0.092897
CY,N77,2022,13.61045,163.9,0.083041
CY,N77,2023,17.50461,186.9,0.093658
CY,N78,2012,3.02536,53.2,0.056868
CY,N78,2013,3.51186,54.7,0.064202
CY,N78,2014,3.57459,56.1,0.063718
CY,N78,2015,1.17246,51.5,0.022766
CY,N78,2016,1.17958,50.2,0.023498
CY,N78,2017,1.11595,50.6,0.022054
CY,N78,2018,1.18575,56.7,0.020913
CY,N78,2019,1.30978,60.0,0.021830
CY,N78,2020,1.53559,71.1,0.021598
CY,N78,2021,1.44759,77.5,0.018679
CY,N78,2022,1.54859,98.2,0.015770
CY,N78,2023,1.52838,104.4,0.014640
CY,N79,2012,9.10213,52.5,0.173374
CY,N79,2013,4.79253,42.0,0.114108
CY,N79,2014,3.76183,45.3,0.083043
CY,N79,2015,2.50758,51.2,0.048976
CY,N79,2016,2.28244,55.8,0.040904
CY,N79,2017,2.24944,62.9,0.035762
CY,N79,2018,2.76028,71.3,0.038714
CY,N79,2019,2.62547,75.6,0.034728
CY,N79,2020,2.08324,31.3,0.066557
CY,N79,2021,2.02842,47.7,0.042525
CY,N79,2022,2.34957,74.0,0.031751
CY,N79,2023,2.6146,84.4,0.030979
CY,N80-N82,2012,7.8673,80.3,0.097974
CY,N80-N82,2013,6.9749,75.8,0.092017
CY,N80-N82,2014,7.54288,83.7,0.090118
CY,N80-N82,2015,9.2866,92.7,0.100179
CY,N80-N82,2016,10.38023,101.2,0.102571
CY,N80-N82,2017,12.04288,111.2,0.108299
CY,N80-N82,2018,12.33605,184.8,0.066754
CY,N80-N82,2019,12.73952,216.1,0.058952
CY,N80-N82,2020,17.98111,222.1,0.080960
CY,N80-N82,2021,15.66728,274.2,0.057138
CY,N80-N82,2022,15.96597,338.3,0.047195
CY,N80-N82,2023,18.51752,386.5,0.047911
CY,O,2012,77.68848,2027.2,0.038323
CY,O,2013,69.06866,1794.2,0.038496
CY,O,2014,71.03033,1547.5,0.045900
CY,O,2015,58.34296,1511.1,0.038610
CY,O,2016,62.41292,1478.4,0.042217
CY,O,2017,62.51654,1558.6,0.040111
CY,O,2018,66.36282,1586.8,0.041822
CY,O,2019,66.33667,1774.5,0.037383
CY,O,2020,69.25227,1865.4,0.037125
CY,O,2021,62.07814,1912.7,0.032456
CY,O,2022,62.71717,2113.8,0.029670
CY,O,2023,65.75757,2398.4,0.027417
CY,P,2012,9.3721,1045.6,0.008963
CY,P,2013,10.09298,1035.9,0.009743
CY,P,2014,7.86709,1014.4,0.007755
CY,P,2015,8.56034,995.4,0.008600
CY,P,2016,9.0289,1029.5,0.008770
CY,P,2017,9.1032,1078.4,0.008441
CY,P,2018,8.83208,1188.5,0.007431
CY,P,2019,9.53894,1244.4,0.007665
CY,P,2020,11.50181,1310.9,0.008774
CY,P,2021,9.87802,1379.7,0.007160
CY,P,2022,10.41661,1497.0,0.006958
CY,P,2023,11.14181,1653.2,0.006740
CY,Q,2012,11.13909,686.3,0.016231
CY,Q,2013,11.62464,663.6,0.017518
CY,Q,2014,11.49639,645.4,0.017813
CY,Q,2015,12.51869,628.5,0.019918
CY,Q,2016,11.85147,654.2,0.018116
CY,Q,2017,13.30833,693.2,0.019198
CY,Q,2018,13.64304,749.9,0.018193
CY,Q,2019,16.00492,824.8,0.019405
CY,Q,2020,16.04839,945.4,0.016975
CY,Q,2021,15.6582,1077.4,0.014533
CY,Q,2022,17.07313,1155.7,0.014773
CY,Q,2023,18.39321,1245.3,0.014770
CY,Q86,2012,9.17379,612.6,0.014975
CY,Q86,2013,9.09825,593.4,0.015332
CY,Q86,2014,9.10924,575.4,0.015831
CY,Q86,2015,9.96939,559.9,0.017806
CY,Q86,2016,8.96785,583.8,0.015361
CY,Q86,2017,10.23695,619.6,0.016522
CY,Q86,2018,10.5299,672.5,0.015658
CY,Q86,2019,12.27938,740.0,0.016594
CY,Q86,2020,12.35089,857.4,0.014405
CY,Q86,2021,12.23335,981.7,0.012461
CY,Q86,2022,13.12388,1050.7,0.012491
CY,Q86,2023,14.77342,1131.0,0.013062
CY,Q87_Q88,2012,1.96531,73.7,0.026666
CY,Q87_Q88,2013,2.52639,70.1,0.036040
CY,Q87_Q88,2014,2.38715,70.0,0.034102
CY,Q87_Q88,2015,2.5493,68.5,0.037216
CY,Q87_Q88,2016,2.88362,70.4,0.040961
CY,Q87_Q88,2017,3.07138,73.6,0.041731
CY,Q87_Q88,2018,3.11314,77.4,0.040221
CY,Q87_Q88,2019,3.72553,84.9,0.043881
CY,Q87_Q88,2020,3.6975,88.0,0.042017
CY,Q87_Q88,2021,3.42486,95.7,0.035787
CY,Q87_Q88,2022,3.94924,105.0,0.037612
CY,Q87_Q88,2023,3.61979,114.3,0.031669
CY,R,2012,7.31848,345.7,0.021170
CY,R,2013,6.82296,269.6,0.025308
CY,R,2014,5.62597,260.9,0.021564
CY,R,2015,7.33247,263.0,0.027880
CY,R,2016,7.91102,273.3,0.028946
CY,R,2017,9.06493,289.8,0.031280
CY,R,2018,10.58642,312.0,0.033931
CY,R,2019,10.19033,343.0,0.029709
CY,R,2020,8.94959,248.9,0.035957
CY,R,2021,9.8922,311.3,0.031777
CY,R,2022,11.03417,389.6,0.028322
CY,R,2023,11.55193,385.6,0.029958
CY,R90-R92,2012,1.71858,225.9,0.007608
CY,R90-R92,2013,1.67634,172.7,0.009707
CY,R90-R92,2014,1.3887,159.2,0.008723
CY,R90-R92,2015,2.05976,168.8,0.012202
CY,R90-R92,2016,2.11335,175.8,0.012021
CY,R90-R92,2017,2.3206,174.6,0.013291
CY,R90-R92,2018,3.24579,203.8,0.015926
CY,R90-R92,2019,2.78598,231.8,0.012019
CY,R90-R92,2020,2.45549,178.4,0.013764
CY,R90-R92,2021,3.15987,213.9,0.014773
CY,R90-R92,2022,2.42296,234.6,0.010328
CY,R90-R92,2023,3.19702,224.6,0.014234
CY,R93,2012,5.59991,119.8,0.046744
CY,R93,2013,5.14661,96.9,0.053113
CY,R93,2014,4.23727,101.7,0.041664
CY,R93,2015,5.2727,94.1,0.056033
CY,R93,2016,5.79768,97.5,0.059463
CY,R93,2017,6.74432,115.3,0.058494
CY,R93,2018,7.34063,108.3,0.067781
CY,R93,2019,7.40434,111.2,0.066586
CY,R93,2020,6.4941,70.4,0.092246
CY,R93,2021,6.73233,97.4,0.069120
CY,R93,2022,8.61121,155.0,0.055556
CY,R93,2023,8.35491,161.0,0.051894
CY,S,2012,17.78256,282.6,0.062925
CY,S,2013,17.65325,247.8,0.071240
CY,S,2014,15.77422,248.0,0.063606
CY,S,2015,17.43039,259.7,0.067117
CY,S,2016,18.59697,274.8,0.067675
CY,S,2017,18.98396,287.9,0.065939
CY,S,2018,18.56331,294.7,0.062991
CY,S,2019,21.94826,303.9,0.072222
CY,S,2020,15.35393,245.7,0.062491
CY,S,2021,20.74726,290.6,0.071395
CY,S,2022,20.0364,354.0,0.056600
CY,S,2023,22.30902,377.8,0.059050
CY,S94,2012,3.74183,67.8,0.055189
CY,S94,2013,3.68018,66.2,0.055592
CY,S94,2014,2.8844,70.6,0.040856
CY,S94,2015,3.6981,74.9,0.049374
CY,S94,2016,3.10512,77.8,0.039912
CY,S94,2017,3.27606,81.2,0.040346
CY,S94,2018,3.53593,83.7,0.042245
CY,S94,2019,3.58903,92.3,0.038884
CY,S94,2020,4.59334,96.1,0.047798
CY,S94,2021,2.946,97.5,0.030215
CY,S94,2022,3.17539,97.9,0.032435
CY,S94,2023,3.29913,103.9,0.031753
CY,S95,2012,0.47259,6.6,0.071605
CY,S95,2013,0.55186,6.3,0.087597
CY,S95,2014,0.88146,6.2,0.142171
CY,S95,2015,1.09369,7.8,0.140217
CY,S95,2016,0.92752,8.1,0.114509
CY,S95,2017,1.17954,8.8,0.134039
CY,S95,2018,1.49246,9.9,0.150754
CY,S95,2019,1.42323,10.1,0.140914
CY,S95,2020,1.21295,7.6,0.159599
CY,S95,2021,1.90151,9.1,0.208957
CY,S95,2022,1.35603,10.3,0.131653
CY,S95,2023,1.02131,10.8,0.094566
CY,S96,2012,13.56814,208.3,0.065137
CY,S96,2013,13.42121,175.3,0.076561
CY,S96,2014,12.00836,171.2,0.070142
CY,S96,2015,12.63861,177.1,0.071364
CY,S96,2016,14.56433,188.8,0.077142
CY,S96,2017,14.52836,197.9,0.073413
CY,S96,2018,13.53491,201.1,0.067304
CY,S96,2019,16.936,201.4,0.084091
CY,S96,2020,9.54764,142.0,0.067237
CY,S96,2021,15.89975,184.0,0.086412
CY,S96,2022,15.50499,245.8,0.063080
CY,S96,2023,17.98858,263.1,0.068372
CY,T,2012,4.12443,217.7,0.018945
CY,T,2013,3.3918,179.7,0.018875
CY,T,2014,3.06717,168.3,0.018224
CY,T,2015,3.59749,159.3,0.022583
CY,T,2016,3.63014,162.8,0.022298
CY,T,2017,3.57648,166.1,0.021532
CY,T,2018,2.93164,172.3,0.017015
CY,T,2019,3.37213,189.0,0.017842
CY,T,2020,3.33356,183.6,0.018157
CY,T,2021,3.02266,198.8,0.015205
CY,T,2022,3.25046,207.5,0.015665
CY,T,2023,2.7782,223.6,0.012425
CY,TOTAL,2012,6950.99117,17293.9,0.401933
CY,TOTAL,2013,6313.20785,16037.8,0.393646
CY,TOTAL,2014,6641.73219,15322.8,0.433454
CY,TOTAL,2015,6468.28042,15714.9,0.411602
CY,TOTAL,2016,6857.20105,16646.5,0.411930
CY,TOTAL,2017,7125.08161,17740.5,0.401628
CY,TOTAL,2018,7194.24318,19024.6,0.378155
CY,TOTAL,2019,7015.64797,20551.3,0.341372
CY,TOTAL,2020,6915.38945,19958.6,0.346487
CY,TOTAL,2021,6864.69796,22796.7,0.301127
CY,TOTAL,2022,6997.48169,26300.6,0.266058
CY,TOTAL,2023,7168.21215,28776.9,0.249096
CZ,A,2012,8648.84122,3654.5,2.366628
CZ,A,2013,9203.20908,3767.2,2.442984
CZ,A,2014,8849.30121,3804.2,2.326192
CZ,A,2015,8430.71284,3852.1,2.188602
CZ,A,2016,9192.40904,3848.2,2.388756
CZ,A,2017,9129.86144,4142.3,2.204056
CZ,A,2018,8321.14949,4203.0,1.979812
CZ,A,2019,8570.96079,4339.3,1.975194
CZ,A,2020,8951.26047,4282.8,2.090049
CZ,A,2021,9085.29499,4327.0,2.099675
CZ,A,2022,8714.33149,5958.6,1.462480
CZ,A,2023,8413.60989,6832.6,1.231392
CZ,A01,2012,8537.93508,2584.2,3.303899
CZ,A01,2013,9091.47373,2700.9,3.366090
CZ,A01,2014,8728.88291,2808.5,3.108023
CZ,A01,2015,8302.00603,2824.0,2.939804
CZ,A01,2016,9057.88404,2879.6,3.145536
CZ,A01,2017,8996.86038,3123.5,2.880378
CZ,A01,2018,8179.506,3438.8,2.378593
CZ,A01,2019,8436.24182,3649.9,2.311362
CZ,A01,2020,8823.70472,3552.9,2.483522
CZ,A01,2021,8960.5079,3617.8,2.476784
CZ,A01,2022,8589.65285,4661.8,1.842561
CZ,A01,2023,8292.55664,5623.8,1.474547
CZ,A02,2012,38.65883,1044.3,0.037019
CZ,A02,2013,40.74514,1041.0,0.039140
CZ,A02,2014,40.05007,974.4,0.041102
CZ,A02,2015,43.98556,1004.7,0.043780
CZ,A02,2016,42.6514,943.6,0.045201
CZ,A02,2017,37.74641,991.5,0.038070
CZ,A02,2018,39.03253,739.1,0.052811
CZ,A02,2019,42.28479,663.3,0.063749
CZ,A02,2020,40.97749,707.2,0.057943
CZ,A02,2021,45.47617,698.9,0.065068
CZ,A02,2022,49.838,1276.6,0.039040
CZ,A02,2023,50.48804,1177.5,0.042877
CZ,A03,2012,72.24731,26.0,2.778743
CZ,A03,2013,70.99021,25.3,2.805937
CZ,A03,2014,80.36823,21.4,3.755525
CZ,A03,2015,84.72125,23.4,3.620566
CZ,A03,2016,91.8736,25.1,3.660303
CZ,A03,2017,95.25466,27.3,3.489182
CZ,A03,2018,102.61095,25.1,4.088086
CZ,A03,2019,92.43418,26.1,3.541539
CZ,A03,2020,86.57827,22.7,3.814021
CZ,A03,2021,79.31092,10.3,7.700089
CZ,A03,2022,74.84064,20.2,3.704982
CZ,A03,2023,70.5652,31.3,2.254479
CZ,B,2012,7840.34085,1706.4,4.594668
CZ,B,2013,6814.82649,1296.2,5.257542
CZ,B,2014,6861.40694,1423.2,4.821112
CZ,B,2015,6784.4534,1376.4,4.929129
CZ,B,2016,6361.56744,1167.1,5.450748
CZ,B,2017,5718.24549,1245.9,4.589650
CZ,B,2018,5700.74937,1292.2,4.411662
CZ,B,2019,4766.06379,1172.5,4.064873
CZ,B,2020,4012.26325,1005.9,3.988730
CZ,B,2021,3455.98737,1148.4,3.009393
CZ,B,2022,2964.81278,1461.4,2.028748
CZ,B,2023,2241.90606,1652.7,1.356511
CZ,C,2012,19852.89912,35558.1,0.558323
CZ,C,2013,19426.53342,34921.1,0.556298
CZ,C,2014,19747.39335,37314.0,0.529222
CZ,C,2015,19036.04055,40472.9,0.470340
CZ,C,2016,18774.9943,42567.0,0.441069
CZ,C,2017,18409.62838,45608.9,0.403641
CZ,C,2018,19023.13231,47624.6,0.399439
CZ,C,2019,18318.43927,50760.1,0.360883
CZ,C,2020,17461.48932,45817.6,0.381109
CZ,C,2021,18724.50192,48319.2,0.387517
CZ,C,2022,17465.93663,55659.3,0.313801
CZ,C,2023,14881.11949,65201.7,0.228232
CZ,C10-C12,2012,1481.42401,3279.7,0.451695
CZ,C10-C12,2013,1497.02716,3100.5,0.482834
CZ,C10-C12,2014,1441.74822,3090.5,0.466510
CZ,C10-C12,2015,1496.54306,3246.6,0.460957
CZ,C10-C12,2016,1497.03639,3429.2,0.436556
CZ,C10-C12,2017,1434.96841,3654.2,0.392690
CZ,C10-C12,2018,1527.55049,3892.9,0.392394
CZ,C10-C12,2019,1458.66446,4152.7,0.351257
CZ,C10-C12,2020,1433.53117,4093.9,0.350163
CZ,C10-C12,2021,1402.12395,4201.6,0.333712
CZ,C10-C12,2022,1202.82467,4620.0,0.260352
CZ,C10-C12,2023,1366.77195,5765.1,0.237077
CZ,C13-C15,2012,113.18878,857.8,0.131952
CZ,C13-C15,2013,111.58677,866.0,0.128853
CZ,C13-C15,2014,109.6864,897.0,0.122281
CZ,C13-C15,2015,104.96537,927.5,0.113170
CZ,C13-C15,2016,120.32878,976.7,0.123199
CZ,C13-C15,2017,93.40271,1047.4,0.089176
CZ,C13-C15,2018,100.45773,1042.7,0.096344
CZ,C13-C15,2019,94.94574,1064.8,0.089168
CZ,C13-C15,2020,82.63809,1010.7,0.081763
CZ,C13-C15,2021,80.07689,1009.6,0.079315
CZ,C13-C15,2022,81.30873,1125.5,0.072242
CZ,C13-C15,2023,65.96448,1350.1,0.048859
CZ,C16,2012,124.93564,844.8,0.147888
CZ,C16,2013,151.07912,792.5,0.190636
CZ,C16,2014,142.5914,832.1,0.171363
CZ,C16,2015,138.58109,899.8,0.154013
CZ,C16,2016,171.02074,971.3,0.176074
CZ,C16,2017,153.48608,1063.7,0.144295
CZ,C16,2018,179.39615,1203.6,0.149050
CZ,C16,2019,144.81653,1274.7,0.113608
CZ,C16,2020,185.82674,1250.9,0.148554
CZ,C16,2021,187.20171,1467.6,0.127556
CZ,C16,2022,175.80371,1602.7,0.109692
CZ,C16,2023,171.92923,1514.5,0.113522
CZ,C17,2012,579.69231,545.5,1.062681
CZ,C17,2013,486.36339,527.1,0.922716
CZ,C17,2014,467.80377,591.8,0.790476
CZ,C17,2015,462.16632,692.6,0.667292
CZ,C17,2016,455.46,742.3,0.613579
CZ,C17,2017,450.71333,829.0,0.543683
CZ,C17,2018,440.85002,852.6,0.517065
CZ,C17,2019,474.7515,953.4,0.497956
CZ,C17,2020,459.04651,960.0,0.478173
CZ,C17,2021,481.49301,986.5,0.488082
CZ,C17,2022,464.61299,1118.9,0.415241
CZ,C17,2023,379.44159,1208.8,0.313899
CZ,C18,2012,22.63852,491.1,0.046098
CZ,C18,2013,21.18899,465.7,0.045499
CZ,C18,2014,17.18308,474.9,0.036183
CZ,C18,2015,19.33343,511.4,0.037805
CZ,C18,2016,19.11786,534.5,0.035768
CZ,C18,2017,20.75727,546.9,0.037954
CZ,C18,2018,22.04191,595.0,0.037045
CZ,C18,2019,22.13543,599.6,0.036917
CZ,C18,2020,22.31638,545.3,0.040925
CZ,C18,2021,25.89958,632.2,0.040967
CZ,C18,2022,23.41151,724.8,0.032301
CZ,C18,2023,23.65668,747.0,0.031669
CZ,C19,2012,469.6543,180.2,2.606295
CZ,C19,2013,601.46215,183.6,3.275938
CZ,C19,2014,610.07201,169.2,3.605627
CZ,C19,2015,614.39294,177.7,3.457473
CZ,C19,2016,84.88993,186.7,0.454686
CZ,C19,2017,90.70151,139.4,0.650656
CZ,C19,2018,90.40467,40.2,2.248872
CZ,C19,2019,77.76205,41.5,1.873784
CZ,C19,2020,79.37685,45.7,1.736911
CZ,C19,2021,77.43835,50.6,1.530402
CZ,C19,2022,240.06012,31.5,7.620956
CZ,C19,2023,57.18689,51.9,1.101867
CZ,C20,2012,5517.61191,1154.7,4.778394
CZ,C20,2013,5051.5518,1039.1,4.861468
CZ,C20,2014,5222.88844,1237.2,4.221539
CZ,C20,2015,4814.72933,1484.3,3.243771
CZ,C20,2016,4461.83713,1441.3,3.095703
CZ,C20,2017,4923.29943,1814.1,2.713907
CZ,C20,2018,4680.74065,1761.6,2.657096
CZ,C20,2019,4722.34327,1870.5,2.524642
CZ,C20,2020,4231.51285,1497.7,2.825341
CZ,C20,2021,4733.3819,1474.6,3.209943
CZ,C20,2022,4568.58456,2744.0,1.664936
CZ,C20,2023,4079.4736,2679.6,1.522419
CZ,C21,2012,51.66434,648.3,0.079692
CZ,C21,2013,45.10444,635.0,0.071031
CZ,C21,2014,44.47155,670.0,0.066375
CZ,C21,2015,40.58787,658.0,0.061684
CZ,C21,2016,43.5536,659.2,0.066070
CZ,C21,2017,40.16254,713.8,0.056266
CZ,C21,2018,42.96442,684.1,0.062804
CZ,C21,2019,42.64048,808.3,0.052753
CZ,C21,2020,42.76046,883.7,0.048388
CZ,C21,2021,40.01526,867.6,0.046122
CZ,C21,2022,33.74546,990.1,0.034083
CZ,C21,2023,34.9616,1167.9,0.029935
CZ,C22,2012,197.81463,2590.8,0.076353
CZ,C22,2013,190.35301,2594.4,0.073371
CZ,C22,2014,200.42602,2824.6,0.070957
CZ,C22,2015,198.0068,3197.9,0.061918
CZ,C22,2016,215.71203,3339.8,0.064588
CZ,C22,2017,228.45592,3408.5,0.067025
CZ,C22,2018,218.78367,3400.9,0.064331
CZ,C22,2019,213.02048,3629.8,0.058687
CZ,C22,2020,215.84582,3329.5,0.064828
CZ,C22,2021,219.69199,3491.4,0.062924
CZ,C22,2022,214.3148,3581.7,0.059836
CZ,C22,2023,214.45208,4102.3,0.052276
CZ,C23,2012,3343.16521,1647.8,2.028866
CZ,C23,2013,3178.4524,1594.1,1.993885
CZ,C23,2014,3312.04491,1676.9,1.975100
CZ,C23,2015,3335.58701,1877.7,1.776422
CZ,C23,2016,3478.2065,1818.8,1.912363
CZ,C23,2017,3568.37924,1939.0,1.840319
CZ,C23,2018,3765.35921,2175.9,1.730484
CZ,C23,2019,3739.78926,2310.7,1.618466
CZ,C23,2020,3530.58377,2131.7,1.656229
CZ,C23,2021,3726.42778,2413.8,1.543801
CZ,C23,2022,3569.39798,2679.2,1.332263
CZ,C23,2023,2870.37578,2805.3,1.023197
CZ,C24,2012,6629.64972,1148.1,5.774453
CZ,C24,2013,6820.75299,1228.8,5.550743
CZ,C24,2014,7068.2705,1433.7,4.930090
CZ,C24,2015,6697.56006,1509.2,4.437821
CZ,C24,2016,7037.65909,1454.8,4.837544
CZ,C24,2017,6188.38066,1383.4,4.473313
CZ,C24,2018,6632.68513,1508.9,4.395709
CZ,C24,2019,5993.5152,1352.3,4.432090
CZ,C24,2020,5960.43031,1092.8,5.454274
CZ,C24,2021,6548.22895,1037.8,6.309721
CZ,C24,2022,5754.36931,1066.0,5.398095
CZ,C24,2023,4495.62584,1104.8,4.069176
CZ,C25,2012,342.8195,3909.4,0.087691
CZ,C25,2013,322.05625,3881.5,0.082972
CZ,C25,2014,259.82349,4164.8,0.062386
CZ,C25,2015,257.10595,4584.2,0.056085
CZ,C25,2016,266.0324,4791.9,0.055517
CZ,C25,2017,275.35785,5148.0,0.053488
CZ,C25,2018,296.06729,5492.8,0.053901
CZ,C25,2019,342.81443,5784.0,0.059269
CZ,C25,2020,273.20964,5350.8,0.051060
CZ,C25,2021,264.89781,5739.4,0.046154
CZ,C25,2022,291.79573,6858.7,0.042544
CZ,C25,2023,260.94828,7889.3,0.033076
CZ,C26,2012,30.95975,2220.5,0.013943
CZ,C26,2013,31.35424,2058.3,0.015233
CZ,C26,2014,26.83183,2116.7,0.012676
CZ,C26,2015,26.03606,2305.9,0.011291
CZ,C26,2016,29.13517,2485.7,0.011721
CZ,C26,2017,33.4532,2795.6,0.011966
CZ,C26,2018,26.878,3026.4,0.008881
CZ,C26,2019,51.5636,2667.7,0.019329
CZ,C26,2020,42.25147,2887.0,0.014635
CZ,C26,2021,62.01352,2313.3,0.026807
CZ,C26,2022,91.28249,2995.8,0.030470
CZ,C26,2023,106.21753,3360.5,0.031608
CZ,C27,2012,148.95565,2747.1,0.054223
CZ,C27,2013,129.52153,2719.9,0.047620
CZ,C27,2014,120.40854,2911.5,0.041356
CZ,C27,2015,123.19719,3145.9,0.039161
CZ,C27,2016,127.71566,3172.0,0.040263
CZ,C27,2017,124.79338,3430.5,0.036378
CZ,C27,2018,214.22603,3600.5,0.059499
CZ,C27,2019,188.73094,3988.7,0.047316
CZ,C27,2020,195.0539,3744.8,0.052087
CZ,C27,2021,181.04744,4328.8,0.041824
CZ,C27,2022,99.2018,4758.5,0.020847
CZ,C27,2023,98.11064,5795.7,0.016928
CZ,C28,2012,252.85966,3561.8,0.070992
CZ,C28,2013,274.03109,3624.8,0.075599
CZ,C28,2014,229.27427,3656.6,0.062701
CZ,C28,2015,219.17217,3842.8,0.057034
CZ,C28,2016,242.7365,3784.3,0.064143
CZ,C28,2017,241.34444,4053.9,0.059534
CZ,C28,2018,235.87852,4089.3,0.057682
CZ,C28,2019,233.60806,4632.1,0.050432
CZ,C28,2020,215.67704,4096.3,0.052652
CZ,C28,2021,212.62587,4319.9,0.049220
CZ,C28,2022,240.90282,4779.5,0.050403
CZ,C28,2023,195.97634,5787.0,0.033865
CZ,C29,2012,298.37311,6210.8,0.048041
CZ,C29,2013,279.08414,6104.7,0.045716
CZ,C29,2014,264.57623,7069.6,0.037424
CZ,C29,2015,275.16446,7775.7,0.035388
CZ,C29,2016,307.69773,8796.0,0.034982
CZ,C29,2017,316.43891,9557.9,0.033108
CZ,C29,2018,305.32866,9854.1,0.030985
CZ,C29,2019,292.1774,10783.9,0.027094
CZ,C29,2020,251.13324,8269.2,0.030370
CZ,C29,2021,255.69034,9153.5,0.027934
CZ,C29,2022,213.43702,10344.9,0.020632
CZ,C29,2023,250.10784,13206.5,0.018938
CZ,C30,2012,70.35285,774.9,0.090790
CZ,C30,2013,57.65598,760.8,0.075783
CZ,C30,2014,49.8998,810.2,0.061589
CZ,C30,2015,47.16943,898.8,0.052480
CZ,C30,2016,45.99146,938.8,0.048990
CZ,C30,2017,46.30398,861.5,0.053748
CZ,C30,2018,50.24667,913.8,0.054987
CZ,C30,2019,46.91303,1002.5,0.046796
CZ,C30,2020,45.03654,968.2,0.046516
CZ,C30,2021,45.54204,908.4,0.050134
CZ,C30,2022,33.41535,1137.5,0.029376
CZ,C30,2023,40.30441,1513.8,0.026625
CZ,C31_C32,2012,77.19801,1249.6,0.061778
CZ,C31_C32,2013,87.18026,1244.8,0.070036
CZ,C31_C32,2014,74.15394,1226.5,0.060460
CZ,C31_C32,2015,78.22498,1299.9,0.060178
CZ,C31_C32,2016,71.45563,1499.1,0.047666
CZ,C31_C32,2017,76.07975,1624.9,0.046821
CZ,C31_C32,2018,76.55031,1729.3,0.044267
CZ,C31_C32,2019,67.40838,1831.7,0.036801
CZ,C31_C32,2020,73.29844,1753.3,0.041806
CZ,C31_C32,2021,73.79164,1842.7,0.040045
CZ,C31_C32,2022,62.22993,2048.1,0.030384
CZ,C31_C32,2023,61.25236,2323.7,0.026360
CZ,C33,2012,99.94122,1495.3,0.066837
CZ,C33,2013,90.7277,1499.5,0.060505
CZ,C33,2014,85.23895,1460.1,0.058379
CZ,C33,2015,87.51703,1436.9,0.060907
CZ,C33,2016,99.40771,1544.6,0.064358
CZ,C33,2017,103.14978,1597.0,0.064590
CZ,C33,2018,116.72281,1760.1,0.066316
CZ,C33,2019,110.83903,2011.2,0.055111
CZ,C33,2020,121.96014,1906.1,0.063984
CZ,C33,2021,106.91389,2080.0,0.051401
CZ,C33,2022,105.23763,2452.0,0.042919
CZ,C33,2023,108.36236,2827.9,0.038319
CZ,D,2012,54426.79377,5822.9,9.347025
CZ,D,2013,51302.09216,5949.1,8.623505
CZ,D,2014,50184.8022,4955.2,10.127705
CZ,D,2015,49049.61636,5126.2,9.568416
CZ,D,2016,50602.4542,5128.0,9.867873
CZ,D,2017,49701.43433,5315.8,9.349756
CZ,D,2018,49843.0718,5322.9,9.363894
CZ,D,2019,45864.28554,5531.6,8.291324
CZ,D,2020,39285.82793,5514.5,7.124096
CZ,D,2021,42055.59454,6175.5,6.810071
CZ,D,2022,43492.1479,9937.0,4.376789
CZ,D,2023,36074.95621,9795.6,3.682771
CZ,E,2012,5866.66123,1694.8,3.461566
CZ,E,2013,6138.64128,1578.9,3.887923
CZ,E,2014,6127.15165,1569.6,3.903639
CZ,E,2015,6294.0305,1597.6,3.939679
CZ,E,2016,6442.34692,1643.7,3.919418
CZ,E,2017,6524.26831,1795.7,3.633273
CZ,E,2018,6697.92895,1967.7,3.403938
CZ,E,2019,6801.08083,1948.8,3.489881
CZ,E,2020,6969.23489,1985.0,3.510950
CZ,E,2021,7020.86966,2336.2,3.005252
CZ,E,2022,7123.19566,2506.1,2.842343
CZ,E,2023,7183.60592,2739.3,2.622424
CZ,E36,2012,82.05291,664.5,0.123481
CZ,E36,2013,94.03489,657.3,0.143062
CZ,E36,2014,79.68462,636.9,0.125113
CZ,E36,2015,78.09553,667.9,0.116927
CZ,E36,2016,85.07565,686.1,0.123999
CZ,E36,2017,84.83634,728.9,0.116390
CZ,E36,2018,88.78473,814.6,0.108992
CZ,E36,2019,73.74275,753.3,0.097893
CZ,E36,2020,95.6295,742.2,0.128846
CZ,E36,2021,85.11978,837.3,0.101660
CZ,E36,2022,83.38135,891.6,0.093519
CZ,E36,2023,85.03482,1019.8,0.083384
CZ,E37-E39,2012,5784.60832,1030.3,5.614489
CZ,E37-E39,2013,6044.60639,921.6,6.558818
CZ,E37-E39,2014,6047.46702,932.7,6.483829
CZ,E37-E39,2015,6215.93497,929.8,6.685239
CZ,E37-E39,2016,6357.27127,957.5,6.639448
CZ,E37-E39,2017,6439.43197,1066.8,6.036213
CZ,E37-E39,2018,6609.14421,1153.1,5.731631
CZ,E37-E39,2019,6727.33808,1195.5,5.627217
CZ,E37-E39,2020,6873.6054,1242.8,5.530741
CZ,E37-E39,2021,6935.74988,1498.9,4.627227
CZ,E37-E39,2022,7039.81432,1614.6,4.360098
CZ,E37-E39,2023,7098.5711,1719.5,4.128276
CZ,F,2012,1520.85839,8622.9,0.176374
CZ,F,2013,1295.03529,8207.0,0.157796
CZ,F,2014,1233.12644,8040.9,0.153357
CZ,F,2015,1215.73984,8579.2,0.141708
CZ,F,2016,1326.77071,8659.1,0.153223
CZ,F,2017,1339.66898,9451.5,0.141741
CZ,F,2018,1311.26963,10502.2,0.124857
CZ,F,2019,1347.7489,11284.0,0.119439
CZ,F,2020,1328.17089,11049.4,0.120203
CZ,F,2021,1555.2173,12174.5,0.127744
CZ,F,2022,1666.56454,14286.7,0.116651
CZ,F,2023,1696.87259,16416.1,0.103366
CZ,G,2012,1125.50316,15414.8,0.073014
CZ,G,2013,1102.08786,14779.0,0.074571
CZ,G,2014,1079.76818,14891.2,0.072510
CZ,G,2015,1110.62137,16550.8,0.067104
CZ,G,2016,1150.60369,17105.4,0.067266
CZ,G,2017,1243.29988,19383.0,0.064144
CZ,G,2018,1300.71065,20833.3,0.062434
CZ,G,2019,1306.86915,22037.1,0.059303
CZ,G,2020,1066.26403,21306.5,0.050044
CZ,G,2021,1228.25145,25119.7,0.048896
CZ,G,2022,1233.41263,28524.2,0.043241
CZ,G,2023,1218.28974,30864.1,0.039473
CZ,G45,2012,154.73447,1901.2,0.081388
CZ,G45,2013,121.93101,1809.4,0.067388
CZ,G45,2014,122.33774,1939.9,0.063064
CZ,G45,2015,115.14039,2173.4,0.052977
CZ,G45,2016,125.70703,2289.6,0.054903
CZ,G45,2017,120.40564,2425.0,0.049652
CZ,G45,2018,135.94841,2458.9,0.055288
CZ,G45,2019,159.58945,2621.7,0.060873
CZ,G45,2020,164.64442,2395.9,0.068719
CZ,G45,2021,156.57321,3005.0,0.052104
CZ,G45,2022,128.18579,3480.1,0.036834
CZ,G45,2023,130.71054,3811.2,0.034296
CZ,G46,2012,700.29095,7663.7,0.091378
CZ,G46,2013,698.30344,7458.2,0.093629
CZ,G46,2014,678.74322,7443.6,0.091185
CZ,G46,2015,655.72805,8449.3,0.077607
CZ,G46,2016,699.65624,8448.7,0.082812
CZ,G46,2017,832.57733,9577.3,0.086932
CZ,G46,2018,847.03373,10527.4,0.080460
CZ,G46,2019,844.25251,10881.3,0.077587
CZ,G46,2020,595.65415,10507.2,0.056690
CZ,G46,2021,805.00505,13232.4,0.060836
CZ,G46,2022,846.751,15069.0,0.056192
CZ,G46,2023,833.08801,15563.1,0.053530
CZ,G47,2012,270.47774,5849.9,0.046236
CZ,G47,2013,281.85342,5511.4,0.051140
CZ,G47,2014,278.68722,5507.7,0.050600
CZ,G47,2015,339.75293,5928.1,0.057312
CZ,G47,2016,325.24042,6367.1,0.051081
CZ,G47,2017,290.3169,7380.7,0.039335
CZ,G47,2018,317.72852,7847.0,0.040490
CZ,G47,2019,303.02719,8534.0,0.035508
CZ,G47,2020,305.96546,8403.4,0.036410
CZ,G47,2021,266.67318,8882.3,0.030023
CZ,G47,2022,258.47584,9975.0,0.025912
CZ,G47,2023,254.49118,11489.8,0.022149
CZ,H,2012,7434.62771,8484.1,0.876301
CZ,H,2013,7432.3924,8176.9,0.908950
CZ,H,2014,7617.30301,8050.4,0.946202
CZ,H,2015,7965.59976,8605.7,0.925619
CZ,H,2016,8701.12863,9133.9,0.952619
CZ,H,2017,9088.27261,10047.7,0.904513
CZ,H,2018,8914.50283,10676.1,0.834996
CZ,H,2019,9250.11468,11180.3,0.827358
CZ,H,2020,7839.57487,10503.7,0.746363
CZ,H,2021,9095.33776,11487.5,0.791760
CZ,H,2022,9310.87185,13758.5,0.676736
CZ,H,2023,9533.26626,14853.3,0.641828
CZ,H49,2012,6260.15919,4373.0,1.431548
CZ,H49,2013,6034.4513,4192.1,1.439482
CZ,H49,2014,6326.1855,4195.3,1.507922
CZ,H49,2015,6666.72996,4551.6,1.464700
CZ,H49,2016,7356.72288,4861.1,1.513386
CZ,H49,2017,7754.0936,5252.4,1.476295
CZ,H49,2018,7483.88014,5533.6,1.352443
CZ,H49,2019,7705.3608,5742.3,1.341860
CZ,H49,2020,6970.88308,5446.2,1.279954
CZ,H49,2021,8015.9084,5810.1,1.379651
CZ,H49,2022,8012.0129,7039.2,1.138199
CZ,H49,2023,8184.84211,7581.2,1.079624
CZ,H50,2012,40.65099,9.2,4.418586
CZ,H50,2013,19.07283,8.7,2.192279
CZ,H50,2014,18.9862,9.2,2.063717
CZ,H50,2015,28.6628,11.3,2.536531
CZ,H50,2016,32.32601,11.5,2.810957
CZ,H50,2017,29.52175,11.7,2.523226
CZ,H50,2018,26.5898,12.1,2.197504
CZ,H50,2019,45.89673,16.4,2.798581
CZ,H50,2020,43.39721,6.1,7.114297
CZ,H50,2021,43.06098,6.6,6.524391
CZ,H50,2022,41.5931,18.2,2.285335
CZ,H50,2023,45.57546,21.7,2.100252
CZ,H51,2012,564.94184,164.7,3.430127
CZ,H51,2013,644.78359,146.3,4.407270
CZ,H51,2014,574.15379,131.6,4.362871
CZ,H51,2015,578.61902,117.2,4.937022
CZ,H51,2016,623.07035,139.0,4.482521
CZ,H51,2017,782.50418,156.7,4.993645
CZ,H51,2018,835.3867,132.9,6.285829
CZ,H51,2019,1002.64176,125.4,7.995548
CZ,H51,2020,299.48241,73.9,4.052536
CZ,H51,2021,458.56468,88.2,5.199146
CZ,H51,2022,710.78669,145.6,4.881777
CZ,H51,2023,745.03696,126.4,5.894280
CZ,H52,2012,494.97947,3303.0,0.149858
CZ,H52,2013,646.4399,3228.6,0.200223
CZ,H52,2014,605.61406,3155.8,0.191905
CZ,H52,2015,591.11887,3325.7,0.177743
CZ,H52,2016,578.98038,3506.6,0.165112
CZ,H52,2017,407.27124,3973.4,0.102499
CZ,H52,2018,458.51583,4329.2,0.105912
CZ,H52,2019,383.26546,4613.6,0.083073
CZ,H52,2020,395.62472,4278.9,0.092459
CZ,H52,2021,450.09147,4846.4,0.092871
CZ,H52,2022,441.37698,5858.3,0.075342
CZ,H52,2023,450.65371,6396.1,0.070458
CZ,H53,2012,73.89621,634.3,0.116500
CZ,H53,2013,87.64479,601.2,0.145783
CZ,H53,2014,92.36346,558.4,0.165407
CZ,H53,2015,100.46912,600.0,0.167449
CZ,H53,2016,110.02902,615.8,0.178677
CZ,H53,2017,114.88185,653.6,0.175768
CZ,H53,2018,110.13036,668.3,0.164792
CZ,H53,2019,112.94993,682.7,0.165446
CZ,H53,2020,130.18745,698.7,0.186328
CZ,H53,2021,127.71223,736.2,0.173475
CZ,H53,2022,105.1022,697.2,0.150749
CZ,H53,2023,107.15803,728.0,0.147195
CZ,I,2012,156.1877,2871.0,0.054402
CZ,I,2013,151.38968,2793.4,0.054195
CZ,I,2014,145.12795,2674.2,0.054270
CZ,I,2015,153.80989,2812.5,0.054688
CZ,I,2016,159.66011,3094.2,0.051600
CZ,I,2017,43.79541,3588.5,0.012204
CZ,I,2018,78.14699,3839.4,0.020354
CZ,I,2019,93.75695,4138.2,0.022656
CZ,I,2020,44.24538,2427.3,0.018228
CZ,I,2021,67.66511,2836.0,0.023859
CZ,I,2022,68.88781,4148.5,0.016605
CZ,I,2023,61.6641,5221.3,0.011810
CZ,J,2012,100.53774,7220.5,0.013924
CZ,J,2013,88.19589,6972.8,0.012649
CZ,J,2014,87.95438,6943.7,0.012667
CZ,J,2015,394.03935,7550.5,0.052187
CZ,J,2016,95.33763,8111.4,0.011754
CZ,J,2017,97.34831,9216.1,0.010563
CZ,J,2018,99.56239,10599.4,0.009393
CZ,J,2019,101.39736,12571.8,0.008065
CZ,J,2020,71.41672,13030.2,0.005481
CZ,J,2021,79.53001,15299.5,0.005198
CZ,J,2022,99.48207,17551.9,0.005668
CZ,J,2023,100.13441,20220.4,0.004952
CZ,J58,2012,8.58034,610.8,0.014048
CZ,J58,2013,6.44004,608.7,0.010580
CZ,J58,2014,6.29031,680.5,0.009244
CZ,J58,2015,6.29081,724.6,0.008682
CZ,J58,2016,7.06677,760.1,0.009297
CZ,J58,2017,6.79117,964.1,0.007044
CZ,J58,2018,6.39052,1094.0,0.005841
CZ,J58,2019,7.75162,1372.4,0.005648
CZ,J58,2020,3.90828,1496.1,0.002612
CZ,J58,2021,5.9654,1694.0,0.003521
CZ,J58,2022,10.83843,1850.1,0.005858
CZ,J58,2023,6.68486,2096.6,0.003188
CZ,J59_J60,2012,6.05419,774.9,0.007813
CZ,J59_J60,2013,6.43962,761.0,0.008462
CZ,J59_J60,2014,6.33396,720.2,0.008795
CZ,J59_J60,2015,6.1221,829.0,0.007385
CZ,J59_J60,2016,6.56707,915.2,0.007176
CZ,J59_J60,2017,5.89936,1005.6,0.005867
CZ,J59_J60,2018,6.91852,1098.1,0.006300
CZ,J59_J60,2019,6.83601,1160.9,0.005889
CZ,J59_J60,2020,6.79363,1036.5,0.006554
CZ,J59_J60,2021,6.41351,1241.2,0.005167
CZ,J59_J60,2022,6.08378,1348.8,0.004511
CZ,J59_J60,2023,7.61444,1526.3,0.004989
CZ,J61,2012,30.77756,2394.0,0.012856
CZ,J61,2013,26.25659,2156.1,0.012178
CZ,J61,2014,24.90194,2050.1,0.012147
CZ,J61,2015,25.38996,2113.1,0.012016
CZ,J61,2016,27.22727,2200.8,0.012372
CZ,J61,2017,25.24111,2366.1,0.010668
CZ,J61,2018,29.46038,2555.9,0.011526
CZ,J61,2019,29.34193,2735.2,0.010728
CZ,J61,2020,27.34207,2911.6,0.009391
CZ,J61,2021,26.81971,3165.4,0.008473
CZ,J61,2022,27.6217,3480.7,0.007936
CZ,J61,2023,28.2063,3771.2,0.007479
CZ,J62_J63,2012,55.12565,3440.8,0.016021
CZ,J62_J63,2013,49.05965,3447.1,0.014232
CZ,J62_J63,2014,50.42817,3493.0,0.014437
CZ,J62_J63,2015,356.23648,3883.9,0.091721
CZ,J62_J63,2016,54.47652,4235.3,0.012862
CZ,J62_J63,2017,59.41668,4880.2,0.012175
CZ,J62_J63,2018,56.79297,5851.4,0.009706
CZ,J62_J63,2019,57.46779,7303.3,0.007869
CZ,J62_J63,2020,33.37274,7586.0,0.004399
CZ,J62_J63,2021,40.33139,9198.9,0.004384
CZ,J62_J63,2022,54.93816,10872.2,0.005053
CZ,J62_J63,2023,57.6288,12826.3,0.004493
CZ,K,2012,59.42257,6533.1,0.009096
CZ,K,2013,54.87869,6435.7,0.008527
CZ,K,2014,54.65776,5963.3,0.009166
CZ,K,2015,48.87824,6357.1,0.007689
CZ,K,2016,54.07905,6505.7,0.008313
CZ,K,2017,54.95196,7095.0,0.007745
CZ,K,2018,58.85163,7775.7,0.007569
CZ,K,2019,48.8229,8101.4,0.006026
CZ,K,2020,47.85815,7954.5,0.006016
CZ,K,2021,37.22366,9036.3,0.004119
CZ,K,2022,39.55611,9459.1,0.004182
CZ,K,2023,40.79776,11068.8,0.003686
CZ,K64,2012,45.41735,5120.5,0.008870
CZ,K64,2013,41.28165,4879.0,0.008461
CZ,K64,2014,39.09593,4456.1,0.008774
CZ,K64,2015,35.61665,4820.6,0.007388
CZ,K64,2016,37.23053,4816.6,0.007730
CZ,K64,2017,35.86258,5300.1,0.006766
CZ,K64,2018,36.54579,5689.1,0.006424
CZ,K64,2019,30.74959,5915.3,0.005198
CZ,K64,2020,28.24993,5889.4,0.004797
CZ,K64,2021,21.35846,6317.3,0.003381
CZ,K64,2022,21.18971,6835.0,0.003100
CZ,K64,2023,21.84407,8189.9,0.002667
CZ,K65,2012,6.77462,887.4,0.007634
CZ,K65,2013,6.47314,1068.8,0.006056
CZ,K65,2014,6.27759,883.1,0.007109
CZ,K65,2015,5.72638,944.9,0.006060
CZ,K65,2016,6.23586,1025.8,0.006079
CZ,K65,2017,6.34738,987.4,0.006428
CZ,K65,2018,6.41681,1187.2,0.005405
CZ,K65,2019,5.77198,1387.3,0.004161
CZ,K65,2020,5.87077,1165.8,0.005036
CZ,K65,2021,4.63377,1706.2,0.002716
CZ,K65,2022,4.84936,1395.3,0.003475
CZ,K65,2023,4.94835,1364.6,0.003626
CZ,K66,2012,7.2306,525.2,0.013767
CZ,K66,2013,7.1239,487.9,0.014601
CZ,K66,2014,9.28425,624.2,0.014874
CZ,K66,2015,7.53521,591.6,0.012737
CZ,K66,2016,10.61267,663.3,0.016000
CZ,K66,2017,12.742,807.5,0.015780
CZ,K66,2018,15.88903,899.4,0.017666
CZ,K66,2019,12.30133,798.8,0.015400
CZ,K66,2020,13.73745,899.2,0.015277
CZ,K66,2021,11.23144,1012.8,0.011089
CZ,K66,2022,13.51703,1228.9,0.010999
CZ,K66,2023,14.00534,1514.2,0.009249
CZ,L,2012,272.25451,14735.0,0.018477
CZ,L,2013,225.63654,14406.2,0.015662
CZ,L,2014,217.75573,14358.1,0.015166
CZ,L,2015,189.12381,15161.2,0.012474
CZ,L,2016,164.89036,16335.5,0.010094
CZ,L,2017,72.65828,18166.4,0.004000
CZ,L,2018,156.21606,21279.1,0.007341
CZ,L,2019,161.97068,23485.4,0.006897
CZ,L,2020,151.24264,24752.3,0.006110
CZ,L,2021,166.06867,28395.4,0.005848
CZ,L,2022,120.76359,32989.7,0.003661
CZ,L,2023,134.28516,35556.8,0.003777
CZ,L68A,2012,0.0,9857.6,0.000000
CZ,L68A,2013,0.0,9584.0,0.000000
CZ,L68A,2014,0.0,9415.6,0.000000
CZ,L68A,2015,0.0,9878.1,0.000000
CZ,L68A,2016,0.0,10581.5,0.000000
CZ,L68A,2017,0.0,12028.6,0.000000
CZ,L68A,2018,0.0,14253.6,0.000000
CZ,L68A,2019,0.0,15979.9,0.000000
CZ,L68A,2020,0.0,17130.9,0.000000
CZ,L68A,2021,0.0,19890.8,0.000000
CZ,L68A,2022,0.0,23838.6,0.000000
CZ,L68A,2023,0.0,25400.9,0.000000
CZ,M,2012,200.22539,7390.7,0.027092
CZ,M,2013,173.0173,7320.3,0.023635
CZ,M,2014,160.77611,7154.6,0.022472
CZ,M,2015,178.92768,7543.5,0.023719
CZ,M,2016,190.52294,8258.0,0.023071
CZ,M,2017,177.24259,9074.9,0.019531
CZ,M,2018,227.76652,9874.7,0.023066
CZ,M,2019,198.53865,10707.9,0.018541
CZ,M,2020,130.99153,10356.3,0.012648
CZ,M,2021,150.70499,11688.3,0.012894
CZ,M,2022,146.77074,13434.3,0.010925
CZ,M,2023,137.57078,15093.3,0.009115
CZ,M69_M70,2012,61.993,2608.5,0.023766
CZ,M69_M70,2013,56.92149,2587.6,0.021998
CZ,M69_M70,2014,64.53564,2544.7,0.025361
CZ,M69_M70,2015,78.42822,2650.7,0.029588
CZ,M69_M70,2016,83.22089,2827.0,0.029438
CZ,M69_M70,2017,70.40882,3103.9,0.022684
CZ,M69_M70,2018,87.60543,3277.7,0.026728
CZ,M69_M70,2019,59.55041,3583.9,0.016616
CZ,M69_M70,2020,31.59824,3507.4,0.009009
CZ,M69_M70,2021,42.21295,4015.5,0.010513
CZ,M69_M70,2022,42.2654,4349.6,0.009717
CZ,M69_M70,2023,35.08779,4926.3,0.007123
CZ,M71,2012,88.86068,2099.4,0.042327
CZ,M71,2013,70.60408,1981.3,0.035635
CZ,M71,2014,54.17171,1864.6,0.029053
CZ,M71,2015,50.79513,1932.3,0.026287
CZ,M71,2016,54.15368,2125.1,0.025483
CZ,M71,2017,59.37406,2341.9,0.025353
CZ,M71,2018,62.95983,2686.6,0.023435
CZ,M71,2019,73.86414,2841.6,0.025994
CZ,M71,2020,58.0003,2758.3,0.021028
CZ,M71,2021,64.3676,3096.7,0.020786
CZ,M71,2022,63.60714,3662.2,0.017369
CZ,M71,2023,63.87278,4180.5,0.015279
CZ,M72,2012,16.22771,864.7,0.018767
CZ,M72,2013,15.89966,897.5,0.017715
CZ,M72,2014,14.65055,971.1,0.015087
CZ,M72,2015,20.79208,1139.3,0.018250
CZ,M72,2016,24.25109,1257.8,0.019281
CZ,M72,2017,14.80485,1273.5,0.011625
CZ,M72,2018,22.67554,1265.3,0.017921
CZ,M72,2019,30.45934,1319.1,0.023091
CZ,M72,2020,17.89986,1370.9,0.013057
CZ,M72,2021,21.84283,1503.9,0.014524
CZ,M72,2022,17.86496,1913.1,0.009338
CZ,M72,2023,18.6531,2064.8,0.009034
CZ,M73,2012,14.32784,975.6,0.014686
CZ,M73,2013,15.04007,844.7,0.017805
CZ,M73,2014,13.35938,819.8,0.016296
CZ,M73,2015,14.76115,850.3,0.017360
CZ,M73,2016,14.38152,915.1,0.015716
CZ,M73,2017,20.18873,1041.4,0.019386
CZ,M73,2018,28.85472,1143.1,0.025243
CZ,M73,2019,14.40272,1225.7,0.011751
CZ,M73,2020,9.26199,1198.9,0.007725
CZ,M73,2021,6.04961,1404.3,0.004308
CZ,M73,2022,7.81462,1692.1,0.004618
CZ,M73,2023,7.94939,1869.0,0.004253
CZ,M74_M75,2012,18.81616,842.5,0.022334
CZ,M74_M75,2013,14.55199,1009.2,0.014419
CZ,M74_M75,2014,14.05883,954.4,0.014731
CZ,M74_M75,2015,14.1511,970.9,0.014575
CZ,M74_M75,2016,14.51576,1133.0,0.012812
CZ,M74_M75,2017,12.46614,1314.2,0.009486
CZ,M74_M75,2018,25.67101,1502.0,0.017091
CZ,M74_M75,2019,20.26203,1737.4,0.011662
CZ,M74_M75,2020,14.23114,1520.8,0.009358
CZ,M74_M75,2021,16.23201,1667.9,0.009732
CZ,M74_M75,2022,15.21862,1817.3,0.008374
CZ,M74_M75,2023,12.00772,2052.7,0.005850
CZ,N,2012,276.33151,2589.5,0.106712
CZ,N,2013,302.29638,2656.9,0.113778
CZ,N,2014,378.23311,2586.3,0.146245
CZ,N,2015,372.33356,2621.6,0.142025
CZ,N,2016,469.59518,2838.1,0.165461
CZ,N,2017,537.55964,3266.8,0.164552
CZ,N,2018,497.11226,3656.4,0.135957
CZ,N,2019,405.45537,4006.7,0.101194
CZ,N,2020,393.91086,3430.0,0.114843
CZ,N,2021,362.15489,4021.7,0.090050
CZ,N,2022,378.58568,4969.5,0.076182
CZ,N,2023,386.51808,5873.7,0.065805
CZ,N77,2012,87.96636,599.3,0.146782
CZ,N77,2013,95.44655,679.5,0.140466
CZ,N77,2014,101.50534,661.5,0.153447
CZ,N77,2015,121.1466,609.7,0.198699
CZ,N77,2016,190.76808,675.4,0.282452
CZ,N77,2017,230.94197,793.9,0.290896
CZ,N77,2018,193.31128,926.7,0.208602
CZ,N77,2019,182.07524,988.7,0.184156
CZ,N77,2020,201.00114,941.1,0.213581
CZ,N77,2021,142.56021,1053.9,0.135269
CZ,N77,2022,177.36429,1236.9,0.143394
CZ,N77,2023,183.23287,1442.2,0.127051
CZ,N78,2012,14.63174,147.6,0.099131
CZ,N78,2013,14.46807,144.3,0.100264
CZ,N78,2014,18.10507,135.2,0.133913
CZ,N78,2015,27.37784,138.2,0.198103
CZ,N78,2016,26.50234,150.5,0.176095
CZ,N78,2017,26.91984,188.5,0.142811
CZ,N78,2018,29.77633,199.5,0.149255
CZ,N78,2019,35.20342,222.1,0.158503
CZ,N78,2020,19.68519,159.3,0.123573
CZ,N78,2021,34.11219,198.3,0.172023
CZ,N78,2022,29.59157,254.5,0.116273
CZ,N78,2023,30.33466,280.8,0.108029
CZ,N79,2012,51.03738,266.6,0.191438
CZ,N79,2013,54.25863,272.6,0.199041
CZ,N79,2014,54.39454,276.0,0.197082
CZ,N79,2015,64.10827,262.2,0.244501
CZ,N79,2016,69.16954,278.2,0.248632
CZ,N79,2017,79.09526,361.0,0.219100
CZ,N79,2018,54.83436,379.3,0.144567
CZ,N79,2019,4.64019,394.5,0.011762
CZ,N79,2020,2.34907,80.6,0.029145
CZ,N79,2021,2.96304,199.9,0.014823
CZ,N79,2022,3.97858,382.2,0.010410
CZ,N79,2023,4.07849,543.0,0.007511
CZ,N80-N82,2012,122.69603,1575.9,0.077858
CZ,N80-N82,2013,138.12313,1560.6,0.088506
CZ,N80-N82,2014,204.22816,1513.5,0.134938
CZ,N80-N82,2015,159.70085,1611.5,0.099101
CZ,N80-N82,2016,183.15523,1734.1,0.105620
CZ,N80-N82,2017,200.60256,1923.4,0.104296
CZ,N80-N82,2018,219.19029,2150.9,0.101906
CZ,N80-N82,2019,183.53652,2401.4,0.076429
CZ,N80-N82,2020,170.87546,2248.9,0.075982
CZ,N80-N82,2021,182.51945,2569.6,0.071030
CZ,N80-N82,2022,167.65124,3095.9,0.054153
CZ,N80-N82,2023,168.87206,3607.8,0.046807
CZ,O,2012,241.3415,9051.1,0.026664
CZ,O,2013,176.75665,8850.0,0.019973
CZ,O,2014,232.7019,8575.5,0.027136
CZ,O,2015,202.83508,9113.9,0.022256
CZ,O,2016,197.00951,9569.8,0.020587
CZ,O,2017,153.44059,10413.8,0.014734
CZ,O,2018,219.14374,11607.2,0.018880
CZ,O,2019,192.76813,12342.6,0.015618
CZ,O,2020,222.07281,12593.5,0.017634
CZ,O,2021,242.38542,13443.1,0.018030
CZ,O,2022,225.83079,14905.4,0.015151
CZ,O,2023,223.63678,16430.9,0.013611
CZ,P,2012,203.67214,6343.4,0.032108
CZ,P,2013,171.72929,6297.2,0.027271
CZ,P,2014,153.94428,6146.4,0.025046
CZ,P,2015,153.97833,6397.4,0.024069
CZ,P,2016,152.68022,6658.7,0.022929
CZ,P,2017,39.77521,7387.4,0.005384
CZ,P,2018,138.48482,8438.0,0.016412
CZ,P,2019,115.22901,9557.7,0.012056
CZ,P,2020,103.65653,10045.9,0.010318
CZ,P,2021,118.5829,11228.6,0.010561
CZ,P,2022,98.73468,12606.7,0.007832
CZ,P,2023,92.64102,13665.9,0.006779
CZ,Q,2012,349.89645,6490.2,0.053912
CZ,Q,2013,324.41094,6405.7,0.050644
CZ,Q,2014,293.48031,6439.6,0.045574
CZ,Q,2015,309.99936,6667.9,0.046491
CZ,Q,2016,315.07391,7186.5,0.043842
CZ,Q,2017,264.2662,7955.5,0.033218
CZ,Q,2018,309.75737,8967.3,0.034543
CZ,Q,2019,301.16725,9983.9,0.030165
CZ,Q,2020,319.37167,10983.2,0.029078
CZ,Q,2021,318.75532,12952.4,0.024610
CZ,Q,2022,308.21995,13732.3,0.022445
CZ,Q,2023,294.74414,15485.7,0.019033
CZ,Q86,2012,289.25922,5336.0,0.054209
CZ,Q86,2013,271.80994,5244.0,0.051833
CZ,Q86,2014,243.31017,5302.4,0.045887
CZ,Q86,2015,251.00793,5496.4,0.045668
CZ,Q86,2016,264.76493,5921.4,0.044713
CZ,Q86,2017,245.5461,6487.7,0.037848
CZ,Q86,2018,264.05547,7225.6,0.036544
CZ,Q86,2019,260.11467,8012.4,0.032464
CZ,Q86,2020,280.44469,8823.3,0.031785
CZ,Q86,2021,274.88237,10465.5,0.026266
CZ,Q86,2022,267.10791,11060.3,0.024150
CZ,Q86,2023,255.74334,12501.0,0.020458
CZ,Q87_Q88,2012,60.63722,1154.3,0.052532
CZ,Q87_Q88,2013,52.601,1161.8,0.045275
CZ,Q87_Q88,2014,50.17014,1137.2,0.044117
CZ,Q87_Q88,2015,58.99142,1171.5,0.050355
CZ,Q87_Q88,2016,50.30897,1265.1,0.039767
CZ,Q87_Q88,2017,18.7201,1467.8,0.012754
CZ,Q87_Q88,2018,45.7019,1741.7,0.026240
CZ,Q87_Q88,2019,41.05257,1971.5,0.020823
CZ,Q87_Q88,2020,38.92698,2159.9,0.018023
CZ,Q87_Q88,2021,43.87295,2486.9,0.017642
CZ,Q87_Q88,2022,41.11204,2671.9,0.015387
CZ,Q87_Q88,2023,39.0008,2984.7,0.013067
CZ,R,2012,66.685,1497.2,0.044540
CZ,R,2013,66.54937,1454.0,0.045770
CZ,R,2014,62.46861,1423.3,0.043890
CZ,R,2015,59.83992,1555.1,0.038480
CZ,R,2016,67.9573,1662.6,0.040874
CZ,R,2017,43.93639,1797.5,0.024443
CZ,R,2018,64.76984,1926.3,0.033624
CZ,R,2019,65.80009,2189.6,0.030051
CZ,R,2020,65.26434,1850.8,0.035263
CZ,R,2021,58.8708,2034.2,0.028941
CZ,R,2022,68.80184,2749.8,0.025021
CZ,R,2023,50.36955,3155.7,0.015961
CZ,R90-R92,2012,31.44411,1057.0,0.029748
CZ,R90-R92,2013,29.26487,1026.9,0.028498
CZ,R90-R92,2014,27.34995,1027.1,0.026628
CZ,R90-R92,2015,26.48408,1110.3,0.023853
CZ,R90-R92,2016,28.20514,1162.0,0.024273
CZ,R90-R92,2017,21.88013,1231.6,0.017766
CZ,R90-R92,2018,30.05593,1315.1,0.022854
CZ,R90-R92,2019,26.08614,1489.6,0.017512
CZ,R90-R92,2020,27.29005,1310.2,0.020829
CZ,R90-R92,2021,24.39918,1518.3,0.016070
CZ,R90-R92,2022,24.46983,1975.5,0.012387
CZ,R90-R92,2023,22.73911,2253.7,0.010090
CZ,R93,2012,35.24088,440.2,0.080057
CZ,R93,2013,37.2845,427.1,0.087297
CZ,R93,2014,35.11866,396.2,0.088639
CZ,R93,2015,33.35584,444.8,0.074991
CZ,R93,2016,39.75215,500.6,0.079409
CZ,R93,2017,22.05625,565.9,0.038976
CZ,R93,2018,34.71391,611.2,0.056796
CZ,R93,2019,39.71395,699.9,0.056742
CZ,R93,2020,37.97429,540.6,0.070245
CZ,R93,2021,34.47162,516.0,0.066805
CZ,R93,2022,44.33201,774.3,0.057254
CZ,R93,2023,27.63044,902.0,0.030632
CZ,S,2012,53.23524,1606.8,0.033131
CZ,S,2013,48.78286,1537.7,0.031725
CZ,S,2014,51.11251,1478.7,0.034566
CZ,S,2015,47.87356,1588.5,0.030138
CZ,S,2016,48.54542,1682.6,0.028851
CZ,S,2017,35.04962,1797.8,0.019496
CZ,S,2018,46.36397,1913.8,0.024226
CZ,S,2019,41.98242,2070.7,0.020275
CZ,S,2020,30.05989,1843.4,0.016307
CZ,S,2021,29.27977,1959.7,0.014941
CZ,S,2022,33.83193,2304.5,0.014681
CZ,S,2023,34.07271,2652.0,0.012848
CZ,S94,2012,15.66735,406.9,0.038504
CZ,S94,2013,14.75197,412.2,0.035788
CZ,S94,2014,13.87354,392.8,0.035320
CZ,S94,2015,15.32722,393.3,0.038971
CZ,S94,2016,17.18522,408.2,0.042100
CZ,S94,2017,5.78616,471.0,0.012285
CZ,S94,2018,8.70531,520.2,0.016735
CZ,S94,2019,6.26832,511.6,0.012252
CZ,S94,2020,6.9403,495.4,0.014009
CZ,S94,2021,5.94775,539.3,0.011029
CZ,S94,2022,7.40374,635.3,0.011654
CZ,S94,2023,7.56115,719.8,0.010505
CZ,S95,2012,3.77029,345.9,0.010900
CZ,S95,2013,3.89896,327.3,0.011912
CZ,S95,2014,3.31925,319.6,0.010386
CZ,S95,2015,3.88156,375.5,0.010337
CZ,S95,2016,4.04616,390.4,0.010364
CZ,S95,2017,2.79728,379.5,0.007371
CZ,S95,2018,6.94104,370.2,0.018749
CZ,S95,2019,3.0284,377.2,0.008029
CZ,S95,2020,1.81366,382.8,0.004738
CZ,S95,2021,1.38766,357.5,0.003882
CZ,S95,2022,2.22681,464.3,0.004796
CZ,S95,2023,2.18617,465.3,0.004698
CZ,S96,2012,33.7976,854.0,0.039576
CZ,S96,2013,30.13193,798.2,0.037750
CZ,S96,2014,33.91971,766.2,0.044270
CZ,S96,2015,28.66478,819.6,0.034974
CZ,S96,2016,27.31403,884.1,0.030895
CZ,S96,2017,26.46618,947.3,0.027939
CZ,S96,2018,30.71761,1023.4,0.030015
CZ,S96,2019,32.68569,1181.9,0.027655
CZ,S96,2020,21.30594,965.2,0.022074
CZ,S96,2021,21.94437,1062.9,0.020646
CZ,S96,2022,24.20137,1204.9,0.020086
CZ,S96,2023,24.32539,1467.0,0.016582
CZ,T,2012,0.0,114.0,0.000000
CZ,T,2013,0.0,121.3,0.000000
CZ,T,2014,0.0,121.1,0.000000
CZ,T,2015,0.0,127.0,0.000000
CZ,T,2016,0.0,155.1,0.000000
CZ,T,2017,0.0,307.3,0.000000
CZ,T,2018,0.0,359.8,0.000000
CZ,T,2019,0.0,236.0,0.000000
CZ,T,2020,0.0,188.1,0.000000
CZ,T,2021,0.0,236.6,0.000000
CZ,T,2022,0.0,316.9,0.000000
CZ,T,2023,0.0,352.6,0.000000
CZ,TOTAL,2012,108696.3152,147400.9,0.737420
CZ,TOTAL,2013,104498.46157,143926.7,0.726053
CZ,TOTAL,2014,103538.46562,143913.5,0.719449
CZ,TOTAL,2015,101998.4534,153657.0,0.663806
CZ,TOTAL,2016,104467.62657,161310.8,0.647617
CZ,TOTAL,2017,102674.70363,177057.7,0.579894
CZ,TOTAL,2018,103008.6906,192659.1,0.534668
CZ,TOTAL,2019,97952.45174,207645.5,0.471729
CZ,TOTAL,2020,88494.1762,200921.0,0.440443
CZ,TOTAL,2021,93852.27654,224220.1,0.418572
CZ,TOTAL,2022,93560.73867,261260.4,0.358113
CZ,TOTAL,2023,82800.06065,293132.6,0.282466
DE,A,2012,69679.6759,25513.0,2.731144
DE,A,2013,70692.95561,26576.0,2.660030
DE,A,2014,73280.34835,27326.0,2.681708
DE,A,2015,73500.7749,21872.0,3.360496
DE,A,2016,72239.13533,23342.0,3.094813
DE,A,2017,70811.68691,28665.0,2.470319
DE,A,2018,69676.34983,25496.0,2.732835
DE,A,2019,68462.99214,29470.0,2.323142
DE,A,2020,67625.8059,25144.0,2.689540
DE,A,2021,66170.54741,27761.0,2.383579
DE,A,2022,65152.88082,39680.0,1.641958
DE,A,2023,64204.2507,39204.0,1.637696
DE,A01,2012,69117.98892,22077.0,3.130769
DE,A01,2013,70140.76517,23221.0,3.020575
DE,A01,2014,72450.68102,23589.0,3.071376
DE,A01,2015,72573.39057,17985.0,4.035218
DE,A01,2016,71478.72233,19302.0,3.703177
DE,A01,2017,70038.61457,24717.0,2.833621
DE,A01,2018,68953.57967,21105.0,3.267168
DE,A01,2019,67727.65928,26592.0,2.546919
DE,A01,2020,66808.33156,23671.0,2.822370
DE,A01,2021,65361.07852,25589.0,2.554265
DE,A01,2022,64379.03959,35614.0,1.807689
DE,A01,2023,63477.95849,34896.0,1.819061
DE,A02,2012,522.77484,3178.0,0.164498
DE,A02,2013,513.33386,3126.0,0.164214
DE,A02,2014,760.47699,3519.0,0.216106
DE,A02,2015,846.725,3568.0,0.237311
DE,A02,2016,693.37638,3807.0,0.182132
DE,A02,2017,703.68386,3604.0,0.195251
DE,A02,2018,656.97935,3919.0,0.167640
DE,A02,2019,674.6656,2492.0,0.270733
DE,A02,2020,753.66234,1161.0,0.649149
DE,A02,2021,753.03418,1900.0,0.396334
DE,A02,2022,722.74792,3714.0,0.194601
DE,A02,2023,676.96095,4000.0,0.169240
DE,A03,2012,38.91214,258.0,0.150822
DE,A03,2013,38.85659,229.0,0.169679
DE,A03,2014,69.19034,218.0,0.317387
DE,A03,2015,80.65934,319.0,0.252851
DE,A03,2016,67.03662,233.0,0.287711
DE,A03,2017,69.38848,344.0,0.201711
DE,A03,2018,65.79082,472.0,0.139387
DE,A03,2019,60.66726,386.0,0.157169
DE,A03,2020,63.812,312.0,0.204526
DE,A03,2021,56.43471,272.0,0.207481
DE,A03,2022,51.09331,352.0,0.145151
DE,A03,2023,49.33125,308.0,0.160166
DE,B,2012,11580.54042,5815.0,1.991494
DE,B,2013,10571.82345,5161.0,2.048406
DE,B,2014,9082.04662,4948.0,1.835499
DE,B,2015,9148.55727,4654.0,1.965741
DE,B,2016,8314.46095,4101.0,2.027423
DE,B,2017,8309.57935,4331.0,1.918628
DE,B,2018,7598.17351,4389.0,1.731186
DE,B,2019,5583.6867,4617.0,1.209376
DE,B,2020,4937.91581,4410.0,1.119709
DE,B,2021,4839.12273,4764.0,1.015769
DE,B,2022,4421.28519,6119.0,0.722550
DE,B,2023,3832.51967,6464.0,0.592902
DE,C,2012,195176.37682,561180.0,0.347796
DE,C,2013,196937.89045,566418.0,0.347690
DE,C,2014,195576.2672,600184.0,0.325861
DE,C,2015,203045.18817,621665.0,0.326615
DE,C,2016,206014.7565,652239.0,0.315858
DE,C,2017,211926.97198,669711.0,0.316445
DE,C,2018,201747.57639,680125.0,0.296633
DE,C,2019,195951.72884,683030.0,0.286886
DE,C,2020,189294.74906,639332.0,0.296082
DE,C,2021,197672.30348,683907.0,0.289034
DE,C,2022,184710.24546,730927.0,0.252707
DE,C,2023,171274.32243,799148.0,0.214321
DE,C10-C12,2012,11187.18118,39018.0,0.286718
DE,C10-C12,2013,10859.75479,40272.0,0.269660
DE,C10-C12,2014,10844.03449,41453.0,0.261598
DE,C10-C12,2015,10787.759,43991.0,0.245227
DE,C10-C12,2016,11079.19554,45314.0,0.244498
DE,C10-C12,2017,11307.08248,45574.0,0.248104
DE,C10-C12,2018,11378.15983,46344.0,0.245515
DE,C10-C12,2019,11040.65666,47376.0,0.233043
DE,C10-C12,2020,10968.42664,51547.0,0.212785
DE,C10-C12,2021,11145.72127,49299.0,0.226084
DE,C10-C12,2022,10940.31186,49810.0,0.219641
DE,C10-C12,2023,10555.60783,60392.0,0.174785
DE,C13-C15,2012,1257.09327,7262.0,0.173106
DE,C13-C15,2013,1354.20839,7237.0,0.187123
DE,C13-C15,2014,2358.08633,7796.0,0.302474
DE,C13-C15,2015,2419.79979,7345.0,0.329449
DE,C13-C15,2016,1833.89904,7547.0,0.242997
DE,C13-C15,2017,1866.69709,7746.0,0.240989
DE,C13-C15,2018,1578.2054,8075.0,0.195443
DE,C13-C15,2019,1408.90274,7540.0,0.186857
DE,C13-C15,2020,1271.67326,6818.0,0.186517
DE,C13-C15,2021,1232.8013,7337.0,0.168025
DE,C13-C15,2022,1212.32294,7899.0,0.153478
DE,C13-C15,2023,1112.42923,8414.0,0.132212
DE,C16,2012,776.52355,6074.0,0.127844
DE,C16,2013,733.85731,6198.0,0.118402
DE,C16,2014,596.33396,6295.0,0.094731
DE,C16,2015,578.65774,7072.0,0.081824
DE,C16,2016,598.00055,6945.0,0.086105
DE,C16,2017,596.92766,6911.0,0.086374
DE,C16,2018,577.7388,6953.0,0.083092
DE,C16,2019,533.65718,7887.0,0.067663
DE,C16,2020,533.42133,9126.0,0.058451
DE,C16,2021,568.66274,9304.0,0.061120
DE,C16,2022,456.98943,11010.0,0.041507
DE,C16,2023,448.7856,9447.0,0.047506
DE,C17,2012,7998.45532,10220.0,0.782628
DE,C17,2013,8567.92425,10179.0,0.841726
DE,C17,2014,8712.85195,10646.0,0.818416
DE,C17,2015,8934.82504,10981.0,0.813662
DE,C17,2016,8826.31013,11162.0,0.790746
DE,C17,2017,8897.4165,11085.0,0.802654
DE,C17,2018,8438.93275,11797.0,0.715346
DE,C17,2019,8214.10716,11958.0,0.686913
DE,C17,2020,8092.12939,11386.0,0.710709
DE,C17,2021,8151.93174,10075.0,0.809125
DE,C17,2022,7275.49654,12105.0,0.601032
DE,C17,2023,6437.83316,12661.0,0.508477
DE,C18,2012,857.63371,8319.0,0.103093
DE,C18,2013,841.83579,7937.0,0.106065
DE,C18,2014,714.89768,7595.0,0.094127
DE,C18,2015,727.49449,7495.0,0.097064
DE,C18,2016,720.15846,7653.0,0.094101
DE,C18,2017,729.55935,7357.0,0.099165
DE,C18,2018,668.76455,6595.0,0.101405
DE,C18,2019,660.56745,6608.0,0.099965
DE,C18,2020,620.9538,6864.0,0.090465
DE,C18,2021,542.65304,6712.0,0.080848
DE,C18,2022,481.71721,6474.0,0.074408
DE,C18,2023,433.98015,7459.0,0.058182
DE,C19,2012,31292.48072,10791.0,2.899868
DE,C19,2013,33190.20441,9462.0,3.507737
DE,C19,2014,32023.85181,8481.0,3.775952
DE,C19,2015,32640.74819,8333.0,3.917046
DE,C19,2016,32892.85655,6341.0,5.187330
DE,C19,2017,32630.26582,8320.0,3.921907
DE,C19,2018,29402.00859,10761.0,2.732275
DE,C19,2019,28647.31136,8585.0,3.336903
DE,C19,2020,27651.35522,5314.0,5.203492
DE,C19,2021,27798.84876,3752.0,7.409075
DE,C19,2022,29674.41864,13815.0,2.147985
DE,C19,2023,26913.86539,10500.0,2.563225
DE,C20,2012,37477.55623,39264.0,0.954502
DE,C20,2013,36392.81625,38805.0,0.937838
DE,C20,2014,35067.90508,41868.0,0.837583
DE,C20,2015,35107.57554,46192.0,0.760036
DE,C20,2016,35700.11874,47064.0,0.758544
DE,C20,2017,37231.90504,49724.0,0.748771
DE,C20,2018,33458.59492,45593.0,0.733854
DE,C20,2019,32309.53116,46378.0,0.696656
DE,C20,2020,33405.67833,49316.0,0.677380
DE,C20,2021,34127.0384,50594.0,0.674527
DE,C20,2022,29199.62342,49446.0,0.590536
DE,C20,2023,27200.69763,52866.0,0.514522
DE,C21,2012,715.03335,21646.0,0.033033
DE,C21,2013,690.79756,21831.0,0.031643
DE,C21,2014,705.81687,23091.0,0.030567
DE,C21,2015,842.234,21949.0,0.038372
DE,C21,2016,1420.7398,24571.0,0.057822
DE,C21,2017,811.99978,21324.0,0.038079
DE,C21,2018,840.48806,22406.0,0.037512
DE,C21,2019,824.81765,24631.0,0.033487
DE,C21,2020,808.4261,23173.0,0.034887
DE,C21,2021,822.21491,27269.0,0.030152
DE,C21,2022,784.81952,27039.0,0.029025
DE,C21,2023,750.13935,25712.0,0.029175
DE,C22,2012,2039.29446,25275.0,0.080684
DE,C22,2013,2120.19283,26277.0,0.080686
DE,C22,2014,2103.99915,27229.0,0.077271
DE,C22,2015,2264.76005,28847.0,0.078509
DE,C22,2016,2441.39073,30508.0,0.080025
DE,C22,2017,2575.01635,30102.0,0.085543
DE,C22,2018,2257.28751,30644.0,0.073662
DE,C22,2019,2282.14559,31445.0,0.072576
DE,C22,2020,2134.40154,30433.0,0.070134
DE,C22,2021,2223.774,31736.0,0.070071
DE,C22,2022,2069.22927,33543.0,0.061689
DE,C22,2023,1886.84741,36028.0,0.052372
DE,C23,2012,35622.00911,15415.0,2.310867
DE,C23,2013,34986.56421,15840.0,2.208748
DE,C23,2014,35512.89887,16941.0,2.096269
DE,C23,2015,34840.02604,16615.0,2.096902
DE,C23,2016,34931.8218,17979.0,1.942924
DE,C23,2017,36015.08115,17815.0,2.021616
DE,C23,2018,35773.51118,18579.0,1.925481
DE,C23,2019,35250.80365,19167.0,1.839140
DE,C23,2020,36955.48101,19260.0,1.918768
DE,C23,2021,36115.55217,19169.0,1.884060
DE,C23,2022,33952.0897,19936.0,1.703054
DE,C23,2023,29270.83207,20812.0,1.406440
DE,C24,2012,53114.47177,21129.0,2.513819
DE,C24,2013,54129.33492,20461.0,2.645488
DE,C24,2014,54960.16569,20801.0,2.642189
DE,C24,2015,61454.01337,21315.0,2.883135
DE,C24,2016,60646.11412,20918.0,2.899231
DE,C24,2017,63619.48843,21067.0,3.019865
DE,C24,2018,61999.78161,23218.0,2.670333
DE,C24,2019,59128.96193,21001.0,2.815531
DE,C24,2020,51819.88273,18125.0,2.859028
DE,C24,2021,59462.18453,17421.0,3.413247
DE,C24,2022,54398.03476,24025.0,2.264226
DE,C24,2023,53002.58414,27778.0,1.908078
DE,C25,2012,3497.0216,49829.0,0.070180
DE,C25,2013,3424.82688,51102.0,0.067019
DE,C25,2014,2897.73913,52869.0,0.054810
DE,C25,2015,3209.83481,53541.0,0.059951
DE,C25,2016,3119.22037,56040.0,0.055661
DE,C25,2017,3227.51982,56834.0,0.056789
DE,C25,2018,3154.62155,58171.0,0.054230
DE,C25,2019,3097.88964,57971.0,0.053439
DE,C25,2020,2825.87111,53407.0,0.052912
DE,C25,2021,3039.00947,58071.0,0.052333
DE,C25,2022,2881.99917,60457.0,0.047670
DE,C25,2023,2839.41462,67158.0,0.042280
DE,C26,2012,896.15212,32609.0,0.027482
DE,C26,2013,881.44309,33938.0,0.025972
DE,C26,2014,851.70358,35405.0,0.024056
DE,C26,2015,884.79565,39583.0,0.022353
DE,C26,2016,946.44643,41712.0,0.022690
DE,C26,2017,988.16368,41705.0,0.023694
DE,C26,2018,972.13136,45455.0,0.021387
DE,C26,2019,961.29482,46080.0,0.020861
DE,C26,2020,940.43312,44181.0,0.021286
DE,C26,2021,999.4239,47111.0,0.021214
DE,C26,2022,847.40897,49694.0,0.017053
DE,C26,2023,823.21847,60252.0,0.013663
DE,C27,2012,1214.0298,40145.0,0.030241
DE,C27,2013,1244.49971,40617.0,0.030640
DE,C27,2014,1185.61724,42753.0,0.027732
DE,C27,2015,1121.81173,40792.0,0.027501
DE,C27,2016,1052.01016,42608.0,0.024690
DE,C27,2017,1029.1768,44923.0,0.022910
DE,C27,2018,1024.45781,45509.0,0.022511
DE,C27,2019,999.95466,44398.0,0.022523
DE,C27,2020,846.95233,43303.0,0.019559
DE,C27,2021,913.01143,46274.0,0.019731
DE,C27,2022,867.19869,46839.0,0.018514
DE,C27,2023,826.60001,51960.0,0.015908
DE,C28,2012,2845.30493,88103.0,0.032295
DE,C28,2013,2840.77326,88841.0,0.031976
DE,C28,2014,2463.49161,93692.0,0.026294
DE,C28,2015,2358.38056,95425.0,0.024714
DE,C28,2016,2403.33353,100555.0,0.023901
DE,C28,2017,2619.25819,104947.0,0.024958
DE,C28,2018,2564.97287,108690.0,0.023599
DE,C28,2019,2617.34509,109298.0,0.023947
DE,C28,2020,2424.2464,97552.0,0.024851
DE,C28,2021,2584.80545,106147.0,0.024351
DE,C28,2022,2401.39661,106927.0,0.022458
DE,C28,2023,2172.08499,119739.0,0.018140
DE,C29,2012,2563.74466,97594.0,0.026269
DE,C29,2013,2804.80319,99305.0,0.028244
DE,C29,2014,2980.96566,112059.0,0.026602
DE,C29,2015,3204.91607,119135.0,0.026902
DE,C29,2016,5727.49085,131257.0,0.043636
DE,C29,2017,6123.43508,136554.0,0.044843
DE,C29,2018,5947.21656,135682.0,0.043832
DE,C29,2019,6257.78876,132606.0,0.047191
DE,C29,2020,6340.19464,113151.0,0.056033
DE,C29,2021,6239.08252,135436.0,0.046067
DE,C29,2022,5663.22195,147764.0,0.038326
DE,C29,2023,5113.07998,155935.0,0.032790
DE,C30,2012,431.97373,11515.0,0.037514
DE,C30,2013,475.71301,11463.0,0.041500
DE,C30,2014,450.99451,12781.0,0.035286
DE,C30,2015,466.41095,12998.0,0.035883
DE,C30,2016,479.2474,13645.0,0.035123
DE,C30,2017,450.80021,16219.0,0.027795
DE,C30,2018,482.88103,15612.0,0.030930
DE,C30,2019,508.88038,15970.0,0.031865
DE,C30,2020,549.68358,12342.0,0.044538
DE,C30,2021,535.36504,12872.0,0.041591
DE,C30,2022,500.9259,14706.0,0.034063
DE,C30,2023,442.30945,16885.0,0.026195
DE,C31_C32,2012,995.92467,22804.0,0.043673
DE,C31_C32,2013,995.20381,22104.0,0.045024
DE,C31_C32,2014,790.01958,23228.0,0.034012
DE,C31_C32,2015,814.65315,23980.0,0.033972
DE,C31_C32,2016,804.87857,24262.0,0.033174
DE,C31_C32,2017,803.65675,26653.0,0.030153
DE,C31_C32,2018,829.10474,25579.0,0.032413
DE,C31_C32,2019,814.0351,26979.0,0.030173
DE,C31_C32,2020,735.99424,27403.0,0.026858
DE,C31_C32,2021,765.55302,28313.0,0.027039
DE,C31_C32,2022,713.34563,29780.0,0.023954
DE,C31_C32,2023,670.96333,31552.0,0.021265
DE,C33,2012,394.49264,14168.0,0.027844
DE,C33,2013,403.13677,14549.0,0.027709
DE,C33,2014,354.89402,15201.0,0.023347
DE,C33,2015,386.492,16076.0,0.024042
DE,C33,2016,391.52374,16158.0,0.024231
DE,C33,2017,403.52182,14851.0,0.027171
DE,C33,2018,398.71727,14462.0,0.027570
DE,C33,2019,393.07785,17152.0,0.022917
DE,C33,2020,369.54431,16631.0,0.022220
DE,C33,2021,404.6698,17015.0,0.023783
DE,C33,2022,389.69527,19658.0,0.019824
DE,C33,2023,373.0496,23598.0,0.015809
DE,D,2012,334517.90053,45447.0,7.360616
DE,D,2013,337983.87672,36192.0,9.338635
DE,D,2014,319750.0134,30564.0,10.461655
DE,D,2015,307937.14889,29186.0,10.550851
DE,D,2016,303733.17336,29277.0,10.374464
DE,D,2017,284160.28255,33295.0,8.534623
DE,D,2018,270291.75468,33633.0,8.036504
DE,D,2019,220347.69928,38538.0,5.717673
DE,D,2020,184960.02505,37896.0,4.880727
DE,D,2021,212109.241,40755.0,5.204496
DE,D,2022,220733.99887,71026.0,3.107791
DE,D,2023,170420.57716,98328.0,1.733185
DE,E,2012,16051.72859,26143.0,0.613997
DE,E,2013,15280.16727,26206.0,0.583079
DE,E,2014,17685.74176,28019.0,0.631205
DE,E,2015,17175.39031,29242.0,0.587353
DE,E,2016,17294.86025,29916.0,0.578114
DE,E,2017,17192.92607,31097.0,0.552881
DE,E,2018,16886.69772,32517.0,0.519319
DE,E,2019,16350.59607,33873.0,0.482703
DE,E,2020,14863.44809,34446.0,0.431500
DE,E,2021,14375.16316,34787.0,0.413234
DE,E,2022,13306.43561,37688.0,0.353068
DE,E,2023,12828.25866,39452.0,0.325161
DE,E36,2012,182.91347,5261.0,0.034768
DE,E36,2013,155.03478,5350.0,0.028978
DE,E36,2014,154.78444,5395.0,0.028690
DE,E36,2015,144.83809,5565.0,0.026027
DE,E36,2016,136.35017,5902.0,0.023102
DE,E36,2017,134.31874,5627.0,0.023870
DE,E36,2018,125.76317,5772.0,0.021788
DE,E36,2019,122.15277,5821.0,0.020985
DE,E36,2020,115.82023,5811.0,0.019931
DE,E36,2021,106.64258,5788.0,0.018425
DE,E36,2022,116.48461,6113.0,0.019055
DE,E36,2023,109.91088,6557.0,0.016762
DE,E37-E39,2012,15868.81512,20882.0,0.759928
DE,E37-E39,2013,15125.13249,20856.0,0.725217
DE,E37-E39,2014,17530.95732,22624.0,0.774883
DE,E37-E39,2015,17030.55221,23677.0,0.719287
DE,E37-E39,2016,17158.51008,24014.0,0.714521
DE,E37-E39,2017,17058.60732,25470.0,0.669753
DE,E37-E39,2018,16760.93454,26745.0,0.626694
DE,E37-E39,2019,16228.4433,28052.0,0.578513
DE,E37-E39,2020,14747.62786,28635.0,0.515021
DE,E37-E39,2021,14268.52059,28999.0,0.492035
DE,E37-E39,2022,13189.95101,31575.0,0.417734
DE,E37-E39,2023,12718.34777,32895.0,0.386635
DE,F,2012,7747.85409,104485.0,0.074153
DE,F,2013,7949.12575,107809.0,0.073733
DE,F,2014,7868.05923,111828.0,0.070359
DE,F,2015,7953.55416,113982.0,0.069779
DE,F,2016,7897.856,120757.0,0.065403
DE,F,2017,8175.48641,127357.0,0.064193
DE,F,2018,7740.04547,137055.0,0.056474
DE,F,2019,7800.14831,143419.0,0.054387
DE,F,2020,7563.42933,154717.0,0.048886
DE,F,2021,7834.37314,162155.0,0.048314
DE,F,2022,7686.67086,173942.0,0.044191
DE,F,2023,7604.26016,187208.0,0.040619
DE,G,2012,17972.05034,238028.0,0.075504
DE,G,2013,18766.58814,241342.0,0.077759
DE,G,2014,17401.2803,260995.0,0.066673
DE,G,2015,17694.30377,272490.0,0.064936
DE,G,2016,16382.48199,286189.0,0.057244
DE,G,2017,16605.224,308611.0,0.053806
DE,G,2018,15698.72966,315424.0,0.049770
DE,G,2019,15321.08787,325558.0,0.047061
DE,G,2020,14507.96042,339890.0,0.042684
DE,G,2021,14715.35185,354424.0,0.041519
DE,G,2022,14182.76352,403042.0,0.035189
DE,G,2023,13130.65601,409495.0,0.032065
DE,G45,2012,1205.92717,39719.0,0.030361
DE,G45,2013,1280.74873,39964.0,0.032048
DE,G45,2014,1236.56912,43349.0,0.028526
DE,G45,2015,1315.65117,44706.0,0.029429
DE,G45,2016,1233.74939,48675.0,0.025347
DE,G45,2017,1296.97919,49329.0,0.026292
DE,G45,2018,1195.71287,49323.0,0.024243
DE,G45,2019,1130.83722,55279.0,0.020457
DE,G45,2020,1027.37738,51804.0,0.019832
DE,G45,2021,1025.37995,51660.0,0.019849
DE,G45,2022,986.26864,56853.0,0.017348
DE,G45,2023,990.69041,63464.0,0.015610
DE,G46,2012,5890.71327,120851.0,0.048744
DE,G46,2013,6128.66123,118708.0,0.051628
DE,G46,2014,5794.06642,130523.0,0.044391
DE,G46,2015,5847.67677,133104.0,0.043933
DE,G46,2016,5331.19304,138644.0,0.038452
DE,G46,2017,5503.64545,150999.0,0.036448
DE,G46,2018,5401.60001,155831.0,0.034663
DE,G46,2019,5345.42552,159865.0,0.033437
DE,G46,2020,5132.0615,162533.0,0.031576
DE,G46,2021,5243.56408,179975.0,0.029135
DE,G46,2022,5129.54953,212274.0,0.024165
DE,G46,2023,4800.24932,210385.0,0.022816
DE,G47,2012,10875.4099,77458.0,0.140404
DE,G47,2013,11357.17818,82670.0,0.137380
DE,G47,2014,10370.64475,87123.0,0.119035
DE,G47,2015,10530.97583,94680.0,0.111227
DE,G47,2016,9817.53956,98870.0,0.099297
DE,G47,2017,9804.59936,108283.0,0.090546
DE,G47,2018,9101.41678,110270.0,0.082538
DE,G47,2019,8844.82513,110414.0,0.080106
DE,G47,2020,8348.52155,125553.0,0.066494
DE,G47,2021,8446.40782,122789.0,0.068788
DE,G47,2022,8066.94534,133915.0,0.060239
DE,G47,2023,7339.71627,135646.0,0.054109
DE,H,2012,87238.36553,112984.0,0.772130
DE,H,2013,88152.55171,119815.0,0.735739
DE,H,2014,81408.02465,120724.0,0.674332
DE,H,2015,88373.53114,127758.0,0.691726
DE,H,2016,87125.17172,126961.0,0.686236
DE,H,2017,91707.79017,132992.0,0.689574
DE,H,2018,74787.9474,139042.0,0.537880
DE,H,2019,73863.42923,143559.0,0.514516
DE,H,2020,50205.0636,129232.0,0.388488
DE,H,2021,55183.22281,155157.0,0.355661
DE,H,2022,63687.63504,178335.0,0.357124
DE,H,2023,62178.28828,167868.0,0.370400
DE,H49,2012,26100.3686,43408.0,0.601280
DE,H49,2013,26887.31527,45089.0,0.596317
DE,H49,2014,16974.16346,47238.0,0.359333
DE,H49,2015,16593.21986,48081.0,0.345110
DE,H49,2016,16086.73673,49473.0,0.325162
DE,H49,2017,15585.86182,50741.0,0.307165
DE,H49,2018,17117.00493,52615.0,0.325326
DE,H49,2019,17074.13094,55650.0,0.306813
DE,H49,2020,12893.44507,48590.0,0.265352
DE,H49,2021,13265.51592,53187.0,0.249413
DE,H49,2022,13429.9963,60356.0,0.222513
DE,H49,2023,12037.21222,57692.0,0.208646
DE,H50,2012,24082.19129,7616.0,3.162052
DE,H50,2013,23665.56843,8554.0,2.766608
DE,H50,2014,22954.14674,6226.0,3.686821
DE,H50,2015,29823.91263,6608.0,4.513304
DE,H50,2016,26721.46769,4358.0,6.131590
DE,H50,2017,29964.18049,6601.0,4.539340
DE,H50,2018,10167.82796,7240.0,1.404396
DE,H50,2019,10830.19203,6793.0,1.594317
DE,H50,2020,9932.43296,4943.0,2.009394
DE,H50,2021,9839.52042,14145.0,0.695618
DE,H50,2022,9589.55356,23674.0,0.405067
DE,H50,2023,9264.91421,9575.0,0.967615
DE,H51,2012,30170.64423,7594.0,3.972958
DE,H51,2013,30167.66936,8529.0,3.537070
DE,H51,2014,28728.26921,7067.0,4.065129
DE,H51,2015,28166.86009,11785.0,2.390060
DE,H51,2016,29737.03247,8998.0,3.304849
DE,H51,2017,31077.87033,10799.0,2.877847
DE,H51,2018,30992.64037,10739.0,2.885989
DE,H51,2019,29529.67366,6362.0,4.641571
DE,H51,2020,12766.26071,1673.0,7.630760
DE,H51,2021,16919.73495,5756.0,2.939495
DE,H51,2022,25829.57387,8823.0,2.927527
DE,H51,2023,26616.31003,10902.0,2.441415
DE,H52,2012,4371.51353,41811.0,0.104554
DE,H52,2013,4852.67571,43893.0,0.110557
DE,H52,2014,9774.81505,45964.0,0.212662
DE,H52,2015,10412.9584,46144.0,0.225662
DE,H52,2016,10966.18576,47967.0,0.228619
DE,H52,2017,11108.68256,48214.0,0.230404
DE,H52,2018,12289.33177,51983.0,0.236411
DE,H52,2019,12082.284,56947.0,0.212167
DE,H52,2020,10471.1994,53958.0,0.194062
DE,H52,2021,10716.49435,61713.0,0.173651
DE,H52,2022,10436.25576,60702.0,0.171926
DE,H52,2023,10094.07709,69783.0,0.144650
DE,H53,2012,2513.64787,12555.0,0.200211
DE,H53,2013,2579.32295,13750.0,0.187587
DE,H53,2014,2976.63018,14229.0,0.209195
DE,H53,2015,3376.58015,15140.0,0.223024
DE,H53,2016,3613.74907,16165.0,0.223554
DE,H53,2017,3971.19497,16637.0,0.238697
DE,H53,2018,4221.14236,16465.0,0.256371
DE,H53,2019,4347.14861,17807.0,0.244126
DE,H53,2020,4141.72546,20068.0,0.206385
DE,H53,2021,4441.95717,20356.0,0.218214
DE,H53,2022,4402.25554,24780.0,0.177654
DE,H53,2023,4165.77473,19916.0,0.209167
DE,I,2012,4999.17622,39467.0,0.126667
DE,I,2013,5569.90105,38948.0,0.143009
DE,I,2014,5140.82209,41800.0,0.122986
DE,I,2015,5163.46304,44914.0,0.114963
DE,I,2016,4489.72688,47730.0,0.094065
DE,I,2017,4713.5475,50641.0,0.093078
DE,I,2018,4179.11112,53736.0,0.077771
DE,I,2019,4363.35894,57461.0,0.075936
DE,I,2020,3445.19128,31017.0,0.111074
DE,I,2021,3528.7505,36210.0,0.097452
DE,I,2022,3888.37813,60481.0,0.064291
DE,I,2023,3879.63283,69775.0,0.055602
DE,J,2012,2078.36789,115349.0,0.018018
DE,J,2013,2178.73681,120807.0,0.018035
DE,J,2014,1951.33242,125427.0,0.015558
DE,J,2015,1981.45961,128329.0,0.015440
DE,J,2016,1966.61372,129800.0,0.015151
DE,J,2017,2040.97608,137066.0,0.014890
DE,J,2018,2013.95936,148381.0,0.013573
DE,J,2019,2086.88617,155567.0,0.013415
DE,J,2020,1963.76199,155462.0,0.012632
DE,J,2021,2024.67178,167800.0,0.012066
DE,J,2022,2063.16594,168244.0,0.012263
DE,J,2023,2018.04825,185650.0,0.010870
DE,J58,2012,307.40007,14541.0,0.021140
DE,J58,2013,314.25324,14506.0,0.021664
DE,J58,2014,285.17958,14422.0,0.019774
DE,J58,2015,244.57567,14206.0,0.017216
DE,J58,2016,238.80684,14419.0,0.016562
DE,J58,2017,234.5618,14706.0,0.015950
DE,J58,2018,212.34749,14662.0,0.014483
DE,J58,2019,206.98326,14492.0,0.014283
DE,J58,2020,185.38274,13697.0,0.013535
DE,J58,2021,185.2957,12021.0,0.015414
DE,J58,2022,168.18772,12056.0,0.013951
DE,J58,2023,153.50783,13220.0,0.011612
DE,J59_J60,2012,159.18345,13638.0,0.011672
DE,J59_J60,2013,166.51159,15141.0,0.010997
DE,J59_J60,2014,137.55302,15118.0,0.009099
DE,J59_J60,2015,138.53324,14928.0,0.009280
DE,J59_J60,2016,127.84952,16043.0,0.007969
DE,J59_J60,2017,130.50466,16040.0,0.008136
DE,J59_J60,2018,122.65676,15952.0,0.007689
DE,J59_J60,2019,125.16562,16593.0,0.007543
DE,J59_J60,2020,113.44004,14808.0,0.007661
DE,J59_J60,2021,113.40648,15418.0,0.007355
DE,J59_J60,2022,114.68483,16479.0,0.006959
DE,J59_J60,2023,110.51015,16361.0,0.006754
DE,J61,2012,150.51693,26378.0,0.005706
DE,J61,2013,153.38605,24613.0,0.006232
DE,J61,2014,389.42216,26101.0,0.014920
DE,J61,2015,393.64128,26854.0,0.014659
DE,J61,2016,396.52213,25583.0,0.015499
DE,J61,2017,413.42211,26562.0,0.015564
DE,J61,2018,420.4214,26718.0,0.015736
DE,J61,2019,439.34811,27860.0,0.015770
DE,J61,2020,386.38095,30034.0,0.012865
DE,J61,2021,394.4916,27984.0,0.014097
DE,J61,2022,390.79137,23221.0,0.016829
DE,J61,2023,384.97174,29017.0,0.013267
DE,J62_J63,2012,1461.26743,60792.0,0.024037
DE,J62_J63,2013,1544.58592,66547.0,0.023210
DE,J62_J63,2014,1139.17765,69786.0,0.016324
DE,J62_J63,2015,1204.70942,72341.0,0.016653
DE,J62_J63,2016,1203.43522,73755.0,0.016317
DE,J62_J63,2017,1262.48751,79758.0,0.015829
DE,J62_J63,2018,1258.53371,91049.0,0.013823
DE,J62_J63,2019,1315.38917,96622.0,0.013614
DE,J62_J63,2020,1278.55826,96923.0,0.013191
DE,J62_J63,2021,1331.478,112377.0,0.011848
DE,J62_J63,2022,1389.50201,116488.0,0.011928
DE,J62_J63,2023,1369.05853,127052.0,0.010776
DE,K,2012,1546.50764,121913.0,0.012685
DE,K,2013,1585.52556,119300.0,0.013290
DE,K,2014,1735.59226,120155.0,0.014445
DE,K,2015,1740.7618,124832.0,0.013945
DE,K,2016,1509.43393,122325.0,0.012340
DE,K,2017,1503.82916,121140.0,0.012414
DE,K,2018,1367.80279,120446.0,0.011356
DE,K,2019,1374.57035,125949.0,0.010914
DE,K,2020,1278.84776,128334.0,0.009965
DE,K,2021,1269.84155,138836.0,0.009146
DE,K,2022,1210.67783,135040.0,0.008965
DE,K,2023,1148.49021,149169.0,0.007699
DE,K64,2012,1002.82302,83412.0,0.012023
DE,K64,2013,1028.02322,80883.0,0.012710
DE,K64,2014,1124.36767,81265.0,0.013836
DE,K64,2015,1121.9465,81925.0,0.013695
DE,K64,2016,961.24661,78108.0,0.012307
DE,K64,2017,966.75641,74922.0,0.012904
DE,K64,2018,859.56534,71350.0,0.012047
DE,K64,2019,849.59621,74482.0,0.011407
DE,K64,2020,782.97253,76462.0,0.010240
DE,K64,2021,764.01823,77207.0,0.009896
DE,K64,2022,708.37441,77612.0,0.009127
DE,K64,2023,674.02828,87654.0,0.007690
DE,K65,2012,282.44696,25376.0,0.011130
DE,K65,2013,288.19896,24473.0,0.011776
DE,K65,2014,310.60158,23150.0,0.013417
DE,K65,2015,305.60868,26510.0,0.011528
DE,K65,2016,285.52169,27319.0,0.010451
DE,K65,2017,234.83839,28443.0,0.008256
DE,K65,2018,219.58854,30227.0,0.007265
DE,K65,2019,217.24411,30615.0,0.007096
DE,K65,2020,204.17167,28974.0,0.007047
DE,K65,2021,210.47266,37166.0,0.005663
DE,K65,2022,211.56836,33537.0,0.006309
DE,K65,2023,203.1118,38122.0,0.005328
DE,K66,2012,261.23766,13125.0,0.019904
DE,K66,2013,269.30338,13944.0,0.019313
DE,K66,2014,300.62302,15740.0,0.019099
DE,K66,2015,313.20662,16397.0,0.019101
DE,K66,2016,262.66563,16898.0,0.015544
DE,K66,2017,302.23435,17775.0,0.017003
DE,K66,2018,288.64892,18869.0,0.015298
DE,K66,2019,307.73002,20852.0,0.014758
DE,K66,2020,291.70355,22898.0,0.012739
DE,K66,2021,295.35067,24463.0,0.012073
DE,K66,2022,290.73505,23891.0,0.012169
DE,K66,2023,271.35012,23393.0,0.011600
DE,L,2012,998.91197,276608.0,0.003611
DE,L,2013,1029.04218,287595.0,0.003578
DE,L,2014,960.42418,293879.0,0.003268
DE,L,2015,951.08039,304542.0,0.003123
DE,L,2016,889.93529,311455.0,0.002857
DE,L,2017,904.41237,317987.0,0.002844
DE,L,2018,855.23548,322425.0,0.002653
DE,L,2019,877.96789,329105.0,0.002668
DE,L,2020,828.05633,333172.0,0.002485
DE,L,2021,829.11932,339710.0,0.002441
DE,L,2022,808.57589,346060.0,0.002337
DE,L,2023,769.14873,374433.0,0.002054
DE,L68A,2012,0.0,106338.0,0.000000
DE,L68A,2013,0.0,110210.0,0.000000
DE,L68A,2014,0.0,113583.0,0.000000
DE,L68A,2015,0.0,119469.0,0.000000
DE,L68A,2016,0.0,121634.0,0.000000
DE,L68A,2017,0.0,125185.0,0.000000
DE,L68A,2018,0.0,126343.0,0.000000
DE,L68A,2019,0.0,127909.0,0.000000
DE,L68A,2020,0.0,130787.0,0.000000
DE,L68A,2021,0.0,132364.0,0.000000
DE,L68A,2022,0.0,135806.0,0.000000
DE,L68A,2023,0.0,150275.0,0.000000
DE,M,2012,7025.73361,156385.0,0.044926
DE,M,2013,7424.00938,165280.0,0.044918
DE,M,2014,7978.28539,168017.0,0.047485
DE,M,2015,8370.03629,177791.0,0.047078
DE,M,2016,8296.70445,188644.0,0.043981
DE,M,2017,8751.94633,205038.0,0.042685
DE,M,2018,8745.71842,214613.0,0.040751
DE,M,2019,9164.34053,212201.0,0.043187
DE,M,2020,8133.26074,215016.0,0.037826
DE,M,2021,8256.77047,238914.0,0.034560
DE,M,2022,8211.82341,244865.0,0.033536
DE,M,2023,8143.54328,267634.0,0.030428
DE,M69_M70,2012,3736.62296,73736.0,0.050676
DE,M69_M70,2013,3937.25194,75810.0,0.051936
DE,M69_M70,2014,4265.09166,79056.0,0.053950
DE,M69_M70,2015,4522.2218,80582.0,0.056120
DE,M69_M70,2016,4444.39521,85369.0,0.052061
DE,M69_M70,2017,4720.27328,98560.0,0.047892
DE,M69_M70,2018,4723.95071,103931.0,0.045453
DE,M69_M70,2019,4955.4635,102280.0,0.048450
DE,M69_M70,2020,4375.41682,104202.0,0.041990
DE,M69_M70,2021,4477.13762,106720.0,0.041952
DE,M69_M70,2022,4466.83858,116853.0,0.038226
DE,M69_M70,2023,4465.14633,127582.0,0.034998
DE,M71,2012,2045.98345,44828.0,0.045641
DE,M71,2013,2194.92955,48758.0,0.045017
DE,M71,2014,2350.07763,46843.0,0.050169
DE,M71,2015,2483.43897,51402.0,0.048314
DE,M71,2016,2510.91345,52405.0,0.047914
DE,M71,2017,2650.7913,58336.0,0.045440
DE,M71,2018,2694.08777,60148.0,0.044791
DE,M71,2019,2836.70379,61335.0,0.046249
DE,M71,2020,2510.66346,59981.0,0.041858
DE,M71,2021,2534.51682,64528.0,0.039278
DE,M71,2022,2519.69485,59285.0,0.042501
DE,M71,2023,2472.32491,70369.0,0.035134
DE,M72,2012,424.88815,17565.0,0.024189
DE,M72,2013,440.15884,18696.0,0.023543
DE,M72,2014,446.46206,19751.0,0.022605
DE,M72,2015,435.81908,22038.0,0.019776
DE,M72,2016,413.62495,21979.0,0.018819
DE,M72,2017,425.88107,23077.0,0.018455
DE,M72,2018,410.26156,23700.0,0.017311
DE,M72,2019,429.54257,25323.0,0.016963
DE,M72,2020,418.5848,24706.0,0.016943
DE,M72,2021,433.47425,37393.0,0.011592
DE,M72,2022,428.19124,37578.0,0.011395
DE,M72,2023,428.95834,32474.0,0.013209
DE,M73,2012,524.61138,10586.0,0.049557
DE,M73,2013,551.08462,11508.0,0.047887
DE,M73,2014,576.15169,11058.0,0.052103
DE,M73,2015,585.65995,11252.0,0.052049
DE,M73,2016,586.71365,11503.0,0.051005
DE,M73,2017,602.4539,11850.0,0.050840
DE,M73,2018,576.12189,11781.0,0.048903
DE,M73,2019,581.5597,12022.0,0.048375
DE,M73,2020,494.75957,10124.0,0.048870
DE,M73,2021,469.81672,13716.0,0.034253
DE,M73,2022,456.74812,13807.0,0.033081
DE,M73,2023,441.42205,15895.0,0.027771
DE,M74_M75,2012,293.62767,9670.0,0.030365
DE,M74_M75,2013,300.58443,10508.0,0.028605
DE,M74_M75,2014,340.50235,11309.0,0.030109
DE,M74_M75,2015,342.89649,12517.0,0.027394
DE,M74_M75,2016,341.05719,17388.0,0.019615
DE,M74_M75,2017,352.54679,13215.0,0.026678
DE,M74_M75,2018,341.29648,15053.0,0.022673
DE,M74_M75,2019,361.07097,11241.0,0.032121
DE,M74_M75,2020,333.83609,16003.0,0.020861
DE,M74_M75,2021,341.82506,16557.0,0.020645
DE,M74_M75,2022,340.35063,17342.0,0.019626
DE,M74_M75,2023,335.69165,21314.0,0.015750
DE,N,2012,6609.42465,112000.0,0.059013
DE,N,2013,6916.26471,121037.0,0.057142
DE,N,2014,6311.14001,132183.0,0.047745
DE,N,2015,6400.03394,136016.0,0.047054
DE,N,2016,6083.78912,141616.0,0.042960
DE,N,2017,6332.02566,145502.0,0.043518
DE,N,2018,5984.70645,155030.0,0.038604
DE,N,2019,6056.48975,155827.0,0.038867
DE,N,2020,5483.51304,144067.0,0.038062
DE,N,2021,5596.2432,158092.0,0.035399
DE,N,2022,5550.00404,184794.0,0.030033
DE,N,2023,5469.59941,197545.0,0.027688
DE,N77,2012,101.4788,35161.0,0.002886
DE,N77,2013,109.49903,37744.0,0.002901
DE,N77,2014,248.62384,39623.0,0.006275
DE,N77,2015,253.45841,41034.0,0.006177
DE,N77,2016,242.37049,43790.0,0.005535
DE,N77,2017,255.47436,40675.0,0.006281
DE,N77,2018,245.56816,41959.0,0.005853
DE,N77,2019,259.18561,40739.0,0.006362
DE,N77,2020,229.77306,42678.0,0.005384
DE,N77,2021,224.41652,47164.0,0.004758
DE,N77,2022,234.19264,57732.0,0.004057
DE,N77,2023,236.31331,57966.0,0.004077
DE,N78,2012,2223.22904,25047.0,0.088762
DE,N78,2013,2377.51475,28036.0,0.084802
DE,N78,2014,2128.84316,30065.0,0.070808
DE,N78,2015,2116.8251,30870.0,0.068572
DE,N78,2016,2043.17149,29309.0,0.069711
DE,N78,2017,2131.89401,31765.0,0.067115
DE,N78,2018,1948.98373,30968.0,0.062935
DE,N78,2019,1828.27441,31351.0,0.058316
DE,N78,2020,1534.74077,26457.0,0.058009
DE,N78,2021,1637.03654,29354.0,0.055769
DE,N78,2022,1649.39671,33308.0,0.049520
DE,N78,2023,1560.58386,35306.0,0.044202
DE,N79,2012,219.45306,6391.0,0.034338
DE,N79,2013,227.16857,6774.0,0.033535
DE,N79,2014,206.54268,7118.0,0.029017
DE,N79,2015,205.6745,7311.0,0.028132
DE,N79,2016,185.23748,6454.0,0.028701
DE,N79,2017,194.32799,7029.0,0.027647
DE,N79,2018,187.25243,7963.0,0.023515
DE,N79,2019,193.9281,6246.0,0.031048
DE,N79,2020,163.40038,1756.0,0.093053
DE,N79,2021,140.37166,1526.0,0.091987
DE,N79,2022,134.37707,4922.0,0.027301
DE,N79,2023,133.92352,5407.0,0.024769
DE,N80-N82,2012,4065.26374,45401.0,0.089541
DE,N80-N82,2013,4202.08235,48483.0,0.086671
DE,N80-N82,2014,3727.13032,55377.0,0.067305
DE,N80-N82,2015,3824.07593,56801.0,0.067324
DE,N80-N82,2016,3613.00966,62063.0,0.058215
DE,N80-N82,2017,3750.32929,66033.0,0.056795
DE,N80-N82,2018,3602.90212,74140.0,0.048596
DE,N80-N82,2019,3775.10162,77491.0,0.048717
DE,N80-N82,2020,3555.59884,73176.0,0.048590
DE,N80-N82,2021,3594.41847,80048.0,0.044903
DE,N80-N82,2022,3532.03763,88832.0,0.039761
DE,N80-N82,2023,3538.77871,98866.0,0.035794
DE,O,2012,5907.83895,151265.0,0.039056
DE,O,2013,6142.08548,155128.0,0.039594
DE,O,2014,5731.19661,158884.0,0.036072
DE,O,2015,5768.0821,162309.0,0.035538
DE,O,2016,5400.45314,167709.0,0.032201
DE,O,2017,5260.22814,174969.0,0.030064
DE,O,2018,4889.9627,182318.0,0.026821
DE,O,2019,5021.84914,191787.0,0.026185
DE,O,2020,4718.75993,198614.0,0.023758
DE,O,2021,4914.72407,208362.0,0.023587
DE,O,2022,4707.89487,221295.0,0.021274
DE,O,2023,4567.8546,237907.0,0.019200
DE,P,2012,2392.59463,115518.0,0.020712
DE,P,2013,2549.09088,118863.0,0.021446
DE,P,2014,5102.10923,123702.0,0.041245
DE,P,2015,5300.45545,127073.0,0.041712
DE,P,2016,4555.90993,132581.0,0.034363
DE,P,2017,4668.84067,137190.0,0.034032
DE,P,2018,4064.51096,142773.0,0.028468
DE,P,2019,4108.71171,150025.0,0.027387
DE,P,2020,4129.97529,152685.0,0.027049
DE,P,2021,4961.74238,158946.0,0.031217
DE,P,2022,4136.3747,170997.0,0.024190
DE,P,2023,4096.43166,180300.0,0.022720
DE,Q,2012,8438.04886,192665.0,0.043796
DE,Q,2013,8633.80253,200910.0,0.042973
DE,Q,2014,8658.6389,212157.0,0.040812
DE,Q,2015,9182.03644,222111.0,0.041340
DE,Q,2016,8487.63678,232159.0,0.036560
DE,Q,2017,8765.16025,244722.0,0.035817
DE,Q,2018,8205.48478,253104.0,0.032419
DE,Q,2019,8321.39349,268467.0,0.030996
DE,Q,2020,7953.81918,278386.0,0.028571
DE,Q,2021,8162.57227,283764.0,0.028765
DE,Q,2022,8087.08658,299705.0,0.026983
DE,Q,2023,7591.06011,315414.0,0.024067
DE,Q86,2012,4861.58265,130074.0,0.037376
DE,Q86,2013,4911.46739,135819.0,0.036162
DE,Q86,2014,4903.73548,142841.0,0.034330
DE,Q86,2015,5265.10435,149023.0,0.035331
DE,Q86,2016,5040.20821,154803.0,0.032559
DE,Q86,2017,5119.49175,161124.0,0.031774
DE,Q86,2018,4810.0504,165875.0,0.028998
DE,Q86,2019,4906.12124,175290.0,0.027989
DE,Q86,2020,4670.33303,181922.0,0.025672
DE,Q86,2021,4872.50542,181985.0,0.026774
DE,Q86,2022,4874.32117,190574.0,0.025577
DE,Q86,2023,4478.91717,196883.0,0.022749
DE,Q87_Q88,2012,3576.46621,62591.0,0.057140
DE,Q87_Q88,2013,3722.33514,65091.0,0.057187
DE,Q87_Q88,2014,3754.90342,69316.0,0.054171
DE,Q87_Q88,2015,3916.93209,73088.0,0.053592
DE,Q87_Q88,2016,3447.42857,77356.0,0.044566
DE,Q87_Q88,2017,3645.6685,83598.0,0.043610
DE,Q87_Q88,2018,3395.43438,87229.0,0.038926
DE,Q87_Q88,2019,3415.27225,93177.0,0.036654
DE,Q87_Q88,2020,3283.48615,96464.0,0.034038
DE,Q87_Q88,2021,3290.06685,101779.0,0.032326
DE,Q87_Q88,2022,3212.76541,109131.0,0.029440
DE,Q87_Q88,2023,3112.14294,118531.0,0.026256
DE,R,2012,736.16885,29038.0,0.025352
DE,R,2013,755.65943,29692.0,0.025450
DE,R,2014,675.09734,30602.0,0.022061
DE,R,2015,686.65083,32158.0,0.021352
DE,R,2016,601.7048,32782.0,0.018355
DE,R,2017,628.13637,34029.0,0.018459
DE,R,2018,585.62878,34855.0,0.016802
DE,R,2019,593.35548,36313.0,0.016340
DE,R,2020,528.48202,29188.0,0.018106
DE,R,2021,500.34829,28813.0,0.017365
DE,R,2022,517.06053,38171.0,0.013546
DE,R,2023,508.58356,41928.0,0.012130
DE,R90-R92,2012,372.27146,16812.0,0.022143
DE,R90-R92,2013,372.587,17051.0,0.021851
DE,R90-R92,2014,323.39551,17439.0,0.018544
DE,R90-R92,2015,325.55179,18372.0,0.017720
DE,R90-R92,2016,281.7436,18906.0,0.014902
DE,R90-R92,2017,289.65285,19487.0,0.014864
DE,R90-R92,2018,266.05406,19740.0,0.013478
DE,R90-R92,2019,263.64827,20343.0,0.012960
DE,R90-R92,2020,234.91445,15987.0,0.014694
DE,R90-R92,2021,222.59296,15569.0,0.014297
DE,R90-R92,2022,225.77945,20863.0,0.010822
DE,R90-R92,2023,217.51376,22479.0,0.009676
DE,R93,2012,363.8974,12226.0,0.029764
DE,R93,2013,383.07243,12641.0,0.030304
DE,R93,2014,351.70183,13163.0,0.026719
DE,R93,2015,361.09903,13786.0,0.026193
DE,R93,2016,319.9612,13876.0,0.023059
DE,R93,2017,338.48352,14542.0,0.023276
DE,R93,2018,319.57472,15115.0,0.021143
DE,R93,2019,329.70721,15970.0,0.020645
DE,R93,2020,293.56757,13201.0,0.022238
DE,R93,2021,277.75533,13244.0,0.020972
DE,R93,2022,291.28108,17308.0,0.016829
DE,R93,2023,291.0698,19449.0,0.014966
DE,S,2012,2157.53055,62972.0,0.034262
DE,S,2013,2063.45754,62377.0,0.033080
DE,S,2014,1985.34661,64099.0,0.030973
DE,S,2015,1971.71652,65599.0,0.030057
DE,S,2016,1683.13863,65585.0,0.025663
DE,S,2017,1693.4633,65824.0,0.025727
DE,S,2018,1505.63177,66612.0,0.022603
DE,S,2019,1532.52953,69163.0,0.022158
DE,S,2020,1446.43203,61254.0,0.023614
DE,S,2021,1398.50881,62820.0,0.022262
DE,S,2022,1336.78617,72819.0,0.018358
DE,S,2023,1266.67884,77520.0,0.016340
DE,S94,2012,1122.63682,27217.0,0.041248
DE,S94,2013,1131.89456,27473.0,0.041200
DE,S94,2014,969.21957,28067.0,0.034532
DE,S94,2015,966.50637,28613.0,0.033779
DE,S94,2016,807.32969,29560.0,0.027312
DE,S94,2017,838.24279,30491.0,0.027491
DE,S94,2018,753.81055,31319.0,0.024069
DE,S94,2019,751.28043,32378.0,0.023203
DE,S94,2020,717.30589,32780.0,0.021882
DE,S94,2021,680.3553,32898.0,0.020681
DE,S94,2022,664.71058,33842.0,0.019642
DE,S94,2023,630.88578,35854.0,0.017596
DE,S95,2012,56.85928,1807.0,0.031466
DE,S95,2013,55.16547,1711.0,0.032242
DE,S95,2014,51.9024,1626.0,0.031920
DE,S95,2015,49.31412,1816.0,0.027155
DE,S95,2016,45.6136,1947.0,0.023428
DE,S95,2017,46.5112,1786.0,0.026042
DE,S95,2018,42.86854,1824.0,0.023502
DE,S95,2019,43.97425,1872.0,0.023491
DE,S95,2020,40.52932,1842.0,0.022003
DE,S95,2021,40.21879,1874.0,0.021461
DE,S95,2022,37.91681,1921.0,0.019738
DE,S95,2023,34.14973,2109.0,0.016192
DE,S96,2012,978.03445,33948.0,0.028810
DE,S96,2013,876.3975,33193.0,0.026403
DE,S96,2014,964.22464,34406.0,0.028025
DE,S96,2015,955.89602,35170.0,0.027179
DE,S96,2016,830.19535,34078.0,0.024362
DE,S96,2017,808.70931,33547.0,0.024107
DE,S96,2018,708.95268,33469.0,0.021182
DE,S96,2019,737.27485,34913.0,0.021117
DE,S96,2020,688.59682,26632.0,0.025856
DE,S96,2021,677.93472,28048.0,0.024171
DE,S96,2022,634.15877,37056.0,0.017114
DE,S96,2023,601.64334,39557.0,0.015210
DE,T,2012,33.83955,6326.0,0.005349
DE,T,2013,39.97766,6482.0,0.006167
DE,T,2014,48.57228,6598.0,0.007362
DE,T,2015,50.56854,6794.0,0.007443
DE,T,2016,54.09289,6978.0,0.007752
DE,T,2017,57.73801,7151.0,0.008074
DE,T,2018,60.68202,7342.0,0.008265
DE,T,2019,63.05621,7744.0,0.008143
DE,T,2020,55.73655,7835.0,0.007114
DE,T,2021,55.02201,8108.0,0.006786
DE,T,2022,52.59839,8644.0,0.006085
DE,T,2023,49.6905,9495.0,0.005233
DE,TOTAL,2012,782888.63559,2499101.0,0.313268
DE,TOTAL,2013,791222.53232,2555938.0,0.309562
DE,TOTAL,2014,768330.33882,2662091.0,0.288619
DE,TOTAL,2015,772394.79354,2753317.0,0.280532
DE,TOTAL,2016,763021.03567,2852146.0,0.267525
DE,TOTAL,2017,754210.25128,2977318.0,0.253319
DE,TOTAL,2018,706885.7093,3069316.0,0.230307
DE,TOTAL,2019,647245.87763,3161673.0,0.204716
DE,TOTAL,2020,573924.23342,3100097.0,0.185131
DE,TOTAL,2021,614397.64024,3294085.0,0.186515
DE,TOTAL,2022,614452.34185,3591874.0,0.171067
DE,TOTAL,2023,544981.89504,3853937.0,0.141409
DK,A,2012,14721.16326,4113.5,3.578744
DK,A,2013,14729.58835,3261.4,4.516339
DK,A,2014,14685.34267,3595.2,4.084708
DK,A,2015,14604.23169,2472.4,5.906905
DK,A,2016,14785.45468,2621.7,5.639644
DK,A,2017,14689.66173,3708.5,3.961079
DK,A,2018,14585.62251,3001.3,4.859768
DK,A,2019,14349.80348,3829.8,3.746881
DK,A,2020,14492.83959,4174.6,3.471671
DK,A,2021,14290.87083,3711.4,3.850534
DK,A,2022,14036.01081,3814.4,3.679743
DK,A,2023,12881.66342,3883.4,3.317110
DK,A01,2012,14324.27983,3730.8,3.839466
DK,A01,2013,14298.3346,2818.1,5.073750
DK,A01,2014,14289.19021,3139.5,4.551422
DK,A01,2015,14178.42699,2018.7,7.023543
DK,A01,2016,14356.96795,2132.2,6.733406
DK,A01,2017,14283.24566,3255.1,4.387959
DK,A01,2018,14180.64275,2487.6,5.700532
DK,A01,2019,13948.0574,3375.6,4.132023
DK,A01,2020,14099.62982,3635.5,3.878319
DK,A01,2021,13834.10696,3110.4,4.447694
DK,A01,2022,13572.61548,3299.5,4.113537
DK,A01,2023,12415.77772,3318.7,3.741157
DK,A02,2012,62.82845,117.1,0.536537
DK,A02,2013,63.06031,170.8,0.369206
DK,A02,2014,62.5038,193.4,0.323184
DK,A02,2015,64.31875,117.7,0.546463
DK,A02,2016,64.80815,126.5,0.512317
DK,A02,2017,61.5367,114.4,0.537908
DK,A02,2018,66.81801,190.8,0.350199
DK,A02,2019,60.67672,198.2,0.306139
DK,A02,2020,60.12424,218.4,0.275294
DK,A02,2021,64.21808,326.0,0.196988
DK,A02,2022,56.982,348.3,0.163600
DK,A02,2023,73.46934,311.9,0.235554
DK,A03,2012,334.05498,265.6,1.257737
DK,A03,2013,368.19344,272.5,1.351169
DK,A03,2014,333.64866,262.3,1.272012
DK,A03,2015,361.48596,335.9,1.076171
DK,A03,2016,363.67858,363.0,1.001869
DK,A03,2017,344.87937,338.9,1.017643
DK,A03,2018,338.16175,322.9,1.047265
DK,A03,2019,341.06937,255.9,1.332823
DK,A03,2020,333.08553,320.8,1.038297
DK,A03,2021,392.54578,275.0,1.427439
DK,A03,2022,406.41333,166.6,2.439456
DK,A03,2023,392.41636,252.8,1.552280
DK,B,2012,2018.12552,7086.5,0.284785
DK,B,2013,1945.10551,5845.1,0.332775
DK,B,2014,1911.43616,4700.8,0.406619
DK,B,2015,1953.66209,2494.2,0.783282
DK,B,2016,1853.92096,2239.5,0.827828
DK,B,2017,1858.66781,2471.0,0.752193
DK,B,2018,1756.6588,2938.7,0.597767
DK,B,2019,1605.33713,2242.7,0.715806
DK,B,2020,1126.08867,948.4,1.187356
DK,B,2021,1132.13367,1432.3,0.790431
DK,B,2022,1192.52109,3024.9,0.394235
DK,B,2023,1098.97387,1963.3,0.559759
DK,C,2012,5906.69037,28503.5,0.207227
DK,C,2013,5608.87484,30624.3,0.183151
DK,C,2014,5572.34943,31423.1,0.177333
DK,C,2015,5582.56395,33982.0,0.164280
DK,C,2016,5748.30007,36525.6,0.157377
DK,C,2017,6045.48182,38309.0,0.157808
DK,C,2018,5826.24656,39145.3,0.148836
DK,C,2019,5683.87978,41352.7,0.137449
DK,C,2020,5678.99688,40067.0,0.141738
DK,C,2021,5862.64789,43101.5,0.136020
DK,C,2022,5431.2181,48804.4,0.111285
DK,C,2023,4787.16298,61193.4,0.078230
DK,C10-C12,2012,1218.50239,3592.1,0.339217
DK,C10-C12,2013,1114.89392,3746.4,0.297591
DK,C10-C12,2014,1099.32756,3789.7,0.290083
DK,C10-C12,2015,1047.61617,4031.3,0.259871
DK,C10-C12,2016,1089.33494,4262.2,0.255580
DK,C10-C12,2017,1109.46689,3930.3,0.282286
DK,C10-C12,2018,1034.26774,4009.0,0.257986
DK,C10-C12,2019,960.88682,4267.7,0.225153
DK,C10-C12,2020,905.24348,4182.6,0.216431
DK,C10-C12,2021,989.95255,4117.4,0.240431
DK,C10-C12,2022,910.39366,4386.6,0.207540
DK,C10-C12,2023,806.58498,5484.6,0.147064
DK,C13-C15,2012,25.49102,304.7,0.083659
DK,C13-C15,2013,23.13671,361.1,0.064073
DK,C13-C15,2014,20.18498,374.2,0.053942
DK,C13-C15,2015,19.7667,399.5,0.049479
DK,C13-C15,2016,19.17736,387.6,0.049477
DK,C13-C15,2017,20.11298,416.8,0.048256
DK,C13-C15,2018,17.42901,482.2,0.036145
DK,C13-C15,2019,16.34147,471.0,0.034695
DK,C13-C15,2020,15.34809,450.3,0.034084
DK,C13-C15,2021,16.60027,458.8,0.036182
DK,C13-C15,2022,14.91443,466.0,0.032005
DK,C13-C15,2023,14.10398,455.7,0.030950
DK,C16,2012,37.97199,540.1,0.070305
DK,C16,2013,33.68781,521.5,0.064598
DK,C16,2014,28.99065,557.9,0.051964
DK,C16,2015,29.55514,579.1,0.051036
DK,C16,2016,29.60994,563.6,0.052537
DK,C16,2017,28.86623,588.2,0.049076
DK,C16,2018,31.87834,580.2,0.054944
DK,C16,2019,27.67619,614.8,0.045017
DK,C16,2020,24.9636,621.0,0.040199
DK,C16,2021,26.17071,719.2,0.036389
DK,C16,2022,29.82126,799.1,0.037319
DK,C16,2023,27.71559,778.0,0.035624
DK,C17,2012,103.02103,382.8,0.269125
DK,C17,2013,95.89051,366.8,0.261425
DK,C17,2014,91.56039,397.9,0.230109
DK,C17,2015,89.96563,409.6,0.219643
DK,C17,2016,61.42108,361.6,0.169859
DK,C17,2017,65.60549,407.2,0.161114
DK,C17,2018,65.0658,380.2,0.171136
DK,C17,2019,55.65832,430.4,0.129318
DK,C17,2020,45.74916,490.6,0.093251
DK,C17,2021,57.9835,421.6,0.137532
DK,C17,2022,62.1778,444.1,0.140009
DK,C17,2023,59.62669,481.7,0.123784
DK,C18,2012,13.48895,451.3,0.029889
DK,C18,2013,13.5055,440.0,0.030694
DK,C18,2014,13.71053,474.7,0.028883
DK,C18,2015,13.18752,400.7,0.032911
DK,C18,2016,12.59058,392.8,0.032053
DK,C18,2017,12.26061,430.1,0.028506
DK,C18,2018,11.25517,395.6,0.028451
DK,C18,2019,9.23281,380.7,0.024252
DK,C18,2020,7.20128,344.2,0.020922
DK,C18,2021,6.95487,262.3,0.026515
DK,C18,2022,6.13407,263.4,0.023288
DK,C18,2023,5.4136,266.2,0.020337
DK,C19,2013,947.40179,41.5,22.828959
DK,C19,2015,1029.29596,592.3,1.737795
DK,C19,2016,824.19805,347.0,2.375211
DK,C19,2017,935.25938,338.1,2.766221
DK,C19,2018,865.3301,74.1,11.677869
DK,C19,2019,943.87746,162.0,5.826404
DK,C19,2020,864.72849,92.6,9.338321
DK,C19,2021,925.53541,122.0,7.586356
DK,C19,2022,921.17818,757.9,1.215435
DK,C19,2023,881.51503,904.1,0.975019
DK,C20,2012,318.00811,1946.9,0.163341
DK,C20,2013,321.19778,1887.4,0.170180
DK,C20,2014,329.93533,2109.1,0.156434
DK,C20,2015,313.88415,2416.3,0.129903
DK,C20,2016,272.93656,2547.5,0.107139
DK,C20,2017,247.87233,2652.7,0.093442
DK,C20,2018,222.41953,2600.1,0.085543
DK,C20,2019,218.10489,2845.3,0.076654
DK,C20,2020,247.37254,2992.3,0.082670
DK,C20,2021,286.82177,3269.4,0.087729
DK,C20,2022,279.73478,3326.8,0.084085
DK,C20,2023,265.17124,3509.5,0.075558
DK,C21,2012,103.87756,6000.5,0.017311
DK,C21,2013,86.6476,6537.8,0.013253
DK,C21,2014,73.54472,6810.2,0.010799
DK,C21,2015,72.2991,8075.6,0.008953
DK,C21,2016,86.83017,8940.5,0.009712
DK,C21,2017,82.85145,9866.1,0.008398
DK,C21,2018,80.20649,11226.9,0.007144
DK,C21,2019,73.73873,11456.3,0.006437
DK,C21,2020,70.93468,12063.7,0.005880
DK,C21,2021,79.03832,12201.4,0.006478
DK,C21,2022,63.95195,16436.4,0.003891
DK,C21,2023,58.43194,24589.2,0.002376
DK,C22,2012,50.96188,985.7,0.051701
DK,C22,2013,46.49034,961.5,0.048352
DK,C22,2014,41.70697,1252.9,0.033288
DK,C22,2015,40.49704,1251.6,0.032356
DK,C22,2016,48.29355,1177.2,0.041024
DK,C22,2017,48.78858,1211.6,0.040268
DK,C22,2018,49.49765,1119.0,0.044234
DK,C22,2019,44.33175,1173.3,0.037784
DK,C22,2020,39.92482,1207.6,0.033061
DK,C22,2021,45.44651,1140.8,0.039837
DK,C22,2022,41.66789,1132.4,0.036796
DK,C22,2023,33.88369,1277.4,0.026526
DK,C23,2012,2333.07637,971.1,2.402509
DK,C23,2013,2268.3099,966.4,2.347175
DK,C23,2014,2333.49273,1063.6,2.193957
DK,C23,2015,2382.5527,1090.2,2.185427
DK,C23,2016,2751.34578,1265.4,2.174289
DK,C23,2017,2942.55312,1368.3,2.150518
DK,C23,2018,2906.12872,1416.8,2.051192
DK,C23,2019,2825.34356,1465.6,1.927773
DK,C23,2020,2971.5223,1464.3,2.029313
DK,C23,2021,2923.36866,1474.4,1.982751
DK,C23,2022,2634.13759,1527.1,1.724928
DK,C23,2023,2162.57113,1612.6,1.341046
DK,C24,2012,95.24256,295.0,0.322856
DK,C24,2013,98.78662,303.4,0.325599
DK,C24,2014,105.20704,329.0,0.319778
DK,C24,2015,102.57853,403.4,0.254285
DK,C24,2016,118.47987,400.7,0.295682
DK,C24,2017,119.94247,409.3,0.293043
DK,C24,2018,114.28057,388.6,0.294083
DK,C24,2019,104.1697,455.9,0.228492
DK,C24,2020,90.61647,386.1,0.234697
DK,C24,2021,108.26579,403.8,0.268117
DK,C24,2022,91.14204,588.4,0.154898
DK,C24,2023,93.07004,613.1,0.151802
DK,C25,2012,208.58223,2060.9,0.101209
DK,C25,2013,178.69607,2340.7,0.076343
DK,C25,2014,134.00506,2446.3,0.054779
DK,C25,2015,134.95066,2372.6,0.056879
DK,C25,2016,139.15563,2525.5,0.055100
DK,C25,2017,143.93594,2600.4,0.055351
DK,C25,2018,147.82313,2485.4,0.059477
DK,C25,2019,137.73173,2647.3,0.052027
DK,C25,2020,141.81873,2630.7,0.053909
DK,C25,2021,136.46749,2607.1,0.052345
DK,C25,2022,127.95544,3011.9,0.042483
DK,C25,2023,126.57539,3372.1,0.037536
DK,C26,2012,37.35714,2089.6,0.017878
DK,C26,2013,40.19497,2125.2,0.018913
DK,C26,2014,37.51197,2058.8,0.018220
DK,C26,2015,24.61221,2124.9,0.011583
DK,C26,2016,23.33858,2226.6,0.010482
DK,C26,2017,25.10531,2569.9,0.009769
DK,C26,2018,18.30462,2509.9,0.007293
DK,C26,2019,14.56891,2598.9,0.005606
DK,C26,2020,11.49748,2299.4,0.005000
DK,C26,2021,10.36015,2759.3,0.003755
DK,C26,2022,9.26186,3073.6,0.003013
DK,C26,2023,8.9178,3610.2,0.002470
DK,C27,2012,32.54493,899.8,0.036169
DK,C27,2013,27.93162,817.6,0.034163
DK,C27,2014,24.3754,884.2,0.027568
DK,C27,2015,19.6242,1018.2,0.019273
DK,C27,2016,18.98114,1036.7,0.018309
DK,C27,2017,19.34555,982.4,0.019692
DK,C27,2018,19.68494,1064.8,0.018487
DK,C27,2019,19.30395,1078.4,0.017901
DK,C27,2020,18.69336,965.0,0.019371
DK,C27,2021,20.02947,1096.8,0.018262
DK,C27,2022,15.24947,1201.0,0.012697
DK,C27,2023,15.74089,1220.6,0.012896
DK,C28,2012,228.36608,5007.3,0.045607
DK,C28,2013,194.49375,5654.8,0.034394
DK,C28,2014,163.71214,5479.1,0.029879
DK,C28,2015,159.03514,4925.3,0.032289
DK,C28,2016,151.07503,5818.8,0.025963
DK,C28,2017,142.23455,6493.5,0.021904
DK,C28,2018,139.55319,6425.6,0.021718
DK,C28,2019,132.81485,7257.0,0.018302
DK,C28,2020,120.56258,5779.3,0.020861
DK,C28,2021,123.41727,7112.5,0.017352
DK,C28,2022,118.62794,6121.2,0.019380
DK,C28,2023,119.42258,6289.8,0.018987
DK,C29,2012,22.49236,328.5,0.068470
DK,C29,2013,20.4871,288.0,0.071136
DK,C29,2014,20.28372,299.7,0.067680
DK,C29,2015,18.98583,349.4,0.054338
DK,C29,2016,15.76154,384.7,0.040971
DK,C29,2017,14.94895,394.5,0.037893
DK,C29,2018,14.51683,348.7,0.041631
DK,C29,2019,12.23463,351.2,0.034837
DK,C29,2020,10.8224,270.2,0.040053
DK,C29,2021,11.95518,324.0,0.036899
DK,C29,2022,10.61195,302.7,0.035058
DK,C29,2023,11.11545,386.8,0.028737
DK,C30,2012,4.5504,188.5,0.024140
DK,C30,2013,4.75371,166.4,0.028568
DK,C30,2014,6.53806,156.3,0.041830
DK,C30,2015,6.16266,198.3,0.031077
DK,C30,2016,5.30479,226.1,0.023462
DK,C30,2017,5.38328,227.5,0.023663
DK,C30,2018,5.92685,218.2,0.027162
DK,C30,2019,5.65254,238.5,0.023700
DK,C30,2020,5.41088,255.3,0.021194
DK,C30,2021,5.3159,300.7,0.017678
DK,C30,2022,4.39077,291.0,0.015089
DK,C30,2023,5.21059,375.3,0.013884
DK,C31_C32,2012,47.66741,2232.3,0.021353
DK,C31_C32,2013,38.94119,2326.3,0.016740
DK,C31_C32,2014,30.66451,2473.4,0.012398
DK,C31_C32,2015,31.08551,2488.0,0.012494
DK,C31_C32,2016,32.59222,2788.4,0.011689
DK,C31_C32,2017,32.04148,2558.8,0.012522
DK,C31_C32,2018,32.19065,2557.4,0.012587
DK,C31_C32,2019,32.37723,2601.8,0.012444
DK,C31_C32,2020,32.15082,2730.4,0.011775
DK,C31_C32,2021,33.58355,3337.1,0.010064
DK,C31_C32,2022,27.52101,3537.3,0.007780
DK,C31_C32,2023,27.73119,4633.7,0.005985
DK,C33,2012,55.26318,839.1,0.065860
DK,C33,2013,53.42795,771.3,0.069270
DK,C33,2014,45.97189,577.9,0.079550
DK,C33,2015,46.9091,855.8,0.054813
DK,C33,2016,47.87327,872.6,0.054863
DK,C33,2017,48.90724,863.2,0.056658
DK,C33,2018,50.48723,862.7,0.058522
DK,C33,2019,49.83425,856.5,0.058184
DK,C33,2020,54.43575,841.4,0.064697
DK,C33,2021,55.38052,972.8,0.056929
DK,C33,2022,62.34601,1137.6,0.054805
DK,C33,2023,64.3612,1332.9,0.048287
DK,D,2012,15065.26199,2917.0,5.164642
DK,D,2013,17952.07499,2677.2,6.705541
DK,D,2014,13350.06583,2871.0,4.649971
DK,D,2015,10480.13043,2924.5,3.583563
DK,D,2016,11775.39433,2806.1,4.196356
DK,D,2017,9886.51718,2939.4,3.363447
DK,D,2018,9002.45971,2922.7,3.080186
DK,D,2019,5854.73527,3264.6,1.793400
DK,D,2020,4935.3131,3133.7,1.574916
DK,D,2021,5940.38223,3548.0,1.674290
DK,D,2022,5699.9435,7452.2,0.764867
DK,D,2023,4200.20972,4620.5,0.909038
DK,E,2012,2313.16393,1836.0,1.259893
DK,E,2013,2379.51515,1820.9,1.306780
DK,E,2014,2453.53311,1898.1,1.292626
DK,E,2015,2422.80946,2030.6,1.193150
DK,E,2016,2525.92191,2088.3,1.209559
DK,E,2017,2446.40648,2009.5,1.217420
DK,E,2018,2487.83841,2114.2,1.176728
DK,E,2019,2467.17309,2107.4,1.170719
DK,E,2020,2487.31295,2225.9,1.117441
DK,E,2021,2340.4935,2496.1,0.937660
DK,E,2022,2394.70919,2480.2,0.965531
DK,E,2023,2385.82434,2594.6,0.919535
DK,E36,2012,6.02198,355.0,0.016963
DK,E36,2013,6.20499,366.6,0.016926
DK,E36,2014,6.24078,393.4,0.015864
DK,E36,2015,6.68894,416.1,0.016075
DK,E36,2016,9.08241,429.4,0.021151
DK,E36,2017,7.68472,453.8,0.016934
DK,E36,2018,6.23038,428.1,0.014554
DK,E36,2019,6.94315,443.9,0.015641
DK,E36,2020,6.17916,443.9,0.013920
DK,E36,2021,4.97245,448.3,0.011092
DK,E36,2022,6.44285,430.4,0.014969
DK,E36,2023,6.17287,460.5,0.013405
DK,E37-E39,2012,2307.14195,1480.9,1.557932
DK,E37-E39,2013,2373.31016,1454.3,1.631926
DK,E37-E39,2014,2447.29233,1504.7,1.626432
DK,E37-E39,2015,2416.12051,1614.4,1.496606
DK,E37-E39,2016,2516.83951,1658.9,1.517174
DK,E37-E39,2017,2438.72175,1555.7,1.567604
DK,E37-E39,2018,2481.60803,1686.1,1.471804
DK,E37-E39,2019,2460.22994,1663.6,1.478859
DK,E37-E39,2020,2481.13379,1782.0,1.392331
DK,E37-E39,2021,2335.52105,2047.8,1.140503
DK,E37-E39,2022,2388.26635,2049.8,1.165122
DK,E37-E39,2023,2379.65146,2134.2,1.115009
DK,F,2012,1423.65536,10137.4,0.140436
DK,F,2013,1436.70687,10249.3,0.140176
DK,F,2014,1447.27204,10652.1,0.135867
DK,F,2015,1485.66235,11821.8,0.125671
DK,F,2016,1538.62547,13448.4,0.114410
DK,F,2017,1568.18079,14389.1,0.108984
DK,F,2018,1597.08052,14815.1,0.107801
DK,F,2019,1546.53885,14717.2,0.105084
DK,F,2020,1590.94051,14659.9,0.108523
DK,F,2021,1589.11938,16002.2,0.099306
DK,F,2022,1672.01173,16897.2,0.098952
DK,F,2023,1722.71161,17991.4,0.095752
DK,G,2012,1280.12132,28211.0,0.045377
DK,G,2013,1202.20338,28904.8,0.041592
DK,G,2014,1131.3388,30075.2,0.037617
DK,G,2015,1114.31519,31219.9,0.035692
DK,G,2016,1099.28035,31579.8,0.034810
DK,G,2017,1091.02138,33278.0,0.032785
DK,G,2018,1097.02406,34224.8,0.032053
DK,G,2019,1045.22063,33838.0,0.030889
DK,G,2020,962.62238,37942.1,0.025371
DK,G,2021,986.46861,39647.0,0.024881
DK,G,2022,940.65101,38425.6,0.024480
DK,G,2023,938.44022,39455.3,0.023785
DK,G45,2012,257.96054,2812.7,0.091713
DK,G45,2013,244.30509,2862.0,0.085362
DK,G45,2014,245.62145,2916.8,0.084209
DK,G45,2015,262.01841,2898.6,0.090395
DK,G45,2016,285.96945,3233.8,0.088431
DK,G45,2017,300.83688,3188.3,0.094357
DK,G45,2018,301.59195,3441.0,0.087647
DK,G45,2019,306.24987,3574.5,0.085676
DK,G45,2020,283.50224,3470.6,0.081687
DK,G45,2021,303.9279,3915.6,0.077620
DK,G45,2022,293.02563,3766.0,0.077808
DK,G45,2023,266.76659,3834.3,0.069574
DK,G46,2012,769.48904,18074.7,0.042573
DK,G46,2013,713.05203,18779.9,0.037969
DK,G46,2014,677.4094,19564.6,0.034624
DK,G46,2015,642.54274,20749.0,0.030967
DK,G46,2016,606.75106,20479.0,0.029628
DK,G46,2017,586.60421,21786.8,0.026925
DK,G46,2018,589.57854,22425.7,0.026290
DK,G46,2019,564.19826,21505.8,0.026235
DK,G46,2020,522.23754,24551.2,0.021271
DK,G46,2021,518.20233,25611.0,0.020234
DK,G46,2022,498.08937,25412.6,0.019600
DK,G46,2023,509.77771,26038.2,0.019578
DK,G47,2012,252.67173,7323.6,0.034501
DK,G47,2013,244.84626,7263.0,0.033711
DK,G47,2014,208.30795,7593.9,0.027431
DK,G47,2015,209.75403,7572.4,0.027700
DK,G47,2016,206.55984,7867.0,0.026256
DK,G47,2017,203.58029,8302.8,0.024519
DK,G47,2018,205.85357,8358.2,0.024629
DK,G47,2019,174.7725,8757.8,0.019956
DK,G47,2020,156.8826,9920.3,0.015814
DK,G47,2021,164.33839,10120.5,0.016238
DK,G47,2022,149.53602,9247.0,0.016171
DK,G47,2023,161.89592,9582.8,0.016894
DK,H,2012,42509.94333,11034.3,3.852527
DK,H,2013,38130.6598,12934.6,2.947958
DK,H,2014,37784.30063,14113.1,2.677250
DK,H,2015,44064.47714,13954.3,3.157771
DK,H,2016,47805.07844,12639.5,3.782197
DK,H,2017,48577.26105,13843.1,3.509132
DK,H,2018,50567.9483,12983.7,3.894726
DK,H,2019,51078.37183,14381.3,3.551721
DK,H,2020,42324.22001,14081.2,3.005725
DK,H,2021,49505.61281,24410.5,2.028046
DK,H,2022,46156.49214,44418.3,1.039132
DK,H,2023,45378.13557,19315.7,2.349288
DK,H49,2012,1855.27748,4149.3,0.447130
DK,H49,2013,1882.05863,4361.9,0.431477
DK,H49,2014,1845.4256,4320.1,0.427172
DK,H49,2015,1906.92295,4346.2,0.438756
DK,H49,2016,1876.33181,4408.7,0.425598
DK,H49,2017,1874.095,4629.0,0.404860
DK,H49,2018,1926.37837,4562.3,0.422238
DK,H49,2019,1871.27492,4367.2,0.428484
DK,H49,2020,1939.03917,3793.3,0.511175
DK,H49,2021,2004.80352,4200.5,0.477277
DK,H49,2022,1946.4801,4793.0,0.406109
DK,H49,2023,1894.52908,5161.4,0.367057
DK,H50,2012,38008.71727,2059.7,18.453521
DK,H50,2013,33144.41922,3388.0,9.782886
DK,H50,2014,32493.09304,4883.0,6.654330
DK,H50,2015,38664.18044,4788.8,8.073877
DK,H50,2016,41746.70142,3328.7,12.541443
DK,H50,2017,42869.28961,4180.2,10.255320
DK,H50,2018,44780.64618,3540.3,12.648828
DK,H50,2019,45459.43572,4655.4,9.764883
DK,H50,2020,38378.89602,5758.2,6.665086
DK,H50,2021,45700.14651,14911.7,3.064717
DK,H50,2022,41541.52493,33499.4,1.240068
DK,H50,2023,40133.0079,8610.4,4.660992
DK,H51,2012,2334.04224,715.9,3.260291
DK,H51,2013,2864.32447,648.7,4.415484
DK,H51,2014,3177.11937,496.3,6.401611
DK,H51,2015,3185.74316,606.0,5.257002
DK,H51,2016,3860.43472,700.9,5.507825
DK,H51,2017,3522.92426,772.1,4.562782
DK,H51,2018,3551.51392,710.2,5.000724
DK,H51,2019,3348.607,660.5,5.069806
DK,H51,2020,1444.64308,258.7,5.584241
DK,H51,2021,1163.0037,235.8,4.932162
DK,H51,2022,1931.14475,204.5,9.443251
DK,H51,2023,2655.63221,427.9,6.206198
DK,H52,2012,252.7534,3027.4,0.083489
DK,H52,2013,179.06233,3498.3,0.051186
DK,H52,2014,196.07032,3406.0,0.057566
DK,H52,2015,233.56469,3279.6,0.071217
DK,H52,2016,241.14339,3327.6,0.072468
DK,H52,2017,226.63567,3506.5,0.064633
DK,H52,2018,215.84301,3377.2,0.063912
DK,H52,2019,318.05878,3833.0,0.082979
DK,H52,2020,482.10557,3367.6,0.143160
DK,H52,2021,524.6678,4152.8,0.126341
DK,H52,2022,622.3423,5019.0,0.123997
DK,H52,2023,590.52119,4119.9,0.143334
DK,H53,2012,59.15294,1082.0,0.054670
DK,H53,2013,60.79515,1037.7,0.058586
DK,H53,2014,72.5923,1007.6,0.072045
DK,H53,2015,74.06591,933.8,0.079317
DK,H53,2016,80.4671,873.7,0.092099
DK,H53,2017,84.3165,755.3,0.111633
DK,H53,2018,93.56681,793.6,0.117902
DK,H53,2019,80.99541,865.2,0.093615
DK,H53,2020,79.53617,903.4,0.088041
DK,H53,2021,112.99128,909.7,0.124207
DK,H53,2022,115.00005,902.3,0.127452
DK,H53,2023,104.44519,996.1,0.104854
DK,I,2012,162.29385,3201.0,0.050701
DK,I,2013,158.60533,3439.2,0.046117
DK,I,2014,142.25467,3574.6,0.039796
DK,I,2015,142.8799,3572.3,0.039997
DK,I,2016,143.11869,4023.0,0.035575
DK,I,2017,141.91362,4161.6,0.034101
DK,I,2018,139.32393,4364.9,0.031919
DK,I,2019,120.91386,4479.1,0.026995
DK,I,2020,107.42097,2907.4,0.036947
DK,I,2021,113.48561,3475.4,0.032654
DK,I,2022,114.60408,4893.3,0.023421
DK,I,2023,106.55482,5295.0,0.020124
DK,J,2012,98.1218,9871.5,0.009940
DK,J,2013,95.58366,10523.1,0.009083
DK,J,2014,85.23252,10418.6,0.008181
DK,J,2015,87.38911,10963.5,0.007971
DK,J,2016,92.70274,11604.7,0.007988
DK,J,2017,89.99712,11801.4,0.007626
DK,J,2018,84.24869,11938.0,0.007057
DK,J,2019,77.81804,12909.7,0.006028
DK,J,2020,74.24807,13336.0,0.005567
DK,J,2021,83.02512,13826.5,0.006005
DK,J,2022,72.72944,14216.6,0.005116
DK,J,2023,63.79983,15263.1,0.004180
DK,J58,2012,12.13299,1445.3,0.008395
DK,J58,2013,10.93305,1520.7,0.007189
DK,J58,2014,9.38009,1692.1,0.005543
DK,J58,2015,10.06983,1973.4,0.005103
DK,J58,2016,9.54652,2015.8,0.004736
DK,J58,2017,9.33908,1950.5,0.004788
DK,J58,2018,8.41105,2001.1,0.004203
DK,J58,2019,7.55087,2139.1,0.003530
DK,J58,2020,7.18596,2177.5,0.003300
DK,J58,2021,8.07045,2255.7,0.003578
DK,J58,2022,6.79395,2244.1,0.003027
DK,J58,2023,5.69811,2263.4,0.002518
DK,J59_J60,2012,22.13861,1413.5,0.015662
DK,J59_J60,2013,22.42421,1462.5,0.015333
DK,J59_J60,2014,20.71725,1532.2,0.013521
DK,J59_J60,2015,21.22589,1587.9,0.013367
DK,J59_J60,2016,29.53963,1666.8,0.017722
DK,J59_J60,2017,28.60276,1640.7,0.017433
DK,J59_J60,2018,29.05659,1695.5,0.017137
DK,J59_J60,2019,25.14277,1599.2,0.015722
DK,J59_J60,2020,25.51704,1488.7,0.017140
DK,J59_J60,2021,26.59216,1692.2,0.015715
DK,J59_J60,2022,22.04141,1686.4,0.013070
DK,J59_J60,2023,21.19259,1645.5,0.012879
DK,J61,2012,25.09268,2678.8,0.009367
DK,J61,2013,23.94984,2826.0,0.008475
DK,J61,2014,21.59805,2513.8,0.008592
DK,J61,2015,21.96252,2507.2,0.008760
DK,J61,2016,22.89077,2595.0,0.008821
DK,J61,2017,21.03507,2545.6,0.008263
DK,J61,2018,17.08562,2489.4,0.006863
DK,J61,2019,16.90893,2733.9,0.006185
DK,J61,2020,15.78606,2753.2,0.005734
DK,J61,2021,18.23636,2657.8,0.006861
DK,J61,2022,18.87202,2730.5,0.006912
DK,J61,2023,15.73695,2903.2,0.005421
DK,J62_J63,2012,38.75752,4334.0,0.008943
DK,J62_J63,2013,38.27657,4713.9,0.008120
DK,J62_J63,2014,33.53713,4680.6,0.007165
DK,J62_J63,2015,34.13088,4895.0,0.006973
DK,J62_J63,2016,30.72582,5327.1,0.005768
DK,J62_J63,2017,31.0202,5664.6,0.005476
DK,J62_J63,2018,29.69543,5752.0,0.005163
DK,J62_J63,2019,28.21547,6437.5,0.004383
DK,J62_J63,2020,25.75902,6916.6,0.003724
DK,J62_J63,2021,30.12615,7220.7,0.004172
DK,J62_J63,2022,25.02205,7555.6,0.003312
DK,J62_J63,2023,21.17218,8451.0,0.002505
DK,K,2012,58.83624,13392.1,0.004393
DK,K,2013,56.18326,13148.0,0.004273
DK,K,2014,51.32055,13389.6,0.003833
DK,K,2015,51.28471,13777.8,0.003722
DK,K,2016,59.46284,13887.9,0.004282
DK,K,2017,56.66683,14435.6,0.003925
DK,K,2018,56.64305,14678.2,0.003859
DK,K,2019,51.75379,14439.7,0.003584
DK,K,2020,49.20562,14411.3,0.003414
DK,K,2021,49.87865,15547.4,0.003208
DK,K,2022,48.62335,15476.9,0.003142
DK,K,2023,45.80495,18445.0,0.002483
DK,K64,2012,45.45523,10201.0,0.004456
DK,K64,2013,43.49167,9836.8,0.004421
DK,K64,2014,39.79731,10078.2,0.003949
DK,K64,2015,39.32914,10249.8,0.003837
DK,K64,2016,46.65932,10360.2,0.004504
DK,K64,2017,44.36154,10605.3,0.004183
DK,K64,2018,44.33161,10599.7,0.004182
DK,K64,2019,40.55568,10289.1,0.003942
DK,K64,2020,38.49516,10201.1,0.003774
DK,K64,2021,39.33201,11027.1,0.003567
DK,K64,2022,38.76567,11181.3,0.003467
DK,K64,2023,36.98175,13839.5,0.002672
DK,K65,2012,8.12622,2008.0,0.004047
DK,K65,2013,8.54232,1954.0,0.004372
DK,K65,2014,7.73022,1921.6,0.004023
DK,K65,2015,8.03043,2028.4,0.003959
DK,K65,2016,8.84313,2030.8,0.004355
DK,K65,2017,8.65123,2217.1,0.003902
DK,K65,2018,8.72039,2319.1,0.003760
DK,K65,2019,7.80469,2384.5,0.003273
DK,K65,2020,7.65208,2521.1,0.003035
DK,K65,2021,8.17022,2641.7,0.003093
DK,K65,2022,7.57521,2438.3,0.003107
DK,K65,2023,6.73385,2817.8,0.002390
DK,K66,2012,5.25479,1183.1,0.004442
DK,K66,2013,4.14928,1357.2,0.003057
DK,K66,2014,3.79302,1389.9,0.002729
DK,K66,2015,3.92514,1499.5,0.002618
DK,K66,2016,3.96039,1496.9,0.002646
DK,K66,2017,3.65406,1613.1,0.002265
DK,K66,2018,3.59106,1759.3,0.002041
DK,K66,2019,3.39342,1766.1,0.001921
DK,K66,2020,3.05839,1689.1,0.001811
DK,K66,2021,2.37642,1878.7,0.001265
DK,K66,2022,2.28247,1857.3,0.001229
DK,K66,2023,2.08935,1787.7,0.001169
DK,L,2012,144.22396,23090.8,0.006246
DK,L,2013,136.79307,23579.4,0.005801
DK,L,2014,123.86899,24615.0,0.005032
DK,L,2015,130.06317,25287.1,0.005143
DK,L,2016,113.51627,26326.1,0.004312
DK,L,2017,120.76713,27631.5,0.004371
DK,L,2018,115.06396,28565.2,0.004028
DK,L,2019,109.98327,29827.9,0.003687
DK,L,2020,107.53089,31010.1,0.003468
DK,L,2021,119.90224,31859.8,0.003763
DK,L,2022,111.77398,33383.4,0.003348
DK,L,2023,110.94834,34501.8,0.003216
DK,L68A,2012,7.95995,10609.3,0.000750
DK,L68A,2013,7.79335,10884.5,0.000716
DK,L68A,2014,7.91712,11354.5,0.000697
DK,L68A,2015,8.33908,11566.3,0.000721
DK,L68A,2016,7.79718,12004.2,0.000650
DK,L68A,2017,8.52841,12331.7,0.000692
DK,L68A,2018,7.80505,12686.9,0.000615
DK,L68A,2019,7.79383,13221.1,0.000589
DK,L68A,2020,7.47191,13844.1,0.000540
DK,L68A,2021,8.04462,14073.5,0.000572
DK,L68A,2022,8.26551,14787.0,0.000559
DK,L68A,2023,8.38589,15124.7,0.000554
DK,M,2012,162.78183,11515.5,0.014136
DK,M,2013,171.07052,12278.8,0.013932
DK,M,2014,149.88908,12471.4,0.012019
DK,M,2015,149.26728,13288.8,0.011233
DK,M,2016,155.54946,15440.9,0.010074
DK,M,2017,150.56548,15979.8,0.009422
DK,M,2018,153.23883,16942.3,0.009045
DK,M,2019,144.91774,17447.0,0.008306
DK,M,2020,153.50711,17902.5,0.008575
DK,M,2021,167.25956,21076.0,0.007936
DK,M,2022,151.79535,20480.6,0.007412
DK,M,2023,148.77537,22499.1,0.006613
DK,M69_M70,2012,58.98029,5423.3,0.010875
DK,M69_M70,2013,67.23338,5653.0,0.011893
DK,M69_M70,2014,59.70124,5311.6,0.011240
DK,M69_M70,2015,57.73416,5520.2,0.010459
DK,M69_M70,2016,57.52837,5657.5,0.010169
DK,M69_M70,2017,56.55818,6032.6,0.009375
DK,M69_M70,2018,59.33114,6516.7,0.009104
DK,M69_M70,2019,55.00459,6566.8,0.008376
DK,M69_M70,2020,61.00705,7019.9,0.008691
DK,M69_M70,2021,66.53904,8024.0,0.008293
DK,M69_M70,2022,63.09621,8161.9,0.007731
DK,M69_M70,2023,65.0409,8609.0,0.007555
DK,M71,2012,54.06895,3304.6,0.016362
DK,M71,2013,54.73345,3560.1,0.015374
DK,M71,2014,49.56498,3772.6,0.013138
DK,M71,2015,49.00444,4103.7,0.011942
DK,M71,2016,54.08322,4340.3,0.012461
DK,M71,2017,52.7031,4481.1,0.011761
DK,M71,2018,53.43372,4720.2,0.011320
DK,M71,2019,52.08618,4852.5,0.010734
DK,M71,2020,55.03473,4844.6,0.011360
DK,M71,2021,54.90308,5561.3,0.009872
DK,M71,2022,53.31072,5904.5,0.009029
DK,M71,2023,50.77255,6627.3,0.007661
DK,M72,2012,9.73348,1092.8,0.008907
DK,M72,2013,9.04792,1324.5,0.006831
DK,M72,2014,8.11507,1587.6,0.005112
DK,M72,2015,7.86753,1709.4,0.004603
DK,M72,2016,7.87777,3365.9,0.002340
DK,M72,2017,7.55829,3102.3,0.002436
DK,M72,2018,7.43008,3274.1,0.002269
DK,M72,2019,7.00497,3374.3,0.002076
DK,M72,2020,6.98393,3494.4,0.001999
DK,M72,2021,6.27486,4419.5,0.001420
DK,M72,2022,5.2721,3411.9,0.001545
DK,M72,2023,4.89085,3956.6,0.001236
DK,M73,2012,17.13612,778.9,0.022000
DK,M73,2013,16.34169,753.0,0.021702
DK,M73,2014,13.03395,760.5,0.017139
DK,M73,2015,12.88946,769.5,0.016750
DK,M73,2016,13.77066,853.1,0.016142
DK,M73,2017,12.67203,915.9,0.013836
DK,M73,2018,12.54601,930.2,0.013487
DK,M73,2019,11.3004,973.0,0.011614
DK,M73,2020,11.35529,943.4,0.012037
DK,M73,2021,12.05653,1104.4,0.010917
DK,M73,2022,10.81223,1156.5,0.009349
DK,M73,2023,9.73311,1238.9,0.007856
DK,M74_M75,2012,22.86299,915.9,0.024962
DK,M74_M75,2013,23.71408,988.2,0.023997
DK,M74_M75,2014,19.47384,1039.0,0.018743
DK,M74_M75,2015,21.77168,1186.0,0.018357
DK,M74_M75,2016,22.28943,1224.2,0.018207
DK,M74_M75,2017,21.07387,1447.9,0.014555
DK,M74_M75,2018,20.49788,1501.0,0.013656
DK,M74_M75,2019,19.5216,1680.4,0.011617
DK,M74_M75,2020,19.12611,1600.2,0.011952
DK,M74_M75,2021,27.48605,1966.8,0.013975
DK,M74_M75,2022,19.30409,1845.7,0.010459
DK,M74_M75,2023,18.33796,2067.3,0.008870
DK,N,2012,231.73639,6112.0,0.037915
DK,N,2013,230.76291,6512.0,0.035437
DK,N,2014,220.64022,6767.1,0.032605
DK,N,2015,226.29091,7568.0,0.029901
DK,N,2016,224.31999,8013.0,0.027995
DK,N,2017,234.3486,8258.7,0.028376
DK,N,2018,249.16356,8568.2,0.029080
DK,N,2019,254.20836,8329.9,0.030518
DK,N,2020,256.0448,7814.0,0.032767
DK,N,2021,261.32772,9124.4,0.028641
DK,N,2022,265.5476,9405.3,0.028234
DK,N,2023,257.14283,9910.6,0.025946
DK,N77,2012,29.53637,1132.1,0.026090
DK,N77,2013,28.87176,1144.9,0.025218
DK,N77,2014,27.16902,1308.8,0.020759
DK,N77,2015,31.00901,1515.0,0.020468
DK,N77,2016,31.0145,1573.6,0.019709
DK,N77,2017,31.64546,1526.4,0.020732
DK,N77,2018,34.07438,1745.2,0.019525
DK,N77,2019,32.0152,1431.3,0.022368
DK,N77,2020,31.05811,1361.3,0.022815
DK,N77,2021,30.58191,1786.9,0.017115
DK,N77,2022,30.25291,1772.9,0.017064
DK,N77,2023,29.70395,1902.0,0.015617
DK,N78,2012,12.99621,1654.8,0.007854
DK,N78,2013,13.19566,1847.9,0.007141
DK,N78,2014,12.90749,2063.5,0.006255
DK,N78,2015,14.36573,2229.0,0.006445
DK,N78,2016,11.78293,2417.7,0.004874
DK,N78,2017,13.21189,2482.3,0.005322
DK,N78,2018,13.81765,2671.8,0.005172
DK,N78,2019,13.41946,2791.3,0.004808
DK,N78,2020,13.29534,2636.9,0.005042
DK,N78,2021,15.43436,3206.3,0.004814
DK,N78,2022,14.1055,3284.3,0.004295
DK,N78,2023,11.13483,3137.1,0.003549
DK,N79,2012,4.39362,366.8,0.011978
DK,N79,2013,4.26164,374.9,0.011367
DK,N79,2014,4.10026,342.3,0.011979
DK,N79,2015,4.10546,396.8,0.010346
DK,N79,2016,4.26857,393.2,0.010856
DK,N79,2017,4.14667,413.6,0.010026
DK,N79,2018,4.15437,391.0,0.010625
DK,N79,2019,3.47862,385.5,0.009024
DK,N79,2020,2.70825,68.5,0.039536
DK,N79,2021,2.43948,167.9,0.014529
DK,N79,2022,2.65554,326.8,0.008126
DK,N79,2023,2.61695,376.8,0.006945
DK,N80-N82,2012,184.8102,2958.3,0.062472
DK,N80-N82,2013,184.43385,3144.3,0.058657
DK,N80-N82,2014,176.46346,3052.5,0.057809
DK,N80-N82,2015,176.8107,3427.3,0.051589
DK,N80-N82,2016,177.254,3628.5,0.048850
DK,N80-N82,2017,185.34458,3836.5,0.048311
DK,N80-N82,2018,197.11716,3760.2,0.052422
DK,N80-N82,2019,205.29508,3721.8,0.055160
DK,N80-N82,2020,208.98309,3747.2,0.055770
DK,N80-N82,2021,212.87197,3963.3,0.053711
DK,N80-N82,2022,218.53365,4021.4,0.054343
DK,N80-N82,2023,213.6871,4494.7,0.047542
DK,O,2012,380.78028,12574.9,0.030281
DK,O,2013,391.84194,12349.2,0.031730
DK,O,2014,371.54266,12283.8,0.030247
DK,O,2015,345.2739,12436.2,0.027764
DK,O,2016,345.66183,12413.4,0.027846
DK,O,2017,451.20755,12511.0,0.036065
DK,O,2018,380.41979,12755.7,0.029824
DK,O,2019,391.36316,13199.2,0.029651
DK,O,2020,436.56878,13560.2,0.032195
DK,O,2021,426.61435,14493.6,0.029435
DK,O,2022,387.91742,14809.7,0.026193
DK,O,2023,426.67027,15344.7,0.027806
DK,P,2012,186.83902,14189.7,0.013167
DK,P,2013,179.93981,14251.5,0.012626
DK,P,2014,165.81732,15072.7,0.011001
DK,P,2015,176.89039,15427.1,0.011466
DK,P,2016,160.20658,15701.3,0.010203
DK,P,2017,156.00863,15781.2,0.009886
DK,P,2018,152.22634,16060.1,0.009479
DK,P,2019,136.35019,16288.9,0.008371
DK,P,2020,135.34795,16360.7,0.008273
DK,P,2021,145.66321,16857.0,0.008641
DK,P,2022,123.13683,17223.1,0.007150
DK,P,2023,117.98355,17690.0,0.006670
DK,Q,2012,278.26597,24208.3,0.011495
DK,Q,2013,281.37819,24631.7,0.011423
DK,Q,2014,248.69598,24810.4,0.010024
DK,Q,2015,251.1242,25160.8,0.009981
DK,Q,2016,233.22846,25503.4,0.009145
DK,Q,2017,224.39918,26140.5,0.008584
DK,Q,2018,225.2252,26807.3,0.008402
DK,Q,2019,196.23291,27396.4,0.007163
DK,Q,2020,194.25571,28103.0,0.006912
DK,Q,2021,208.7376,30038.1,0.006949
DK,Q,2022,171.31662,31016.7,0.005523
DK,Q,2023,180.80249,31709.1,0.005702
DK,Q86,2012,138.03799,11475.6,0.012029
DK,Q86,2013,141.52693,11718.0,0.012078
DK,Q86,2014,125.00589,11958.7,0.010453
DK,Q86,2015,122.65119,12255.6,0.010008
DK,Q86,2016,130.15962,12492.1,0.010419
DK,Q86,2017,122.24668,12857.6,0.009508
DK,Q86,2018,122.00342,13228.6,0.009223
DK,Q86,2019,105.95503,13513.1,0.007841
DK,Q86,2020,103.25561,13913.9,0.007421
DK,Q86,2021,109.95035,15330.6,0.007172
DK,Q86,2022,92.37257,15706.0,0.005881
DK,Q86,2023,104.46103,15830.8,0.006599
DK,Q87_Q88,2012,140.22798,12732.7,0.011013
DK,Q87_Q88,2013,139.85126,12913.7,0.010830
DK,Q87_Q88,2014,123.69009,12851.7,0.009624
DK,Q87_Q88,2015,128.47302,12905.2,0.009955
DK,Q87_Q88,2016,103.06883,13011.4,0.007921
DK,Q87_Q88,2017,102.1525,13282.8,0.007691
DK,Q87_Q88,2018,103.22177,13578.6,0.007602
DK,Q87_Q88,2019,90.27788,13883.3,0.006503
DK,Q87_Q88,2020,91.00011,14189.1,0.006413
DK,Q87_Q88,2021,98.78724,14707.4,0.006717
DK,Q87_Q88,2022,78.94404,15310.7,0.005156
DK,Q87_Q88,2023,76.34146,15878.3,0.004808
DK,R,2012,77.1839,3362.9,0.022952
DK,R,2013,76.812,3452.3,0.022250
DK,R,2014,67.70519,3537.6,0.019139
DK,R,2015,71.40147,3555.1,0.020084
DK,R,2016,95.45923,3671.5,0.026000
DK,R,2017,94.58937,3854.9,0.024537
DK,R,2018,97.5215,3821.1,0.025522
DK,R,2019,83.29981,3909.1,0.021309
DK,R,2020,83.75774,3806.1,0.022006
DK,R,2021,83.96353,3833.8,0.021901
DK,R,2022,77.50722,4086.6,0.018966
DK,R,2023,76.25616,4660.4,0.016363
DK,R90-R92,2012,40.44602,2383.4,0.016970
DK,R90-R92,2013,40.60094,2485.0,0.016338
DK,R90-R92,2014,37.05579,2544.8,0.014561
DK,R90-R92,2015,36.71328,2550.3,0.014396
DK,R90-R92,2016,49.72992,2589.0,0.019208
DK,R90-R92,2017,50.32776,2731.8,0.018423
DK,R90-R92,2018,50.03875,2673.9,0.018714
DK,R90-R92,2019,43.03173,2674.8,0.016088
DK,R90-R92,2020,45.21197,2699.0,0.016751
DK,R90-R92,2021,44.56475,2633.8,0.016920
DK,R90-R92,2022,39.11867,2803.0,0.013956
DK,R90-R92,2023,37.59702,3113.6,0.012075
DK,R93,2012,36.73788,979.6,0.037503
DK,R93,2013,36.21106,967.3,0.037435
DK,R93,2014,30.6494,992.8,0.030872
DK,R93,2015,34.6882,1004.9,0.034519
DK,R93,2016,45.72931,1082.6,0.042240
DK,R93,2017,44.26161,1123.1,0.039410
DK,R93,2018,47.48275,1147.3,0.041387
DK,R93,2019,40.26808,1234.3,0.032624
DK,R93,2020,38.54577,1107.1,0.034817
DK,R93,2021,39.39878,1199.9,0.032835
DK,R93,2022,38.38854,1283.6,0.029907
DK,R93,2023,38.65914,1546.9,0.024991
DK,S,2012,76.31098,3573.3,0.021356
DK,S,2013,71.42085,3510.5,0.020345
DK,S,2014,64.65207,3493.9,0.018504
DK,S,2015,67.85965,3500.0,0.019388
DK,S,2016,65.45735,3640.1,0.017982
DK,S,2017,64.84158,3760.9,0.017241
DK,S,2018,65.11097,3784.5,0.017205
DK,S,2019,63.76707,3953.9,0.016128
DK,S,2020,65.04446,4070.4,0.015980
DK,S,2021,66.58062,3943.5,0.016884
DK,S,2022,63.81492,4314.8,0.014790
DK,S,2023,61.89541,4380.4,0.014130
DK,S94,2012,18.40461,2129.8,0.008641
DK,S94,2013,18.28185,2118.1,0.008631
DK,S94,2014,15.88809,2095.1,0.007583
DK,S94,2015,16.26699,2100.5,0.007744
DK,S94,2016,18.41278,2170.4,0.008484
DK,S94,2017,18.52523,2263.8,0.008183
DK,S94,2018,19.02506,2287.4,0.008317
DK,S94,2019,18.18981,2373.7,0.007663
DK,S94,2020,17.92479,2420.5,0.007405
DK,S94,2021,19.72107,2529.3,0.007797
DK,S94,2022,17.56095,2689.4,0.006530
DK,S94,2023,17.03256,2706.3,0.006294
DK,S95,2012,26.46698,354.1,0.074744
DK,S95,2013,22.66218,316.2,0.071670
DK,S95,2014,18.81739,329.7,0.057074
DK,S95,2015,19.91963,292.6,0.068078
DK,S95,2016,18.20829,311.4,0.058472
DK,S95,2017,19.43637,322.0,0.060361
DK,S95,2018,18.39611,295.4,0.062275
DK,S95,2019,18.10623,320.8,0.056441
DK,S95,2020,17.23243,314.9,0.054723
DK,S95,2021,17.12187,307.5,0.055681
DK,S95,2022,16.71859,294.0,0.056866
DK,S95,2023,15.77063,260.6,0.060517
DK,S96,2012,31.43939,1089.4,0.028859
DK,S96,2013,30.47682,1076.3,0.028316
DK,S96,2014,29.94659,1069.1,0.028011
DK,S96,2015,31.67303,1106.9,0.028614
DK,S96,2016,28.83629,1158.4,0.024893
DK,S96,2017,26.87999,1175.1,0.022875
DK,S96,2018,27.6898,1201.7,0.023042
DK,S96,2019,27.47102,1259.3,0.021815
DK,S96,2020,29.88724,1335.1,0.022386
DK,S96,2021,29.73768,1106.6,0.026873
DK,S96,2022,29.53539,1331.4,0.022184
DK,S96,2023,29.09221,1413.6,0.020580
DK,T,2012,0.00194,621.3,0.000003
DK,T,2013,0.00232,656.7,0.000004
DK,T,2014,0.00138,667.9,0.000002
DK,T,2015,0.00095,666.3,0.000001
DK,T,2016,0.00147,669.3,0.000002
DK,T,2017,0.00109,672.9,0.000002
DK,T,2018,0.00166,639.7,0.000003
DK,T,2019,0.00085,637.2,0.000001
DK,T,2020,0.00077,650.7,0.000001
DK,T,2021,0.00107,654.1,0.000002
DK,T,2022,0.00094,659.5,0.000001
DK,T,2023,0.00097,656.4,0.000001
DK,TOTAL,2012,87095.50122,219552.4,0.396696
DK,TOTAL,2013,85235.12275,224650.0,0.379413
DK,TOTAL,2014,80027.2593,230431.5,0.347293
DK,TOTAL,2015,83407.57793,236102.6,0.353268
DK,TOTAL,2016,88820.66113,244843.6,0.362765
DK,TOTAL,2017,87948.50441,255937.6,0.343633
DK,TOTAL,2018,88639.06634,261071.1,0.339521
DK,TOTAL,2019,85261.6691,268551.8,0.317487
DK,TOTAL,2020,75261.26699,271165.3,0.277548
DK,TOTAL,2021,83374.1682,299078.6,0.278770
DK,TOTAL,2022,79112.3253,335283.5,0.235957
DK,TOTAL,2023,74989.75671,331373.4,0.226300
EE,A,2012,1764.3265,594.0,2.970247
EE,A,2013,1799.69457,584.0,3.081669
EE,A,2014,1757.81506,634.4,2.770831
EE,A,2015,1664.82138,589.7,2.823167
EE,A,2016,1647.07836,459.7,3.582942
EE,A,2017,1685.05928,568.7,2.963002
EE,A,2018,1716.01155,541.8,3.167242
EE,A,2019,1810.93892,645.1,2.807222
EE,A,2020,1737.04737,538.2,3.227513
EE,A,2021,1723.53388,611.3,2.819457
EE,A,2022,1738.38453,888.1,1.957420
EE,A,2023,1668.08583,658.0,2.535085
EE,A01,2012,1625.51384,358.2,4.538006
EE,A01,2013,1662.26875,331.7,5.011362
EE,A01,2014,1619.64846,346.5,4.674310
EE,A01,2015,1548.28816,279.3,5.543459
EE,A01,2016,1508.66391,154.0,9.796519
EE,A01,2017,1577.79308,280.1,5.632964
EE,A01,2018,1607.49368,210.9,7.622066
EE,A01,2019,1689.83467,286.1,5.906448
EE,A01,2020,1632.56974,252.5,6.465623
EE,A01,2021,1617.09732,276.3,5.852687
EE,A01,2022,1633.00162,483.4,3.378158
EE,A01,2023,1577.78871,251.6,6.271020
EE,A02,2012,51.9295,202.5,0.256442
EE,A02,2013,41.15257,220.7,0.186464
EE,A02,2014,43.18344,258.0,0.167378
EE,A02,2015,28.9127,271.0,0.106689
EE,A02,2016,32.05487,265.7,0.120643
EE,A02,2017,28.02836,249.2,0.112473
EE,A02,2018,29.0623,292.4,0.099392
EE,A02,2019,28.45343,319.1,0.089168
EE,A02,2020,24.92529,253.8,0.098208
EE,A02,2021,31.92955,304.6,0.104825
EE,A02,2022,26.3522,370.5,0.071126
EE,A02,2023,28.68343,364.7,0.078649
EE,A03,2012,86.88316,33.3,2.609104
EE,A03,2013,96.27325,31.6,3.046622
EE,A03,2014,94.98316,29.9,3.176694
EE,A03,2015,87.62053,39.4,2.223871
EE,A03,2016,106.35958,39.9,2.665654
EE,A03,2017,79.23784,39.5,2.006021
EE,A03,2018,79.45556,38.5,2.063781
EE,A03,2019,92.65082,39.8,2.327910
EE,A03,2020,79.55234,31.9,2.493804
EE,A03,2021,74.50701,30.4,2.450888
EE,A03,2022,79.03071,34.2,2.310839
EE,A03,2023,61.61369,41.7,1.477547
EE,B,2012,105.07888,203.5,0.516358
EE,B,2013,103.90792,255.2,0.407163
EE,B,2014,80.07657,270.6,0.295922
EE,B,2015,73.15487,247.9,0.295098
EE,B,2016,80.82829,204.2,0.395829
EE,B,2017,95.06796,255.7,0.371795
EE,B,2018,91.4664,244.6,0.373943
EE,B,2019,76.31926,220.5,0.346119
EE,B,2020,50.11421,166.7,0.300625
EE,B,2021,51.91642,147.4,0.352215
EE,B,2022,20.13928,181.6,0.110899
EE,B,2023,15.88687,186.8,0.085047
EE,C,2012,1802.44612,2509.9,0.718135
EE,C,2013,2012.02389,2597.4,0.774630
EE,C,2014,2445.28306,2843.3,0.860016
EE,C,2015,2320.66848,2869.0,0.808877
EE,C,2016,1699.37178,3020.0,0.562706
EE,C,2017,1849.88915,3244.0,0.570249
EE,C,2018,1915.40115,3493.5,0.548276
EE,C,2019,2216.61938,3667.3,0.604428
EE,C,2020,1588.62386,3508.0,0.452857
EE,C,2021,1404.59573,4098.7,0.342693
EE,C,2022,1318.63021,4354.6,0.302813
EE,C,2023,1463.97555,4376.9,0.334478
EE,C10-C12,2012,243.67218,309.4,0.787564
EE,C10-C12,2013,294.82912,335.1,0.879824
EE,C10-C12,2014,235.79321,397.5,0.593190
EE,C10-C12,2015,247.61048,380.2,0.651264
EE,C10-C12,2016,145.27299,386.0,0.376355
EE,C10-C12,2017,145.32723,397.4,0.365695
EE,C10-C12,2018,152.25537,429.5,0.354494
EE,C10-C12,2019,153.08091,455.2,0.336294
EE,C10-C12,2020,144.63037,459.6,0.314687
EE,C10-C12,2021,132.57071,451.3,0.293753
EE,C10-C12,2022,140.66249,522.2,0.269365
EE,C10-C12,2023,229.21166,601.6,0.381003
EE,C13-C15,2012,45.09718,157.2,0.286878
EE,C13-C15,2013,60.25377,154.5,0.389992
EE,C13-C15,2014,29.66974,169.9,0.174631
EE,C13-C15,2015,31.98427,172.8,0.185094
EE,C13-C15,2016,11.678,180.0,0.064878
EE,C13-C15,2017,9.44601,191.7,0.049275
EE,C13-C15,2018,11.27298,188.5,0.059804
EE,C13-C15,2019,18.40242,183.7,0.100176
EE,C13-C15,2020,14.20384,181.8,0.078129
EE,C13-C15,2021,8.02794,169.2,0.047446
EE,C13-C15,2022,7.49201,170.7,0.043890
EE,C13-C15,2023,6.55041,193.2,0.033905
EE,C16,2012,61.80595,350.6,0.176286
EE,C16,2013,54.03209,378.7,0.142678
EE,C16,2014,63.29122,442.6,0.142999
EE,C16,2015,58.66881,481.2,0.121922
EE,C16,2016,78.05288,493.5,0.158162
EE,C16,2017,50.31887,542.3,0.092788
EE,C16,2018,70.06464,566.6,0.123658
EE,C16,2019,85.38522,575.7,0.148315
EE,C16,2020,77.97973,612.7,0.127272
EE,C16,2021,47.81868,903.3,0.052938
EE,C16,2022,41.68684,961.2,0.043370
EE,C16,2023,35.3898,752.2,0.047048
EE,C17,2012,62.58634,52.0,1.203583
EE,C17,2013,54.20818,50.2,1.079844
EE,C17,2014,59.89258,52.9,1.132185
EE,C17,2015,52.98871,56.5,0.937853
EE,C17,2016,50.44674,57.5,0.877335
EE,C17,2017,49.70041,69.5,0.715114
EE,C17,2018,40.2058,76.2,0.527635
EE,C17,2019,41.5636,61.3,0.678036
EE,C17,2020,42.10075,44.8,0.939749
EE,C17,2021,58.44872,70.8,0.825547
EE,C17,2022,39.93386,73.2,0.545545
EE,C17,2023,26.88087,49.5,0.543048
EE,C18,2012,7.71107,76.2,0.101195
EE,C18,2013,8.44231,76.6,0.110213
EE,C18,2014,8.29145,77.5,0.106986
EE,C18,2015,8.80137,77.2,0.114007
EE,C18,2016,5.28632,82.5,0.064077
EE,C18,2017,7.76501,87.3,0.088946
EE,C18,2018,6.72212,83.1,0.080892
EE,C18,2019,6.75026,81.7,0.082623
EE,C18,2020,5.86794,75.0,0.078239
EE,C18,2021,6.12811,79.1,0.077473
EE,C18,2022,4.57697,83.5,0.054814
EE,C18,2023,3.79451,87.1,0.043565
EE,C19,2012,339.58488,172.3,1.970893
EE,C19,2013,313.95708,124.6,2.519720
EE,C19,2014,1033.85238,127.3,8.121386
EE,C19,2015,1327.93406,90.7,14.640949
EE,C19,2016,820.30619,68.1,12.045612
EE,C19,2017,698.75558,65.1,10.733573
EE,C19,2018,766.51969,83.6,9.168896
EE,C19,2019,996.39559,113.3,8.794312
EE,C19,2020,980.48215,59.5,16.478692
EE,C19,2021,984.35562,100.6,9.784847
EE,C19,2022,818.96348,60.5,13.536586
EE,C19,2023,986.31809,70.0,14.090258
EE,C20,2012,47.83008,77.3,0.618759
EE,C20,2013,246.84376,88.2,2.798682
EE,C20,2014,13.64338,95.6,0.142713
EE,C20,2015,14.4937,106.1,0.136604
EE,C20,2016,14.7034,116.4,0.126318
EE,C20,2017,17.93301,109.5,0.163772
EE,C20,2018,21.30415,124.1,0.171669
EE,C20,2019,21.1741,115.1,0.183963
EE,C20,2020,16.81968,131.5,0.127906
EE,C20,2021,19.52027,142.2,0.137273
EE,C20,2022,17.73397,123.2,0.143945
EE,C20,2023,10.54543,95.8,0.110078
EE,C21,2012,2.58293,11.1,0.232696
EE,C21,2013,2.74233,10.5,0.261174
EE,C21,2014,2.94876,10.4,0.283535
EE,C21,2015,3.81779,11.0,0.347072
EE,C21,2016,1.66247,14.8,0.112329
EE,C21,2017,1.5121,13.2,0.114553
EE,C21,2018,3.31604,12.5,0.265283
EE,C21,2019,3.56432,14.2,0.251008
EE,C21,2020,5.29614,21.0,0.252197
EE,C21,2021,1.13613,17.8,0.063828
EE,C21,2022,1.56961,19.2,0.081751
EE,C21,2023,0.42368,22.4,0.018914
EE,C22,2012,13.34036,94.1,0.141768
EE,C22,2013,10.95555,95.6,0.114598
EE,C22,2014,12.16111,102.0,0.119227
EE,C22,2015,11.11755,98.9,0.112412
EE,C22,2016,8.30114,109.1,0.076087
EE,C22,2017,8.04874,120.4,0.066850
EE,C22,2018,7.80155,134.0,0.058221
EE,C22,2019,8.55438,138.1,0.061943
EE,C22,2020,9.17158,139.0,0.065983
EE,C22,2021,8.83259,170.4,0.051834
EE,C22,2022,8.99918,166.8,0.053952
EE,C22,2023,8.48027,179.2,0.047323
EE,C23,2012,841.74873,120.2,7.002901
EE,C23,2013,860.22832,124.8,6.892855
EE,C23,2014,869.43209,132.5,6.561752
EE,C23,2015,444.95616,141.0,3.155717
EE,C23,2016,498.43527,162.1,3.074863
EE,C23,2017,795.05396,188.6,4.215557
EE,C23,2018,701.33602,182.3,3.847153
EE,C23,2019,735.54814,187.8,3.916657
EE,C23,2020,107.35672,161.0,0.666812
EE,C23,2021,59.48567,186.6,0.318787
EE,C23,2022,75.89687,195.2,0.388816
EE,C23,2023,81.63639,201.6,0.404942
EE,C24,2012,6.32598,7.8,0.811023
EE,C24,2013,5.40678,8.6,0.628695
EE,C24,2014,5.40002,10.8,0.500002
EE,C24,2015,4.4449,12.0,0.370408
EE,C24,2016,4.51819,16.4,0.275499
EE,C24,2017,4.38948,29.1,0.150841
EE,C24,2018,4.3067,31.8,0.135431
EE,C24,2019,4.27335,31.4,0.136094
EE,C24,2020,3.98723,22.6,0.176426
EE,C24,2021,3.84339,37.8,0.101677
EE,C24,2022,3.68012,38.3,0.096087
EE,C24,2023,3.39671,33.1,0.102620
EE,C25,2012,43.12198,283.0,0.152374
EE,C25,2013,31.85337,300.9,0.105860
EE,C25,2014,33.24694,320.8,0.103638
EE,C25,2015,33.19638,334.5,0.099242
EE,C25,2016,19.24379,365.6,0.052636
EE,C25,2017,18.09391,393.8,0.045947
EE,C25,2018,30.98689,407.6,0.076023
EE,C25,2019,32.98895,429.7,0.076772
EE,C25,2020,39.99553,413.4,0.096748
EE,C25,2021,20.44479,526.6,0.038824
EE,C25,2022,21.6725,541.5,0.040023
EE,C25,2023,18.86528,539.3,0.034981
EE,C26,2012,7.92483,158.4,0.050030
EE,C26,2013,7.07656,174.1,0.040647
EE,C26,2014,7.70319,189.5,0.040650
EE,C26,2015,8.41262,158.3,0.053144
EE,C26,2016,3.64233,176.8,0.020601
EE,C26,2017,3.2422,193.4,0.016764
EE,C26,2018,57.14772,232.7,0.245585
EE,C26,2019,67.05742,262.0,0.255944
EE,C26,2020,95.08926,248.1,0.383270
EE,C26,2021,14.22228,248.1,0.057325
EE,C26,2022,96.62067,282.1,0.342505
EE,C26,2023,21.58652,313.8,0.068791
EE,C27,2012,8.37306,153.7,0.054477
EE,C27,2013,7.79586,162.2,0.048063
EE,C27,2014,8.28445,163.1,0.050794
EE,C27,2015,8.84675,163.2,0.054208
EE,C27,2016,3.96013,192.8,0.020540
EE,C27,2017,3.17169,200.8,0.015795
EE,C27,2018,3.74791,201.7,0.018582
EE,C27,2019,4.33437,206.6,0.020980
EE,C27,2020,3.936,215.4,0.018273
EE,C27,2021,2.99297,216.2,0.013844
EE,C27,2022,3.31259,240.3,0.013785
EE,C27,2023,2.57034,273.4,0.009401
EE,C28,2012,13.97999,98.2,0.142362
EE,C28,2013,11.18008,104.4,0.107089
EE,C28,2014,14.03785,117.1,0.119879
EE,C28,2015,15.37992,122.0,0.126065
EE,C28,2016,5.67101,124.4,0.045587
EE,C28,2017,7.19683,139.4,0.051627
EE,C28,2018,7.37987,150.6,0.049003
EE,C28,2019,6.51557,169.0,0.038554
EE,C28,2020,8.4514,146.7,0.057610
EE,C28,2021,7.94925,167.5,0.047458
EE,C28,2022,7.54605,204.4,0.036918
EE,C28,2023,5.29295,214.2,0.024710
EE,C29,2012,9.78871,90.0,0.108763
EE,C29,2013,8.60288,90.9,0.094641
EE,C29,2014,12.83543,90.5,0.141828
EE,C29,2015,16.10227,98.7,0.163144
EE,C29,2016,6.60868,99.7,0.066286
EE,C29,2017,7.23267,96.2,0.075184
EE,C29,2018,5.9387,107.4,0.055295
EE,C29,2019,5.81469,97.2,0.059822
EE,C29,2020,5.49863,97.4,0.056454
EE,C29,2021,4.27914,96.7,0.044252
EE,C29,2022,4.36349,118.2,0.036916
EE,C29,2023,4.18506,140.5,0.029787
EE,C30,2012,1.58625,18.5,0.085743
EE,C30,2013,0.91206,20.9,0.043639
EE,C30,2014,1.46406,21.5,0.068096
EE,C30,2015,1.24214,23.5,0.052857
EE,C30,2016,0.82965,23.8,0.034859
EE,C30,2017,0.71378,20.3,0.035162
EE,C30,2018,0.7065,26.6,0.026560
EE,C30,2019,0.747,32.0,0.023344
EE,C30,2020,0.73948,35.3,0.020948
EE,C30,2021,1.06691,31.0,0.034416
EE,C30,2022,1.11412,43.3,0.025730
EE,C30,2023,0.92102,46.4,0.019850
EE,C31_C32,2012,34.6414,168.2,0.205954
EE,C31_C32,2013,23.31076,174.7,0.133433
EE,C31_C32,2014,25.102,187.6,0.133806
EE,C31_C32,2015,22.81835,197.6,0.115477
EE,C31_C32,2016,14.04328,216.6,0.064835
EE,C31_C32,2017,15.04193,233.5,0.064419
EE,C31_C32,2018,16.34052,240.0,0.068086
EE,C31_C32,2019,16.21414,256.2,0.063287
EE,C31_C32,2020,17.9022,256.4,0.069821
EE,C31_C32,2021,15.52422,281.7,0.055109
EE,C31_C32,2022,13.8686,275.5,0.050340
EE,C31_C32,2023,9.12425,277.2,0.032916
EE,C33,2012,10.7442,111.7,0.096188
EE,C33,2013,9.39302,122.0,0.076992
EE,C33,2014,8.2332,134.2,0.061350
EE,C33,2015,7.85225,143.6,0.054681
EE,C33,2016,6.70932,133.8,0.050144
EE,C33,2017,6.94573,152.6,0.045516
EE,C33,2018,8.04799,214.8,0.037467
EE,C33,2019,8.25494,257.3,0.032083
EE,C33,2020,9.11523,186.7,0.048823
EE,C33,2021,7.94836,201.8,0.039387
EE,C33,2022,8.9368,235.7,0.037916
EE,C33,2023,8.80231,286.4,0.030734
EE,D,2012,12759.91943,448.2,28.469254
EE,D,2013,14463.51254,580.3,24.924199
EE,D,2014,13386.73595,573.1,23.358464
EE,D,2015,10358.18486,497.3,20.828845
EE,D,2016,12876.59149,544.1,23.665855
EE,D,2017,13837.33239,580.8,23.824608
EE,D,2018,12848.83384,675.7,19.015590
EE,D,2019,7066.54414,572.9,12.334690
EE,D,2020,4782.4817,537.1,8.904267
EE,D,2021,6196.90031,895.1,6.923137
EE,D,2022,7820.11551,1583.9,4.937253
EE,D,2023,4531.28575,1223.3,3.704149
EE,E,2012,515.02501,139.1,3.702552
EE,E,2013,472.43557,132.6,3.562863
EE,E,2014,443.3723,143.3,3.094015
EE,E,2015,417.18406,144.1,2.895101
EE,E,2016,411.87576,157.5,2.615084
EE,E,2017,393.26093,176.5,2.228107
EE,E,2018,418.2954,181.6,2.303389
EE,E,2019,423.59408,199.6,2.122215
EE,E,2020,403.47146,178.6,2.259079
EE,E,2021,386.15792,229.7,1.681140
EE,E,2022,397.55303,198.6,2.001778
EE,E,2023,374.0167,205.0,1.824472
EE,E36,2012,109.54427,72.8,1.504729
EE,E36,2013,104.028,72.6,1.432893
EE,E36,2014,105.95524,75.0,1.412737
EE,E36,2015,100.82902,78.9,1.277934
EE,E36,2016,94.44162,81.1,1.164508
EE,E36,2017,92.08133,85.1,1.082037
EE,E36,2018,98.5098,87.6,1.124541
EE,E36,2019,97.84323,92.1,1.062359
EE,E36,2020,96.96767,82.3,1.178222
EE,E36,2021,100.36073,80.4,1.248268
EE,E36,2022,104.30553,86.6,1.204452
EE,E36,2023,100.30654,97.9,1.024582
EE,E37-E39,2012,405.48074,66.3,6.115848
EE,E37-E39,2013,368.40756,60.1,6.129909
EE,E37-E39,2014,337.41705,68.4,4.932998
EE,E37-E39,2015,316.35505,65.2,4.852071
EE,E37-E39,2016,317.43414,76.4,4.154897
EE,E37-E39,2017,301.1796,91.4,3.295182
EE,E37-E39,2018,319.7856,94.0,3.401974
EE,E37-E39,2019,325.75085,107.5,3.030240
EE,E37-E39,2020,306.50379,96.3,3.182802
EE,E37-E39,2021,285.79718,149.3,1.914248
EE,E37-E39,2022,293.2475,111.9,2.620621
EE,E37-E39,2023,273.71016,107.2,2.553266
EE,F,2012,218.70872,1154.4,0.189457
EE,F,2013,200.90967,1163.6,0.172662
EE,F,2014,176.90745,1079.1,0.163940
EE,F,2015,165.0445,1098.5,0.150245
EE,F,2016,199.55705,1229.5,0.162307
EE,F,2017,164.88835,1379.7,0.119510
EE,F,2018,175.94929,1561.8,0.112658
EE,F,2019,170.01271,1692.7,0.100439
EE,F,2020,173.26022,1675.1,0.103433
EE,F,2021,223.0925,1810.2,0.123242
EE,F,2022,237.9014,2063.5,0.115290
EE,F,2023,230.02357,2194.6,0.104813
EE,G,2012,257.81653,1942.7,0.132710
EE,G,2013,254.39343,2022.2,0.125800
EE,G,2014,250.67729,2189.0,0.114517
EE,G,2015,255.83051,2143.1,0.119374
EE,G,2016,201.08109,2397.2,0.083882
EE,G,2017,206.30352,2655.2,0.077698
EE,G,2018,201.10419,2985.3,0.067365
EE,G,2019,195.17957,3186.7,0.061248
EE,G,2020,187.74349,3130.2,0.059978
EE,G,2021,195.45115,3455.6,0.056561
EE,G,2022,221.7009,3820.4,0.058031
EE,G,2023,209.96051,3918.1,0.053587
EE,G45,2012,56.95539,256.3,0.222222
EE,G45,2013,51.91081,264.4,0.196334
EE,G45,2014,50.26931,285.5,0.176075
EE,G45,2015,55.6085,294.9,0.188567
EE,G45,2016,53.8748,341.5,0.157759
EE,G45,2017,56.34512,389.2,0.144772
EE,G45,2018,61.33879,381.6,0.160741
EE,G45,2019,60.846,431.7,0.140945
EE,G45,2020,61.44779,400.6,0.153389
EE,G45,2021,44.45112,462.1,0.096194
EE,G45,2022,74.49396,543.8,0.136988
EE,G45,2023,75.11796,646.4,0.116210
EE,G46,2012,81.9647,994.0,0.082459
EE,G46,2013,83.59384,995.1,0.084005
EE,G46,2014,84.13436,1126.1,0.074713
EE,G46,2015,91.35871,1063.5,0.085904
EE,G46,2016,69.73655,1195.1,0.058352
EE,G46,2017,71.77654,1334.6,0.053781
EE,G46,2018,62.51077,1590.8,0.039295
EE,G46,2019,61.72833,1671.2,0.036937
EE,G46,2020,64.68772,1531.0,0.042252
EE,G46,2021,93.93462,1654.5,0.056775
EE,G46,2022,89.12085,1872.6,0.047592
EE,G46,2023,83.26428,1694.9,0.049126
EE,G47,2012,118.89644,692.4,0.171716
EE,G47,2013,118.88877,762.7,0.155879
EE,G47,2014,116.27362,777.4,0.149567
EE,G47,2015,108.86331,784.8,0.138715
EE,G47,2016,77.46974,860.6,0.090018
EE,G47,2017,78.18186,931.4,0.083940
EE,G47,2018,77.25463,1012.9,0.076271
EE,G47,2019,72.60524,1083.9,0.066985
EE,G47,2020,61.60798,1198.6,0.051400
EE,G47,2021,57.06541,1338.9,0.042621
EE,G47,2022,58.0861,1404.0,0.041372
EE,G47,2023,51.57828,1576.8,0.032711
EE,H,2012,1703.95823,1437.2,1.185610
EE,H,2013,1680.26737,1517.9,1.106968
EE,H,2014,1588.40142,1593.5,0.996800
EE,H,2015,1626.80587,1563.5,1.040490
EE,H,2016,1608.32254,1480.5,1.086337
EE,H,2017,1640.69359,1571.8,1.043831
EE,H,2018,1581.70069,1625.2,0.973234
EE,H,2019,1870.71172,1715.7,1.090349
EE,H,2020,1369.44306,1555.5,0.880388
EE,H,2021,1324.11435,1781.1,0.743425
EE,H,2022,1301.36395,1963.0,0.662946
EE,H,2023,1200.99215,1794.9,0.669114
EE,H49,2012,630.78007,540.0,1.168111
EE,H49,2013,613.91754,585.7,1.048177
EE,H49,2014,549.50946,560.5,0.980392
EE,H49,2015,577.01901,573.0,1.007014
EE,H49,2016,586.00851,570.9,1.026464
EE,H49,2017,731.92649,614.7,1.190705
EE,H49,2018,603.81012,652.6,0.925238
EE,H49,2019,819.6912,679.9,1.205606
EE,H49,2020,719.90642,681.7,1.056046
EE,H49,2021,673.04086,749.2,0.898346
EE,H49,2022,597.48087,823.1,0.725891
EE,H49,2023,615.72891,840.6,0.732487
EE,H50,2012,798.3571,131.4,6.075777
EE,H50,2013,821.8319,118.1,6.958780
EE,H50,2014,796.80013,131.7,6.050115
EE,H50,2015,847.73191,142.0,5.969943
EE,H50,2016,830.37518,123.5,6.723686
EE,H50,2017,676.57649,134.3,5.037800
EE,H50,2018,682.61614,141.2,4.834392
EE,H50,2019,626.21906,168.2,3.723062
EE,H50,2020,408.29984,102.2,3.995106
EE,H50,2021,385.5217,107.8,3.576268
EE,H50,2022,372.19824,157.1,2.369180
EE,H50,2023,291.78675,182.0,1.603224
EE,H51,2013,96.28713,13.3,7.239634
EE,H51,2014,116.08041,13.4,8.662717
EE,H51,2015,103.71799,20.1,5.160099
EE,H51,2017,160.88569,27.0,5.958729
EE,H51,2018,211.93643,16.4,12.922953
EE,H51,2019,346.5948,16.4,21.133829
EE,H51,2020,157.75186,8.6,18.343240
EE,H51,2021,198.68714,20.2,9.835997
EE,H51,2022,269.4555,24.2,11.134525
EE,H52,2012,181.00908,726.9,0.249015
EE,H52,2013,143.80729,754.5,0.190599
EE,H52,2014,121.52336,835.9,0.145380
EE,H52,2015,95.55867,775.1,0.123286
EE,H52,2016,71.30964,731.1,0.097537
EE,H52,2017,66.99127,733.2,0.091368
EE,H52,2018,78.68764,742.9,0.105920
EE,H52,2019,73.62912,767.9,0.095884
EE,H52,2020,78.82371,678.1,0.116242
EE,H52,2021,62.33032,788.8,0.079019
EE,H52,2022,57.54862,859.1,0.066987
EE,H52,2023,44.90712,708.7,0.063365
EE,H53,2012,5.21805,41.4,0.126040
EE,H53,2013,4.42351,46.3,0.095540
EE,H53,2014,4.48806,52.1,0.086143
EE,H53,2015,2.77829,53.3,0.052126
EE,H53,2016,3.84,57.6,0.066667
EE,H53,2017,4.31365,62.6,0.068908
EE,H53,2018,4.65036,71.9,0.064678
EE,H53,2019,4.57754,83.4,0.054887
EE,H53,2020,4.66123,84.9,0.054903
EE,H53,2021,4.53432,115.1,0.039395
EE,H53,2022,4.68072,99.4,0.047090
EE,H53,2023,4.02969,99.4,0.040540
EE,I,2012,43.1136,269.0,0.160274
EE,I,2013,45.76788,306.5,0.149324
EE,I,2014,53.86648,329.7,0.163380
EE,I,2015,64.65399,338.6,0.190945
EE,I,2016,17.76097,371.4,0.047822
EE,I,2017,18.06388,414.4,0.043590
EE,I,2018,21.40702,445.1,0.048095
EE,I,2019,22.52081,489.1,0.046045
EE,I,2020,26.03046,298.8,0.087117
EE,I,2021,12.74389,347.7,0.036652
EE,I,2022,14.16697,531.4,0.026660
EE,I,2023,10.92704,608.5,0.017957
EE,J,2012,18.50388,804.6,0.022998
EE,J,2013,17.93531,849.0,0.021125
EE,J,2014,16.35494,906.0,0.018052
EE,J,2015,12.3179,978.2,0.012592
EE,J,2016,11.4492,1056.3,0.010839
EE,J,2017,11.90655,1189.1,0.010013
EE,J,2018,11.67111,1402.4,0.008322
EE,J,2019,11.56637,1624.6,0.007120
EE,J,2020,11.53322,1818.3,0.006343
EE,J,2021,10.33946,1885.7,0.005483
EE,J,2022,11.56213,2404.1,0.004809
EE,J,2023,10.67327,3077.3,0.003468
EE,J58,2012,1.46682,54.7,0.026816
EE,J58,2013,1.33605,57.3,0.023317
EE,J58,2014,1.37036,62.3,0.021996
EE,J58,2015,0.93895,60.5,0.015520
EE,J58,2016,0.97113,61.3,0.015842
EE,J58,2017,0.95478,68.8,0.013878
EE,J58,2018,0.70687,79.0,0.008948
EE,J58,2019,0.69894,88.0,0.007942
EE,J58,2020,0.68075,92.2,0.007383
EE,J58,2021,0.58216,100.8,0.005775
EE,J58,2022,0.54082,119.0,0.004545
EE,J58,2023,0.5287,136.3,0.003879
EE,J59_J60,2012,2.24204,57.9,0.038723
EE,J59_J60,2013,1.97252,62.6,0.031510
EE,J59_J60,2014,2.03163,67.1,0.030278
EE,J59_J60,2015,1.59305,76.2,0.020906
EE,J59_J60,2016,1.86972,83.0,0.022527
EE,J59_J60,2017,1.81773,86.4,0.021039
EE,J59_J60,2018,2.12321,90.7,0.023409
EE,J59_J60,2019,2.0665,100.4,0.020583
EE,J59_J60,2020,1.94254,87.3,0.022251
EE,J59_J60,2021,1.85037,130.2,0.014212
EE,J59_J60,2022,1.99815,212.1,0.009421
EE,J59_J60,2023,2.00819,226.7,0.008858
EE,J61,2012,3.94195,311.5,0.012655
EE,J61,2013,4.30527,311.3,0.013830
EE,J61,2014,2.3836,318.4,0.007486
EE,J61,2015,2.11414,320.1,0.006605
EE,J61,2016,2.67007,315.1,0.008474
EE,J61,2017,2.6765,307.7,0.008698
EE,J61,2018,2.37381,329.1,0.007213
EE,J61,2019,2.32873,367.8,0.006332
EE,J61,2020,2.31223,396.0,0.005839
EE,J61,2021,2.29825,404.4,0.005683
EE,J61,2022,2.25562,386.8,0.005831
EE,J61,2023,2.16063,471.9,0.004579
EE,J62_J63,2012,10.85308,380.6,0.028516
EE,J62_J63,2013,10.32147,417.8,0.024704
EE,J62_J63,2014,10.56935,458.2,0.023067
EE,J62_J63,2015,7.67176,521.4,0.014714
EE,J62_J63,2016,5.93829,596.9,0.009949
EE,J62_J63,2017,6.45754,726.2,0.008892
EE,J62_J63,2018,6.46722,903.7,0.007156
EE,J62_J63,2019,6.4722,1068.4,0.006058
EE,J62_J63,2020,6.5977,1242.8,0.005309
EE,J62_J63,2021,5.60868,1250.3,0.004486
EE,J62_J63,2022,6.76754,1686.2,0.004013
EE,J62_J63,2023,5.97575,2242.4,0.002665
EE,K,2012,10.62211,699.9,0.015177
EE,K,2013,8.8562,670.5,0.013208
EE,K,2014,9.06542,716.0,0.012661
EE,K,2015,5.8401,779.1,0.007496
EE,K,2016,5.08223,794.9,0.006394
EE,K,2017,4.90315,861.0,0.005695
EE,K,2018,4.78069,948.2,0.005042
EE,K,2019,4.9478,1080.1,0.004581
EE,K,2020,5.26932,1188.8,0.004432
EE,K,2021,3.95419,1264.8,0.003126
EE,K,2022,5.07742,1467.2,0.003461
EE,K,2023,5.16028,2048.9,0.002519
EE,K64,2012,7.6233,569.2,0.013393
EE,K64,2013,6.24572,539.8,0.011570
EE,K64,2014,6.28757,587.9,0.010695
EE,K64,2015,4.31813,610.4,0.007074
EE,K64,2016,4.27865,623.6,0.006861
EE,K64,2017,3.99524,681.6,0.005862
EE,K64,2018,4.03439,738.2,0.005465
EE,K64,2019,4.19794,857.2,0.004897
EE,K64,2020,4.38215,903.3,0.004851
EE,K64,2021,3.0394,1011.6,0.003005
EE,K64,2022,4.02741,1157.0,0.003481
EE,K64,2023,4.16443,1697.6,0.002453
EE,K65,2012,1.54441,71.6,0.021570
EE,K65,2013,1.17935,82.6,0.014278
EE,K65,2014,1.35706,85.5,0.015872
EE,K65,2015,0.96532,92.4,0.010447
EE,K65,2016,0.21191,85.1,0.002490
EE,K65,2017,0.32049,91.2,0.003514
EE,K65,2018,0.21863,124.3,0.001759
EE,K65,2019,0.21209,123.6,0.001716
EE,K65,2020,0.2123,167.8,0.001265
EE,K65,2021,0.13511,160.4,0.000842
EE,K65,2022,0.22625,172.8,0.001309
EE,K65,2023,0.22185,216.6,0.001024
EE,K66,2012,1.45439,59.1,0.024609
EE,K66,2013,1.43113,48.1,0.029753
EE,K66,2014,1.42079,42.6,0.033352
EE,K66,2015,0.55665,76.3,0.007296
EE,K66,2016,0.59167,86.2,0.006864
EE,K66,2017,0.58743,88.2,0.006660
EE,K66,2018,0.52767,85.7,0.006157
EE,K66,2019,0.53777,99.3,0.005416
EE,K66,2020,0.67488,117.7,0.005734
EE,K66,2021,0.77968,92.7,0.008411
EE,K66,2022,0.82376,137.5,0.005991
EE,K66,2023,0.774,134.7,0.005746
EE,L,2012,107.79068,1632.7,0.066020
EE,L,2013,85.358,1844.7,0.046272
EE,L,2014,74.63502,1975.0,0.037790
EE,L,2015,66.7022,2202.9,0.030279
EE,L,2016,57.1079,2374.1,0.024055
EE,L,2017,51.63325,2637.0,0.019580
EE,L,2018,52.3019,2757.2,0.018969
EE,L,2019,47.22409,2972.7,0.015886
EE,L,2020,48.5582,2892.2,0.016789
EE,L,2021,48.39566,3178.3,0.015227
EE,L,2022,46.26393,3740.4,0.012369
EE,L,2023,40.06962,3567.7,0.011231
EE,L68A,2012,0.0,932.3,0.000000
EE,L68A,2013,0.0,1054.0,0.000000
EE,L68A,2014,0.0,1140.8,0.000000
EE,L68A,2015,0.0,1222.3,0.000000
EE,L68A,2016,0.0,1310.3,0.000000
EE,L68A,2017,0.0,1415.8,0.000000
EE,L68A,2018,0.0,1518.3,0.000000
EE,L68A,2019,0.0,1632.9,0.000000
EE,L68A,2020,0.0,1592.4,0.000000
EE,L68A,2021,0.0,1687.5,0.000000
EE,L68A,2022,0.0,2009.1,0.000000
EE,L68A,2023,0.0,1991.8,0.000000
EE,M,2012,54.4483,765.4,0.071137
EE,M,2013,46.74481,831.4,0.056224
EE,M,2014,49.80541,886.2,0.056201
EE,M,2015,39.64933,901.8,0.043967
EE,M,2016,33.09596,950.0,0.034838
EE,M,2017,33.47101,1061.2,0.031541
EE,M,2018,29.75121,1202.3,0.024745
EE,M,2019,29.44608,1310.4,0.022471
EE,M,2020,29.56051,1417.8,0.020850
EE,M,2021,31.1991,1754.2,0.017785
EE,M,2022,57.15626,1938.4,0.029486
EE,M,2023,34.07426,2014.8,0.016912
EE,M69_M70,2012,28.49434,339.6,0.083906
EE,M69_M70,2013,22.4683,373.3,0.060188
EE,M69_M70,2014,24.54506,375.4,0.065384
EE,M69_M70,2015,16.93158,377.5,0.044852
EE,M69_M70,2016,17.39808,391.3,0.044462
EE,M69_M70,2017,17.27414,423.2,0.040818
EE,M69_M70,2018,14.36908,487.6,0.029469
EE,M69_M70,2019,14.13431,559.0,0.025285
EE,M69_M70,2020,14.20338,605.4,0.023461
EE,M69_M70,2021,16.51783,741.8,0.022267
EE,M69_M70,2022,14.18201,913.7,0.015522
EE,M69_M70,2023,13.34797,895.2,0.014911
EE,M71,2012,12.45194,136.3,0.091357
EE,M71,2013,10.64863,146.9,0.072489
EE,M71,2014,11.43294,163.2,0.070055
EE,M71,2015,11.031,156.3,0.070576
EE,M71,2016,7.95558,174.1,0.045695
EE,M71,2017,8.25401,196.4,0.042027
EE,M71,2018,8.65386,219.2,0.039479
EE,M71,2019,8.62432,243.8,0.035375
EE,M71,2020,8.85657,248.1,0.035698
EE,M71,2021,7.94231,282.6,0.028104
EE,M71,2022,8.46238,315.5,0.026822
EE,M71,2023,7.93181,345.9,0.022931
EE,M72,2012,3.99102,154.5,0.025832
EE,M72,2013,4.24852,171.8,0.024729
EE,M72,2014,4.77001,180.7,0.026397
EE,M72,2015,5.35923,186.8,0.028690
EE,M72,2016,1.34571,194.8,0.006908
EE,M72,2017,1.33395,208.8,0.006389
EE,M72,2018,0.95471,216.3,0.004414
EE,M72,2019,0.99604,230.6,0.004319
EE,M72,2020,0.88149,244.1,0.003611
EE,M72,2021,0.95783,285.2,0.003358
EE,M72,2022,1.14819,315.8,0.003636
EE,M72,2023,1.1119,343.8,0.003234
EE,M73,2012,3.2038,91.5,0.035014
EE,M73,2013,3.4669,87.1,0.039804
EE,M73,2014,3.06157,102.2,0.029957
EE,M73,2015,2.92435,104.4,0.028011
EE,M73,2016,3.04776,109.2,0.027910
EE,M73,2017,3.01378,138.9,0.021697
EE,M73,2018,2.26347,169.3,0.013370
EE,M73,2019,2.20992,177.1,0.012478
EE,M73,2020,2.15535,205.5,0.010488
EE,M73,2021,2.20374,230.2,0.009573
EE,M73,2022,29.60178,283.2,0.104526
EE,M73,2023,7.47606,274.9,0.027196
EE,M74_M75,2012,6.30719,43.6,0.144660
EE,M74_M75,2013,5.91245,52.3,0.113049
EE,M74_M75,2014,5.99583,64.7,0.092671
EE,M74_M75,2015,3.40318,76.7,0.044370
EE,M74_M75,2016,3.34883,80.5,0.041600
EE,M74_M75,2017,3.59512,93.9,0.038287
EE,M74_M75,2018,3.51009,109.8,0.031968
EE,M74_M75,2019,3.4815,99.9,0.034850
EE,M74_M75,2020,3.46373,114.7,0.030198
EE,M74_M75,2021,3.57739,214.3,0.016693
EE,M74_M75,2022,3.76191,110.2,0.034137
EE,M74_M75,2023,4.20652,155.0,0.027139
EE,N,2012,75.32114,588.9,0.127901
EE,N,2013,63.81775,603.9,0.105676
EE,N,2014,65.56314,612.1,0.107112
EE,N,2015,53.62811,637.9,0.084070
EE,N,2016,61.38188,685.5,0.089543
EE,N,2017,57.41584,799.7,0.071797
EE,N,2018,65.52548,896.6,0.073082
EE,N,2019,63.0864,964.9,0.065381
EE,N,2020,62.64506,848.5,0.073830
EE,N,2021,67.9005,952.8,0.071264
EE,N,2022,103.51868,1152.9,0.089790
EE,N,2023,93.23126,1374.3,0.067839
EE,N77,2012,29.66024,201.5,0.147197
EE,N77,2013,23.41086,202.2,0.115781
EE,N77,2014,23.83407,194.3,0.122666
EE,N77,2015,26.38589,188.5,0.139978
EE,N77,2016,30.51406,193.0,0.158104
EE,N77,2017,28.95541,231.2,0.125240
EE,N77,2018,38.03944,264.3,0.143925
EE,N77,2019,37.78015,275.3,0.137233
EE,N77,2020,39.25318,240.4,0.163283
EE,N77,2021,37.50336,237.8,0.157710
EE,N77,2022,52.03581,285.6,0.182198
EE,N77,2023,52.98522,406.3,0.130409
EE,N78,2012,2.15386,120.8,0.017830
EE,N78,2013,1.69238,124.3,0.013615
EE,N78,2014,1.68277,132.1,0.012739
EE,N78,2015,2.24604,131.1,0.017132
EE,N78,2016,2.39624,148.1,0.016180
EE,N78,2017,2.4625,177.2,0.013897
EE,N78,2018,2.39709,189.3,0.012663
EE,N78,2019,2.31883,211.0,0.010990
EE,N78,2020,2.27919,168.1,0.013559
EE,N78,2021,2.60739,220.8,0.011809
EE,N78,2022,3.2548,264.7,0.012296
EE,N78,2023,2.74419,267.6,0.010255
EE,N79,2012,1.95744,33.0,0.059316
EE,N79,2013,1.96375,34.5,0.056920
EE,N79,2014,1.93507,34.7,0.055766
EE,N79,2015,1.30818,36.2,0.036138
EE,N79,2016,1.23122,42.9,0.028700
EE,N79,2017,1.18908,55.2,0.021541
EE,N79,2018,1.56729,78.4,0.019991
EE,N79,2019,1.52061,79.7,0.019079
EE,N79,2020,1.39854,19.5,0.071720
EE,N79,2021,1.22323,36.5,0.033513
EE,N79,2022,1.15736,57.5,0.020128
EE,N79,2023,0.99022,70.7,0.014006
EE,N80-N82,2012,41.5496,233.6,0.177866
EE,N80-N82,2013,36.75075,242.9,0.151300
EE,N80-N82,2014,38.11123,251.0,0.151838
EE,N80-N82,2015,23.68801,282.1,0.083970
EE,N80-N82,2016,27.24037,301.4,0.090379
EE,N80-N82,2017,24.80885,336.1,0.073814
EE,N80-N82,2018,23.52166,364.6,0.064514
EE,N80-N82,2019,21.46682,398.9,0.053815
EE,N80-N82,2020,19.71415,420.6,0.046871
EE,N80-N82,2021,26.56652,457.7,0.058044
EE,N80-N82,2022,47.07071,545.2,0.086337
EE,N80-N82,2023,36.51163,629.7,0.057983
EE,O,2012,143.42553,982.6,0.145965
EE,O,2013,122.80419,1058.8,0.115984
EE,O,2014,110.3923,1126.5,0.097996
EE,O,2015,136.00431,1202.6,0.113092
EE,O,2016,34.57456,1242.4,0.027829
EE,O,2017,29.45138,1330.0,0.022144
EE,O,2018,24.91308,1393.2,0.017882
EE,O,2019,23.69159,1516.8,0.015619
EE,O,2020,24.72588,1594.0,0.015512
EE,O,2021,15.21084,1697.0,0.008963
EE,O,2022,20.95991,1899.8,0.011033
EE,O,2023,17.77661,2165.8,0.008208
EE,P,2012,46.94669,691.6,0.067881
EE,P,2013,44.25165,752.6,0.058798
EE,P,2014,35.30343,793.6,0.044485
EE,P,2015,35.96618,845.4,0.042543
EE,P,2016,19.36222,893.9,0.021660
EE,P,2017,18.68834,957.4,0.019520
EE,P,2018,14.73591,1086.0,0.013569
EE,P,2019,14.44006,1200.1,0.012032
EE,P,2020,14.52443,1254.7,0.011576
EE,P,2021,13.01654,1322.8,0.009840
EE,P,2022,11.11634,1472.5,0.007549
EE,P,2023,9.19842,1763.1,0.005217
EE,Q,2012,28.5359,539.2,0.052923
EE,Q,2013,31.73039,590.1,0.053771
EE,Q,2014,25.5297,643.7,0.039661
EE,Q,2015,26.38246,714.1,0.036945
EE,Q,2016,12.69476,775.8,0.016363
EE,Q,2017,13.77251,863.7,0.015946
EE,Q,2018,13.25122,959.8,0.013806
EE,Q,2019,13.05458,1040.3,0.012549
EE,Q,2020,14.07781,1182.3,0.011907
EE,Q,2021,8.96136,1367.5,0.006553
EE,Q,2022,10.66483,1475.8,0.007226
EE,Q,2023,9.16657,1693.5,0.005413
EE,Q86,2012,15.39028,465.0,0.033097
EE,Q86,2013,15.6322,508.1,0.030766
EE,Q86,2014,16.39016,553.9,0.029590
EE,Q86,2015,15.05225,615.4,0.024459
EE,Q86,2016,9.17989,662.3,0.013861
EE,Q86,2017,9.0076,737.0,0.012222
EE,Q86,2018,8.63461,823.3,0.010488
EE,Q86,2019,8.49504,891.0,0.009534
EE,Q86,2020,8.6695,1017.6,0.008520
EE,Q86,2021,6.94321,1183.9,0.005865
EE,Q86,2022,7.8081,1262.8,0.006183
EE,Q86,2023,7.25819,1432.3,0.005068
EE,Q87_Q88,2012,13.14562,74.2,0.177165
EE,Q87_Q88,2013,16.09818,81.9,0.196559
EE,Q87_Q88,2014,9.13954,89.9,0.101663
EE,Q87_Q88,2015,11.33021,98.7,0.114794
EE,Q87_Q88,2016,3.51487,113.4,0.030995
EE,Q87_Q88,2017,4.76492,126.7,0.037608
EE,Q87_Q88,2018,4.61661,136.5,0.033821
EE,Q87_Q88,2019,4.55954,149.3,0.030539
EE,Q87_Q88,2020,5.40831,164.7,0.032837
EE,Q87_Q88,2021,2.01816,183.7,0.010986
EE,Q87_Q88,2022,2.85673,213.1,0.013406
EE,Q87_Q88,2023,1.90837,261.2,0.007306
EE,R,2012,36.30837,216.0,0.168094
EE,R,2013,38.34631,235.8,0.162622
EE,R,2014,31.16645,258.6,0.120520
EE,R,2015,27.22804,272.1,0.100066
EE,R,2016,10.08767,293.3,0.034394
EE,R,2017,9.94574,333.9,0.029787
EE,R,2018,10.63689,374.6,0.028395
EE,R,2019,10.46591,416.2,0.025146
EE,R,2020,10.29911,407.7,0.025261
EE,R,2021,9.505,459.2,0.020699
EE,R,2022,9.63002,580.7,0.016583
EE,R,2023,9.34216,610.1,0.015313
EE,R90-R92,2012,25.25309,140.2,0.180122
EE,R90-R92,2013,28.44032,152.8,0.186128
EE,R90-R92,2014,20.80468,159.6,0.130355
EE,R90-R92,2015,20.18817,165.2,0.122204
EE,R90-R92,2016,4.14967,173.0,0.023987
EE,R90-R92,2017,4.16306,194.0,0.021459
EE,R90-R92,2018,5.42349,217.3,0.024959
EE,R90-R92,2019,5.48986,237.7,0.023096
EE,R90-R92,2020,6.03408,240.7,0.025069
EE,R90-R92,2021,4.43725,278.0,0.015961
EE,R90-R92,2022,4.5041,363.2,0.012401
EE,R90-R92,2023,4.34514,369.4,0.011763
EE,R93,2012,11.05528,75.7,0.146041
EE,R93,2013,9.90598,83.0,0.119349
EE,R93,2014,10.36176,99.0,0.104664
EE,R93,2015,7.03986,107.0,0.065793
EE,R93,2016,5.938,120.3,0.049360
EE,R93,2017,5.78269,140.0,0.041305
EE,R93,2018,5.21341,157.3,0.033143
EE,R93,2019,4.97605,178.5,0.027877
EE,R93,2020,4.26502,167.0,0.025539
EE,R93,2021,5.06775,181.2,0.027968
EE,R93,2022,5.12592,217.4,0.023578
EE,R93,2023,4.99702,240.7,0.020760
EE,S,2012,45.07338,127.9,0.352411
EE,S,2013,44.30636,150.4,0.294590
EE,S,2014,36.16431,158.4,0.228310
EE,S,2015,14.2102,166.5,0.085347
EE,S,2016,13.89805,169.8,0.081850
EE,S,2017,13.81629,182.8,0.075581
EE,S,2018,15.24008,203.4,0.074927
EE,S,2019,15.13955,212.2,0.071346
EE,S,2020,13.11917,213.2,0.061535
EE,S,2021,10.74987,243.6,0.044129
EE,S,2022,12.75672,295.1,0.043228
EE,S,2023,12.42569,323.7,0.038386
EE,S94,2012,3.45357,71.0,0.048642
EE,S94,2013,3.52593,76.8,0.045911
EE,S94,2014,3.47364,80.6,0.043097
EE,S94,2015,3.30829,85.1,0.038875
EE,S94,2016,3.12775,87.9,0.035583
EE,S94,2017,3.09695,95.8,0.032327
EE,S94,2018,3.24897,101.6,0.031978
EE,S94,2019,3.31893,102.7,0.032317
EE,S94,2020,3.64113,102.9,0.035385
EE,S94,2021,2.34656,109.7,0.021391
EE,S94,2022,2.43243,122.1,0.019922
EE,S94,2023,2.38963,132.8,0.017994
EE,S95,2012,2.08571,11.4,0.182957
EE,S95,2013,2.03411,13.0,0.156470
EE,S95,2014,2.06454,14.1,0.146421
EE,S95,2015,0.9799,14.1,0.069496
EE,S95,2016,1.05897,14.9,0.071072
EE,S95,2017,1.04949,15.8,0.066423
EE,S95,2018,0.77518,17.1,0.045332
EE,S95,2019,0.79601,16.1,0.049442
EE,S95,2020,0.76203,13.8,0.055220
EE,S95,2021,0.754,14.4,0.052361
EE,S95,2022,0.74223,15.3,0.048512
EE,S95,2023,0.88437,18.2,0.048592
EE,S96,2012,39.53411,45.5,0.868882
EE,S96,2013,38.74631,60.6,0.639378
EE,S96,2014,30.62613,63.6,0.481543
EE,S96,2015,9.92201,67.3,0.147430
EE,S96,2016,9.71133,67.1,0.144729
EE,S96,2017,9.66985,71.2,0.135813
EE,S96,2018,11.21593,84.8,0.132263
EE,S96,2019,11.02461,93.4,0.118037
EE,S96,2020,8.71601,96.5,0.090321
EE,S96,2021,7.64931,119.4,0.064065
EE,S96,2022,9.58206,157.7,0.060761
EE,S96,2023,9.15169,172.7,0.052992
EE,T,2012,0.06037,7.8,0.007740
EE,T,2013,0.05989,8.9,0.006729
EE,T,2014,0.06097,10.8,0.005645
EE,T,2015,0.0,11.3,0.000000
EE,T,2016,0.0,12.2,0.000000
EE,T,2017,0.0,13.0,0.000000
EE,T,2018,0.0,13.6,0.000000
EE,T,2019,0.0,14.5,0.000000
EE,T,2020,0.0,14.2,0.000000
EE,T,2021,0.0,16.2,0.000000
EE,T,2022,0.0,19.2,0.000000
EE,T,2023,0.0,21.1,0.000000
EE,TOTAL,2012,19737.42937,15754.5,1.252812
EE,TOTAL,2013,21537.12368,16755.8,1.285353
EE,TOTAL,2014,20637.17666,17742.7,1.163136
EE,TOTAL,2015,17364.27735,18203.7,0.953887
EE,TOTAL,2016,19001.20174,19112.3,0.994187
EE,TOTAL,2017,20135.56311,21075.6,0.955397
EE,TOTAL,2018,19212.9771,22991.8,0.835645
EE,TOTAL,2019,14085.50302,24742.4,0.569286
EE,TOTAL,2020,10552.52852,24419.9,0.432128
EE,TOTAL,2021,11737.73868,27518.9,0.426534
EE,TOTAL,2022,13358.66202,32031.2,0.417052
EE,TOTAL,2023,9946.27211,33826.5,0.294038
EL,A,2012,10038.16771,6356.0,1.579322
EL,A,2013,9567.9631,5969.4,1.602835
EL,A,2014,9242.32873,6221.4,1.485571
EL,A,2015,9134.63033,6701.6,1.363052
EL,A,2016,9077.46494,6032.6,1.504735
EL,A,2017,9075.27967,6655.7,1.363535
EL,A,2018,9020.76786,6368.0,1.416578
EL,A,2019,8947.38273,6780.4,1.319595
EL,A,2020,9754.75586,6574.0,1.483839
EL,A,2021,9444.9861,6518.7,1.448906
EL,A,2022,9072.87121,7835.1,1.157978
EL,A,2023,8929.10596,8408.3,1.061940
EL,A01,2012,9927.78113,5654.3,1.755793
EL,A01,2013,9492.49505,5274.1,1.799832
EL,A01,2014,9163.05869,5526.9,1.657902
EL,A01,2015,9036.4432,6065.2,1.489884
EL,A01,2016,8996.22664,5396.8,1.666956
EL,A01,2017,8991.91447,6010.6,1.496009
EL,A01,2018,8938.424,5724.7,1.561379
EL,A01,2019,8853.68823,6132.3,1.443779
EL,A01,2020,9630.31463,5927.1,1.624794
EL,A01,2021,9349.37336,5806.7,1.610101
EL,A01,2022,8973.51942,6945.0,1.292083
EL,A01,2023,8830.62748,7648.3,1.154587
EL,A02,2012,2.06718,63.8,0.032401
EL,A02,2013,1.09279,73.5,0.014868
EL,A02,2014,4.15153,62.4,0.066531
EL,A02,2015,5.29015,72.4,0.073068
EL,A02,2016,1.45645,65.6,0.022202
EL,A02,2017,0.01964,60.5,0.000325
EL,A02,2018,0.23758,59.8,0.003973
EL,A02,2019,0.21544,60.7,0.003549
EL,A02,2020,1.5336,46.9,0.032699
EL,A02,2021,0.31847,45.7,0.006969
EL,A02,2022,7.00872,57.2,0.122530
EL,A02,2023,1.70302,54.4,0.031306
EL,A03,2012,108.31941,638.0,0.169780
EL,A03,2013,74.37527,621.9,0.119594
EL,A03,2014,75.11851,632.2,0.118821
EL,A03,2015,92.89698,564.0,0.164711
EL,A03,2016,79.78185,570.2,0.139919
EL,A03,2017,83.34556,584.6,0.142569
EL,A03,2018,82.10629,583.5,0.140713
EL,A03,2019,93.47905,587.4,0.159140
EL,A03,2020,122.90763,600.0,0.204846
EL,A03,2021,95.29426,666.3,0.143020
EL,A03,2022,92.34307,832.9,0.110869
EL,A03,2023,96.77546,705.6,0.137153
EL,B,2012,1613.72039,820.2,1.967472
EL,B,2013,1402.10595,850.4,1.648761
EL,B,2014,1305.07166,856.9,1.523015
EL,B,2015,1220.80187,899.4,1.357351
EL,B,2016,891.54344,818.2,1.089640
EL,B,2017,1020.51766,821.8,1.241808
EL,B,2018,990.22499,876.2,1.130136
EL,B,2019,752.48041,768.0,0.979792
EL,B,2020,417.07522,621.1,0.671511
EL,B,2021,379.09885,662.4,0.572311
EL,B,2022,393.83072,669.8,0.587983
EL,B,2023,335.2132,638.8,0.524755
EL,C,2012,18339.94457,15125.5,1.212518
EL,C,2013,20287.59202,13858.1,1.463952
EL,C,2014,21150.73004,13721.7,1.541407
EL,C,2015,20412.54075,14544.6,1.403445
EL,C,2016,21362.66032,14143.8,1.510390
EL,C,2017,21315.63247,14221.7,1.498810
EL,C,2018,20472.79233,14777.6,1.385394
EL,C,2019,18998.54877,14517.4,1.308674
EL,C,2020,17406.73555,14119.0,1.232859
EL,C,2021,18553.03311,15994.5,1.159963
EL,C,2022,17729.09273,20123.4,0.881019
EL,C,2023,17507.56303,20104.7,0.870819
EL,C10-C12,2012,2664.14886,5570.5,0.478260
EL,C10-C12,2013,3156.41208,5026.0,0.628017
EL,C10-C12,2014,3270.75313,5121.8,0.638594
EL,C10-C12,2015,3283.39016,4938.1,0.664910
EL,C10-C12,2016,3566.3565,4995.2,0.713957
EL,C10-C12,2017,3484.61146,4749.3,0.733711
EL,C10-C12,2018,3378.94693,4848.9,0.696848
EL,C10-C12,2019,3039.38144,4852.6,0.626341
EL,C10-C12,2020,2612.3334,4890.8,0.534132
EL,C10-C12,2021,2503.65313,5185.4,0.482827
EL,C10-C12,2022,2202.55331,6009.3,0.366524
EL,C10-C12,2023,2410.89668,6137.5,0.392814
EL,C13-C15,2012,15.03751,694.2,0.021662
EL,C13-C15,2013,14.94482,602.3,0.024813
EL,C13-C15,2014,16.03091,556.7,0.028796
EL,C13-C15,2015,13.42802,590.0,0.022759
EL,C13-C15,2016,14.50594,552.4,0.026260
EL,C13-C15,2017,13.18951,543.0,0.024290
EL,C13-C15,2018,11.36694,521.4,0.021801
EL,C13-C15,2019,13.32512,506.6,0.026303
EL,C13-C15,2020,9.61051,416.1,0.023097
EL,C13-C15,2021,12.25762,470.4,0.026058
EL,C13-C15,2022,9.74739,439.1,0.022199
EL,C13-C15,2023,11.88502,436.1,0.027253
EL,C16,2012,18.86674,155.0,0.121721
EL,C16,2013,5.85979,107.3,0.054611
EL,C16,2014,17.68782,94.1,0.187968
EL,C16,2015,15.51549,86.2,0.179994
EL,C16,2016,20.27187,92.3,0.219630
EL,C16,2017,6.85209,97.0,0.070640
EL,C16,2018,9.9526,103.6,0.096068
EL,C16,2019,7.62485,110.6,0.068941
EL,C16,2020,9.53009,133.0,0.071655
EL,C16,2021,4.97429,132.0,0.037684
EL,C16,2022,8.44768,187.0,0.045175
EL,C16,2023,8.59834,220.1,0.039066
EL,C17,2012,100.32187,284.4,0.352749
EL,C17,2013,106.39531,281.0,0.378631
EL,C17,2014,104.47833,355.6,0.293809
EL,C17,2015,88.03981,360.2,0.244419
EL,C17,2016,87.2827,350.9,0.248740
EL,C17,2017,66.15876,350.6,0.188702
EL,C17,2018,83.9156,373.3,0.224794
EL,C17,2019,86.40629,371.7,0.232462
EL,C17,2020,89.67677,402.6,0.222744
EL,C17,2021,83.02649,480.3,0.172864
EL,C17,2022,73.49289,625.3,0.117532
EL,C17,2023,95.67404,675.6,0.141613
EL,C18,2012,41.29275,382.0,0.108096
EL,C18,2013,43.46711,324.2,0.134075
EL,C18,2014,40.51594,334.6,0.121088
EL,C18,2015,28.60743,301.3,0.094947
EL,C18,2016,21.69063,299.8,0.072350
EL,C18,2017,20.60148,300.6,0.068535
EL,C18,2018,24.41666,306.5,0.079663
EL,C18,2019,24.91192,309.3,0.080543
EL,C18,2020,21.63642,287.8,0.075179
EL,C18,2021,30.38604,322.8,0.094133
EL,C18,2022,21.97835,361.2,0.060848
EL,C18,2023,27.81917,347.5,0.080055
EL,C19,2012,4073.15021,1044.3,3.900364
EL,C19,2013,5607.08369,475.9,11.782063
EL,C19,2014,5942.29433,663.7,8.953284
EL,C19,2015,5868.69159,1146.4,5.119236
EL,C19,2016,6156.47228,997.5,6.171902
EL,C19,2017,5583.95124,1062.1,5.257463
EL,C19,2018,5653.5906,972.0,5.816451
EL,C19,2019,5249.55199,521.2,10.072049
EL,C19,2020,5140.9328,116.1,44.280214
EL,C19,2021,6013.27596,640.3,9.391341
EL,C19,2022,6674.84111,2504.3,2.665352
EL,C19,2023,6309.24581,1594.3,3.957377
EL,C20,2012,1542.54943,614.3,2.511069
EL,C20,2013,1020.03856,679.9,1.500277
EL,C20,2014,1143.05639,718.8,1.590229
EL,C20,2015,1158.81788,852.7,1.358998
EL,C20,2016,770.31159,828.6,0.929654
EL,C20,2017,1264.43251,896.8,1.409938
EL,C20,2018,1577.12108,876.2,1.799956
EL,C20,2019,1479.2333,895.2,1.652405
EL,C20,2020,1577.11224,1001.9,1.574121
EL,C20,2021,1456.4306,1083.9,1.343695
EL,C20,2022,671.41773,1321.1,0.508226
EL,C20,2023,958.55861,1334.2,0.718452
EL,C21,2012,48.71328,779.1,0.062525
EL,C21,2013,38.21792,951.9,0.040149
EL,C21,2014,29.21301,768.5,0.038013
EL,C21,2015,37.43298,761.4,0.049163
EL,C21,2016,21.66975,732.7,0.029575
EL,C21,2017,31.38535,727.5,0.043141
EL,C21,2018,52.05957,785.2,0.066301
EL,C21,2019,54.67106,841.7,0.064953
EL,C21,2020,79.795,962.8,0.082878
EL,C21,2021,76.22355,1019.7,0.074751
EL,C21,2022,52.78958,1101.4,0.047930
EL,C21,2023,81.2395,1297.3,0.062622
EL,C22,2012,303.94169,551.9,0.550719
EL,C22,2013,285.10065,515.4,0.553164
EL,C22,2014,280.91484,534.5,0.525566
EL,C22,2015,280.09951,611.4,0.458128
EL,C22,2016,239.90587,598.4,0.400912
EL,C22,2017,231.82713,594.3,0.390084
EL,C22,2018,189.25596,592.3,0.319527
EL,C22,2019,176.43505,604.5,0.291869
EL,C22,2020,142.90891,660.4,0.216398
EL,C22,2021,154.70461,710.0,0.217894
EL,C22,2022,126.36572,793.5,0.159251
EL,C22,2023,136.57123,840.8,0.162430
EL,C23,2012,7314.52562,731.6,9.997985
EL,C23,2013,7553.1852,727.2,10.386668
EL,C23,2014,7995.87164,791.1,10.107283
EL,C23,2015,7459.72157,762.1,9.788376
EL,C23,2016,8255.71496,790.4,10.444984
EL,C23,2017,8238.51592,787.9,10.456296
EL,C23,2018,7601.27516,817.4,9.299333
EL,C23,2019,7035.67165,871.9,8.069356
EL,C23,2020,6189.39916,827.4,7.480540
EL,C23,2021,6390.36607,834.0,7.662309
EL,C23,2022,6291.94501,842.8,7.465526
EL,C23,2023,5969.17123,981.5,6.081682
EL,C24,2012,1681.69089,1173.3,1.433300
EL,C24,2013,1813.72169,971.2,1.867506
EL,C24,2014,1746.84581,857.9,2.036188
EL,C24,2015,1653.22305,873.0,1.893726
EL,C24,2016,1729.54848,819.3,2.111008
EL,C24,2017,1852.13915,1000.3,1.851584
EL,C24,2018,1577.33256,1327.3,1.188377
EL,C24,2019,1522.34225,1212.5,1.255540
EL,C24,2020,1179.44002,1175.6,1.003266
EL,C24,2021,1242.84097,1193.7,1.041167
EL,C24,2022,1061.30416,1822.1,0.582462
EL,C24,2023,971.40154,1836.9,0.528827
EL,C25,2012,320.32712,1043.6,0.306944
EL,C25,2013,419.84037,1108.0,0.378917
EL,C25,2014,361.26665,1001.8,0.360618
EL,C25,2015,324.73904,1004.2,0.323381
EL,C25,2016,310.37441,949.5,0.326882
EL,C25,2017,360.98267,933.7,0.386615
EL,C25,2018,167.69201,981.5,0.170853
EL,C25,2019,173.73655,992.1,0.175120
EL,C25,2020,244.10161,1016.0,0.240257
EL,C25,2021,463.51405,1153.7,0.401763
EL,C25,2022,407.62315,1147.6,0.355196
EL,C25,2023,405.28464,1197.1,0.338555
EL,C26,2012,82.08459,213.0,0.385374
EL,C26,2013,82.62625,185.0,0.446628
EL,C26,2014,51.27089,198.5,0.258292
EL,C26,2015,50.42637,199.6,0.252637
EL,C26,2016,44.81606,227.2,0.197254
EL,C26,2017,41.43344,231.0,0.179366
EL,C26,2018,34.87126,256.8,0.135792
EL,C26,2019,30.95973,234.0,0.132307
EL,C26,2020,28.52607,272.9,0.104529
EL,C26,2021,28.17552,419.1,0.067229
EL,C26,2022,27.56712,483.6,0.057004
EL,C26,2023,27.02487,529.0,0.051087
EL,C27,2012,112.22711,457.4,0.245359
EL,C27,2013,121.18727,361.7,0.335049
EL,C27,2014,127.99342,323.6,0.395530
EL,C27,2015,121.17982,347.9,0.348318
EL,C27,2016,95.55037,322.2,0.296556
EL,C27,2017,87.51274,392.5,0.222962
EL,C27,2018,90.18114,426.2,0.211593
EL,C27,2019,78.87982,520.3,0.151604
EL,C27,2020,64.78747,557.4,0.116232
EL,C27,2021,72.16267,812.7,0.088794
EL,C27,2022,81.87154,882.9,0.092730
EL,C27,2023,75.0687,751.1,0.099945
EL,C28,2012,4.58127,370.3,0.012372
EL,C28,2013,5.31506,336.3,0.015805
EL,C28,2014,7.06762,341.1,0.020720
EL,C28,2015,7.19213,332.5,0.021630
EL,C28,2016,7.58174,334.7,0.022652
EL,C28,2017,15.17694,362.6,0.041856
EL,C28,2018,5.42811,370.4,0.014655
EL,C28,2019,8.42733,388.1,0.021714
EL,C28,2020,5.05874,362.5,0.013955
EL,C28,2021,6.41412,401.1,0.015991
EL,C28,2022,6.60905,444.6,0.014865
EL,C28,2023,6.81514,484.7,0.014061
EL,C29,2012,1.05072,59.0,0.017809
EL,C29,2013,1.77481,73.7,0.024082
EL,C29,2014,1.11147,46.4,0.023954
EL,C29,2015,1.37219,45.4,0.030224
EL,C29,2016,1.30824,40.9,0.031986
EL,C29,2017,1.28122,49.7,0.025779
EL,C29,2018,1.17535,49.5,0.023744
EL,C29,2019,1.15249,51.0,0.022598
EL,C29,2020,1.03866,55.1,0.018850
EL,C29,2021,1.22196,54.1,0.022587
EL,C29,2022,1.2637,54.0,0.023402
EL,C29,2023,1.62198,64.4,0.025186
EL,C30,2012,0.69475,101.1,0.006872
EL,C30,2013,1.83047,247.4,0.007399
EL,C30,2014,1.33189,183.1,0.007274
EL,C30,2015,3.3146,355.5,0.009324
EL,C30,2016,2.98871,309.9,0.009644
EL,C30,2017,3.15418,357.7,0.008818
EL,C30,2018,4.06307,419.2,0.009692
EL,C30,2019,4.06297,425.1,0.009558
EL,C30,2020,3.02912,337.7,0.008970
EL,C30,2021,2.83977,357.6,0.007941
EL,C30,2022,2.77113,466.1,0.005945
EL,C30,2023,1.94599,485.6,0.004007
EL,C31_C32,2012,10.71057,403.3,0.026557
EL,C31_C32,2013,4.88313,283.7,0.017212
EL,C31_C32,2014,5.80327,272.2,0.021320
EL,C31_C32,2015,6.84626,296.9,0.023059
EL,C31_C32,2016,7.22412,295.2,0.024472
EL,C31_C32,2017,6.76663,301.0,0.022480
EL,C31_C32,2018,5.73506,330.6,0.017347
EL,C31_C32,2019,5.34807,344.6,0.015520
EL,C31_C32,2020,5.78009,352.0,0.016421
EL,C31_C32,2021,6.87056,392.5,0.017505
EL,C31_C32,2022,4.56327,437.7,0.010426
EL,C31_C32,2023,5.61025,488.1,0.011494
EL,C33,2012,4.0296,497.2,0.008105
EL,C33,2013,5.70787,600.0,0.009513
EL,C33,2014,7.2227,557.4,0.012958
EL,C33,2015,10.50282,679.9,0.015448
EL,C33,2016,9.0861,607.0,0.014969
EL,C33,2017,5.66005,484.1,0.011692
EL,C33,2018,4.41267,419.4,0.010521
EL,C33,2019,6.42691,464.3,0.013842
EL,C33,2020,2.03848,291.0,0.007005
EL,C33,2021,3.69513,331.3,0.011153
EL,C33,2022,1.94083,199.7,0.009719
EL,C33,2023,3.13028,402.8,0.007771
EL,D,2012,51505.62179,4934.2,10.438495
EL,D,2013,44741.06171,5240.9,8.536904
EL,D,2014,41034.19066,4990.5,8.222461
EL,D,2015,36214.11316,4588.7,7.892020
EL,D,2016,32030.93135,4960.7,6.456938
EL,D,2017,35638.76258,4999.4,7.128608
EL,D,2018,33955.97809,4689.4,7.241007
EL,D,2019,28069.67309,4986.1,5.629585
EL,D,2020,20399.43745,4976.7,4.098989
EL,D,2021,20563.6846,5794.8,3.548644
EL,D,2022,19299.93176,8355.8,2.309765
EL,D,2023,15759.8207,6412.9,2.457519
EL,E,2012,4918.38733,2393.9,2.054550
EL,E,2013,5109.54034,2429.0,2.103557
EL,E,2014,5194.81588,2333.6,2.226095
EL,E,2015,5139.3649,2089.1,2.460086
EL,E,2016,5259.11777,2151.7,2.444169
EL,E,2017,5497.00125,2050.7,2.680549
EL,E,2018,5632.66434,2035.5,2.767214
EL,E,2019,5710.07385,2110.6,2.705427
EL,E,2020,5815.03868,1859.5,3.127206
EL,E,2021,6266.41593,1786.3,3.508042
EL,E,2022,6358.11027,1565.7,4.060874
EL,E,2023,6367.83518,1765.7,3.606408
EL,E36,2012,20.082,990.7,0.020271
EL,E36,2013,33.62763,988.3,0.034026
EL,E36,2014,25.52396,985.5,0.025900
EL,E36,2015,19.37413,702.5,0.027579
EL,E36,2016,23.26767,743.4,0.031299
EL,E36,2017,21.80508,727.8,0.029960
EL,E36,2018,32.16421,729.9,0.044067
EL,E36,2019,22.84448,722.3,0.031627
EL,E36,2020,25.13501,730.5,0.034408
EL,E36,2021,34.29908,709.3,0.048356
EL,E36,2022,32.56909,668.9,0.048691
EL,E36,2023,35.9886,698.8,0.051501
EL,E37-E39,2012,4898.30533,1403.2,3.490811
EL,E37-E39,2013,5075.91271,1440.7,3.523227
EL,E37-E39,2014,5169.29192,1348.1,3.834502
EL,E37-E39,2015,5119.99077,1386.6,3.692479
EL,E37-E39,2016,5235.8501,1408.2,3.718115
EL,E37-E39,2017,5475.19617,1322.9,4.138783
EL,E37-E39,2018,5600.50013,1305.6,4.289599
EL,E37-E39,2019,5687.22936,1388.3,4.096542
EL,E37-E39,2020,5789.90367,1129.0,5.128347
EL,E37-E39,2021,6232.11684,1077.0,5.786552
EL,E37-E39,2022,6325.54119,896.8,7.053458
EL,E37-E39,2023,6331.84658,1066.9,5.934808
EL,F,2012,380.12141,4239.0,0.089672
EL,F,2013,463.69319,4453.2,0.104126
EL,F,2014,478.31457,3001.3,0.159369
EL,F,2015,453.63554,3201.7,0.141686
EL,F,2016,467.50336,2881.0,0.162271
EL,F,2017,384.66459,1930.4,0.199267
EL,F,2018,458.78454,2330.2,0.196886
EL,F,2019,395.88078,2458.0,0.161058
EL,F,2020,401.90157,2374.4,0.169264
EL,F,2021,390.23224,3025.8,0.128968
EL,F,2022,405.07423,3897.4,0.103934
EL,F,2023,322.599,4438.8,0.072677
EL,G,2012,2318.05385,19544.7,0.118603
EL,G,2013,2434.31704,17900.7,0.135990
EL,G,2014,2318.6017,18182.2,0.127520
EL,G,2015,2504.07916,18219.8,0.137437
EL,G,2016,2416.84816,18364.8,0.131602
EL,G,2017,2436.80062,19117.0,0.127468
EL,G,2018,2263.29361,19772.6,0.114466
EL,G,2019,2272.6591,18881.8,0.120362
EL,G,2020,2275.01164,17384.0,0.130868
EL,G,2021,2347.90927,19137.8,0.122684
EL,G,2022,2608.6823,21780.5,0.119771
EL,G,2023,2306.71698,21785.5,0.105883
EL,G45,2012,275.76601,1636.6,0.168499
EL,G45,2013,301.11,1671.5,0.180144
EL,G45,2014,296.03301,1653.5,0.179034
EL,G45,2015,345.64257,1643.0,0.210373
EL,G45,2016,349.08805,1827.5,0.191019
EL,G45,2017,371.71894,1950.6,0.190566
EL,G45,2018,344.16987,2084.0,0.165149
EL,G45,2019,335.77916,1990.0,0.168733
EL,G45,2020,303.99791,1378.3,0.220560
EL,G45,2021,271.00753,1427.4,0.189861
EL,G45,2022,301.97657,1303.7,0.231630
EL,G45,2023,301.78628,1533.5,0.196796
EL,G46,2012,1359.35288,10025.1,0.135595
EL,G46,2013,1512.63298,9631.0,0.157059
EL,G46,2014,1450.30861,9746.1,0.148809
EL,G46,2015,1533.0938,9408.0,0.162956
EL,G46,2016,1437.94658,9387.6,0.153175
EL,G46,2017,1440.17152,9741.5,0.147839
EL,G46,2018,1372.8579,10512.8,0.130589
EL,G46,2019,1351.45215,9790.9,0.138031
EL,G46,2020,1405.25357,9732.5,0.144388
EL,G46,2021,1573.56688,11451.8,0.137408
EL,G46,2022,1746.03698,13283.6,0.131443
EL,G46,2023,1520.76162,12871.8,0.118147
EL,G47,2012,682.93496,7883.0,0.086634
EL,G47,2013,620.57406,6598.1,0.094053
EL,G47,2014,572.26008,6782.6,0.084372
EL,G47,2015,625.34279,7168.8,0.087231
EL,G47,2016,629.81352,7149.7,0.088090
EL,G47,2017,624.91015,7424.9,0.084164
EL,G47,2018,546.26584,7175.7,0.076127
EL,G47,2019,585.42778,7100.8,0.082445
EL,G47,2020,565.76015,6273.2,0.090187
EL,G47,2021,503.33486,6258.7,0.080422
EL,G47,2022,560.66876,7193.1,0.077945
EL,G47,2023,484.16908,7380.3,0.065603
EL,H,2012,15311.13302,11083.9,1.381385
EL,H,2013,12544.98891,10594.5,1.184104
EL,H,2014,13207.21118,11016.8,1.198825
EL,H,2015,15039.93329,9260.5,1.624095
EL,H,2016,16612.67797,8902.0,1.866174
EL,H,2017,18152.98444,9675.4,1.876200
EL,H,2018,20658.50028,10163.6,2.032597
EL,H,2019,21784.38217,10211.8,2.133256
EL,H,2020,19764.69003,8787.8,2.249106
EL,H,2021,19496.65023,9966.8,1.956159
EL,H,2022,16549.408,11176.7,1.480706
EL,H,2023,17111.68193,13050.5,1.311190
EL,H49,2012,3131.96547,2962.4,1.057239
EL,H49,2013,3101.38416,2860.4,1.084248
EL,H49,2014,3391.00843,2708.3,1.252080
EL,H49,2015,3129.91862,2738.9,1.142765
EL,H49,2016,3140.53974,2793.0,1.124432
EL,H49,2017,3237.56476,2938.1,1.101925
EL,H49,2018,3807.45544,3027.7,1.257541
EL,H49,2019,3537.48295,2857.5,1.237964
EL,H49,2020,3212.39827,2451.8,1.310220
EL,H49,2021,3213.5097,2670.0,1.203562
EL,H49,2022,3557.04333,3099.4,1.147655
EL,H49,2023,3274.75663,3709.7,0.882755
EL,H50,2012,10719.15014,5498.6,1.949433
EL,H50,2013,8166.97848,5264.3,1.551389
EL,H50,2014,8419.79649,5854.9,1.438077
EL,H50,2015,10231.44437,3390.5,3.017680
EL,H50,2016,11646.50495,2892.9,4.025893
EL,H50,2017,13046.4221,2846.8,4.582838
EL,H50,2018,14905.60491,3255.0,4.579295
EL,H50,2019,16188.82549,3421.6,4.731361
EL,H50,2020,15508.05498,3006.1,5.158862
EL,H50,2021,14752.62211,3288.1,4.486671
EL,H50,2022,10924.48164,3653.6,2.990060
EL,H50,2023,11481.10683,4495.6,2.553854
EL,H51,2012,1069.68959,610.6,1.751866
EL,H51,2013,962.91461,619.5,1.554342
EL,H51,2014,1114.85835,527.2,2.114678
EL,H51,2015,1284.70231,564.1,2.277437
EL,H51,2016,1409.43786,581.9,2.422131
EL,H51,2017,1451.24942,788.4,1.840753
EL,H51,2018,1556.66396,709.1,2.195267
EL,H51,2019,1590.02673,685.3,2.320191
EL,H51,2020,649.18178,375.7,1.727926
EL,H51,2021,1008.82598,551.2,1.830236
EL,H51,2022,1465.99073,886.8,1.653124
EL,H51,2023,1791.83449,1207.7,1.483675
EL,H52,2012,272.08925,1540.8,0.176590
EL,H52,2013,203.02289,1436.9,0.141292
EL,H52,2014,210.71922,1513.6,0.139217
EL,H52,2015,301.34021,2099.9,0.143502
EL,H52,2016,332.28132,2175.6,0.152731
EL,H52,2017,348.0758,2626.8,0.132509
EL,H52,2018,307.85376,2643.3,0.116466
EL,H52,2019,340.9042,2744.6,0.124209
EL,H52,2020,326.38564,2381.9,0.137027
EL,H52,2021,460.49965,2964.6,0.155333
EL,H52,2022,548.70047,3000.9,0.182845
EL,H52,2023,499.77996,3096.8,0.161386
EL,H53,2012,118.23857,471.6,0.250718
EL,H53,2013,110.68878,413.4,0.267752
EL,H53,2014,70.82869,412.7,0.171623
EL,H53,2015,92.52778,467.1,0.198090
EL,H53,2016,83.91409,458.7,0.182939
EL,H53,2017,69.67235,475.4,0.146555
EL,H53,2018,80.92222,528.5,0.153117
EL,H53,2019,127.1428,502.9,0.252819
EL,H53,2020,68.66936,572.2,0.120009
EL,H53,2021,61.19279,492.9,0.124148
EL,H53,2022,53.19183,536.0,0.099238
EL,H53,2023,64.20402,540.7,0.118742
EL,I,2012,184.36132,8445.8,0.021829
EL,I,2013,188.48413,10387.8,0.018145
EL,I,2014,181.23312,10122.0,0.017905
EL,I,2015,241.07106,10117.5,0.023827
EL,I,2016,224.54083,9459.2,0.023738
EL,I,2017,207.43654,10348.0,0.020046
EL,I,2018,218.55217,10905.9,0.020040
EL,I,2019,261.34646,11629.1,0.022473
EL,I,2020,72.2532,6370.2,0.011342
EL,I,2021,98.29376,8449.1,0.011634
EL,I,2022,120.4086,11682.2,0.010307
EL,I,2023,160.35769,13737.1,0.011673
EL,J,2012,45.08705,5183.5,0.008698
EL,J,2013,48.90265,4802.7,0.010182
EL,J,2014,44.61571,4341.8,0.010276
EL,J,2015,38.2095,4498.6,0.008494
EL,J,2016,42.8104,4627.0,0.009252
EL,J,2017,39.08688,4794.0,0.008153
EL,J,2018,34.47189,4862.2,0.007090
EL,J,2019,39.71361,5165.3,0.007689
EL,J,2020,48.52232,5671.5,0.008555
EL,J,2021,53.02441,6142.1,0.008633
EL,J,2022,59.09118,6902.6,0.008561
EL,J,2023,62.69411,6953.8,0.009016
EL,J58,2012,3.57658,500.1,0.007152
EL,J58,2013,13.02944,420.2,0.031008
EL,J58,2014,16.97874,336.3,0.050487
EL,J58,2015,2.96797,375.5,0.007904
EL,J58,2016,6.6155,377.3,0.017534
EL,J58,2017,1.27725,325.6,0.003923
EL,J58,2018,1.09992,369.7,0.002975
EL,J58,2019,1.17569,405.7,0.002898
EL,J58,2020,0.72775,378.0,0.001925
EL,J58,2021,0.8572,401.1,0.002137
EL,J58,2022,0.91768,443.7,0.002068
EL,J58,2023,1.28143,463.1,0.002767
EL,J59_J60,2012,3.14758,490.2,0.006421
EL,J59_J60,2013,1.82963,425.3,0.004302
EL,J59_J60,2014,1.72599,449.3,0.003842
EL,J59_J60,2015,2.0942,419.6,0.004991
EL,J59_J60,2016,2.63987,472.9,0.005582
EL,J59_J60,2017,2.71583,452.5,0.006002
EL,J59_J60,2018,3.32188,484.5,0.006856
EL,J59_J60,2019,3.93899,564.9,0.006973
EL,J59_J60,2020,2.73355,578.1,0.004729
EL,J59_J60,2021,3.41217,751.7,0.004539
EL,J59_J60,2022,4.14265,819.0,0.005058
EL,J59_J60,2023,3.7599,817.8,0.004598
EL,J61,2012,27.92893,3337.4,0.008368
EL,J61,2013,20.66886,2965.5,0.006970
EL,J61,2014,17.70873,2519.4,0.007029
EL,J61,2015,23.4701,2597.8,0.009035
EL,J61,2016,24.39257,2697.4,0.009043
EL,J61,2017,25.00971,2742.8,0.009118
EL,J61,2018,22.16026,2710.4,0.008176
EL,J61,2019,24.5497,2734.2,0.008979
EL,J61,2020,35.71015,3093.5,0.011544
EL,J61,2021,36.37301,3105.9,0.011711
EL,J61,2022,40.73166,3406.6,0.011957
EL,J61,2023,42.45204,3040.6,0.013962
EL,J62_J63,2012,10.43396,855.8,0.012192
EL,J62_J63,2013,13.37471,991.6,0.013488
EL,J62_J63,2014,8.20226,1036.8,0.007911
EL,J62_J63,2015,9.67723,1105.7,0.008752
EL,J62_J63,2016,9.16246,1079.4,0.008488
EL,J62_J63,2017,10.08409,1273.1,0.007921
EL,J62_J63,2018,7.88984,1297.5,0.006081
EL,J62_J63,2019,10.04923,1460.5,0.006881
EL,J62_J63,2020,9.35088,1621.9,0.005765
EL,J62_J63,2021,12.38203,1883.5,0.006574
EL,J62_J63,2022,13.29918,2233.3,0.005955
EL,J62_J63,2023,15.20074,2632.4,0.005774
EL,K,2012,24.04896,6157.1,0.003906
EL,K,2013,18.47744,7003.3,0.002638
EL,K,2014,13.04321,8146.7,0.001601
EL,K,2015,16.03657,7859.0,0.002041
EL,K,2016,17.4257,8622.3,0.002021
EL,K,2017,15.96089,8728.7,0.001829
EL,K,2018,14.73647,8133.2,0.001812
EL,K,2019,14.96631,8057.3,0.001857
EL,K,2020,21.33826,7679.1,0.002779
EL,K,2021,16.59155,7973.3,0.002081
EL,K,2022,12.78024,8551.8,0.001494
EL,K,2023,17.57879,13008.2,0.001351
EL,K64,2012,4.22794,4776.7,0.000885
EL,K64,2013,3.48076,5586.0,0.000623
EL,K64,2014,4.31107,6689.5,0.000644
EL,K64,2015,4.95589,6692.6,0.000741
EL,K64,2016,5.33242,7616.6,0.000700
EL,K64,2017,4.98639,7631.4,0.000653
EL,K64,2018,3.8925,7092.3,0.000549
EL,K64,2019,3.15166,6760.5,0.000466
EL,K64,2020,3.88128,6523.1,0.000595
EL,K64,2021,3.14147,6676.8,0.000471
EL,K64,2022,2.78886,7308.3,0.000382
EL,K64,2023,6.03524,11815.3,0.000511
EL,K65,2012,11.86689,974.8,0.012174
EL,K65,2013,10.55933,1058.0,0.009980
EL,K65,2014,1.35721,878.9,0.001544
EL,K65,2015,1.7224,643.8,0.002675
EL,K65,2016,1.86633,556.1,0.003356
EL,K65,2017,1.44753,664.1,0.002180
EL,K65,2018,1.58368,568.3,0.002787
EL,K65,2019,1.52502,753.9,0.002023
EL,K65,2020,2.1201,618.2,0.003429
EL,K65,2021,2.15661,673.3,0.003203
EL,K65,2022,1.62789,578.8,0.002813
EL,K65,2023,1.99672,481.6,0.004146
EL,K66,2012,7.95413,405.5,0.019616
EL,K66,2013,4.43735,359.3,0.012350
EL,K66,2014,7.37492,578.2,0.012755
EL,K66,2015,9.35829,522.6,0.017907
EL,K66,2016,10.22694,449.6,0.022747
EL,K66,2017,9.52697,433.3,0.021987
EL,K66,2018,9.26028,472.6,0.019594
EL,K66,2019,10.28963,542.9,0.018953
EL,K66,2020,15.33688,537.8,0.028518
EL,K66,2021,11.29347,623.2,0.018122
EL,K66,2022,8.36349,664.8,0.012580
EL,K66,2023,9.54683,711.4,0.013420
EL,L,2012,0.41086,29834.1,0.000014
EL,L,2013,0.50666,28428.4,0.000018
EL,L,2014,0.63477,27662.0,0.000023
EL,L,2015,0.74717,28353.1,0.000026
EL,L,2016,0.9411,27466.3,0.000034
EL,L,2017,1.22908,27439.4,0.000045
EL,L,2018,1.41935,26825.8,0.000053
EL,L,2019,2.45505,29184.0,0.000084
EL,L,2020,2.7803,27003.8,0.000103
EL,L,2021,2.53228,28546.0,0.000089
EL,L,2022,1.91026,29326.9,0.000065
EL,L,2023,2.09717,32241.4,0.000065
EL,L68A,2012,0.00099,17489.6,0.000000
EL,L68A,2013,0.00157,15775.9,0.000000
EL,L68A,2014,0.00321,14741.2,0.000000
EL,L68A,2015,0.00497,14839.8,0.000000
EL,L68A,2016,0.00481,14807.8,0.000000
EL,L68A,2017,0.00558,15147.3,0.000000
EL,L68A,2018,0.00866,15157.7,0.000001
EL,L68A,2019,0.00928,16097.2,0.000001
EL,L68A,2020,0.01003,17391.2,0.000001
EL,L68A,2021,0.0091,18042.2,0.000001
EL,L68A,2022,0.00673,19416.2,0.000000
EL,L68A,2023,0.00703,20509.2,0.000000
EL,M,2012,136.24685,6002.3,0.022699
EL,M,2013,112.17804,5940.1,0.018885
EL,M,2014,76.40075,5417.4,0.014103
EL,M,2015,99.16316,5578.4,0.017776
EL,M,2016,93.89256,5255.6,0.017865
EL,M,2017,89.04987,5298.9,0.016805
EL,M,2018,85.64218,5394.8,0.015875
EL,M,2019,103.80581,5753.5,0.018042
EL,M,2020,129.95933,5648.2,0.023009
EL,M,2021,155.41068,6570.8,0.023652
EL,M,2022,170.20846,7192.1,0.023666
EL,M,2023,198.44867,8133.7,0.024398
EL,M69_M70,2012,46.70327,3334.3,0.014007
EL,M69_M70,2013,47.7754,3373.3,0.014163
EL,M69_M70,2014,33.5273,3089.2,0.010853
EL,M69_M70,2015,40.24164,3115.8,0.012915
EL,M69_M70,2016,39.53317,2909.5,0.013588
EL,M69_M70,2017,40.27243,2886.3,0.013953
EL,M69_M70,2018,38.38726,2923.0,0.013133
EL,M69_M70,2019,44.9702,3064.5,0.014675
EL,M69_M70,2020,67.09646,2789.0,0.024058
EL,M69_M70,2021,79.98555,3454.7,0.023153
EL,M69_M70,2022,92.90004,3616.8,0.025686
EL,M69_M70,2023,108.59206,4114.2,0.026394
EL,M71,2012,58.76833,1421.8,0.041334
EL,M71,2013,46.19917,1378.4,0.033517
EL,M71,2014,30.91055,1275.4,0.024236
EL,M71,2015,43.65449,1378.0,0.031680
EL,M71,2016,37.74902,1287.2,0.029326
EL,M71,2017,32.43593,1250.0,0.025949
EL,M71,2018,31.10202,1270.6,0.024478
EL,M71,2019,41.10984,1428.0,0.028788
EL,M71,2020,45.25958,1395.0,0.032444
EL,M71,2021,53.79304,1495.6,0.035968
EL,M71,2022,52.21345,1752.0,0.029802
EL,M71,2023,58.88548,1989.4,0.029600
EL,M72,2012,2.42258,648.7,0.003735
EL,M72,2013,2.02541,693.4,0.002921
EL,M72,2014,1.78058,573.6,0.003104
EL,M72,2015,2.45605,550.4,0.004462
EL,M72,2016,2.50948,523.0,0.004798
EL,M72,2017,2.6133,586.4,0.004457
EL,M72,2018,2.52804,605.7,0.004174
EL,M72,2019,2.98024,659.6,0.004518
EL,M72,2020,2.63807,743.9,0.003546
EL,M72,2021,3.08415,812.7,0.003795
EL,M72,2022,3.21653,952.3,0.003378
EL,M72,2023,2.9129,1042.5,0.002794
EL,M73,2012,24.95676,323.9,0.077051
EL,M73,2013,14.69879,314.0,0.046811
EL,M73,2014,8.92361,323.2,0.027610
EL,M73,2015,11.08544,366.1,0.030280
EL,M73,2016,12.43107,385.1,0.032280
EL,M73,2017,11.7465,383.1,0.030662
EL,M73,2018,12.05806,437.5,0.027561
EL,M73,2019,13.19499,435.6,0.030292
EL,M73,2020,13.44223,538.4,0.024967
EL,M73,2021,16.55932,592.8,0.027934
EL,M73,2022,19.6532,606.2,0.032420
EL,M73,2023,25.65654,667.7,0.038425
EL,M74_M75,2012,3.3959,273.7,0.012407
EL,M74_M75,2013,1.47928,181.0,0.008173
EL,M74_M75,2014,1.25871,155.9,0.008074
EL,M74_M75,2015,1.72555,168.0,0.010271
EL,M74_M75,2016,1.66982,150.8,0.011073
EL,M74_M75,2017,1.98171,193.1,0.010263
EL,M74_M75,2018,1.56681,158.0,0.009917
EL,M74_M75,2019,1.55053,165.8,0.009352
EL,M74_M75,2020,1.52299,181.9,0.008373
EL,M74_M75,2021,1.98863,215.1,0.009245
EL,M74_M75,2022,2.22524,264.8,0.008403
EL,M74_M75,2023,2.40169,319.8,0.007510
EL,N,2012,62.298,2696.2,0.023106
EL,N,2013,53.0295,2171.9,0.024416
EL,N,2014,58.53079,2441.7,0.023971
EL,N,2015,55.92636,2250.1,0.024855
EL,N,2016,60.9982,2301.7,0.026501
EL,N,2017,56.7937,2526.0,0.022484
EL,N,2018,57.19415,2712.8,0.021083
EL,N,2019,59.96622,2932.3,0.020450
EL,N,2020,23.12683,2314.5,0.009992
EL,N,2021,37.6724,2931.5,0.012851
EL,N,2022,48.83801,3984.0,0.012259
EL,N,2023,59.79283,4500.1,0.013287
EL,N77,2012,10.3581,555.3,0.018653
EL,N77,2013,6.78215,400.5,0.016934
EL,N77,2014,15.27535,496.3,0.030778
EL,N77,2015,9.05096,406.1,0.022288
EL,N77,2016,9.46924,400.4,0.023649
EL,N77,2017,9.14945,485.5,0.018845
EL,N77,2018,9.14302,533.9,0.017125
EL,N77,2019,10.86469,723.6,0.015015
EL,N77,2020,5.02439,516.6,0.009726
EL,N77,2021,8.99422,778.0,0.011561
EL,N77,2022,8.7617,1044.3,0.008390
EL,N77,2023,10.75865,1220.6,0.008814
EL,N78,2012,0.19219,70.4,0.002730
EL,N78,2013,0.12999,63.5,0.002047
EL,N78,2014,0.29049,150.9,0.001925
EL,N78,2015,0.50432,192.1,0.002625
EL,N78,2016,0.70087,210.5,0.003330
EL,N78,2017,0.76885,225.1,0.003416
EL,N78,2018,0.74036,262.9,0.002816
EL,N78,2019,0.8354,316.6,0.002639
EL,N78,2020,0.89628,334.4,0.002680
EL,N78,2021,0.74754,303.2,0.002466
EL,N78,2022,0.50214,415.1,0.001210
EL,N78,2023,0.54106,358.4,0.001510
EL,N79,2012,30.20759,658.2,0.045894
EL,N79,2013,27.82894,655.1,0.042480
EL,N79,2014,28.16259,745.0,0.037802
EL,N79,2015,30.01551,607.8,0.049384
EL,N79,2016,30.49896,588.2,0.051851
EL,N79,2017,31.01779,655.0,0.047355
EL,N79,2018,31.93965,696.8,0.045838
EL,N79,2019,31.24395,615.5,0.050762
EL,N79,2020,5.23662,219.6,0.023846
EL,N79,2021,11.75753,398.8,0.029482
EL,N79,2022,22.01569,809.1,0.027210
EL,N79,2023,27.51362,1063.7,0.025866
EL,N80-N82,2012,21.54012,1412.3,0.015252
EL,N80-N82,2013,18.28841,1052.8,0.017371
EL,N80-N82,2014,14.80236,1049.5,0.014104
EL,N80-N82,2015,16.35556,1044.1,0.015665
EL,N80-N82,2016,20.32913,1102.6,0.018437
EL,N80-N82,2017,15.8576,1160.4,0.013666
EL,N80-N82,2018,15.37112,1219.1,0.012609
EL,N80-N82,2019,17.02218,1276.7,0.013333
EL,N80-N82,2020,11.96953,1243.8,0.009623
EL,N80-N82,2021,16.17311,1451.5,0.011142
EL,N80-N82,2022,17.55848,1715.6,0.010235
EL,N80-N82,2023,20.9795,1857.4,0.011295
EL,O,2012,473.52348,17840.3,0.026542
EL,O,2013,392.43591,16159.1,0.024286
EL,O,2014,358.0115,16388.2,0.021846
EL,O,2015,393.17995,16348.8,0.024049
EL,O,2016,373.01247,16085.1,0.023190
EL,O,2017,366.10808,16081.8,0.022765
EL,O,2018,303.18738,16061.3,0.018877
EL,O,2019,300.09435,15941.9,0.018824
EL,O,2020,537.59631,15905.9,0.033799
EL,O,2021,201.80549,16116.0,0.012522
EL,O,2022,522.64776,16472.8,0.031728
EL,O,2023,538.92612,16964.1,0.031769
EL,P,2012,45.99476,10075.7,0.004565
EL,P,2013,36.00698,9450.7,0.003810
EL,P,2014,33.32979,8995.6,0.003705
EL,P,2015,38.92829,8645.1,0.004503
EL,P,2016,38.11236,8562.2,0.004451
EL,P,2017,36.88278,8485.7,0.004346
EL,P,2018,44.05119,8477.5,0.005196
EL,P,2019,45.79829,8471.7,0.005406
EL,P,2020,68.99889,8384.1,0.008230
EL,P,2021,32.20674,8259.3,0.003899
EL,P,2022,35.29773,8887.7,0.003972
EL,P,2023,28.51455,9036.1,0.003156
EL,Q,2012,124.84406,7616.2,0.016392
EL,Q,2013,107.34693,6866.0,0.015635
EL,Q,2014,108.79543,6381.2,0.017049
EL,Q,2015,123.27084,6593.4,0.018696
EL,Q,2016,124.44373,6457.1,0.019272
EL,Q,2017,119.82467,6447.0,0.018586
EL,Q,2018,119.16486,6648.1,0.017925
EL,Q,2019,125.89414,7039.8,0.017883
EL,Q,2020,143.49953,6917.3,0.020745
EL,Q,2021,149.31643,7786.3,0.019177
EL,Q,2022,91.32172,8155.4,0.011198
EL,Q,2023,93.93016,8337.0,0.011267
EL,Q86,2012,102.94621,7055.0,0.014592
EL,Q86,2013,93.83977,6327.6,0.014830
EL,Q86,2014,92.92889,5738.3,0.016194
EL,Q86,2015,103.66123,5973.3,0.017354
EL,Q86,2016,99.60058,5812.2,0.017136
EL,Q86,2017,90.48633,5816.5,0.015557
EL,Q86,2018,90.68784,5998.9,0.015117
EL,Q86,2019,96.93375,6384.0,0.015184
EL,Q86,2020,116.60077,6259.7,0.018627
EL,Q86,2021,125.72337,7141.4,0.017605
EL,Q86,2022,70.00654,7474.5,0.009366
EL,Q86,2023,72.93476,7630.2,0.009559
EL,Q87_Q88,2012,21.89785,561.3,0.039013
EL,Q87_Q88,2013,13.50716,538.4,0.025088
EL,Q87_Q88,2014,15.86655,642.8,0.024683
EL,Q87_Q88,2015,19.60962,620.1,0.031623
EL,Q87_Q88,2016,24.84314,644.9,0.038522
EL,Q87_Q88,2017,29.33834,630.5,0.046532
EL,Q87_Q88,2018,28.47702,649.2,0.043865
EL,Q87_Q88,2019,28.9604,655.7,0.044167
EL,Q87_Q88,2020,26.89876,657.5,0.040911
EL,Q87_Q88,2021,23.59307,644.9,0.036584
EL,Q87_Q88,2022,21.31518,680.9,0.031304
EL,Q87_Q88,2023,20.9954,706.8,0.029705
EL,R,2012,62.48895,2229.2,0.028032
EL,R,2013,51.53355,2226.4,0.023147
EL,R,2014,39.83793,2196.9,0.018134
EL,R,2015,47.25896,2236.3,0.021133
EL,R,2016,52.02747,2169.7,0.023979
EL,R,2017,54.11299,2407.6,0.022476
EL,R,2018,52.96696,2642.3,0.020046
EL,R,2019,58.98126,2654.1,0.022223
EL,R,2020,49.49328,1780.3,0.027801
EL,R,2021,46.79615,2017.4,0.023196
EL,R,2022,50.79385,2577.6,0.019706
EL,R,2023,54.63301,2925.3,0.018676
EL,R90-R92,2012,20.78107,1788.2,0.011621
EL,R90-R92,2013,15.01142,1762.0,0.008520
EL,R90-R92,2014,13.19612,1819.4,0.007253
EL,R90-R92,2015,13.38117,1846.3,0.007248
EL,R90-R92,2016,16.84468,1784.5,0.009439
EL,R90-R92,2017,18.23846,2017.2,0.009041
EL,R90-R92,2018,15.73799,2235.5,0.007040
EL,R90-R92,2019,19.21203,2219.4,0.008656
EL,R90-R92,2020,15.45599,1504.4,0.010274
EL,R90-R92,2021,17.06751,1746.2,0.009774
EL,R90-R92,2022,18.71695,2204.5,0.008490
EL,R90-R92,2023,22.08944,2499.9,0.008836
EL,R93,2012,41.70788,440.9,0.094597
EL,R93,2013,36.52213,464.4,0.078644
EL,R93,2014,26.64181,377.5,0.070574
EL,R93,2015,33.87779,390.0,0.086866
EL,R93,2016,35.18279,385.2,0.091336
EL,R93,2017,35.87453,390.3,0.091915
EL,R93,2018,37.22897,406.8,0.091517
EL,R93,2019,39.76923,434.7,0.091487
EL,R93,2020,34.03729,275.9,0.123368
EL,R93,2021,29.72865,271.2,0.109619
EL,R93,2022,32.0769,373.2,0.085951
EL,R93,2023,32.54357,425.4,0.076501
EL,S,2012,63.87991,2219.8,0.028777
EL,S,2013,40.94682,2289.1,0.017888
EL,S,2014,37.72001,2304.6,0.016367
EL,S,2015,63.63719,2205.9,0.028849
EL,S,2016,56.74127,2198.8,0.025806
EL,S,2017,50.82811,2207.3,0.023027
EL,S,2018,46.50965,2353.1,0.019765
EL,S,2019,49.93331,2480.3,0.020132
EL,S,2020,57.73807,2249.7,0.025665
EL,S,2021,48.80628,2622.7,0.018609
EL,S,2022,42.69936,2762.8,0.015455
EL,S,2023,47.60609,2858.8,0.016652
EL,S94,2012,48.38445,830.8,0.058238
EL,S94,2013,27.37647,887.9,0.030833
EL,S94,2014,27.46423,907.4,0.030267
EL,S94,2015,48.85217,858.4,0.056911
EL,S94,2016,44.05745,857.5,0.051379
EL,S94,2017,40.98141,848.9,0.048276
EL,S94,2018,36.89103,853.5,0.043223
EL,S94,2019,38.1084,895.5,0.042555
EL,S94,2020,50.53227,957.6,0.052770
EL,S94,2021,40.50233,1064.8,0.038038
EL,S94,2022,34.57844,906.5,0.038145
EL,S94,2023,37.36689,849.7,0.043977
EL,S95,2012,11.50424,358.9,0.032054
EL,S95,2013,10.66232,427.5,0.024941
EL,S95,2014,8.03718,371.2,0.021652
EL,S95,2015,11.81844,348.3,0.033932
EL,S95,2016,9.44457,342.2,0.027600
EL,S95,2017,7.1414,273.6,0.026102
EL,S95,2018,6.74585,317.2,0.021267
EL,S95,2019,8.30786,347.7,0.023894
EL,S95,2020,4.05897,244.6,0.016594
EL,S95,2021,5.46885,301.3,0.018151
EL,S95,2022,4.80554,260.6,0.018440
EL,S95,2023,5.89833,329.4,0.017906
EL,S96,2012,3.99122,1030.0,0.003875
EL,S96,2013,2.90803,973.8,0.002986
EL,S96,2014,2.2186,1025.9,0.002163
EL,S96,2015,2.96658,999.2,0.002969
EL,S96,2016,3.23925,999.1,0.003242
EL,S96,2017,2.7053,1084.7,0.002494
EL,S96,2018,2.87276,1182.5,0.002429
EL,S96,2019,3.51705,1237.2,0.002843
EL,S96,2020,3.14683,1047.5,0.003004
EL,S96,2021,2.8351,1256.6,0.002256
EL,S96,2022,3.31538,1595.7,0.002078
EL,S96,2023,4.34087,1679.6,0.002584
EL,T,2012,0.0,968.7,0.000000
EL,T,2013,0.0,773.7,0.000000
EL,T,2014,0.0,632.9,0.000000
EL,T,2015,0.0,589.0,0.000000
EL,T,2016,0.0,555.8,0.000000
EL,T,2017,0.0,545.9,0.000000
EL,T,2018,0.0,604.9,0.000000
EL,T,2019,0.0,709.2,0.000000
EL,T,2020,0.0,615.0,0.000000
EL,T,2021,0.0,713.8,0.000000
EL,T,2022,0.0,730.9,0.000000
EL,T,2023,0.0,750.0,0.000000
EL,TOTAL,2012,105648.33429,163766.2,0.645117
EL,TOTAL,2013,97601.11088,157795.3,0.618530
EL,TOTAL,2014,94883.41743,155355.4,0.610751
EL,TOTAL,2015,91236.52804,154780.6,0.589457
EL,TOTAL,2016,89203.69337,152015.6,0.586806
EL,TOTAL,2017,94558.95684,154782.3,0.610916
EL,TOTAL,2018,94430.90229,156634.9,0.602873
EL,TOTAL,2019,87994.03571,160732.6,0.547456
EL,TOTAL,2020,77389.95233,147236.3,0.525617
EL,TOTAL,2021,78284.46652,161015.4,0.486192
EL,TOTAL,2022,73572.99841,182631.3,0.402850
EL,TOTAL,2023,69905.11518,196050.9,0.356566
ES,A,2012,44067.62817,24840.0,1.774059
ES,A,2013,44227.50063,26764.0,1.652500
ES,A,2014,46664.57623,26254.0,1.777427
ES,A,2015,46404.32659,29605.0,1.567449
ES,A,2016,46384.31223,31614.0,1.467208
ES,A,2017,46745.96764,32801.0,1.425138
ES,A,2018,47074.19534,32747.0,1.437512
ES,A,2019,47061.40422,31591.0,1.489709
ES,A,2020,48117.04993,31445.0,1.530197
ES,A,2021,47930.20496,34201.0,1.401427
ES,A,2022,46491.07404,32603.0,1.425975
ES,A,2023,46065.4974,39035.0,1.180108
ES,A01,2012,41868.95103,22478.0,1.862664
ES,A01,2013,42184.52976,24324.0,1.734276
ES,A01,2014,43379.75702,23673.0,1.832457
ES,A01,2015,43586.69693,27062.0,1.610624
ES,A01,2016,43622.23407,28830.0,1.513085
ES,A01,2017,44403.32622,29951.0,1.482532
ES,A01,2018,44920.04344,30135.0,1.490627
ES,A01,2019,45042.53558,29036.0,1.551265
ES,A01,2020,46288.28305,29127.0,1.589188
ES,A01,2021,46299.15105,31547.0,1.467625
ES,A01,2022,44949.80777,30136.0,1.491565
ES,A01,2023,44417.0452,36417.0,1.219679
ES,A02,2012,253.99531,956.0,0.265685
ES,A02,2013,267.93683,1049.0,0.255421
ES,A02,2014,271.86502,959.0,0.283488
ES,A02,2015,255.78109,972.0,0.263149
ES,A02,2016,249.74988,969.0,0.257740
ES,A02,2017,252.61339,1001.0,0.252361
ES,A02,2018,266.10708,1003.0,0.265311
ES,A02,2019,240.67025,1080.0,0.222843
ES,A02,2020,224.21219,917.0,0.244506
ES,A02,2021,235.57481,897.0,0.262625
ES,A02,2022,236.37823,1010.0,0.234038
ES,A02,2023,236.65345,1120.0,0.211298
ES,A03,2012,1944.68184,1406.0,1.383131
ES,A03,2013,1775.03404,1391.0,1.276085
ES,A03,2014,3012.95418,1622.0,1.857555
ES,A03,2015,2561.84857,1571.0,1.630712
ES,A03,2016,2512.32828,1815.0,1.384203
ES,A03,2017,2090.02803,1849.0,1.130356
ES,A03,2018,1888.04481,1609.0,1.173427
ES,A03,2019,1778.19839,1475.0,1.205558
ES,A03,2020,1604.55469,1401.0,1.145292
ES,A03,2021,1395.4791,1757.0,0.794240
ES,A03,2022,1304.88805,1457.0,0.895599
ES,A03,2023,1411.79875,1498.0,0.942456
ES,B,2012,2661.97811,2306.0,1.154370
ES,B,2013,2781.10364,1845.0,1.507373
ES,B,2014,2598.69506,1636.0,1.588444
ES,B,2015,1391.56267,1496.0,0.930189
ES,B,2016,1670.1263,1486.0,1.123907
ES,B,2017,1703.90287,2214.0,0.769604
ES,B,2018,1904.65341,2768.0,0.688097
ES,B,2019,1934.72667,3160.0,0.612255
ES,B,2020,1526.3917,2492.0,0.612517
ES,B,2021,1682.88149,4421.0,0.380656
ES,B,2022,1397.70263,6553.0,0.213292
ES,B,2023,1612.50397,4410.0,0.365647
ES,C,2012,87176.74265,112007.0,0.778315
ES,C,2013,84099.90269,111450.0,0.754598
ES,C,2014,82221.57114,114259.0,0.719607
ES,C,2015,82385.69652,119732.0,0.688084
ES,C,2016,83589.58344,122996.0,0.679612
ES,C,2017,83617.31351,130043.0,0.642997
ES,C,2018,84457.59595,130788.0,0.645760
ES,C,2019,82185.38783,134106.0,0.612839
ES,C,2020,74259.05871,122556.0,0.605919
ES,C,2021,78735.29716,139066.0,0.566172
ES,C,2022,70805.80523,151730.0,0.466657
ES,C,2023,65833.11624,164020.0,0.401372
ES,C10-C12,2012,6128.77167,24208.0,0.253171
ES,C10-C12,2013,6006.22167,23723.0,0.253181
ES,C10-C12,2014,5420.68073,23693.0,0.228788
ES,C10-C12,2015,6242.33641,24035.0,0.259719
ES,C10-C12,2016,6865.15595,24351.0,0.281925
ES,C10-C12,2017,7268.32696,25002.0,0.290710
ES,C10-C12,2018,6983.10783,23761.0,0.293889
ES,C10-C12,2019,6707.56605,25333.0,0.264776
ES,C10-C12,2020,5861.85291,23924.0,0.245020
ES,C10-C12,2021,6473.08248,25025.0,0.258665
ES,C10-C12,2022,5478.0423,30093.0,0.182037
ES,C10-C12,2023,4940.80835,34193.0,0.144498
ES,C13-C15,2012,814.59632,7987.0,0.101990
ES,C13-C15,2013,792.12862,8170.0,0.096956
ES,C13-C15,2014,651.99857,8263.0,0.078906
ES,C13-C15,2015,622.52141,8715.0,0.071431
ES,C13-C15,2016,784.20942,9027.0,0.086874
ES,C13-C15,2017,618.78651,9356.0,0.066138
ES,C13-C15,2018,732.18922,9105.0,0.080416
ES,C13-C15,2019,666.88329,8794.0,0.075834
ES,C13-C15,2020,596.11322,7630.0,0.078128
ES,C13-C15,2021,588.67641,8267.0,0.071208
ES,C13-C15,2022,477.68085,8266.0,0.057789
ES,C13-C15,2023,433.96087,9584.0,0.045280
ES,C16,2012,1132.38103,1602.0,0.706855
ES,C16,2013,835.6964,1494.0,0.559368
ES,C16,2014,787.5196,1474.0,0.534274
ES,C16,2015,724.43379,1607.0,0.450799
ES,C16,2016,779.15636,1668.0,0.467120
ES,C16,2017,790.18781,1931.0,0.409212
ES,C16,2018,791.85197,2017.0,0.392589
ES,C16,2019,788.22036,2091.0,0.376959
ES,C16,2020,722.01265,1955.0,0.369316
ES,C16,2021,753.5818,2508.0,0.300471
ES,C16,2022,642.21599,2898.0,0.221607
ES,C16,2023,593.15968,2913.0,0.203625
ES,C17,2012,6130.14257,3476.0,1.763562
ES,C17,2013,5629.17832,3398.0,1.656615
ES,C17,2014,4494.94023,3003.0,1.496817
ES,C17,2015,4349.44922,3362.0,1.293709
ES,C17,2016,4707.42192,3423.0,1.375233
ES,C17,2017,4832.00997,3681.0,1.312689
ES,C17,2018,4746.72177,3830.0,1.239353
ES,C17,2019,5248.95907,3957.0,1.326500
ES,C17,2020,4124.96902,3697.0,1.115761
ES,C17,2021,4361.12954,3801.0,1.147364
ES,C17,2022,3601.10509,4139.0,0.870042
ES,C17,2023,3259.62353,4780.0,0.681930
ES,C18,2012,480.79378,2635.0,0.182464
ES,C18,2013,461.45474,2402.0,0.192113
ES,C18,2014,392.24243,2368.0,0.165643
ES,C18,2015,349.91299,2209.0,0.158403
ES,C18,2016,327.85482,2212.0,0.148216
ES,C18,2017,305.67319,2211.0,0.138251
ES,C18,2018,340.53892,2229.0,0.152777
ES,C18,2019,315.8275,2273.0,0.138947
ES,C18,2020,248.25443,1907.0,0.130181
ES,C18,2021,225.67459,2116.0,0.106652
ES,C18,2022,149.91163,2303.0,0.065094
ES,C18,2023,174.33682,2535.0,0.068772
ES,C19,2012,15591.73441,2012.0,7.749371
ES,C19,2013,15563.21934,1184.0,13.144611
ES,C19,2014,14855.6872,772.0,19.243118
ES,C19,2015,14617.51213,2806.0,5.209377
ES,C19,2016,14537.46832,3276.0,4.437567
ES,C19,2017,14464.6999,3679.0,3.931693
ES,C19,2018,14490.74894,3230.0,4.486300
ES,C19,2019,14256.80468,2706.0,5.268590
ES,C19,2021,12993.34531,2764.0,4.700921
ES,C19,2022,14030.02201,8296.0,1.691179
ES,C19,2023,13611.91559,4078.0,3.337890
ES,C20,2012,14908.41579,7999.0,1.863785
ES,C20,2013,14840.40764,7532.0,1.970314
ES,C20,2014,13892.84848,7867.0,1.765965
ES,C20,2015,14670.49273,8276.0,1.772655
ES,C20,2016,14893.42661,8895.0,1.674359
ES,C20,2017,14088.02857,9448.0,1.491112
ES,C20,2018,14671.24167,9092.0,1.613643
ES,C20,2019,14090.23309,9755.0,1.444411
ES,C20,2020,13014.6556,9541.0,1.364077
ES,C20,2021,13360.29861,11344.0,1.177741
ES,C20,2022,11517.62819,10495.0,1.097440
ES,C20,2023,10579.69088,10825.0,0.977339
ES,C21,2012,1044.00275,5266.0,0.198253
ES,C21,2013,959.68295,6221.0,0.154265
ES,C21,2014,863.94487,7035.0,0.122807
ES,C21,2015,854.76843,7036.0,0.121485
ES,C21,2016,814.11331,7229.0,0.112618
ES,C21,2017,856.35045,7360.0,0.116352
ES,C21,2018,980.03773,6701.0,0.146252
ES,C21,2019,996.53936,7164.0,0.139104
ES,C21,2020,892.73081,7886.0,0.113205
ES,C21,2021,1070.6799,9004.0,0.118912
ES,C21,2022,908.50303,7232.0,0.125623
ES,C21,2023,670.16151,8643.0,0.077538
ES,C22,2012,834.80497,5068.0,0.164721
ES,C22,2013,864.94165,5430.0,0.159289
ES,C22,2014,825.24251,5528.0,0.149284
ES,C22,2015,801.42984,5819.0,0.137726
ES,C22,2016,748.77724,5863.0,0.127712
ES,C22,2017,692.18087,6173.0,0.112130
ES,C22,2018,632.43528,6373.0,0.099237
ES,C22,2019,511.04581,6577.0,0.077702
ES,C22,2020,542.89474,6379.0,0.085107
ES,C22,2021,535.64512,6950.0,0.077071
ES,C22,2022,467.68319,7335.0,0.063760
ES,C22,2023,382.69809,7664.0,0.049935
ES,C23,2012,23983.93896,4911.0,4.883718
ES,C23,2013,21758.86355,4535.0,4.797985
ES,C23,2014,23765.70824,4721.0,5.034041
ES,C23,2015,24221.29831,4956.0,4.887268
ES,C23,2016,24590.24918,5269.0,4.666967
ES,C23,2017,25112.17012,5620.0,4.468358
ES,C23,2018,25593.27435,5780.0,4.427902
ES,C23,2019,24547.36614,6582.0,3.729469
ES,C23,2020,22078.87827,6278.0,3.516865
ES,C23,2021,23801.51329,6670.0,3.568443
ES,C23,2022,21410.03934,6601.0,3.243454
ES,C23,2023,20317.59166,8351.0,2.432953
ES,C24,2012,11842.37259,3812.0,3.106604
ES,C24,2013,12225.17585,3588.0,3.407240
ES,C24,2014,12285.55844,3986.0,3.082177
ES,C24,2015,11413.99545,4304.0,2.651951
ES,C24,2016,10901.19076,4447.0,2.451358
ES,C24,2017,10974.93745,5126.0,2.141033
ES,C24,2018,10857.65333,5123.0,2.119394
ES,C24,2019,10356.29406,4183.0,2.475805
ES,C24,2020,9595.05636,3796.0,2.527676
ES,C24,2021,10993.46478,6397.0,1.718534
ES,C24,2022,9070.6833,5987.0,1.515063
ES,C24,2023,8136.93008,5237.0,1.553739
ES,C25,2012,808.34528,9655.0,0.083723
ES,C25,2013,766.10119,9458.0,0.081000
ES,C25,2014,739.71923,9804.0,0.075451
ES,C25,2015,603.10682,10013.0,0.060232
ES,C25,2016,598.62452,10478.0,0.057132
ES,C25,2017,621.20138,11460.0,0.054206
ES,C25,2018,662.67828,12217.0,0.054242
ES,C25,2019,708.63358,12193.0,0.058118
ES,C25,2020,826.01872,11551.0,0.071511
ES,C25,2021,875.22833,12917.0,0.067758
ES,C25,2022,775.38484,13420.0,0.057778
ES,C25,2023,669.91178,15417.0,0.043453
ES,C26,2012,58.56447,1950.0,0.030033
ES,C26,2013,54.71736,1849.0,0.029593
ES,C26,2014,51.94521,1621.0,0.032045
ES,C26,2015,38.97101,1554.0,0.025078
ES,C26,2016,36.08179,1559.0,0.023144
ES,C26,2017,34.01446,1662.0,0.020466
ES,C26,2018,38.85403,1756.0,0.022126
ES,C26,2019,42.84066,1898.0,0.022571
ES,C26,2020,36.72671,1715.0,0.021415
ES,C26,2021,26.17151,1965.0,0.013319
ES,C26,2022,25.95045,2177.0,0.011920
ES,C26,2023,21.39838,2477.0,0.008639
ES,C27,2012,441.9365,3698.0,0.119507
ES,C27,2013,421.9435,3635.0,0.116078
ES,C27,2014,401.67792,3718.0,0.108036
ES,C27,2015,332.15984,3999.0,0.083061
ES,C27,2016,313.66852,4163.0,0.075347
ES,C27,2017,298.35984,4311.0,0.069209
ES,C27,2018,266.27274,4695.0,0.056714
ES,C27,2019,235.88486,4521.0,0.052175
ES,C27,2020,211.9454,4195.0,0.050523
ES,C27,2021,194.50815,4554.0,0.042711
ES,C27,2022,177.69829,4702.0,0.037792
ES,C27,2023,126.3195,5608.0,0.022525
ES,C28,2012,1360.66522,6511.0,0.208979
ES,C28,2013,1323.22329,6506.0,0.203385
ES,C28,2014,1247.09731,6854.0,0.181952
ES,C28,2015,1202.52582,6520.0,0.184436
ES,C28,2016,1232.00875,6401.0,0.192471
ES,C28,2017,1237.85568,6940.0,0.178365
ES,C28,2018,1249.7149,7277.0,0.171735
ES,C28,2019,1250.35545,7647.0,0.163509
ES,C28,2020,1139.09039,7175.0,0.158758
ES,C28,2021,1156.3467,7744.0,0.149322
ES,C28,2022,933.55329,7921.0,0.117858
ES,C28,2023,877.66372,8882.0,0.098814
ES,C29,2012,833.08352,7318.0,0.113840
ES,C29,2013,841.96357,8418.0,0.100019
ES,C29,2014,818.06942,9683.0,0.084485
ES,C29,2015,668.68275,10759.0,0.062151
ES,C29,2016,802.64929,11164.0,0.071896
ES,C29,2017,761.93892,11738.0,0.064912
ES,C29,2018,738.43716,12335.0,0.059865
ES,C29,2019,782.67145,12321.0,0.063523
ES,C29,2020,630.39963,10939.0,0.057629
ES,C29,2021,683.28231,11785.0,0.057979
ES,C29,2022,574.35432,12920.0,0.044455
ES,C29,2023,531.91416,14993.0,0.035478
ES,C30,2012,155.7817,4433.0,0.035141
ES,C30,2013,148.27647,4925.0,0.030107
ES,C30,2014,142.27706,4709.0,0.030214
ES,C30,2015,111.21599,3983.0,0.027923
ES,C30,2016,127.02091,3712.0,0.034219
ES,C30,2017,116.63937,4120.0,0.028311
ES,C30,2018,146.27443,4778.0,0.030614
ES,C30,2019,154.55919,4924.0,0.031389
ES,C30,2020,127.53431,4377.0,0.029137
ES,C30,2021,112.44801,4272.0,0.026322
ES,C30,2022,96.06046,4894.0,0.019628
ES,C30,2023,64.22001,5835.0,0.011006
ES,C31_C32,2012,268.4734,4826.0,0.055631
ES,C31_C32,2013,251.10617,4377.0,0.057369
ES,C31_C32,2014,239.9847,4395.0,0.054604
ES,C31_C32,2015,235.57806,4349.0,0.054168
ES,C31_C32,2016,211.67435,4404.0,0.048064
ES,C31_C32,2017,216.071,4669.0,0.046278
ES,C31_C32,2018,198.02865,4797.0,0.041282
ES,C31_C32,2019,182.76094,5199.0,0.035153
ES,C31_C32,2020,149.4668,4508.0,0.033156
ES,C31_C32,2021,203.16891,5390.0,0.037694
ES,C31_C32,2022,171.84716,6126.0,0.028052
ES,C31_C32,2023,162.22119,5366.0,0.030231
ES,C33,2012,357.93772,4640.0,0.077142
ES,C33,2013,355.60045,4605.0,0.077221
ES,C33,2014,344.42898,4765.0,0.072283
ES,C33,2015,325.3055,5430.0,0.059909
ES,C33,2016,318.83145,5455.0,0.058448
ES,C33,2017,327.88107,5556.0,0.059014
ES,C33,2018,337.53476,5692.0,0.059300
ES,C33,2019,341.94228,5988.0,0.057105
ES,C33,2020,279.99127,5561.0,0.050349
ES,C33,2021,327.05141,5593.0,0.058475
ES,C33,2022,297.44152,5925.0,0.050201
ES,C33,2023,278.59044,6639.0,0.041963
ES,D,2012,78213.98132,26165.0,2.989260
ES,D,2013,58406.14783,25580.0,2.283274
ES,D,2014,62256.68415,24465.0,2.544724
ES,D,2015,72725.0619,25447.0,2.857903
ES,D,2016,57718.18879,24621.0,2.344267
ES,D,2017,67817.55191,24610.0,2.755691
ES,D,2018,58579.87375,26595.0,2.202665
ES,D,2019,42975.7249,27005.0,1.591399
ES,D,2020,29826.22926,25900.0,1.151592
ES,D,2021,30295.05918,28458.0,1.064553
ES,D,2022,41664.55317,46788.0,0.890497
ES,D,2023,29735.53181,36572.0,0.813068
ES,E,2012,17681.55327,10588.0,1.669962
ES,E,2013,16532.65065,11009.0,1.501740
ES,E,2014,15437.77029,10685.0,1.444808
ES,E,2015,16295.92333,10987.0,1.483200
ES,E,2016,15874.79192,11430.0,1.388871
ES,E,2017,15819.09142,11790.0,1.341738
ES,E,2018,15522.43334,11991.0,1.294507
ES,E,2019,15275.5183,12420.0,1.229913
ES,E,2020,14908.58553,12543.0,1.188598
ES,E,2021,15792.29128,13517.0,1.168328
ES,E,2022,16183.71008,13870.0,1.166814
ES,E,2023,15258.40904,15095.0,1.010825
ES,E36,2012,522.78718,4141.0,0.126247
ES,E36,2013,394.64178,4382.0,0.090060
ES,E36,2014,348.66723,4328.0,0.080561
ES,E36,2015,312.01506,4538.0,0.068756
ES,E36,2016,370.42897,4550.0,0.081413
ES,E36,2017,405.29595,4721.0,0.085850
ES,E36,2018,426.83488,4660.0,0.091595
ES,E36,2019,416.16791,4700.0,0.088546
ES,E36,2020,373.04317,4697.0,0.079422
ES,E36,2021,432.83243,4831.0,0.089595
ES,E36,2022,411.93952,4547.0,0.090596
ES,E36,2023,224.97547,5248.0,0.042869
ES,E37-E39,2012,17158.76609,6447.0,2.661512
ES,E37-E39,2013,16138.00887,6627.0,2.435191
ES,E37-E39,2014,15089.10306,6357.0,2.373620
ES,E37-E39,2015,15983.90826,6449.0,2.478510
ES,E37-E39,2016,15504.36294,6880.0,2.253541
ES,E37-E39,2017,15413.79547,7069.0,2.180478
ES,E37-E39,2018,15095.59846,7331.0,2.059146
ES,E37-E39,2019,14859.3504,7720.0,1.924786
ES,E37-E39,2020,14535.54237,7846.0,1.852605
ES,E37-E39,2021,15359.45885,8686.0,1.768301
ES,E37-E39,2022,15771.77056,9323.0,1.691706
ES,E37-E39,2023,15033.43357,9847.0,1.526702
ES,F,2012,5029.94653,64407.0,0.078096
ES,F,2013,4708.30248,55533.0,0.084784
ES,F,2014,4378.03043,55390.0,0.079040
ES,F,2015,3963.75617,58924.0,0.067269
ES,F,2016,4208.92901,61744.0,0.068167
ES,F,2017,4284.90987,64233.0,0.066709
ES,F,2018,4481.2766,67144.0,0.066741
ES,F,2019,4793.12989,73774.0,0.064970
ES,F,2020,3494.93459,63700.0,0.054866
ES,F,2021,4106.0882,65544.0,0.062646
ES,F,2022,3916.57008,73065.0,0.053604
ES,F,2023,3691.84639,78819.0,0.046840
ES,G,2012,9884.62471,120807.0,0.081822
ES,G,2013,9789.66082,120581.0,0.081187
ES,G,2014,9482.99283,120318.0,0.078816
ES,G,2015,7789.43781,126859.0,0.061402
ES,G,2016,8278.42125,134228.0,0.061674
ES,G,2017,8044.67575,139334.0,0.057737
ES,G,2018,8021.11099,144466.0,0.055522
ES,G,2019,8036.41758,147392.0,0.054524
ES,G,2020,6610.59896,135607.0,0.048748
ES,G,2021,7864.36103,154401.0,0.050935
ES,G,2022,8114.87979,166250.0,0.048811
ES,G,2023,6929.23735,179114.0,0.038686
ES,G45,2012,2613.7033,14598.0,0.179045
ES,G45,2013,2545.88514,13911.0,0.183012
ES,G45,2014,2418.34561,13393.0,0.180568
ES,G45,2015,2416.10119,14595.0,0.165543
ES,G45,2016,2712.19763,16506.0,0.164316
ES,G45,2017,2746.13626,16821.0,0.163256
ES,G45,2018,2868.95865,18014.0,0.159263
ES,G45,2019,2789.13414,17825.0,0.156473
ES,G45,2020,2020.64663,14640.0,0.138022
ES,G45,2021,2543.99942,16843.0,0.151042
ES,G45,2022,2636.62211,19803.0,0.133143
ES,G45,2023,2084.56036,18953.0,0.109986
ES,G46,2012,3345.65541,53484.0,0.062554
ES,G46,2013,3394.69476,55439.0,0.061233
ES,G46,2014,3281.52001,55801.0,0.058808
ES,G46,2015,2815.2848,58487.0,0.048135
ES,G46,2016,2976.71552,60909.0,0.048872
ES,G46,2017,2944.33746,64445.0,0.045688
ES,G46,2018,2932.66975,65932.0,0.044480
ES,G46,2019,3019.5632,68506.0,0.044077
ES,G46,2020,2774.80533,65570.0,0.042318
ES,G46,2021,3232.38219,74640.0,0.043306
ES,G46,2022,3310.54469,82404.0,0.040175
ES,G46,2023,3087.2024,88381.0,0.034931
ES,G47,2012,3925.266,52725.0,0.074448
ES,G47,2013,3849.08093,51231.0,0.075132
ES,G47,2014,3783.12722,51124.0,0.073999
ES,G47,2015,2558.05182,53777.0,0.047568
ES,G47,2016,2589.5081,56813.0,0.045579
ES,G47,2017,2354.20202,58068.0,0.040542
ES,G47,2018,2219.48259,60520.0,0.036674
ES,G47,2019,2227.72025,61061.0,0.036484
ES,G47,2020,1815.14701,55397.0,0.032766
ES,G47,2021,2087.97942,62918.0,0.033186
ES,G47,2022,2167.71299,64043.0,0.033848
ES,G47,2023,1757.4746,71780.0,0.024484
ES,H,2012,30822.89658,43212.0,0.713295
ES,H,2013,30236.34916,42149.0,0.717368
ES,H,2014,31296.60882,44350.0,0.705673
ES,H,2015,33023.62924,47420.0,0.696407
ES,H,2016,33825.78834,46864.0,0.721786
ES,H,2017,35060.86378,48402.0,0.724368
ES,H,2018,35511.99747,49836.0,0.712577
ES,H,2019,36920.63698,51954.0,0.710641
ES,H,2020,25679.72384,40170.0,0.639276
ES,H,2021,30790.13871,43806.0,0.702875
ES,H,2022,36723.29103,52836.0,0.695043
ES,H,2023,37012.5214,59056.0,0.626736
ES,H49,2012,17400.60546,22574.0,0.770825
ES,H49,2013,17647.08822,21950.0,0.803968
ES,H49,2014,17979.32163,22993.0,0.781948
ES,H49,2015,18817.16347,24493.0,0.768267
ES,H49,2016,18904.36081,23801.0,0.794268
ES,H49,2017,19697.29246,23766.0,0.828801
ES,H49,2018,19071.68643,23243.0,0.820535
ES,H49,2019,19758.99392,24616.0,0.802689
ES,H49,2020,17643.37611,22086.0,0.798849
ES,H49,2021,20178.44215,22354.0,0.902677
ES,H49,2022,20870.1471,25319.0,0.824288
ES,H49,2023,19924.73239,27803.0,0.716640
ES,H50,2012,2695.28058,621.0,4.340226
ES,H50,2013,2238.21033,583.0,3.839126
ES,H50,2014,2390.11009,583.0,4.099674
ES,H50,2015,2313.65272,658.0,3.516190
ES,H50,2016,2389.79421,737.0,3.242597
ES,H50,2017,2231.58949,746.0,2.991407
ES,H50,2018,2344.24206,727.0,3.224542
ES,H50,2019,2395.75292,663.0,3.613504
ES,H50,2020,2064.56629,298.0,6.928075
ES,H50,2021,2362.51322,600.0,3.937522
ES,H50,2022,2792.84062,821.0,3.401755
ES,H50,2023,2673.97321,815.0,3.280949
ES,H51,2012,9594.3285,1962.0,4.890076
ES,H51,2013,9272.12896,2119.0,4.375710
ES,H51,2014,9858.68166,2177.0,4.528563
ES,H51,2015,10778.55636,2329.0,4.627976
ES,H51,2016,11349.42915,2463.0,4.607970
ES,H51,2017,11865.19548,2718.0,4.365414
ES,H51,2018,12751.95283,3472.0,3.672797
ES,H51,2019,13422.23735,3558.0,3.772411
ES,H51,2021,6932.65222,669.0,10.362709
ES,H51,2022,11698.65488,3161.0,3.700935
ES,H51,2023,13106.02635,4615.0,2.839876
ES,H52,2012,973.60358,16047.0,0.060672
ES,H52,2013,908.44181,15466.0,0.058738
ES,H52,2014,890.61499,16390.0,0.054339
ES,H52,2015,939.87625,17693.0,0.053121
ES,H52,2016,1026.90298,17701.0,0.058014
ES,H52,2017,1104.52801,18882.0,0.058496
ES,H52,2018,1180.60789,20017.0,0.058980
ES,H52,2019,1171.4324,20503.0,0.057135
ES,H52,2020,979.9906,15684.0,0.062483
ES,H52,2021,1135.0553,17393.0,0.065259
ES,H52,2022,1181.80757,20910.0,0.056519
ES,H52,2023,1127.49505,22939.0,0.049152
ES,H53,2012,159.07847,2008.0,0.079222
ES,H53,2013,170.47983,2031.0,0.083939
ES,H53,2014,177.88045,2207.0,0.080598
ES,H53,2015,174.38045,2247.0,0.077606
ES,H53,2016,155.30118,2162.0,0.071832
ES,H53,2017,162.25833,2290.0,0.070855
ES,H53,2018,163.50827,2377.0,0.068788
ES,H53,2019,172.22039,2614.0,0.065884
ES,H53,2020,127.6193,2331.0,0.054749
ES,H53,2021,181.47582,2790.0,0.065045
ES,H53,2022,179.84086,2625.0,0.068511
ES,H53,2023,180.2944,2884.0,0.062515
ES,I,2012,3913.57326,59425.0,0.065857
ES,I,2013,3290.85875,56585.0,0.058158
ES,I,2014,2782.14707,57793.0,0.048140
ES,I,2015,2719.03527,61440.0,0.044255
ES,I,2016,2828.33993,65186.0,0.043389
ES,I,2017,2986.06507,69747.0,0.042813
ES,I,2018,3131.17827,71915.0,0.043540
ES,I,2019,3123.05132,74970.0,0.041657
ES,I,2020,2401.28123,34574.0,0.069453
ES,I,2021,2728.73803,50201.0,0.054356
ES,I,2022,2441.14157,74284.0,0.032862
ES,I,2023,2422.23027,86074.0,0.028141
ES,J,2012,216.87744,37527.0,0.005779
ES,J,2013,199.32052,36647.0,0.005439
ES,J,2014,188.0291,35981.0,0.005226
ES,J,2015,188.12651,36794.0,0.005113
ES,J,2016,197.05163,37624.0,0.005237
ES,J,2017,212.01681,39885.0,0.005316
ES,J,2018,223.8451,40648.0,0.005507
ES,J,2019,239.20179,42675.0,0.005605
ES,J,2020,213.99562,40487.0,0.005286
ES,J,2021,257.21138,43558.0,0.005905
ES,J,2022,255.755,49632.0,0.005153
ES,J,2023,229.83753,55845.0,0.004116
ES,J58,2012,28.29489,2829.0,0.010002
ES,J58,2013,23.23239,2429.0,0.009565
ES,J58,2014,21.25343,2374.0,0.008953
ES,J58,2015,21.51314,2601.0,0.008271
ES,J58,2016,22.46095,2494.0,0.009006
ES,J58,2017,24.37573,2591.0,0.009408
ES,J58,2018,26.66531,2634.0,0.010124
ES,J58,2019,29.26341,2641.0,0.011080
ES,J58,2020,27.62471,2483.0,0.011126
ES,J58,2021,34.18984,2731.0,0.012519
ES,J58,2022,34.99571,3079.0,0.011366
ES,J58,2023,21.82499,3292.0,0.006630
ES,J59_J60,2012,48.74251,4528.0,0.010765
ES,J59_J60,2013,41.06408,4345.0,0.009451
ES,J59_J60,2014,36.16566,4472.0,0.008087
ES,J59_J60,2015,35.6276,4684.0,0.007606
ES,J59_J60,2016,37.75166,4884.0,0.007730
ES,J59_J60,2017,39.13169,5234.0,0.007476
ES,J59_J60,2018,41.06493,5267.0,0.007797
ES,J59_J60,2019,42.51263,5406.0,0.007864
ES,J59_J60,2020,38.91596,4549.0,0.008555
ES,J59_J60,2021,43.52217,5164.0,0.008428
ES,J59_J60,2022,37.8342,6058.0,0.006245
ES,J59_J60,2023,32.34867,6372.0,0.005077
ES,J61,2012,70.96107,17033.0,0.004166
ES,J61,2013,70.02288,16201.0,0.004322
ES,J61,2014,70.36674,14961.0,0.004703
ES,J61,2015,71.23643,15044.0,0.004735
ES,J61,2016,74.9237,15087.0,0.004966
ES,J61,2017,82.04997,15289.0,0.005367
ES,J61,2018,86.37992,14211.0,0.006078
ES,J61,2019,93.78417,13847.0,0.006773
ES,J61,2020,81.32459,13086.0,0.006215
ES,J61,2021,97.94696,12315.0,0.007953
ES,J61,2022,100.65238,12297.0,0.008185
ES,J61,2023,101.17701,13375.0,0.007565
ES,J62_J63,2012,68.87897,13137.0,0.005243
ES,J62_J63,2013,65.00116,13672.0,0.004754
ES,J62_J63,2014,60.24327,14174.0,0.004250
ES,J62_J63,2015,59.74933,14465.0,0.004131
ES,J62_J63,2016,61.91533,15159.0,0.004084
ES,J62_J63,2017,66.45943,16771.0,0.003963
ES,J62_J63,2018,69.73494,18536.0,0.003762
ES,J62_J63,2019,73.64159,20781.0,0.003544
ES,J62_J63,2020,66.13036,20369.0,0.003247
ES,J62_J63,2021,81.55241,23348.0,0.003493
ES,J62_J63,2022,82.27271,28198.0,0.002918
ES,J62_J63,2023,74.48686,32806.0,0.002271
ES,K,2012,313.46208,40135.0,0.007810
ES,K,2013,274.69779,33670.0,0.008159
ES,K,2014,241.84314,36682.0,0.006593
ES,K,2015,238.01317,37138.0,0.006409
ES,K,2016,243.8137,39036.0,0.006246
ES,K,2017,255.02318,40551.0,0.006289
ES,K,2018,267.38274,44539.0,0.006003
ES,K,2019,269.17192,43851.0,0.006138
ES,K,2020,243.13133,45965.0,0.005289
ES,K,2021,279.08882,46505.0,0.006001
ES,K,2022,269.69882,52948.0,0.005094
ES,K,2023,264.80964,73730.0,0.003592
ES,K64,2012,164.23805,28663.0,0.005730
ES,K64,2013,141.86762,23410.0,0.006060
ES,K64,2014,122.88657,26367.0,0.004661
ES,K64,2015,119.6353,27677.0,0.004323
ES,K64,2016,123.02236,27048.0,0.004548
ES,K64,2017,126.93771,28745.0,0.004416
ES,K64,2018,131.60619,30708.0,0.004286
ES,K64,2019,132.64828,32024.0,0.004142
ES,K64,2020,121.27457,32772.0,0.003701
ES,K64,2021,135.90097,33840.0,0.004016
ES,K64,2022,129.72315,36774.0,0.003528
ES,K64,2023,128.41531,59277.0,0.002166
ES,K65,2012,78.48005,8433.0,0.009306
ES,K65,2013,64.49799,7094.0,0.009092
ES,K65,2014,53.33537,6942.0,0.007683
ES,K65,2015,50.26815,5778.0,0.008700
ES,K65,2016,52.66418,8144.0,0.006467
ES,K65,2017,53.81235,7422.0,0.007250
ES,K65,2018,57.0986,9190.0,0.006213
ES,K65,2019,55.80316,6976.0,0.007999
ES,K65,2020,52.79656,8321.0,0.006345
ES,K65,2021,57.69681,7133.0,0.008089
ES,K65,2022,52.937,10742.0,0.004928
ES,K65,2023,53.41209,8906.0,0.005997
ES,K66,2012,70.74398,3039.0,0.023279
ES,K66,2013,68.33218,3166.0,0.021583
ES,K66,2014,65.6212,3373.0,0.019455
ES,K66,2015,68.10972,3683.0,0.018493
ES,K66,2016,68.12716,3844.0,0.017723
ES,K66,2017,74.27312,4384.0,0.016942
ES,K66,2018,78.67795,4641.0,0.016953
ES,K66,2019,80.72048,4851.0,0.016640
ES,K66,2020,69.06019,4872.0,0.014175
ES,K66,2021,85.49105,5532.0,0.015454
ES,K66,2022,87.03867,5432.0,0.016023
ES,K66,2023,82.98224,5547.0,0.014960
ES,L,2012,688.15888,118011.0,0.005831
ES,L,2013,619.93061,122453.0,0.005063
ES,L,2014,548.22607,121851.0,0.004499
ES,L,2015,535.59407,119749.0,0.004473
ES,L,2016,553.34797,121874.0,0.004540
ES,L,2017,573.27832,124735.0,0.004596
ES,L,2018,589.56713,129739.0,0.004544
ES,L,2019,617.95334,133936.0,0.004614
ES,L,2020,609.25149,134806.0,0.004519
ES,L,2021,680.04745,138045.0,0.004926
ES,L,2022,645.00495,146180.0,0.004412
ES,L,2023,544.53022,159783.0,0.003408
ES,M,2012,754.57417,40495.0,0.018634
ES,M,2013,700.34073,40456.0,0.017311
ES,M,2014,655.91986,42375.0,0.015479
ES,M,2015,665.20163,45368.0,0.014662
ES,M,2016,702.28404,46098.0,0.015235
ES,M,2017,751.40795,48872.0,0.015375
ES,M,2018,789.27062,52204.0,0.015119
ES,M,2019,815.53668,55962.0,0.014573
ES,M,2020,706.19358,53359.0,0.013235
ES,M,2021,870.57385,59000.0,0.014755
ES,M,2022,877.98073,65875.0,0.013328
ES,M,2023,712.36896,71935.0,0.009903
ES,M69_M70,2012,361.54325,17896.0,0.020202
ES,M69_M70,2013,327.86658,17620.0,0.018608
ES,M69_M70,2014,301.70539,18500.0,0.016308
ES,M69_M70,2015,308.36915,19814.0,0.015563
ES,M69_M70,2016,330.22385,20611.0,0.016022
ES,M69_M70,2017,341.44795,21286.0,0.016041
ES,M69_M70,2018,371.21167,23343.0,0.015902
ES,M69_M70,2019,395.74877,26690.0,0.014828
ES,M69_M70,2020,360.79109,26718.0,0.013504
ES,M69_M70,2021,428.13412,27799.0,0.015401
ES,M69_M70,2022,419.58026,30318.0,0.013839
ES,M69_M70,2023,319.60493,32694.0,0.009776
ES,M71,2012,181.40742,9641.0,0.018816
ES,M71,2013,182.44244,10136.0,0.017999
ES,M71,2014,179.1314,10734.0,0.016688
ES,M71,2015,177.58925,10840.0,0.016383
ES,M71,2016,172.7939,10648.0,0.016228
ES,M71,2017,192.04431,11409.0,0.016833
ES,M71,2018,196.42702,11943.0,0.016447
ES,M71,2019,192.57577,11452.0,0.016816
ES,M71,2020,154.23115,10376.0,0.014864
ES,M71,2021,214.6594,13021.0,0.016486
ES,M71,2022,239.37294,14556.0,0.016445
ES,M71,2023,219.72048,16844.0,0.013044
ES,M72,2012,74.32063,4709.0,0.015783
ES,M72,2013,62.42239,4882.0,0.012786
ES,M72,2014,52.01978,4970.0,0.010467
ES,M72,2015,50.43637,5188.0,0.009722
ES,M72,2016,54.70919,4965.0,0.011019
ES,M72,2017,57.1143,5187.0,0.011011
ES,M72,2018,59.70708,5334.0,0.011194
ES,M72,2019,61.53604,5800.0,0.010610
ES,M72,2020,62.98251,6218.0,0.010129
ES,M72,2021,63.20366,7128.0,0.008867
ES,M72,2022,56.08761,7910.0,0.007091
ES,M72,2023,32.03204,8391.0,0.003817
ES,M73,2012,71.52974,4692.0,0.015245
ES,M73,2013,64.4641,4405.0,0.014634
ES,M73,2014,63.21116,4669.0,0.013538
ES,M73,2015,61.01469,5328.0,0.011452
ES,M73,2016,72.36342,5312.0,0.013623
ES,M73,2017,78.58079,5742.0,0.013685
ES,M73,2018,78.6179,6252.0,0.012575
ES,M73,2019,79.001,6262.0,0.012616
ES,M73,2020,59.56318,4812.0,0.012378
ES,M73,2021,79.09212,5376.0,0.014712
ES,M73,2022,77.56195,6129.0,0.012655
ES,M73,2023,62.69892,6706.0,0.009350
ES,M74_M75,2012,65.77312,3557.0,0.018491
ES,M74_M75,2013,63.14522,3413.0,0.018501
ES,M74_M75,2014,59.85214,3502.0,0.017091
ES,M74_M75,2015,67.79218,4198.0,0.016149
ES,M74_M75,2016,72.19368,4562.0,0.015825
ES,M74_M75,2017,82.2206,5248.0,0.015667
ES,M74_M75,2018,83.30695,5332.0,0.015624
ES,M74_M75,2019,86.67509,5758.0,0.015053
ES,M74_M75,2020,68.62565,5235.0,0.013109
ES,M74_M75,2021,85.48455,5676.0,0.015061
ES,M74_M75,2022,85.37798,6962.0,0.012263
ES,M74_M75,2023,78.3126,7300.0,0.010728
ES,N,2012,829.59893,33055.0,0.025098
ES,N,2013,792.05987,33027.0,0.023982
ES,N,2014,765.58358,34946.0,0.021908
ES,N,2015,818.32755,38919.0,0.021026
ES,N,2016,859.24748,40990.0,0.020962
ES,N,2017,894.91971,42714.0,0.020951
ES,N,2018,925.1163,44439.0,0.020818
ES,N,2019,984.0744,47700.0,0.020630
ES,N,2020,768.15624,39154.0,0.019619
ES,N,2021,926.49833,42823.0,0.021636
ES,N,2022,932.70948,48819.0,0.019105
ES,N,2023,846.21171,52984.0,0.015971
ES,N77,2012,132.55308,6658.0,0.019909
ES,N77,2013,120.33027,6296.0,0.019112
ES,N77,2014,118.13948,6431.0,0.018370
ES,N77,2015,129.73179,7051.0,0.018399
ES,N77,2016,143.67233,7700.0,0.018659
ES,N77,2017,140.87268,7409.0,0.019014
ES,N77,2018,150.24263,8035.0,0.018699
ES,N77,2019,166.38773,8770.0,0.018972
ES,N77,2020,127.38046,6383.0,0.019956
ES,N77,2021,160.58329,7390.0,0.021730
ES,N77,2022,156.09406,8635.0,0.018077
ES,N77,2023,140.32243,9819.0,0.014291
ES,N78,2012,10.69523,2816.0,0.003798
ES,N78,2013,9.59627,2878.0,0.003334
ES,N78,2014,9.31677,3593.0,0.002593
ES,N78,2015,9.83523,4253.0,0.002313
ES,N78,2016,11.06916,4949.0,0.002237
ES,N78,2017,12.3871,5765.0,0.002149
ES,N78,2018,12.90886,6273.0,0.002058
ES,N78,2019,13.34525,6487.0,0.002057
ES,N78,2020,11.43229,5656.0,0.002021
ES,N78,2021,14.82329,6937.0,0.002137
ES,N78,2022,13.29393,7435.0,0.001788
ES,N78,2023,10.51519,7458.0,0.001410
ES,N79,2012,62.25143,3308.0,0.018818
ES,N79,2013,54.43737,3082.0,0.017663
ES,N79,2014,57.08895,3333.0,0.017128
ES,N79,2015,55.40066,3542.0,0.015641
ES,N79,2016,63.29719,3915.0,0.016168
ES,N79,2017,60.84902,3848.0,0.015813
ES,N79,2018,64.7717,3863.0,0.016767
ES,N79,2019,71.43944,3935.0,0.018155
ES,N79,2020,18.31001,749.0,0.024446
ES,N79,2021,30.31335,1016.0,0.029836
ES,N79,2022,29.41792,2329.0,0.012631
ES,N79,2023,26.63303,2907.0,0.009162
ES,N80-N82,2012,624.09919,20273.0,0.030785
ES,N80-N82,2013,607.69596,20771.0,0.029257
ES,N80-N82,2014,581.03838,21589.0,0.026914
ES,N80-N82,2015,623.35987,24073.0,0.025895
ES,N80-N82,2016,641.20881,24426.0,0.026251
ES,N80-N82,2017,680.81091,25692.0,0.026499
ES,N80-N82,2018,697.19311,26268.0,0.026542
ES,N80-N82,2019,732.90199,28508.0,0.025709
ES,N80-N82,2020,611.03348,26366.0,0.023175
ES,N80-N82,2021,720.77841,27480.0,0.026229
ES,N80-N82,2022,733.90357,30420.0,0.024126
ES,N80-N82,2023,668.74107,32800.0,0.020388
ES,O,2012,2147.96328,61920.0,0.034689
ES,O,2013,1786.89952,62771.0,0.028467
ES,O,2014,1661.12166,62536.0,0.026563
ES,O,2015,1724.45143,63221.0,0.027277
ES,O,2016,1717.937,63515.0,0.027048
ES,O,2017,2126.78012,63716.0,0.033379
ES,O,2018,2269.05351,65339.0,0.034727
ES,O,2019,1954.14074,68136.0,0.028680
ES,O,2020,2100.51988,69624.0,0.030169
ES,O,2021,2190.74231,72870.0,0.030064
ES,O,2022,2176.81158,77269.0,0.028172
ES,O,2023,2212.87884,81190.0,0.027256
ES,P,2012,742.7075,52395.0,0.014175
ES,P,2013,646.21509,52274.0,0.012362
ES,P,2014,559.71919,52424.0,0.010677
ES,P,2015,549.4043,54258.0,0.010126
ES,P,2016,580.6494,55805.0,0.010405
ES,P,2017,603.50515,57376.0,0.010518
ES,P,2018,627.75533,58701.0,0.010694
ES,P,2019,616.76433,60183.0,0.010248
ES,P,2020,558.64731,59696.0,0.009358
ES,P,2021,617.82026,60402.0,0.010228
ES,P,2022,564.05942,63248.0,0.008918
ES,P,2023,541.44667,68145.0,0.007946
ES,Q,2012,2100.12879,60848.0,0.034514
ES,Q,2013,1788.7763,60492.0,0.029570
ES,Q,2014,1565.12119,59774.0,0.026184
ES,Q,2015,1462.82549,62359.0,0.023458
ES,Q,2016,1543.31742,64814.0,0.023811
ES,Q,2017,1616.26634,67584.0,0.023915
ES,Q,2018,1729.36993,70094.0,0.024672
ES,Q,2019,1865.71365,74553.0,0.025025
ES,Q,2020,1827.27379,75312.0,0.024263
ES,Q,2021,1737.42199,77044.0,0.022551
ES,Q,2022,1746.68877,79790.0,0.021891
ES,Q,2023,1445.25257,85617.0,0.016880
ES,Q86,2012,1175.56116,49378.0,0.023807
ES,Q86,2013,1020.93934,49093.0,0.020796
ES,Q86,2014,934.09546,48612.0,0.019215
ES,Q86,2015,852.33967,50370.0,0.016922
ES,Q86,2016,891.49044,52332.0,0.017035
ES,Q86,2017,933.98501,54485.0,0.017142
ES,Q86,2018,1011.44552,56480.0,0.017908
ES,Q86,2019,1163.59584,59746.0,0.019476
ES,Q86,2020,1177.91799,60572.0,0.019447
ES,Q86,2021,1021.23858,60863.0,0.016779
ES,Q86,2022,1093.44698,62697.0,0.017440
ES,Q86,2023,805.26316,67025.0,0.012014
ES,Q87_Q88,2012,924.56763,11470.0,0.080607
ES,Q87_Q88,2013,767.83696,11399.0,0.067360
ES,Q87_Q88,2014,631.02574,11162.0,0.056533
ES,Q87_Q88,2015,610.48582,11989.0,0.050920
ES,Q87_Q88,2016,651.82698,12482.0,0.052221
ES,Q87_Q88,2017,682.28133,13099.0,0.052087
ES,Q87_Q88,2018,717.9244,13614.0,0.052734
ES,Q87_Q88,2019,702.11781,14807.0,0.047418
ES,Q87_Q88,2020,649.3558,14740.0,0.044054
ES,Q87_Q88,2021,716.1834,16181.0,0.044261
ES,Q87_Q88,2022,653.24179,17093.0,0.038217
ES,Q87_Q88,2023,639.98941,18592.0,0.034423
ES,R,2012,704.78245,18792.0,0.037504
ES,R,2013,631.19689,18351.0,0.034396
ES,R,2014,551.95312,18314.0,0.030138
ES,R,2015,560.50227,20359.0,0.027531
ES,R,2016,577.12395,20682.0,0.027905
ES,R,2017,618.90495,22681.0,0.027287
ES,R,2018,639.87237,23643.0,0.027064
ES,R,2019,619.70793,23220.0,0.026689
ES,R,2020,499.71627,16070.0,0.031096
ES,R,2021,584.85193,16858.0,0.034693
ES,R,2022,549.05423,21290.0,0.025789
ES,R,2023,523.12018,22086.0,0.023686
ES,R90-R92,2012,182.24598,10523.0,0.017319
ES,R90-R92,2013,181.20369,10246.0,0.017685
ES,R90-R92,2014,163.13393,9668.0,0.016874
ES,R90-R92,2015,172.32054,10732.0,0.016057
ES,R90-R92,2016,169.97719,10385.0,0.016368
ES,R90-R92,2017,178.24699,11261.0,0.015829
ES,R90-R92,2018,187.72287,11598.0,0.016186
ES,R90-R92,2019,180.33998,10732.0,0.016804
ES,R90-R92,2020,137.56872,7758.0,0.017732
ES,R90-R92,2021,149.70965,7487.0,0.019996
ES,R90-R92,2022,147.91911,9698.0,0.015253
ES,R90-R92,2023,129.69273,9735.0,0.013322
ES,R93,2012,522.53647,8269.0,0.063192
ES,R93,2013,449.9932,8105.0,0.055520
ES,R93,2014,388.81919,8646.0,0.044971
ES,R93,2015,388.18172,9627.0,0.040322
ES,R93,2016,407.14677,10297.0,0.039540
ES,R93,2017,440.65796,11420.0,0.038587
ES,R93,2018,452.1495,12045.0,0.037538
ES,R93,2019,439.36794,12488.0,0.035183
ES,R93,2020,362.14755,8312.0,0.043569
ES,R93,2021,435.14229,9371.0,0.046435
ES,R93,2022,401.13512,11592.0,0.034604
ES,R93,2023,393.42745,12351.0,0.031854
ES,S,2012,807.34066,16381.0,0.049285
ES,S,2013,717.44935,16585.0,0.043259
ES,S,2014,623.76166,16941.0,0.036820
ES,S,2015,617.98477,18143.0,0.034062
ES,S,2016,626.03847,19032.0,0.032894
ES,S,2017,634.94624,19888.0,0.031926
ES,S,2018,654.51261,19989.0,0.032744
ES,S,2019,618.66287,21384.0,0.028931
ES,S,2020,565.97292,18212.0,0.031077
ES,S,2021,680.34474,17962.0,0.037877
ES,S,2022,693.63712,21492.0,0.032274
ES,S,2023,708.92929,21878.0,0.032404
ES,S94,2012,127.95901,6633.0,0.019291
ES,S94,2013,114.0897,7059.0,0.016162
ES,S94,2014,100.74712,7493.0,0.013445
ES,S94,2015,100.87046,8203.0,0.012297
ES,S94,2016,107.28423,9088.0,0.011805
ES,S94,2017,111.14039,9348.0,0.011889
ES,S94,2018,114.60336,9342.0,0.012268
ES,S94,2019,116.7826,10203.0,0.011446
ES,S94,2020,104.55713,9768.0,0.010704
ES,S94,2021,111.02936,8570.0,0.012956
ES,S94,2022,105.91029,9896.0,0.010702
ES,S94,2023,105.43557,9865.0,0.010688
ES,S95,2012,77.1463,1315.0,0.058666
ES,S95,2013,84.97816,1463.0,0.058085
ES,S95,2014,80.12419,1463.0,0.054767
ES,S95,2015,79.9811,1493.0,0.053571
ES,S95,2016,74.5311,1483.0,0.050257
ES,S95,2017,76.66287,1482.0,0.051729
ES,S95,2018,74.07116,1458.0,0.050803
ES,S95,2019,78.37151,1545.0,0.050726
ES,S95,2020,63.18623,1436.0,0.044002
ES,S95,2021,80.06693,1445.0,0.055410
ES,S95,2022,80.59104,1507.0,0.053478
ES,S95,2023,75.19015,1501.0,0.050093
ES,S96,2012,602.23534,8433.0,0.071414
ES,S96,2013,518.38149,8063.0,0.064291
ES,S96,2014,442.89035,7985.0,0.055465
ES,S96,2015,437.1332,8447.0,0.051750
ES,S96,2016,444.22314,8461.0,0.052502
ES,S96,2017,447.14298,9058.0,0.049364
ES,S96,2018,465.83808,9189.0,0.050695
ES,S96,2019,423.50877,9636.0,0.043951
ES,S96,2020,398.22956,7008.0,0.056825
ES,S96,2021,489.24845,7947.0,0.061564
ES,S96,2022,507.13579,10089.0,0.050266
ES,S96,2023,528.30357,10512.0,0.050257
ES,T,2012,59.52542,9721.0,0.006123
ES,T,2013,60.92018,9419.0,0.006468
ES,T,2014,60.31651,9519.0,0.006336
ES,T,2015,61.47319,9718.0,0.006326
ES,T,2016,59.71695,9761.0,0.006118
ES,T,2017,61.07755,9946.0,0.006141
ES,T,2018,61.4761,10260.0,0.005992
ES,T,2019,58.45598,9996.0,0.005848
ES,T,2020,43.95434,9292.0,0.004730
ES,T,2021,56.78406,9913.0,0.005728
ES,T,2022,58.47905,10193.0,0.005737
ES,T,2023,57.29899,11363.0,0.005043
ES,TOTAL,2012,288818.04421,953037.0,0.303050
ES,TOTAL,2013,262290.28351,937641.0,0.279734
ES,TOTAL,2014,264540.67112,946493.0,0.279496
ES,TOTAL,2015,274120.33388,987936.0,0.277468
ES,TOTAL,2016,262039.00924,1019400.0,0.257052
ES,TOTAL,2017,274428.46815,1061122.0,0.258621
ES,TOTAL,2018,267461.53685,1097845.0,0.243624
ES,TOTAL,2019,250965.38132,1137968.0,0.220538
ES,TOTAL,2020,214960.66653,1030964.0,0.208505
ES,TOTAL,2021,228806.44517,1118595.0,0.204548
ES,TOTAL,2022,236508.60677,1254715.0,0.188496
ES,TOTAL,2023,216647.57847,1366751.0,0.158513
FI,A,2012,8101.9323,4385.0,1.847647
FI,A,2013,8237.25051,4501.0,1.830093
FI,A,2014,8165.74077,4565.0,1.788771
FI,A,2015,8061.34169,4331.0,1.861312
FI,A,2016,8190.65252,4508.0,1.816915
FI,A,2017,7940.5662,4647.0,1.708751
FI,A,2018,8022.03501,4903.0,1.636148
FI,A,2019,7983.20359,5223.0,1.528471
FI,A,2020,7981.95017,5296.0,1.507166
FI,A,2021,7776.58349,5371.0,1.447884
FI,A,2022,7526.23346,5965.0,1.261732
FI,A,2023,7602.30551,6364.0,1.194580
FI,A01,2012,7623.9625,1412.0,5.399407
FI,A01,2013,7737.60778,1318.0,5.870719
FI,A01,2014,7685.16909,1312.0,5.857598
FI,A01,2015,7580.91095,1151.0,6.586369
FI,A01,2016,7706.79516,1236.0,6.235271
FI,A01,2017,7449.58821,1279.0,5.824541
FI,A01,2018,7509.06949,1268.0,5.921979
FI,A01,2019,7425.67778,1567.0,4.738786
FI,A01,2020,7403.03783,1696.0,4.364999
FI,A01,2021,7305.4727,1659.0,4.403540
FI,A01,2022,7045.23715,1922.0,3.665576
FI,A01,2023,7112.19176,1938.0,3.669862
FI,A02,2012,345.28193,2860.0,0.120728
FI,A02,2013,353.44705,3064.0,0.115355
FI,A02,2014,346.90375,3133.0,0.110726
FI,A02,2015,340.22728,3069.0,0.110859
FI,A02,2016,355.16003,3155.0,0.112571
FI,A02,2017,367.72525,3238.0,0.113566
FI,A02,2018,381.95002,3516.0,0.108632
FI,A02,2019,385.60826,3541.0,0.108898
FI,A02,2020,389.86281,3474.0,0.112223
FI,A02,2021,370.60552,3577.0,0.103608
FI,A02,2022,380.76323,3880.0,0.098135
FI,A02,2023,388.61121,4258.0,0.091266
FI,A03,2012,132.68787,113.0,1.174229
FI,A03,2013,146.19567,119.0,1.228535
FI,A03,2014,133.66793,120.0,1.113899
FI,A03,2015,140.20346,111.0,1.263094
FI,A03,2016,128.69734,117.0,1.099977
FI,A03,2017,123.25274,130.0,0.948098
FI,A03,2018,131.01551,119.0,1.100971
FI,A03,2019,171.91755,115.0,1.494935
FI,A03,2020,189.04953,126.0,1.500393
FI,A03,2021,100.50528,135.0,0.744484
FI,A03,2022,100.23308,163.0,0.614927
FI,A03,2023,101.50255,168.0,0.604182
FI,B,2012,499.07759,771.0,0.647312
FI,B,2013,418.42139,556.0,0.752556
FI,B,2014,441.38781,504.0,0.875769
FI,B,2015,390.07814,602.0,0.647970
FI,B,2016,378.53733,636.0,0.595184
FI,B,2017,441.3375,902.0,0.489288
FI,B,2018,462.08537,949.0,0.486918
FI,B,2019,431.01793,819.0,0.526273
FI,B,2020,440.45316,964.0,0.456902
FI,B,2021,450.49597,1049.0,0.429453
FI,B,2022,428.08603,1100.0,0.389169
FI,B,2023,436.48053,1049.0,0.416092
FI,C,2012,14400.15203,29246.0,0.492380
FI,C,2013,14244.10527,29799.0,0.478006
FI,C,2014,12810.49532,30060.0,0.426164
FI,C,2015,12548.65888,31195.0,0.402265
FI,C,2016,12343.53231,31813.0,0.388003
FI,C,2017,11897.26795,34547.0,0.344379
FI,C,2018,11909.12347,34299.0,0.347215
FI,C,2019,11486.59507,35091.0,0.327337
FI,C,2020,10713.10881,34331.0,0.312054
FI,C,2021,10850.12591,37166.0,0.291937
FI,C,2022,10252.75314,41930.0,0.244521
FI,C,2023,9310.38441,39520.0,0.235587
FI,C10-C12,2012,276.15992,2701.0,0.102244
FI,C10-C12,2013,288.77489,2703.0,0.106835
FI,C10-C12,2014,289.6517,2659.0,0.108933
FI,C10-C12,2015,214.27431,2630.0,0.081473
FI,C10-C12,2016,228.05703,2592.0,0.087985
FI,C10-C12,2017,208.68701,2728.0,0.076498
FI,C10-C12,2018,183.12503,2751.0,0.066567
FI,C10-C12,2019,202.60454,2868.0,0.070643
FI,C10-C12,2020,179.79317,2959.0,0.060761
FI,C10-C12,2021,163.85725,2925.0,0.056020
FI,C10-C12,2022,151.05936,2793.0,0.054085
FI,C10-C12,2023,146.17953,3200.0,0.045681
FI,C13-C15,2012,15.84213,460.0,0.034439
FI,C13-C15,2013,10.8399,414.0,0.026183
FI,C13-C15,2014,11.32474,387.0,0.029263
FI,C13-C15,2015,11.85403,391.0,0.030317
FI,C13-C15,2016,11.13619,415.0,0.026834
FI,C13-C15,2017,10.57986,419.0,0.025250
FI,C13-C15,2018,11.00479,415.0,0.026518
FI,C13-C15,2019,8.92822,402.0,0.022210
FI,C13-C15,2020,8.92809,424.0,0.021057
FI,C13-C15,2021,9.60739,451.0,0.021302
FI,C13-C15,2022,8.08351,448.0,0.018044
FI,C13-C15,2023,8.32208,421.0,0.019767
FI,C16,2012,53.39444,1089.0,0.049031
FI,C16,2013,52.96827,1175.0,0.045079
FI,C16,2014,71.11072,1212.0,0.058672
FI,C16,2015,81.11823,1207.0,0.067206
FI,C16,2016,66.24564,1232.0,0.053771
FI,C16,2017,46.80002,1340.0,0.034925
FI,C16,2018,73.27414,1388.0,0.052791
FI,C16,2019,47.08688,1247.0,0.037760
FI,C16,2020,39.42692,1199.0,0.032883
FI,C16,2021,59.30346,2232.0,0.026570
FI,C16,2022,48.12163,2669.0,0.018030
FI,C16,2023,60.1625,1475.0,0.040788
FI,C17,2012,3088.38345,2818.0,1.095949
FI,C17,2013,3076.754,2757.0,1.115979
FI,C17,2014,2990.84604,2884.0,1.037048
FI,C17,2015,2961.20504,3131.0,0.945770
FI,C17,2016,2933.16472,3117.0,0.941022
FI,C17,2017,2763.75518,3290.0,0.840047
FI,C17,2018,2847.79695,3633.0,0.783869
FI,C17,2019,2740.39386,3362.0,0.815108
FI,C17,2020,2431.9573,2613.0,0.930715
FI,C17,2021,2439.25153,3276.0,0.744582
FI,C17,2022,2038.29672,3377.0,0.603582
FI,C17,2023,1459.90367,2470.0,0.591054
FI,C18,2012,13.57758,612.0,0.022186
FI,C18,2013,9.75355,540.0,0.018062
FI,C18,2014,8.87031,510.0,0.017393
FI,C18,2015,7.68372,508.0,0.015125
FI,C18,2016,6.9316,452.0,0.015335
FI,C18,2017,7.7341,430.0,0.017986
FI,C18,2018,5.26779,402.0,0.013104
FI,C18,2019,4.54046,389.0,0.011672
FI,C18,2020,0.53824,348.0,0.001547
FI,C18,2021,2.54708,346.0,0.007362
FI,C18,2022,1.90073,339.0,0.005607
FI,C18,2023,1.56465,362.0,0.004322
FI,C19,2012,3186.46206,786.0,4.054023
FI,C19,2013,3275.97755,643.0,5.094833
FI,C19,2014,3137.243,420.0,7.469626
FI,C19,2015,2951.18985,597.0,4.943367
FI,C19,2016,2438.53565,610.0,3.997599
FI,C19,2017,2369.2307,1022.0,2.318230
FI,C19,2018,2289.0801,727.0,3.148666
FI,C19,2019,2505.77365,835.0,3.000927
FI,C19,2020,2205.60521,536.0,4.114935
FI,C19,2021,1803.90345,319.0,5.654870
FI,C19,2022,2085.41635,1212.0,1.720641
FI,C19,2023,2098.8585,1317.0,1.593666
FI,C20,2012,1182.96424,1629.0,0.726190
FI,C20,2013,1272.85136,1805.0,0.705181
FI,C20,2014,1269.78487,1783.0,0.712162
FI,C20,2015,1386.85545,2029.0,0.683517
FI,C20,2016,1429.81926,2082.0,0.686753
FI,C20,2017,1480.44706,2235.0,0.662392
FI,C20,2018,1464.61546,2468.0,0.593442
FI,C20,2019,1336.94736,2888.0,0.462932
FI,C20,2020,1400.54777,2820.0,0.496648
FI,C20,2021,1348.61747,2745.0,0.491300
FI,C20,2022,1214.118,4119.0,0.294760
FI,C20,2023,1178.01246,3537.0,0.333054
FI,C21,2012,5.21082,1233.0,0.004226
FI,C21,2013,5.11845,1155.0,0.004432
FI,C21,2014,5.41631,1318.0,0.004109
FI,C21,2015,4.52786,1317.0,0.003438
FI,C21,2016,2.0104,1537.0,0.001308
FI,C21,2017,1.9196,1585.0,0.001211
FI,C21,2018,1.82627,1561.0,0.001170
FI,C21,2019,1.66414,1596.0,0.001043
FI,C21,2020,1.36185,1530.0,0.000890
FI,C21,2021,1.09697,1501.0,0.000731
FI,C21,2022,1.05767,1651.0,0.000641
FI,C21,2023,0.46853,1581.0,0.000296
FI,C22,2012,27.10841,1074.0,0.025241
FI,C22,2013,25.87654,958.0,0.027011
FI,C22,2014,25.81035,997.0,0.025888
FI,C22,2015,23.94485,1023.0,0.023407
FI,C22,2016,19.65948,1062.0,0.018512
FI,C22,2017,20.94577,1071.0,0.019557
FI,C22,2018,17.50831,1078.0,0.016241
FI,C22,2019,17.89329,1073.0,0.016676
FI,C22,2020,15.95703,1054.0,0.015139
FI,C22,2021,16.84211,1117.0,0.015078
FI,C22,2022,13.16625,1063.0,0.012386
FI,C22,2023,13.16707,1110.0,0.011862
FI,C23,2012,1417.4595,1114.0,1.272405
FI,C23,2013,1397.94274,1096.0,1.275495
FI,C23,2014,1326.89838,1034.0,1.283267
FI,C23,2015,1302.21305,1014.0,1.284234
FI,C23,2016,1471.768,1060.0,1.388460
FI,C23,2017,1561.48508,1133.0,1.378186
FI,C23,2018,1396.60313,1188.0,1.175592
FI,C23,2019,1346.43823,1179.0,1.142017
FI,C23,2020,1311.85956,1124.0,1.167135
FI,C23,2021,1395.85663,1039.0,1.343462
FI,C23,2022,1326.62234,1092.0,1.214856
FI,C23,2023,994.6387,1106.0,0.899312
FI,C24,2012,5070.57476,1115.0,4.547601
FI,C24,2013,4752.09535,1270.0,3.741807
FI,C24,2014,3604.03013,1279.0,2.817850
FI,C24,2015,3548.49674,1565.0,2.267410
FI,C24,2016,3683.77087,1407.0,2.618174
FI,C24,2017,3373.82299,1899.0,1.776631
FI,C24,2018,3549.39444,1730.0,2.051673
FI,C24,2019,3204.09502,1444.0,2.218902
FI,C24,2020,3053.23972,1313.0,2.325392
FI,C24,2021,3542.32338,1717.0,2.063089
FI,C24,2022,3306.0901,2933.0,1.127204
FI,C24,2023,3286.13882,2081.0,1.579115
FI,C25,2012,17.89825,2678.0,0.006683
FI,C25,2013,14.31559,2519.0,0.005683
FI,C25,2014,12.82631,2426.0,0.005287
FI,C25,2015,11.64137,2547.0,0.004571
FI,C25,2016,10.99468,2541.0,0.004327
FI,C25,2017,11.26861,2730.0,0.004128
FI,C25,2018,11.47376,2837.0,0.004044
FI,C25,2019,11.53418,2896.0,0.003983
FI,C25,2020,11.44373,2945.0,0.003886
FI,C25,2021,11.14591,2985.0,0.003734
FI,C25,2022,9.91867,3378.0,0.002936
FI,C25,2023,12.57258,3399.0,0.003699
FI,C26,2012,14.24295,2647.0,0.005381
FI,C26,2013,19.14334,3973.0,0.004818
FI,C26,2014,20.42621,4199.0,0.004865
FI,C26,2015,5.65503,3893.0,0.001453
FI,C26,2016,6.49204,4196.0,0.001547
FI,C26,2017,7.44786,4560.0,0.001633
FI,C26,2018,7.44644,3506.0,0.002124
FI,C26,2019,9.00067,4108.0,0.002191
FI,C26,2020,7.06533,4985.0,0.001417
FI,C26,2021,7.89937,5021.0,0.001573
FI,C26,2022,7.26962,5336.0,0.001362
FI,C26,2023,8.15891,4226.0,0.001931
FI,C27,2012,0.10961,1773.0,0.000062
FI,C27,2013,0.15441,1626.0,0.000095
FI,C27,2014,0.17242,1782.0,0.000097
FI,C27,2015,0.12369,1821.0,0.000068
FI,C27,2016,0.24204,1796.0,0.000135
FI,C27,2017,0.46709,1863.0,0.000251
FI,C27,2018,0.58197,1760.0,0.000331
FI,C27,2019,1.69529,1788.0,0.000948
FI,C27,2020,1.55993,1775.0,0.000879
FI,C27,2021,1.59661,1808.0,0.000883
FI,C27,2022,3.22652,1969.0,0.001639
FI,C27,2023,3.26187,2478.0,0.001316
FI,C28,2012,19.66302,4622.0,0.004254
FI,C28,2013,16.1844,4340.0,0.003729
FI,C28,2014,16.75881,4406.0,0.003804
FI,C28,2015,14.90327,4701.0,0.003170
FI,C28,2016,12.96498,4669.0,0.002777
FI,C28,2017,7.53262,5085.0,0.001481
FI,C28,2018,20.1206,5492.0,0.003664
FI,C28,2019,20.42543,5660.0,0.003609
FI,C28,2020,16.4747,5413.0,0.003044
FI,C28,2021,20.17519,6202.0,0.003253
FI,C28,2022,13.52783,5953.0,0.002272
FI,C28,2023,13.25495,6908.0,0.001919
FI,C29,2012,3.17797,417.0,0.007621
FI,C29,2013,6.40753,415.0,0.015440
FI,C29,2014,10.49157,452.0,0.023211
FI,C29,2015,12.19535,490.0,0.024888
FI,C29,2016,8.72742,501.0,0.017420
FI,C29,2017,11.0061,619.0,0.017780
FI,C29,2018,13.51082,739.0,0.018283
FI,C29,2019,11.22018,763.0,0.014705
FI,C29,2020,9.67922,661.0,0.014643
FI,C29,2021,10.16709,713.0,0.014260
FI,C29,2022,8.79053,608.0,0.014458
FI,C29,2023,5.41258,672.0,0.008054
FI,C30,2012,3.57111,465.0,0.007680
FI,C30,2013,15.5966,505.0,0.030884
FI,C30,2014,5.35672,429.0,0.012487
FI,C30,2015,7.31061,394.0,0.018555
FI,C30,2016,9.70475,563.0,0.017238
FI,C30,2017,11.16324,456.0,0.024481
FI,C30,2018,12.36024,446.0,0.027714
FI,C30,2019,13.32983,343.0,0.038862
FI,C30,2020,14.67376,445.0,0.032975
FI,C30,2021,13.20858,468.0,0.028223
FI,C30,2022,14.43969,482.0,0.029958
FI,C30,2023,19.00786,615.0,0.030907
FI,C31_C32,2012,3.48394,676.0,0.005154
FI,C31_C32,2013,2.60811,625.0,0.004173
FI,C31_C32,2014,2.6999,602.0,0.004485
FI,C31_C32,2015,2.50663,596.0,0.004206
FI,C31_C32,2016,2.56744,613.0,0.004188
FI,C31_C32,2017,2.51619,616.0,0.004085
FI,C31_C32,2018,3.3346,677.0,0.004926
FI,C31_C32,2019,2.87118,690.0,0.004161
FI,C31_C32,2020,2.27353,653.0,0.003482
FI,C31_C32,2021,1.6335,701.0,0.002330
FI,C31_C32,2022,1.47422,804.0,0.001834
FI,C31_C32,2023,1.02749,743.0,0.001383
FI,C33,2012,0.86784,1337.0,0.000649
FI,C33,2013,0.74269,1280.0,0.000580
FI,C33,2014,0.77683,1281.0,0.000606
FI,C33,2015,0.95981,1341.0,0.000716
FI,C33,2016,0.74011,1368.0,0.000541
FI,C33,2017,0.4589,1466.0,0.000313
FI,C33,2018,0.79862,1501.0,0.000532
FI,C33,2019,0.15265,1560.0,0.000098
FI,C33,2020,0.72374,1534.0,0.000472
FI,C33,2021,1.09296,1600.0,0.000683
FI,C33,2022,0.17338,1704.0,0.000102
FI,C33,2023,0.27166,1819.0,0.000149
FI,D,2012,18052.30112,3840.0,4.701120
FI,D,2013,19409.55248,4118.0,4.713344
FI,D,2014,18190.37355,4144.0,4.389569
FI,D,2015,15291.59191,3993.0,3.829600
FI,D,2016,17312.15995,3892.0,4.448140
FI,D,2017,15535.04121,4152.0,3.741580
FI,D,2018,16735.932,4339.0,3.857094
FI,D,2019,14265.32273,4936.0,2.890057
FI,D,2020,11252.22707,4780.0,2.354022
FI,D,2021,11934.53295,5090.0,2.344702
FI,D,2022,11214.72287,6729.0,1.666625
FI,D,2023,8305.64212,6719.0,1.236143
FI,E,2012,3235.04999,1543.0,2.096598
FI,E,2013,3140.57159,1611.0,1.949455
FI,E,2014,2971.29738,1681.0,1.767577
FI,E,2015,2745.14463,1721.0,1.595087
FI,E,2016,2600.94641,1768.0,1.471124
FI,E,2017,2424.04118,1749.0,1.385958
FI,E,2018,2361.38245,1781.0,1.325874
FI,E,2019,2338.76519,1782.0,1.312438
FI,E,2020,2315.83565,1827.0,1.267562
FI,E,2021,2251.3197,2053.0,1.096600
FI,E,2022,2135.57609,2045.0,1.044291
FI,E,2023,2119.5319,1888.0,1.122633
FI,E36,2012,21.61893,384.0,0.056299
FI,E36,2013,31.57608,376.0,0.083979
FI,E36,2014,25.21458,396.0,0.063673
FI,E36,2015,9.70671,409.0,0.023733
FI,E36,2016,10.38379,452.0,0.022973
FI,E36,2017,0.0,432.0,0.000000
FI,E36,2018,0.0,441.0,0.000000
FI,E36,2019,0.0,467.0,0.000000
FI,E36,2020,0.0,487.0,0.000000
FI,E36,2021,0.0,526.0,0.000000
FI,E36,2022,0.0,491.0,0.000000
FI,E36,2023,0.0,421.0,0.000000
FI,E37-E39,2012,3213.43106,1159.0,2.772589
FI,E37-E39,2013,3108.99551,1235.0,2.517405
FI,E37-E39,2014,2946.08281,1285.0,2.292671
FI,E37-E39,2015,2735.43792,1312.0,2.084937
FI,E37-E39,2016,2590.56262,1316.0,1.968513
FI,E37-E39,2017,2424.04118,1317.0,1.840578
FI,E37-E39,2018,2361.38245,1340.0,1.762226
FI,E37-E39,2019,2338.76519,1315.0,1.778529
FI,E37-E39,2020,2315.83565,1340.0,1.728236
FI,E37-E39,2021,2251.3197,1527.0,1.474342
FI,E37-E39,2022,2135.57609,1554.0,1.374245
FI,E37-E39,2023,2119.5319,1467.0,1.444807
FI,F,2012,1440.84779,11406.0,0.126324
FI,F,2013,1514.62066,11327.0,0.133718
FI,F,2014,1283.57636,11085.0,0.115794
FI,F,2015,1067.64365,11472.0,0.093065
FI,F,2016,1264.52729,12534.0,0.100888
FI,F,2017,1319.57685,13637.0,0.096764
FI,F,2018,1551.47641,14546.0,0.106660
FI,F,2019,1592.37594,14966.0,0.106400
FI,F,2020,1402.44108,15368.0,0.091257
FI,F,2021,1394.36792,14924.0,0.093431
FI,F,2022,1434.63583,15211.0,0.094316
FI,F,2023,1338.64708,14921.0,0.089716
FI,G,2012,615.30837,17543.0,0.035074
FI,G,2013,590.93845,17306.0,0.034146
FI,G,2014,587.89215,16805.0,0.034983
FI,G,2015,562.9465,16857.0,0.033395
FI,G,2016,547.13719,16803.0,0.032562
FI,G,2017,536.97159,17534.0,0.030625
FI,G,2018,544.41942,17777.0,0.030625
FI,G,2019,506.98732,17939.0,0.028262
FI,G,2020,480.29541,18421.0,0.026073
FI,G,2021,428.63015,19070.0,0.022477
FI,G,2022,356.01629,19579.0,0.018184
FI,G,2023,312.0903,20500.0,0.015224
FI,G45,2012,54.56166,2599.0,0.020993
FI,G45,2013,54.69359,2417.0,0.022629
FI,G45,2014,77.56288,2400.0,0.032318
FI,G45,2015,28.63408,2484.0,0.011527
FI,G45,2016,33.78247,2660.0,0.012700
FI,G45,2017,33.2494,2744.0,0.012117
FI,G45,2018,36.2293,2815.0,0.012870
FI,G45,2019,29.00663,2865.0,0.010124
FI,G45,2020,44.74116,2832.0,0.015798
FI,G45,2021,38.9908,3063.0,0.012730
FI,G45,2022,19.81962,3060.0,0.006477
FI,G45,2023,19.6993,3265.0,0.006033
FI,G46,2012,44.99757,8445.0,0.005328
FI,G46,2013,10.11641,8268.0,0.001224
FI,G46,2014,10.30142,7935.0,0.001298
FI,G46,2015,12.28564,7871.0,0.001561
FI,G46,2016,15.02879,7644.0,0.001966
FI,G46,2017,32.81686,8104.0,0.004049
FI,G46,2018,43.61819,8208.0,0.005314
FI,G46,2019,25.15771,8240.0,0.003053
FI,G46,2020,32.93026,8466.0,0.003890
FI,G46,2021,29.59542,8689.0,0.003406
FI,G46,2022,29.95009,8994.0,0.003330
FI,G46,2023,35.85783,9261.0,0.003872
FI,G47,2012,515.74914,6499.0,0.079358
FI,G47,2013,526.12845,6621.0,0.079464
FI,G47,2014,500.02786,6470.0,0.077284
FI,G47,2015,522.02678,6502.0,0.080287
FI,G47,2016,498.32592,6499.0,0.076677
FI,G47,2017,470.90534,6686.0,0.070432
FI,G47,2018,464.57193,6754.0,0.068785
FI,G47,2019,452.82298,6834.0,0.066260
FI,G47,2020,402.624,7123.0,0.056524
FI,G47,2021,360.04393,7318.0,0.049200
FI,G47,2022,306.24659,7525.0,0.040697
FI,G47,2023,256.53317,7974.0,0.032171
FI,H,2012,10601.98312,9054.0,1.170972
FI,H,2013,10172.68124,8943.0,1.137502
FI,H,2014,9137.52524,8885.0,1.028422
FI,H,2015,9663.89954,8983.0,1.075799
FI,H,2016,10673.12173,8912.0,1.197612
FI,H,2017,10375.73873,9217.0,1.125718
FI,H,2018,10407.16693,9250.0,1.125099
FI,H,2019,10616.75236,9638.0,1.101551
FI,H,2020,7666.7668,7835.0,0.978528
FI,H,2021,7226.13082,8250.0,0.875895
FI,H,2022,8187.27298,9524.0,0.859646
FI,H,2023,8433.81926,10187.0,0.827900
FI,H49,2012,4784.46066,4661.0,1.026488
FI,H49,2013,4144.16782,4630.0,0.895069
FI,H49,2014,3437.74838,4634.0,0.741853
FI,H49,2015,3585.9955,4602.0,0.779225
FI,H49,2016,4246.25534,4642.0,0.914747
FI,H49,2017,4131.64508,4675.0,0.883774
FI,H49,2018,4107.96493,4664.0,0.880782
FI,H49,2019,3911.81024,4893.0,0.799471
FI,H49,2020,4041.21092,4541.0,0.889939
FI,H49,2021,3550.61034,4602.0,0.771536
FI,H49,2022,3041.84686,4856.0,0.626410
FI,H49,2023,2856.0873,5113.0,0.558593
FI,H50,2012,2887.45156,663.0,4.355131
FI,H50,2013,2673.10906,703.0,3.802431
FI,H50,2014,2383.30233,729.0,3.269276
FI,H50,2015,2644.39127,759.0,3.484046
FI,H50,2016,3020.01229,665.0,4.541372
FI,H50,2017,2851.10481,680.0,4.192801
FI,H50,2018,2425.59208,653.0,3.714536
FI,H50,2019,2805.12763,729.0,3.847912
FI,H50,2020,2092.33158,531.0,3.940361
FI,H50,2021,2230.50845,561.0,3.975951
FI,H50,2022,2288.25782,831.0,2.753620
FI,H50,2023,2078.03165,882.0,2.356045
FI,H51,2012,2630.43424,671.0,3.920170
FI,H51,2013,3054.19488,616.0,4.958109
FI,H51,2014,3027.79481,510.0,5.936853
FI,H51,2015,3153.54508,590.0,5.344992
FI,H51,2016,3117.2802,591.0,5.274586
FI,H51,2017,3158.56173,738.0,4.279894
FI,H51,2018,3652.27075,748.0,4.882715
FI,H51,2019,3681.58185,802.0,4.590501
FI,H51,2022,2661.04413,289.0,9.207765
FI,H51,2023,3297.87244,742.0,4.444572
FI,H52,2012,266.92456,2181.0,0.122386
FI,H52,2013,266.06968,2149.0,0.123811
FI,H52,2014,256.84724,2184.0,0.117604
FI,H52,2015,233.62087,2211.0,0.105663
FI,H52,2016,242.70436,2196.0,0.110521
FI,H52,2017,207.39216,2335.0,0.088819
FI,H52,2018,192.65269,2469.0,0.078029
FI,H52,2019,187.94419,2594.0,0.072453
FI,H52,2020,178.44304,2278.0,0.078333
FI,H52,2021,167.9773,2531.0,0.066368
FI,H52,2022,166.65834,2876.0,0.057948
FI,H52,2023,160.69301,2870.0,0.055991
FI,H53,2012,32.71211,878.0,0.037258
FI,H53,2013,35.1398,845.0,0.041586
FI,H53,2014,31.83247,828.0,0.038445
FI,H53,2015,46.34683,821.0,0.056452
FI,H53,2016,46.86953,818.0,0.057298
FI,H53,2017,27.03495,789.0,0.034265
FI,H53,2018,28.68647,716.0,0.040065
FI,H53,2019,30.28845,620.0,0.048852
FI,H53,2020,29.77339,635.0,0.046887
FI,H53,2021,33.10903,657.0,0.050394
FI,H53,2022,29.46583,672.0,0.043848
FI,H53,2023,41.13486,580.0,0.070922
FI,I,2012,224.20033,2948.0,0.076052
FI,I,2013,220.50696,2754.0,0.080068
FI,I,2014,213.72046,2799.0,0.076356
FI,I,2015,242.99717,2915.0,0.083361
FI,I,2016,219.87558,3076.0,0.071481
FI,I,2017,189.15276,3350.0,0.056464
FI,I,2018,182.97349,3478.0,0.052609
FI,I,2019,155.82515,3649.0,0.042704
FI,I,2020,143.71586,2550.0,0.056359
FI,I,2021,134.05708,2562.0,0.052325
FI,I,2022,121.7154,3579.0,0.034008
FI,I,2023,115.44506,4112.0,0.028075
FI,J,2012,44.96888,8949.0,0.005025
FI,J,2013,39.84329,9295.0,0.004287
FI,J,2014,31.34948,9820.0,0.003192
FI,J,2015,10.09832,10285.0,0.000982
FI,J,2016,11.2709,10679.0,0.001055
FI,J,2017,4.27359,11332.0,0.000377
FI,J,2018,4.32011,11711.0,0.000369
FI,J,2019,11.08073,12305.0,0.000901
FI,J,2020,4.53874,12670.0,0.000358
FI,J,2021,4.80246,13796.0,0.000348
FI,J,2022,7.28609,14064.0,0.000518
FI,J,2023,8.08773,15062.0,0.000537
FI,J58,2012,5.15812,1742.0,0.002961
FI,J58,2013,3.99284,1889.0,0.002114
FI,J58,2014,3.03761,2133.0,0.001424
FI,J58,2015,1.93869,2466.0,0.000786
FI,J58,2016,1.99968,2630.0,0.000760
FI,J58,2017,1.59792,2551.0,0.000626
FI,J58,2018,1.39365,2448.0,0.000569
FI,J58,2019,1.75757,2466.0,0.000713
FI,J58,2020,2.10765,2642.0,0.000798
FI,J58,2021,1.79713,3250.0,0.000553
FI,J58,2022,3.08028,3189.0,0.000966
FI,J58,2023,3.08953,3371.0,0.000917
FI,J59_J60,2012,1.99835,823.0,0.002428
FI,J59_J60,2013,2.60407,814.0,0.003199
FI,J59_J60,2014,2.45896,874.0,0.002813
FI,J59_J60,2015,3.29845,911.0,0.003621
FI,J59_J60,2016,4.2606,906.0,0.004703
FI,J59_J60,2017,0.40081,950.0,0.000422
FI,J59_J60,2018,0.49063,1010.0,0.000486
FI,J59_J60,2019,0.14892,1020.0,0.000146
FI,J59_J60,2020,0.11782,992.0,0.000119
FI,J59_J60,2021,0.18072,1056.0,0.000171
FI,J59_J60,2022,1.54642,1081.0,0.001431
FI,J59_J60,2023,1.2826,1121.0,0.001144
FI,J61,2012,33.71764,2138.0,0.015771
FI,J61,2013,30.47845,2200.0,0.013854
FI,J61,2014,23.22971,2105.0,0.011035
FI,J61,2015,2.89407,2097.0,0.001380
FI,J61,2016,3.16796,2156.0,0.001469
FI,J61,2017,1.33341,2206.0,0.000604
FI,J61,2018,1.4573,2293.0,0.000636
FI,J61,2019,8.17666,2318.0,0.003527
FI,J61,2020,1.26045,2295.0,0.000549
FI,J61,2021,2.09023,2387.0,0.000876
FI,J61,2022,2.04822,2316.0,0.000884
FI,J61,2023,2.84219,2441.0,0.001164
FI,J62_J63,2012,4.09477,4246.0,0.000964
FI,J62_J63,2013,2.76792,4392.0,0.000630
FI,J62_J63,2014,2.6232,4708.0,0.000557
FI,J62_J63,2015,1.96711,4811.0,0.000409
FI,J62_J63,2016,1.84265,4987.0,0.000369
FI,J62_J63,2017,0.94145,5625.0,0.000167
FI,J62_J63,2018,0.97853,5960.0,0.000164
FI,J62_J63,2019,0.99758,6501.0,0.000153
FI,J62_J63,2020,1.05283,6741.0,0.000156
FI,J62_J63,2021,0.73437,7103.0,0.000103
FI,J62_J63,2022,0.61117,7478.0,0.000082
FI,J62_J63,2023,0.87342,8129.0,0.000107
FI,K,2012,214.76188,4984.0,0.043090
FI,K,2013,229.55076,4863.0,0.047204
FI,K,2014,195.30078,5759.0,0.033912
FI,K,2015,196.77647,5832.0,0.033741
FI,K,2016,140.63226,6173.0,0.022782
FI,K,2017,95.15919,6516.0,0.014604
FI,K,2018,111.12793,6536.0,0.017002
FI,K,2019,138.81792,6028.0,0.023029
FI,K,2020,77.22978,6175.0,0.012507
FI,K,2021,137.84453,7046.0,0.019564
FI,K,2022,175.5091,8100.0,0.021668
FI,K,2023,178.11337,10078.0,0.017673
FI,K64,2012,190.1245,2907.0,0.065402
FI,K64,2013,201.49047,2616.0,0.077022
FI,K64,2014,152.77003,3251.0,0.046992
FI,K64,2015,155.7335,3367.0,0.046253
FI,K64,2016,102.39821,3298.0,0.031049
FI,K64,2017,62.06733,3809.0,0.016295
FI,K64,2018,75.97873,3639.0,0.020879
FI,K64,2019,99.75617,3377.0,0.029540
FI,K64,2020,54.73983,3236.0,0.016916
FI,K64,2021,98.50043,3697.0,0.026643
FI,K64,2022,134.14017,4122.0,0.032542
FI,K64,2023,136.20651,6364.0,0.021403
FI,K65,2012,8.23698,1381.0,0.005965
FI,K65,2013,9.32038,1447.0,0.006441
FI,K65,2014,13.19034,1675.0,0.007875
FI,K65,2015,13.63163,1463.0,0.009318
FI,K65,2016,13.16945,1623.0,0.008114
FI,K65,2017,10.94155,1602.0,0.006830
FI,K65,2018,11.7345,1700.0,0.006903
FI,K65,2019,13.00092,1387.0,0.009373
FI,K65,2020,7.38114,1706.0,0.004327
FI,K65,2021,12.24703,1853.0,0.006609
FI,K65,2022,15.27177,2806.0,0.005443
FI,K65,2023,15.57818,2598.0,0.005996
FI,K66,2012,16.4004,696.0,0.023564
FI,K66,2013,18.73991,800.0,0.023425
FI,K66,2014,29.34042,833.0,0.035223
FI,K66,2015,27.41134,1002.0,0.027357
FI,K66,2016,25.06461,1252.0,0.020020
FI,K66,2017,22.15031,1105.0,0.020046
FI,K66,2018,23.4147,1197.0,0.019561
FI,K66,2019,26.06082,1264.0,0.020618
FI,K66,2020,15.10881,1233.0,0.012254
FI,K66,2021,27.09706,1496.0,0.018113
FI,K66,2022,26.09716,1172.0,0.022267
FI,K66,2023,26.32869,1116.0,0.023592
FI,L,2012,121.63831,20113.0,0.006048
FI,L,2013,103.62519,20896.0,0.004959
FI,L,2014,89.50843,21714.0,0.004122
FI,L,2015,130.06061,22961.0,0.005664
FI,L,2016,164.36757,23788.0,0.006910
FI,L,2017,152.76326,24593.0,0.006212
FI,L,2018,47.08303,25664.0,0.001835
FI,L,2019,39.27918,26501.0,0.001482
FI,L,2020,33.83615,27287.0,0.001240
FI,L,2021,41.95106,28221.0,0.001487
FI,L,2022,40.82373,28892.0,0.001413
FI,L,2023,55.481,29943.0,0.001853
FI,L68A,2012,0.0,13019.0,0.000000
FI,L68A,2013,0.0,13716.0,0.000000
FI,L68A,2014,0.0,14285.0,0.000000
FI,L68A,2015,0.0,15066.0,0.000000
FI,L68A,2016,0.0,15656.0,0.000000
FI,L68A,2017,0.0,16052.0,0.000000
FI,L68A,2018,0.0,16700.0,0.000000
FI,L68A,2019,0.0,17171.0,0.000000
FI,L68A,2020,0.0,17873.0,0.000000
FI,L68A,2021,0.0,18408.0,0.000000
FI,L68A,2022,0.0,18798.0,0.000000
FI,L68A,2023,0.0,19392.0,0.000000
FI,M,2012,33.32967,8774.0,0.003799
FI,M,2013,39.72095,8950.0,0.004438
FI,M,2014,39.61375,8893.0,0.004454
FI,M,2015,62.67918,9164.0,0.006840
FI,M,2016,79.70713,9258.0,0.008610
FI,M,2017,52.37742,9809.0,0.005340
FI,M,2018,16.68498,10439.0,0.001598
FI,M,2019,10.16142,10861.0,0.000936
FI,M,2020,11.98043,11018.0,0.001087
FI,M,2021,13.03124,11745.0,0.001110
FI,M,2022,10.40436,12374.0,0.000841
FI,M,2023,12.89171,12670.0,0.001017
FI,M69_M70,2012,9.53029,2896.0,0.003291
FI,M69_M70,2013,14.22616,2956.0,0.004813
FI,M69_M70,2014,13.10746,2976.0,0.004404
FI,M69_M70,2015,37.59134,3083.0,0.012193
FI,M69_M70,2016,45.27647,3106.0,0.014577
FI,M69_M70,2017,30.7723,3452.0,0.008914
FI,M69_M70,2018,0.17085,3675.0,0.000046
FI,M69_M70,2019,2.59482,3833.0,0.000677
FI,M69_M70,2020,0.46296,4115.0,0.000113
FI,M69_M70,2021,0.49252,4440.0,0.000111
FI,M69_M70,2022,0.224,4736.0,0.000047
FI,M69_M70,2023,0.23891,4870.0,0.000049
FI,M71,2012,2.64608,3016.0,0.000877
FI,M71,2013,3.33758,3064.0,0.001089
FI,M71,2014,2.58258,3071.0,0.000841
FI,M71,2015,2.50114,3239.0,0.000772
FI,M71,2016,2.63659,3348.0,0.000788
FI,M71,2017,6.40246,3554.0,0.001801
FI,M71,2018,5.78383,3749.0,0.001543
FI,M71,2019,3.92534,3871.0,0.001014
FI,M71,2020,4.98364,3833.0,0.001300
FI,M71,2021,5.20559,4034.0,0.001290
FI,M71,2022,2.55538,4211.0,0.000607
FI,M71,2023,5.95108,4373.0,0.001361
FI,M72,2012,14.59218,1620.0,0.009008
FI,M72,2013,20.15226,1686.0,0.011953
FI,M72,2014,19.36499,1607.0,0.012050
FI,M72,2015,16.88236,1583.0,0.010665
FI,M72,2016,25.28378,1517.0,0.016667
FI,M72,2017,14.93354,1437.0,0.010392
FI,M72,2018,10.46634,1561.0,0.006705
FI,M72,2019,3.38489,1681.0,0.002014
FI,M72,2020,6.31088,1693.0,0.003728
FI,M72,2021,7.10676,1772.0,0.004011
FI,M72,2022,5.98294,1782.0,0.003357
FI,M72,2023,4.88038,1767.0,0.002762
FI,M73,2012,1.50524,637.0,0.002363
FI,M73,2013,1.61475,600.0,0.002691
FI,M73,2014,1.78895,598.0,0.002992
FI,M73,2015,1.79857,597.0,0.003013
FI,M73,2016,2.13056,622.0,0.003425
FI,M73,2017,0.03055,648.0,0.000047
FI,M73,2018,0.03025,662.0,0.000046
FI,M73,2019,0.00969,654.0,0.000015
FI,M73,2020,0.00904,599.0,0.000015
FI,M73,2021,0.00833,671.0,0.000012
FI,M73,2022,0.02325,703.0,0.000033
FI,M73,2023,0.02692,702.0,0.000038
FI,M74_M75,2012,5.05587,605.0,0.008357
FI,M74_M75,2013,0.3902,644.0,0.000606
FI,M74_M75,2014,2.76976,641.0,0.004321
FI,M74_M75,2015,3.90577,662.0,0.005900
FI,M74_M75,2016,4.37973,665.0,0.006586
FI,M74_M75,2017,0.23857,718.0,0.000332
FI,M74_M75,2018,0.23371,792.0,0.000295
FI,M74_M75,2019,0.24668,822.0,0.000300
FI,M74_M75,2020,0.21392,778.0,0.000275
FI,M74_M75,2021,0.21802,828.0,0.000263
FI,M74_M75,2022,1.61879,942.0,0.001718
FI,M74_M75,2023,1.79442,958.0,0.001873
FI,N,2012,281.15342,5831.0,0.048217
FI,N,2013,326.90925,5849.0,0.055891
FI,N,2014,328.12836,5970.0,0.054963
FI,N,2015,235.63843,5927.0,0.039757
FI,N,2016,248.24682,6347.0,0.039112
FI,N,2017,252.9331,6970.0,0.036289
FI,N,2018,241.01387,7581.0,0.031792
FI,N,2019,262.47535,8137.0,0.032257
FI,N,2020,306.89225,7540.0,0.040702
FI,N,2021,248.8115,7788.0,0.031948
FI,N,2022,224.17754,8381.0,0.026748
FI,N,2023,213.31215,8599.0,0.024807
FI,N77,2012,11.38008,735.0,0.015483
FI,N77,2013,9.55599,761.0,0.012557
FI,N77,2014,10.13752,734.0,0.013811
FI,N77,2015,6.96766,755.0,0.009229
FI,N77,2016,8.41712,780.0,0.010791
FI,N77,2017,4.87523,993.0,0.004910
FI,N77,2018,9.26881,1039.0,0.008921
FI,N77,2019,14.09986,1344.0,0.010491
FI,N77,2020,18.28987,1051.0,0.017402
FI,N77,2021,18.33908,1092.0,0.016794
FI,N77,2022,13.50271,1209.0,0.011168
FI,N77,2023,15.32561,1250.0,0.012260
FI,N78,2012,2.99991,1636.0,0.001834
FI,N78,2013,3.24014,1569.0,0.002065
FI,N78,2014,4.62676,1681.0,0.002752
FI,N78,2015,4.11006,1786.0,0.002301
FI,N78,2016,4.65201,2006.0,0.002319
FI,N78,2017,2.63336,2291.0,0.001149
FI,N78,2018,0.22724,2534.0,0.000090
FI,N78,2019,0.19623,2699.0,0.000073
FI,N78,2020,2.71518,2488.0,0.001091
FI,N78,2021,3.89998,2723.0,0.001432
FI,N78,2022,2.60312,3095.0,0.000841
FI,N78,2023,2.55059,3092.0,0.000825
FI,N79,2012,80.16038,223.0,0.359464
FI,N79,2013,79.68643,220.0,0.362211
FI,N79,2014,104.31699,171.0,0.610041
FI,N79,2015,71.48655,213.0,0.335618
FI,N79,2016,66.55013,230.0,0.289348
FI,N79,2017,58.77855,245.0,0.239912
FI,N79,2018,55.10759,263.0,0.209535
FI,N79,2019,51.64797,254.0,0.203338
FI,N79,2020,56.30317,122.0,0.461501
FI,N79,2021,44.21032,51.0,0.866869
FI,N79,2022,33.67437,169.0,0.199257
FI,N79,2023,32.01156,246.0,0.130128
FI,N80-N82,2012,186.61306,3237.0,0.057650
FI,N80-N82,2013,234.4267,3299.0,0.071060
FI,N80-N82,2014,209.0471,3384.0,0.061775
FI,N80-N82,2015,153.07417,3173.0,0.048243
FI,N80-N82,2016,168.62757,3331.0,0.050624
FI,N80-N82,2017,186.64596,3441.0,0.054242
FI,N80-N82,2018,176.41023,3745.0,0.047106
FI,N80-N82,2019,196.5313,3840.0,0.051180
FI,N80-N82,2020,229.58404,3879.0,0.059186
FI,N80-N82,2021,182.36212,3922.0,0.046497
FI,N80-N82,2022,174.39735,3908.0,0.044626
FI,N80-N82,2023,163.42439,4011.0,0.040744
FI,O,2012,538.33696,10897.0,0.049402
FI,O,2013,547.40616,11118.0,0.049236
FI,O,2014,455.23537,11128.0,0.040909
FI,O,2015,486.45566,10354.0,0.046982
FI,O,2016,601.2302,10199.0,0.058950
FI,O,2017,589.48419,10019.0,0.058837
FI,O,2018,559.34934,10319.0,0.054206
FI,O,2019,493.35909,10529.0,0.046857
FI,O,2020,447.86001,10635.0,0.042112
FI,O,2021,382.75495,11161.0,0.034294
FI,O,2022,356.92576,11742.0,0.030397
FI,O,2023,376.30421,12293.0,0.030611
FI,P,2012,71.82955,10125.0,0.007094
FI,P,2013,74.20616,10228.0,0.007255
FI,P,2014,65.64111,10275.0,0.006388
FI,P,2015,59.24092,10531.0,0.005625
FI,P,2016,61.0512,10445.0,0.005845
FI,P,2017,80.12791,10288.0,0.007788
FI,P,2018,80.23128,10479.0,0.007656
FI,P,2019,66.27228,10861.0,0.006102
FI,P,2020,72.74101,11012.0,0.006606
FI,P,2021,74.32868,11560.0,0.006430
FI,P,2022,91.08438,12052.0,0.007558
FI,P,2023,134.60501,12931.0,0.010409
FI,Q,2012,174.16149,17121.0,0.010172
FI,Q,2013,181.2125,17474.0,0.010370
FI,Q,2014,176.52964,17676.0,0.009987
FI,Q,2015,159.74517,18586.0,0.008595
FI,Q,2016,163.44564,18951.0,0.008625
FI,Q,2017,169.38257,18903.0,0.008961
FI,Q,2018,172.16398,19585.0,0.008791
FI,Q,2019,179.96385,20277.0,0.008875
FI,Q,2020,155.55997,20747.0,0.007498
FI,Q,2021,184.01747,22151.0,0.008307
FI,Q,2022,185.26014,23189.0,0.007989
FI,Q,2023,222.85321,25186.0,0.008848
FI,Q86,2012,87.8382,9583.0,0.009166
FI,Q86,2013,87.03059,9710.0,0.008963
FI,Q86,2014,82.47682,9762.0,0.008449
FI,Q86,2015,75.3072,9922.0,0.007590
FI,Q86,2016,72.31852,10094.0,0.007165
FI,Q86,2017,92.04167,10017.0,0.009189
FI,Q86,2018,92.23506,10372.0,0.008893
FI,Q86,2019,101.1898,10730.0,0.009431
FI,Q86,2020,82.36093,10979.0,0.007502
FI,Q86,2021,101.07618,11918.0,0.008481
FI,Q86,2022,92.18333,12487.0,0.007382
FI,Q86,2023,98.9548,12910.0,0.007665
FI,Q87_Q88,2012,86.32329,7538.0,0.011452
FI,Q87_Q88,2013,94.18192,7764.0,0.012131
FI,Q87_Q88,2014,94.05282,7914.0,0.011884
FI,Q87_Q88,2015,84.43797,8664.0,0.009746
FI,Q87_Q88,2016,91.12712,8857.0,0.010289
FI,Q87_Q88,2017,77.3409,8886.0,0.008704
FI,Q87_Q88,2018,79.92891,9213.0,0.008676
FI,Q87_Q88,2019,78.77405,9547.0,0.008251
FI,Q87_Q88,2020,73.19904,9768.0,0.007494
FI,Q87_Q88,2021,82.94129,10233.0,0.008105
FI,Q87_Q88,2022,93.07681,10702.0,0.008697
FI,Q87_Q88,2023,123.89841,12276.0,0.010093
FI,R,2012,107.07544,2284.0,0.046881
FI,R,2013,121.19168,2323.0,0.052170
FI,R,2014,111.29907,2285.0,0.048709
FI,R,2015,113.69647,2345.0,0.048485
FI,R,2016,121.13582,2465.0,0.049142
FI,R,2017,89.72477,2535.0,0.035394
FI,R,2018,83.52241,2682.0,0.031142
FI,R,2019,92.6227,2838.0,0.032637
FI,R,2020,70.4744,2555.0,0.027583
FI,R,2021,78.55591,2665.0,0.029477
FI,R,2022,85.71461,2977.0,0.028792
FI,R,2023,108.76998,3291.0,0.033051
FI,R90-R92,2012,28.74103,1217.0,0.023616
FI,R90-R92,2013,40.51233,1204.0,0.033648
FI,R90-R92,2014,42.49569,1118.0,0.038010
FI,R90-R92,2015,42.24733,1164.0,0.036295
FI,R90-R92,2016,51.00106,1235.0,0.041296
FI,R90-R92,2017,29.92144,1238.0,0.024169
FI,R90-R92,2018,30.72087,1321.0,0.023256
FI,R90-R92,2019,28.97559,1381.0,0.020982
FI,R90-R92,2020,19.70257,1261.0,0.015625
FI,R90-R92,2021,28.61748,1293.0,0.022133
FI,R90-R92,2022,28.36618,1429.0,0.019850
FI,R90-R92,2023,34.00495,1560.0,0.021798
FI,R93,2012,78.33441,1067.0,0.073416
FI,R93,2013,80.67935,1119.0,0.072100
FI,R93,2014,68.80338,1167.0,0.058957
FI,R93,2015,71.44914,1181.0,0.060499
FI,R93,2016,70.13477,1230.0,0.057020
FI,R93,2017,59.80333,1297.0,0.046109
FI,R93,2018,52.80154,1361.0,0.038796
FI,R93,2019,63.64711,1457.0,0.043684
FI,R93,2020,50.77182,1294.0,0.039236
FI,R93,2021,49.93843,1372.0,0.036398
FI,R93,2022,57.34843,1548.0,0.037047
FI,R93,2023,74.76504,1731.0,0.043192
FI,S,2012,106.0017,2963.0,0.035775
FI,S,2013,99.81189,2987.0,0.033415
FI,S,2014,97.88503,3007.0,0.032552
FI,S,2015,99.81623,3031.0,0.032932
FI,S,2016,105.59898,3030.0,0.034851
FI,S,2017,90.77664,3093.0,0.029349
FI,S,2018,92.41337,3123.0,0.029591
FI,S,2019,85.51272,3263.0,0.026207
FI,S,2020,80.44334,3168.0,0.025392
FI,S,2021,63.73295,3317.0,0.019214
FI,S,2022,119.53459,3389.0,0.035271
FI,S,2023,127.03347,3525.0,0.036038
FI,S94,2012,56.78403,1854.0,0.030628
FI,S94,2013,58.49464,1879.0,0.031131
FI,S94,2014,68.62054,1900.0,0.036116
FI,S94,2015,62.59443,1909.0,0.032789
FI,S94,2016,66.36698,1889.0,0.035133
FI,S94,2017,54.42028,1918.0,0.028373
FI,S94,2018,57.20865,1902.0,0.030078
FI,S94,2019,55.88493,1979.0,0.028239
FI,S94,2020,40.20033,1943.0,0.020690
FI,S94,2021,52.43656,1996.0,0.026271
FI,S94,2022,75.54453,1989.0,0.037981
FI,S94,2023,83.42344,2008.0,0.041546
FI,S95,2012,5.74849,230.0,0.024993
FI,S95,2013,4.49944,214.0,0.021025
FI,S95,2014,3.19612,210.0,0.015220
FI,S95,2015,0.84421,195.0,0.004329
FI,S95,2016,2.10296,196.0,0.010729
FI,S95,2017,0.0,193.0,0.000000
FI,S95,2018,0.0,195.0,0.000000
FI,S95,2019,0.0,204.0,0.000000
FI,S95,2020,0.0,200.0,0.000000
FI,S95,2021,0.0,220.0,0.000000
FI,S95,2022,0.01644,235.0,0.000070
FI,S95,2023,0.03067,232.0,0.000132
FI,S96,2012,43.46918,879.0,0.049453
FI,S96,2013,36.81781,894.0,0.041183
FI,S96,2014,26.06836,897.0,0.029062
FI,S96,2015,36.37759,927.0,0.039242
FI,S96,2016,37.12904,945.0,0.039290
FI,S96,2017,36.35636,982.0,0.037023
FI,S96,2018,35.20472,1026.0,0.034313
FI,S96,2019,29.62779,1080.0,0.027433
FI,S96,2020,40.24301,1025.0,0.039261
FI,S96,2021,11.29639,1101.0,0.010260
FI,S96,2022,43.97361,1165.0,0.037746
FI,S96,2023,43.57936,1285.0,0.033914
FI,T,2012,0.0,227.0,0.000000
FI,T,2013,0.0,262.0,0.000000
FI,T,2014,0.0,313.0,0.000000
FI,T,2015,0.0,321.0,0.000000
FI,T,2016,0.02642,316.0,0.000084
FI,T,2017,0.039,320.0,0.000122
FI,T,2018,0.0276,310.0,0.000089
FI,T,2019,0.03947,307.0,0.000129
FI,T,2020,0.04833,328.0,0.000147
FI,T,2021,0.0519,322.0,0.000161
FI,T,2022,0.03134,317.0,0.000099
FI,T,2023,0.04846,283.0,0.000171
FI,TOTAL,2012,58864.10995,173004.0,0.340247
FI,TOTAL,2013,59712.12636,175160.0,0.340900
FI,TOTAL,2014,55392.50008,177368.0,0.312303
FI,TOTAL,2015,52128.50959,181406.0,0.287358
FI,TOTAL,2016,55227.20325,185593.0,0.297572
FI,TOTAL,2017,52236.73561,194113.0,0.269105
FI,TOTAL,2018,53584.53246,199751.0,0.268257
FI,TOTAL,2019,50756.42999,205950.0,0.246450
FI,TOTAL,2020,43658.39844,204507.0,0.213481
FI,TOTAL,2021,43676.12663,215307.0,0.202855
FI,TOTAL,2022,42953.76374,231139.0,0.185835
FI,TOTAL,2023,39411.84649,239121.0,0.164820
FR,A,2012,88037.52432,31866.1,2.762733
FR,A,2013,87687.68031,28866.5,3.037697
FR,A,2014,89263.23238,31477.8,2.835752
FR,A,2015,88710.30849,33100.3,2.680045
FR,A,2016,87082.81603,29861.4,2.916234
FR,A,2017,86895.74286,32884.7,2.642437
FR,A,2018,85981.47705,36063.0,2.384202
FR,A,2019,83888.1144,34252.4,2.449116
FR,A,2020,83417.80401,33856.9,2.463835
FR,A,2021,82668.14137,36702.2,2.252403
FR,A,2022,79226.49077,45653.3,1.735395
FR,A,2023,78347.32979,41967.3,1.866866
FR,A01,2012,86275.34586,28682.1,3.007986
FR,A01,2013,86048.10749,25486.8,3.376183
FR,A01,2014,87615.75624,27177.9,3.223787
FR,A01,2015,87089.58906,28573.7,3.047893
FR,A01,2016,85527.2298,25645.3,3.335006
FR,A01,2017,85212.09562,28734.9,2.965456
FR,A01,2018,84335.09669,31882.6,2.645176
FR,A01,2019,82417.87188,30280.5,2.721813
FR,A01,2020,81718.42745,30311.0,2.695999
FR,A01,2021,80901.47804,32646.9,2.478075
FR,A01,2022,77310.38619,41088.2,1.881572
FR,A01,2023,76720.51806,36898.1,2.079254
FR,A02,2012,634.11368,2347.2,0.270157
FR,A02,2013,663.65486,2520.5,0.263303
FR,A02,2014,673.9842,3359.3,0.200632
FR,A02,2015,671.51581,3589.6,0.187073
FR,A02,2016,637.41286,3198.2,0.199304
FR,A02,2017,621.60916,3025.8,0.205436
FR,A02,2018,636.04614,3136.8,0.202769
FR,A02,2019,615.3904,2821.5,0.218108
FR,A02,2020,649.64504,2597.2,0.250133
FR,A02,2021,644.79786,2999.4,0.214976
FR,A02,2022,624.02979,3595.4,0.173563
FR,A02,2023,615.24108,3794.5,0.162140
FR,A03,2012,1128.06478,836.8,1.348070
FR,A03,2013,975.91796,859.2,1.135845
FR,A03,2014,973.49194,940.6,1.034969
FR,A03,2015,949.20362,937.0,1.013024
FR,A03,2016,918.17337,1017.9,0.902027
FR,A03,2017,1062.03807,1124.0,0.944874
FR,A03,2018,1010.33422,1043.6,0.968124
FR,A03,2019,854.85213,1150.4,0.743091
FR,A03,2020,1049.73152,948.7,1.106495
FR,A03,2021,1121.86546,1055.9,1.062473
FR,A03,2022,1292.07479,969.7,1.332448
FR,A03,2023,1011.57065,1274.7,0.793575
FR,B,2012,945.0736,2285.7,0.413472
FR,B,2013,842.67164,2226.2,0.378525
FR,B,2014,634.36441,2443.2,0.259645
FR,B,2015,623.73029,2123.3,0.293755
FR,B,2016,666.81732,2042.6,0.326455
FR,B,2017,688.08617,2079.7,0.330858
FR,B,2018,664.07979,2144.0,0.309739
FR,B,2019,592.0346,2120.9,0.279143
FR,B,2020,392.94543,2003.5,0.196129
FR,B,2021,423.7283,2244.2,0.188810
FR,B,2022,272.4668,2249.8,0.121107
FR,B,2023,328.06645,2442.0,0.134343
FR,C,2012,100024.92804,213988.4,0.467432
FR,C,2013,100930.38713,217407.1,0.464246
FR,C,2014,98123.13069,219282.3,0.447474
FR,C,2015,95682.68448,227182.7,0.421171
FR,C,2016,94948.35423,226869.6,0.418515
FR,C,2017,94223.92763,229398.4,0.410744
FR,C,2018,92084.24677,232856.0,0.395456
FR,C,2019,89032.83981,241054.8,0.369347
FR,C,2020,77702.72505,214340.1,0.362521
FR,C,2021,83603.1394,228132.6,0.366467
FR,C,2022,77393.26467,246857.9,0.313513
FR,C,2023,70655.52315,276116.5,0.255890
FR,C10-C12,2012,11199.46448,34815.0,0.321685
FR,C10-C12,2013,11296.29845,36206.6,0.311996
FR,C10-C12,2014,10855.22076,37313.7,0.290918
FR,C10-C12,2015,10894.60057,38179.3,0.285354
FR,C10-C12,2016,11012.77073,38758.4,0.284139
FR,C10-C12,2017,10346.96525,39233.7,0.263726
FR,C10-C12,2018,10169.23592,39018.2,0.260628
FR,C10-C12,2019,9943.46633,40365.3,0.246337
FR,C10-C12,2020,8723.34464,39686.4,0.219807
FR,C10-C12,2021,8835.36599,40666.0,0.217267
FR,C10-C12,2022,8617.57851,41146.7,0.209435
FR,C10-C12,2023,7673.08658,49566.0,0.154805
FR,C13-C15,2012,717.15177,5794.9,0.123756
FR,C13-C15,2013,784.28534,5604.0,0.139951
FR,C13-C15,2014,675.7383,5362.3,0.126017
FR,C13-C15,2015,623.43723,5583.0,0.111667
FR,C13-C15,2016,710.45317,5550.2,0.128005
FR,C13-C15,2017,801.05609,5694.9,0.140662
FR,C13-C15,2018,662.06907,5909.8,0.112029
FR,C13-C15,2019,657.01951,6168.6,0.106510
FR,C13-C15,2020,410.61294,5913.4,0.069438
FR,C13-C15,2021,652.12505,6583.9,0.099048
FR,C13-C15,2022,485.34721,6803.8,0.071335
FR,C13-C15,2023,467.90908,8119.2,0.057630
FR,C16,2012,503.6052,3434.8,0.146618
FR,C16,2013,487.07386,3446.9,0.141308
FR,C16,2014,490.22036,3137.5,0.156246
FR,C16,2015,550.35166,3150.0,0.174715
FR,C16,2016,507.70078,3191.8,0.159064
FR,C16,2017,592.54168,3340.7,0.177371
FR,C16,2018,575.01868,3287.7,0.174900
FR,C16,2019,499.29494,3546.5,0.140785
FR,C16,2020,544.87715,3299.6,0.165134
FR,C16,2021,594.75419,3790.3,0.156915
FR,C16,2022,396.7051,4510.6,0.087950
FR,C16,2023,385.36,4452.5,0.086549
FR,C17,2012,2603.63993,5040.0,0.516595
FR,C17,2013,2998.18045,4799.8,0.624647
FR,C17,2014,2925.62661,4973.2,0.588278
FR,C17,2015,2866.58856,5162.9,0.555228
FR,C17,2016,2939.49497,5226.8,0.562389
FR,C17,2017,2724.68484,5112.6,0.532935
FR,C17,2018,2646.65917,5303.8,0.499012
FR,C17,2019,2527.46424,5239.7,0.482368
FR,C17,2020,2396.67548,4719.8,0.507792
FR,C17,2021,2466.12426,4498.7,0.548186
FR,C17,2022,2301.27959,5507.4,0.417852
FR,C17,2023,2201.18047,5304.3,0.414980
FR,C18,2012,301.26332,3671.5,0.082055
FR,C18,2013,273.54142,3624.7,0.075466
FR,C18,2014,219.15782,3687.3,0.059436
FR,C18,2015,224.49966,3457.3,0.064935
FR,C18,2016,216.01527,3455.7,0.062510
FR,C18,2017,218.57585,3467.3,0.063039
FR,C18,2018,210.73073,3375.8,0.062424
FR,C18,2019,192.65227,3367.2,0.057214
FR,C18,2020,184.9207,2524.7,0.073245
FR,C18,2021,177.08494,2667.8,0.066379
FR,C18,2022,188.83337,2830.5,0.066714
FR,C18,2023,126.95854,3303.0,0.038437
FR,C19,2012,15127.10532,2401.1,6.300073
FR,C19,2013,14445.38385,2269.6,6.364727
FR,C19,2014,14481.81905,2109.2,6.866025
FR,C19,2015,14029.48002,2467.0,5.686859
FR,C19,2016,13703.9056,2505.7,5.469093
FR,C19,2017,13250.22238,2550.5,5.195147
FR,C19,2018,12724.78125,1828.9,6.957615
FR,C19,2019,12249.00865,1662.5,7.367825
FR,C19,2020,9926.43807,1244.8,7.974324
FR,C19,2021,9326.52605,623.2,14.965542
FR,C19,2022,9514.59592,1944.3,4.893584
FR,C19,2023,9643.30863,618.5,15.591445
FR,C20,2012,21535.11856,13308.3,1.618172
FR,C20,2013,21559.23644,14827.1,1.454043
FR,C20,2014,21416.41597,15408.9,1.389873
FR,C20,2015,21045.82382,16599.5,1.267859
FR,C20,2016,19884.85706,15958.0,1.246075
FR,C20,2017,19734.77562,17278.1,1.142184
FR,C20,2018,18685.15767,16785.0,1.113206
FR,C20,2019,17778.60006,17671.9,1.006038
FR,C20,2020,16759.19925,15813.2,1.059823
FR,C20,2021,17315.69124,15653.5,1.106187
FR,C20,2022,15501.65356,17653.9,0.878087
FR,C20,2023,14615.88572,18745.2,0.779714
FR,C21,2012,822.85131,11520.2,0.071427
FR,C21,2013,812.1089,11903.0,0.068227
FR,C21,2014,664.16895,11348.7,0.058524
FR,C21,2015,799.68824,12075.9,0.066222
FR,C21,2016,851.13361,12063.8,0.070553
FR,C21,2017,867.41538,12062.4,0.071911
FR,C21,2018,1014.62965,12071.8,0.084050
FR,C21,2019,963.53751,12412.9,0.077624
FR,C21,2020,848.10887,11962.6,0.070897
FR,C21,2021,898.14122,13068.0,0.068728
FR,C21,2022,868.11869,14832.4,0.058529
FR,C21,2023,735.45672,15531.6,0.047352
FR,C22,2012,1308.58901,10239.3,0.127801
FR,C22,2013,1310.95444,10213.2,0.128359
FR,C22,2014,1311.77361,10128.0,0.129520
FR,C22,2015,1235.63093,10479.6,0.117908
FR,C22,2016,1329.24963,10565.1,0.125815
FR,C22,2017,1317.92585,10178.0,0.129488
FR,C22,2018,1157.36139,10653.1,0.108641
FR,C22,2019,1240.07503,10742.7,0.115434
FR,C22,2020,906.73726,8792.1,0.103131
FR,C22,2021,814.82953,9231.6,0.088265
FR,C22,2022,862.91568,10036.8,0.085975
FR,C22,2023,776.48517,12201.5,0.063639
FR,C23,2012,21356.26071,7675.4,2.782430
FR,C23,2013,20935.22626,7606.5,2.752281
FR,C23,2014,20156.17384,7699.9,2.617719
FR,C23,2015,18873.03901,7768.6,2.429400
FR,C23,2016,19276.64326,7746.8,2.488336
FR,C23,2017,18484.87106,7892.1,2.342199
FR,C23,2018,18976.95991,7951.5,2.386589
FR,C23,2019,19326.20177,8514.3,2.269852
FR,C23,2020,17626.58512,7675.2,2.296564
FR,C23,2021,19230.85092,8158.2,2.357242
FR,C23,2022,18090.90731,8739.5,2.070016
FR,C23,2023,16569.55833,11108.9,1.491557
FR,C24,2012,19509.67216,6446.3,3.026492
FR,C24,2013,20981.32335,6509.7,3.223086
FR,C24,2014,20569.65723,6248.7,3.291830
FR,C24,2015,20175.51261,6730.6,2.997580
FR,C24,2016,20031.20536,6159.9,3.251872
FR,C24,2017,21310.88147,6677.9,3.191255
FR,C24,2018,20829.43822,6402.6,3.253278
FR,C24,2019,19244.31428,5291.2,3.637042
FR,C24,2020,14763.93946,4155.3,3.553038
FR,C24,2021,18299.90765,5514.6,3.318447
FR,C24,2022,16298.79199,8022.5,2.031635
FR,C24,2023,13537.42731,5098.6,2.655126
FR,C25,2012,1192.21944,21583.4,0.055238
FR,C25,2013,1211.89127,21764.0,0.055683
FR,C25,2014,1086.11329,21487.3,0.050547
FR,C25,2015,1074.68282,21641.6,0.049658
FR,C25,2016,1086.23491,21476.6,0.050578
FR,C25,2017,1058.31871,21889.0,0.048349
FR,C25,2018,1054.6902,21920.8,0.048114
FR,C25,2019,1056.30342,22374.2,0.047211
FR,C25,2020,1059.63694,18962.3,0.055881
FR,C25,2021,1229.17192,20627.0,0.059590
FR,C25,2022,1124.30544,22650.4,0.049637
FR,C25,2023,1106.48981,24664.1,0.044862
FR,C26,2012,480.0403,9368.3,0.051241
FR,C26,2013,405.72004,9479.9,0.042798
FR,C26,2014,373.08474,9448.3,0.039487
FR,C26,2015,339.02297,9697.5,0.034960
FR,C26,2016,386.24377,9867.3,0.039144
FR,C26,2017,422.5171,9955.3,0.042441
FR,C26,2018,384.73284,9972.0,0.038581
FR,C26,2019,386.34086,10879.1,0.035512
FR,C26,2020,339.02323,10123.2,0.033490
FR,C26,2021,306.2504,10869.5,0.028175
FR,C26,2022,275.22674,11921.8,0.023086
FR,C26,2023,207.80353,12653.3,0.016423
FR,C27,2012,599.41981,7657.3,0.078281
FR,C27,2013,581.71082,7686.5,0.075680
FR,C27,2014,461.18062,7526.6,0.061273
FR,C27,2015,471.37411,7352.8,0.064108
FR,C27,2016,458.21229,7394.4,0.061967
FR,C27,2017,417.02285,7464.2,0.055870
FR,C27,2018,379.55192,7578.8,0.050081
FR,C27,2019,327.45608,7617.3,0.042988
FR,C27,2020,574.47337,6522.2,0.088080
FR,C27,2021,518.0188,6898.0,0.075097
FR,C27,2022,386.14302,7433.6,0.051946
FR,C27,2023,356.32551,8842.3,0.040298
FR,C28,2012,651.43818,13989.0,0.046568
FR,C28,2013,701.91857,13533.2,0.051866
FR,C28,2014,577.00717,13972.9,0.041295
FR,C28,2015,558.46172,13623.8,0.040992
FR,C28,2016,587.13667,13208.2,0.044452
FR,C28,2017,569.6428,12917.9,0.044097
FR,C28,2018,517.63509,13005.0,0.039803
FR,C28,2019,505.02443,13662.0,0.036966
FR,C28,2020,560.45647,12361.6,0.045339
FR,C28,2021,599.10796,12930.9,0.046331
FR,C28,2022,518.0846,13576.1,0.038162
FR,C28,2023,461.29681,15386.1,0.029981
FR,C29,2012,899.17662,12362.7,0.072733
FR,C29,2013,896.37203,12064.9,0.074296
FR,C29,2014,775.66338,12185.8,0.063653
FR,C29,2015,820.95195,12902.4,0.063628
FR,C29,2016,834.19727,13137.3,0.063498
FR,C29,2017,870.65539,13513.4,0.064429
FR,C29,2018,876.50502,13020.9,0.067315
FR,C29,2019,855.03172,13482.0,0.063420
FR,C29,2020,830.3323,10505.9,0.079035
FR,C29,2021,938.53057,12536.8,0.074862
FR,C29,2022,761.40368,13071.7,0.058248
FR,C29,2023,672.16215,14216.7,0.047280
FR,C30,2012,486.69773,13192.3,0.036893
FR,C30,2013,472.07054,14489.1,0.032581
FR,C30,2014,376.79767,15207.1,0.024778
FR,C30,2015,368.41009,17500.2,0.021052
FR,C30,2016,407.64779,17839.5,0.022851
FR,C30,2017,456.29602,17405.9,0.026215
FR,C30,2018,436.28377,21220.7,0.020559
FR,C30,2019,419.74724,22548.1,0.018616
FR,C30,2020,400.02079,16194.9,0.024700
FR,C30,2021,408.50502,17203.2,0.023746
FR,C30,2022,343.8729,16903.0,0.020344
FR,C30,2023,335.56704,22273.0,0.015066
FR,C31_C32,2012,266.42637,7544.0,0.035316
FR,C31_C32,2013,277.62208,7693.9,0.036083
FR,C31_C32,2014,246.04419,7920.5,0.031064
FR,C31_C32,2015,226.97522,7695.9,0.029493
FR,C31_C32,2016,243.74198,7558.0,0.032250
FR,C31_C32,2017,239.91591,7363.2,0.032583
FR,C31_C32,2018,228.39867,7414.8,0.030803
FR,C31_C32,2019,246.18957,7777.9,0.031652
FR,C31_C32,2020,290.30381,7196.2,0.040341
FR,C31_C32,2021,300.0231,8054.5,0.037249
FR,C31_C32,2022,246.48358,8662.4,0.028454
FR,C31_C32,2023,239.95877,9711.0,0.024710
FR,C33,2012,464.78785,23944.6,0.019411
FR,C33,2013,499.46902,23684.5,0.021088
FR,C33,2014,461.26712,24116.4,0.019127
FR,C33,2015,504.1533,25114.8,0.020074
FR,C33,2016,481.51012,25206.1,0.019103
FR,C33,2017,539.6434,25401.3,0.021245
FR,C33,2018,554.4076,26134.8,0.021213
FR,C33,2019,615.11189,27731.4,0.022181
FR,C33,2020,557.0392,26686.7,0.020873
FR,C33,2021,692.13058,28556.9,0.024237
FR,C33,2022,611.0178,30610.5,0.019961
FR,C33,2023,543.30297,34320.7,0.015830
FR,D,2012,41871.4858,25881.1,1.617840
FR,D,2013,40124.51202,27541.6,1.456869
FR,D,2014,26236.15246,28136.6,0.932456
FR,D,2015,28954.14732,28711.4,1.008455
FR,D,2016,32748.11221,28036.7,1.168044
FR,D,2017,36979.15805,25702.2,1.438755
FR,D,2018,28221.04741,28848.7,0.978243
FR,D,2019,26847.8162,31331.6,0.856893
FR,D,2020,24409.7919,32241.3,0.757097
FR,D,2021,27099.73942,31851.4,0.850818
FR,D,2022,27716.41569,21498.8,1.289208
FR,D,2023,20458.774,72620.8,0.281721
FR,E,2012,29115.2218,13380.2,2.175993
FR,E,2013,27483.92273,13275.5,2.070274
FR,E,2014,27143.0219,13021.9,2.084413
FR,E,2015,26330.97685,12983.7,2.028003
FR,E,2016,26654.44187,12998.7,2.050547
FR,E,2017,26841.0858,13723.3,1.955877
FR,E,2018,26538.72667,13882.5,1.911668
FR,E,2019,28031.23065,13585.8,2.063274
FR,E,2020,27952.90843,12653.1,2.209175
FR,E,2021,27286.13168,15277.4,1.786046
FR,E,2022,27223.346,16977.1,1.603533
FR,E,2023,27165.39669,17076.3,1.590825
FR,E36,2012,80.43297,3011.6,0.026708
FR,E36,2013,82.71148,2910.1,0.028422
FR,E36,2014,83.44132,2911.2,0.028662
FR,E36,2015,87.38359,2937.6,0.029747
FR,E36,2016,88.33982,2991.6,0.029529
FR,E36,2017,91.41177,3098.1,0.029506
FR,E36,2018,94.00181,3130.9,0.030024
FR,E36,2019,98.89933,3135.5,0.031542
FR,E36,2020,90.13723,3283.0,0.027456
FR,E36,2021,97.94792,3355.4,0.029191
FR,E36,2022,97.67548,3469.6,0.028152
FR,E36,2023,92.73133,3972.5,0.023343
FR,E37-E39,2012,29034.78883,10368.6,2.800261
FR,E37-E39,2013,27401.21124,10365.4,2.643527
FR,E37-E39,2014,27059.58058,10110.7,2.676331
FR,E37-E39,2015,26243.59326,10046.1,2.612317
FR,E37-E39,2016,26566.10205,10007.1,2.654725
FR,E37-E39,2017,26749.67403,10625.2,2.517569
FR,E37-E39,2018,26444.72486,10751.6,2.459608
FR,E37-E39,2019,27932.33132,10450.3,2.672874
FR,E37-E39,2020,27862.77119,9370.1,2.973583
FR,E37-E39,2021,27188.18376,11922.0,2.280505
FR,E37-E39,2022,27125.67052,13507.5,2.008193
FR,E37-E39,2023,27072.66536,13103.8,2.066016
FR,F,2012,8360.288,109255.6,0.076520
FR,F,2013,8380.28196,112095.3,0.074760
FR,F,2014,8340.54225,110608.2,0.075406
FR,F,2015,8399.62352,108442.2,0.077457
FR,F,2016,8455.0614,108197.5,0.078145
FR,F,2017,8484.86132,112914.0,0.075144
FR,F,2018,8586.24625,116209.9,0.073886
FR,F,2019,8756.52057,123120.2,0.071122
FR,F,2020,8194.00053,116007.0,0.070634
FR,F,2021,9072.02194,125991.1,0.072005
FR,F,2022,8913.64059,130929.3,0.068080
FR,F,2023,8628.92061,143658.9,0.060065
FR,G,2012,16380.71375,194485.4,0.084226
FR,G,2013,16503.14387,194641.5,0.084787
FR,G,2014,15887.19368,195157.0,0.081407
FR,G,2015,15788.84443,201891.4,0.078205
FR,G,2016,15189.76835,203088.5,0.074794
FR,G,2017,15407.27871,206272.9,0.074694
FR,G,2018,14935.31241,209936.5,0.071142
FR,G,2019,14239.85887,218378.5,0.065207
FR,G,2020,12356.30909,210359.2,0.058739
FR,G,2021,12737.23203,227549.8,0.055976
FR,G,2022,11926.76497,232649.7,0.051265
FR,G,2023,10900.20203,245484.7,0.044403
FR,G45,2012,3295.68732,27471.3,0.119968
FR,G45,2013,3337.17312,26970.5,0.123734
FR,G45,2014,3241.30811,27366.1,0.118442
FR,G45,2015,3299.97962,26379.8,0.125095
FR,G45,2016,3268.40278,29448.2,0.110988
FR,G45,2017,3547.0164,28293.2,0.125366
FR,G45,2018,3672.93207,27963.9,0.131345
FR,G45,2019,3618.98678,29721.0,0.121765
FR,G45,2020,3121.68495,27896.6,0.111902
FR,G45,2021,3735.89449,30106.3,0.124090
FR,G45,2022,3568.31198,30456.9,0.117159
FR,G45,2023,3420.71275,35402.9,0.096622
FR,G46,2012,3463.66672,80931.2,0.042798
FR,G46,2013,3565.98529,82359.4,0.043298
FR,G46,2014,3469.90497,82017.1,0.042307
FR,G46,2015,3536.95822,85345.7,0.041443
FR,G46,2016,3484.26382,82367.2,0.042302
FR,G46,2017,3722.87994,86164.8,0.043207
FR,G46,2018,3770.8477,89316.1,0.042219
FR,G46,2019,3843.25948,91850.8,0.041842
FR,G46,2020,3388.2729,88483.8,0.038293
FR,G46,2021,3577.45202,94077.2,0.038027
FR,G46,2022,3610.38918,94463.5,0.038220
FR,G46,2023,3367.1211,91860.6,0.036655
FR,G47,2012,9621.35972,86082.9,0.111769
FR,G47,2013,9599.98545,85311.6,0.112528
FR,G47,2014,9175.9806,85773.8,0.106979
FR,G47,2015,8951.90659,90165.9,0.099283
FR,G47,2016,8437.10175,91273.1,0.092438
FR,G47,2017,8137.38237,91814.9,0.088628
FR,G47,2018,7491.53264,92656.5,0.080853
FR,G47,2019,6777.61262,96806.7,0.070012
FR,G47,2020,5846.35123,93978.8,0.062209
FR,G47,2021,5423.88551,103366.3,0.052472
FR,G47,2022,4748.0638,107729.3,0.044074
FR,G47,2023,4112.36818,118221.2,0.034785
FR,H,2012,71599.86897,82249.9,0.870516
FR,H,2013,68805.10407,82743.1,0.831551
FR,H,2014,65971.45331,86055.0,0.766620
FR,H,2015,65106.63248,88809.6,0.733104
FR,H,2016,63060.92929,88938.3,0.709041
FR,H,2017,68859.67572,92003.6,0.748445
FR,H,2018,69728.62897,89864.7,0.775929
FR,H,2019,66887.82106,95511.2,0.700314
FR,H,2020,52086.18938,84929.2,0.613290
FR,H,2021,57371.67994,109418.9,0.524331
FR,H,2022,62229.67959,134781.7,0.461707
FR,H,2023,61410.11817,113310.5,0.541963
FR,H49,2012,21838.13937,33788.0,0.646328
FR,H49,2013,21401.97071,34932.2,0.612672
FR,H49,2014,20701.73062,36060.6,0.574082
FR,H49,2015,20221.06798,37233.9,0.543082
FR,H49,2016,19964.74358,37920.3,0.526492
FR,H49,2017,19783.25499,38206.7,0.517795
FR,H49,2018,18696.1814,37209.5,0.502457
FR,H49,2019,17208.47811,39831.8,0.432029
FR,H49,2020,14552.77157,37326.9,0.389874
FR,H49,2021,16475.45402,40348.9,0.408325
FR,H49,2022,16662.54503,46734.6,0.356536
FR,H49,2023,15692.44168,46269.2,0.339155
FR,H50,2012,27452.53695,2859.6,9.600132
FR,H50,2013,25475.06196,2716.2,9.378935
FR,H50,2014,24118.20363,3677.5,6.558315
FR,H50,2015,23118.12905,3781.0,6.114290
FR,H50,2016,21924.7922,2143.5,10.228501
FR,H50,2017,27707.01258,2759.5,10.040592
FR,H50,2018,29372.10959,2172.7,13.518714
FR,H50,2019,27516.99369,1287.6,21.370762
FR,H50,2020,26138.96041,1800.4,14.518418
FR,H50,2021,28022.37068,14178.4,1.976413
FR,H50,2022,27811.16347,21426.5,1.297980
FR,H50,2023,26721.96583,409.0,65.334880
FR,H51,2012,19685.45648,4957.3,3.971004
FR,H51,2013,19322.98728,5086.2,3.799101
FR,H51,2014,18737.03881,5160.7,3.630717
FR,H51,2015,19359.13798,6183.5,3.130774
FR,H51,2016,18988.04048,6136.4,3.094329
FR,H51,2017,19271.17067,6315.4,3.051457
FR,H51,2018,19717.88682,5561.6,3.545362
FR,H51,2019,20434.88665,6488.0,3.149643
FR,H51,2020,9901.08194,2299.1,4.306503
FR,H51,2021,11344.60132,4906.4,2.312205
FR,H51,2022,16328.15155,8214.5,1.987723
FR,H51,2023,17692.59257,9575.9,1.847617
FR,H52,2012,2156.05698,32716.9,0.065900
FR,H52,2013,2141.50732,32392.3,0.066112
FR,H52,2014,1982.9512,33385.9,0.059395
FR,H52,2015,1981.42282,33825.7,0.058577
FR,H52,2016,1775.89624,35187.8,0.050469
FR,H52,2017,1696.23922,37127.0,0.045687
FR,H52,2018,1555.65795,37919.1,0.041026
FR,H52,2019,1364.01447,40705.5,0.033509
FR,H52,2020,1180.08971,37114.7,0.031796
FR,H52,2021,1196.71943,43638.7,0.027423
FR,H52,2022,1135.71955,52348.4,0.021695
FR,H52,2023,1046.44708,51761.0,0.020217
FR,H53,2012,467.6792,7928.1,0.058990
FR,H53,2013,463.5768,7616.2,0.060867
FR,H53,2014,431.52904,7770.3,0.055536
FR,H53,2015,426.87465,7785.5,0.054829
FR,H53,2016,407.45679,7550.3,0.053966
FR,H53,2017,401.99827,7595.0,0.052929
FR,H53,2018,386.79321,7001.8,0.055242
FR,H53,2019,363.44814,7198.3,0.050491
FR,H53,2020,313.28575,6388.1,0.049042
FR,H53,2021,332.53449,6346.5,0.052397
FR,H53,2022,292.09999,6057.7,0.048220
FR,H53,2023,256.671,5295.4,0.048471
FR,I,2012,2530.09311,40924.5,0.061823
FR,I,2013,2628.98822,41568.7,0.063244
FR,I,2014,2416.87984,41287.3,0.058538
FR,I,2015,2506.00457,42281.2,0.059270
FR,I,2016,2419.82378,44139.6,0.054822
FR,I,2017,2549.47655,44754.3,0.056966
FR,I,2018,2590.18855,46991.7,0.055120
FR,I,2019,2666.32535,51037.4,0.052243
FR,I,2020,2285.9411,28812.9,0.079337
FR,I,2021,2341.17391,32353.9,0.072361
FR,I,2022,2203.80705,55377.0,0.039796
FR,I,2023,1925.60648,61762.5,0.031178
FR,J,2012,1059.55648,94718.8,0.011186
FR,J,2013,1105.48138,94506.3,0.011697
FR,J,2014,1046.35384,94762.0,0.011042
FR,J,2015,1095.06562,97967.4,0.011178
FR,J,2016,1086.05291,101623.7,0.010687
FR,J,2017,1149.68114,106844.2,0.010760
FR,J,2018,1159.7543,112243.7,0.010332
FR,J,2019,1064.48207,117186.4,0.009084
FR,J,2020,986.08443,115434.5,0.008542
FR,J,2021,1026.20206,124843.4,0.008220
FR,J,2022,1006.82636,131672.5,0.007646
FR,J,2023,895.21896,137245.6,0.006523
FR,J58,2012,147.01702,11280.1,0.013033
FR,J58,2013,150.8542,11262.5,0.013394
FR,J58,2014,141.2626,11829.8,0.011941
FR,J58,2015,145.45816,11904.3,0.012219
FR,J58,2016,145.07655,12304.8,0.011790
FR,J58,2017,149.5813,13470.4,0.011104
FR,J58,2018,150.04174,13943.6,0.010761
FR,J58,2019,132.57974,14574.9,0.009096
FR,J58,2020,119.82096,14451.7,0.008291
FR,J58,2021,121.43233,15644.9,0.007762
FR,J58,2022,118.691,15953.0,0.007440
FR,J58,2023,110.14277,16240.6,0.006782
FR,J59_J60,2012,277.97354,10291.2,0.027011
FR,J59_J60,2013,291.4287,10344.3,0.028173
FR,J59_J60,2014,263.18336,10474.3,0.025127
FR,J59_J60,2015,273.28153,10734.0,0.025459
FR,J59_J60,2016,265.98454,10917.7,0.024363
FR,J59_J60,2017,278.57535,11213.5,0.024843
FR,J59_J60,2018,269.9156,11294.1,0.023899
FR,J59_J60,2019,139.72887,11299.5,0.012366
FR,J59_J60,2020,133.17265,10054.6,0.013245
FR,J59_J60,2021,132.69246,11779.1,0.011265
FR,J59_J60,2022,122.59058,12498.3,0.009809
FR,J59_J60,2023,102.76339,13052.3,0.007873
FR,J61,2012,255.6438,26746.6,0.009558
FR,J61,2013,264.75756,25592.3,0.010345
FR,J61,2014,256.12902,23645.8,0.010832
FR,J61,2015,270.2622,24317.6,0.011114
FR,J61,2016,263.48634,23958.2,0.010998
FR,J61,2017,285.35116,24089.4,0.011846
FR,J61,2018,291.12328,24363.9,0.011949
FR,J61,2019,307.67031,24301.0,0.012661
FR,J61,2020,277.75474,23966.1,0.011589
FR,J61,2021,315.67791,24096.3,0.013101
FR,J61,2022,302.12005,24525.8,0.012318
FR,J61,2023,260.68022,23847.7,0.010931
FR,J62_J63,2012,378.92212,46400.9,0.008166
FR,J62_J63,2013,398.44091,47307.2,0.008422
FR,J62_J63,2014,385.77886,48812.1,0.007903
FR,J62_J63,2015,406.06373,51011.5,0.007960
FR,J62_J63,2016,411.50547,54443.0,0.007558
FR,J62_J63,2017,436.17334,58070.9,0.007511
FR,J62_J63,2018,448.67368,62642.1,0.007162
FR,J62_J63,2019,484.50315,67011.0,0.007230
FR,J62_J63,2020,455.33608,66962.1,0.006800
FR,J62_J63,2021,456.39936,73323.1,0.006224
FR,J62_J63,2022,463.42473,78695.4,0.005889
FR,J62_J63,2023,421.63258,84105.0,0.005013
FR,K,2012,978.02842,76201.9,0.012835
FR,K,2013,1007.5851,80871.1,0.012459
FR,K,2014,981.01106,82979.7,0.011822
FR,K,2015,1025.02499,83543.3,0.012269
FR,K,2016,1030.97524,81608.3,0.012633
FR,K,2017,1066.81388,75283.7,0.014171
FR,K,2018,1083.96059,81059.8,0.013372
FR,K,2019,1107.06495,78350.8,0.014130
FR,K,2020,1029.20776,79816.9,0.012895
FR,K,2021,1060.26754,85211.7,0.012443
FR,K,2022,1064.96453,87940.1,0.012110
FR,K,2023,981.7273,73494.2,0.013358
FR,K64,2012,654.0442,48661.1,0.013441
FR,K64,2013,666.64271,52480.8,0.012703
FR,K64,2014,644.2889,56045.5,0.011496
FR,K64,2015,669.81474,54175.5,0.012364
FR,K64,2016,667.06113,53023.0,0.012581
FR,K64,2017,683.32259,46543.0,0.014682
FR,K64,2018,694.08162,47431.1,0.014633
FR,K64,2019,705.8627,46314.6,0.015241
FR,K64,2020,660.35081,48194.1,0.013702
FR,K64,2021,699.05348,49841.8,0.014025
FR,K64,2022,693.88716,49963.1,0.013888
FR,K64,2023,643.49939,33921.0,0.018971
FR,K65,2012,152.34749,12087.4,0.012604
FR,K65,2013,160.41233,13447.5,0.011929
FR,K65,2014,158.01211,11337.8,0.013937
FR,K65,2015,166.0672,12447.9,0.013341
FR,K65,2016,169.61405,12244.2,0.013853
FR,K65,2017,177.9344,10753.0,0.016547
FR,K65,2018,179.07482,14679.8,0.012199
FR,K65,2019,174.86728,10887.9,0.016061
FR,K65,2020,158.80547,9693.3,0.016383
FR,K65,2021,148.861,9154.7,0.016261
FR,K65,2022,146.65283,10672.2,0.013742
FR,K65,2023,129.50211,9771.0,0.013254
FR,K66,2012,171.63674,15453.4,0.011107
FR,K66,2013,180.53006,14942.8,0.012081
FR,K66,2014,178.71004,15596.4,0.011458
FR,K66,2015,189.14304,16919.9,0.011179
FR,K66,2016,194.30006,16341.1,0.011890
FR,K66,2017,205.5569,17987.7,0.011428
FR,K66,2018,210.80415,18948.9,0.011125
FR,K66,2019,226.33497,21148.3,0.010702
FR,K66,2020,210.05148,21929.5,0.009578
FR,K66,2021,212.35305,26215.2,0.008100
FR,K66,2022,224.42454,27304.8,0.008219
FR,K66,2023,208.7258,29802.2,0.007004
FR,L,2012,444.58623,258494.2,0.001720
FR,L,2013,454.25314,262301.8,0.001732
FR,L,2014,439.79029,266766.0,0.001649
FR,L,2015,460.78227,272056.9,0.001694
FR,L,2016,458.36642,278972.7,0.001643
FR,L,2017,484.32336,286281.3,0.001692
FR,L,2018,496.30364,292014.8,0.001700
FR,L,2019,527.27145,300545.4,0.001754
FR,L,2020,472.3788,303856.6,0.001555
FR,L,2021,495.15521,310139.4,0.001597
FR,L,2022,466.47596,325412.4,0.001433
FR,L,2023,419.57251,369571.5,0.001135
FR,L68A,2012,0.0,159546.4,0.000000
FR,L68A,2013,0.0,162922.8,0.000000
FR,L68A,2014,0.0,166287.2,0.000000
FR,L68A,2015,0.0,170102.1,0.000000
FR,L68A,2016,0.0,173650.7,0.000000
FR,L68A,2017,0.0,177353.1,0.000000
FR,L68A,2018,0.0,180844.0,0.000000
FR,L68A,2019,0.0,185547.5,0.000000
FR,L68A,2020,0.0,188280.9,0.000000
FR,L68A,2021,0.0,191251.5,0.000000
FR,L68A,2022,0.0,198737.1,0.000000
FR,L68A,2023,0.0,222588.2,0.000000
FR,M,2012,2119.48797,150652.2,0.014069
FR,M,2013,2221.98581,152816.6,0.014540
FR,M,2014,2152.87224,155743.3,0.013823
FR,M,2015,2250.94069,160030.6,0.014066
FR,M,2016,2264.49295,164070.5,0.013802
FR,M,2017,2380.37652,170237.5,0.013983
FR,M,2018,2420.20526,176116.9,0.013742
FR,M,2019,2322.79112,185584.3,0.012516
FR,M,2020,2129.77121,177320.0,0.012011
FR,M,2021,2245.68475,192205.5,0.011684
FR,M,2022,2239.05894,203163.2,0.011021
FR,M,2023,2120.09548,213150.0,0.009946
FR,M69_M70,2012,734.38978,68565.4,0.010711
FR,M69_M70,2013,773.15022,69320.5,0.011153
FR,M69_M70,2014,754.2327,71075.3,0.010612
FR,M69_M70,2015,798.18098,74342.4,0.010737
FR,M69_M70,2016,809.71496,75943.9,0.010662
FR,M69_M70,2017,852.87353,78590.4,0.010852
FR,M69_M70,2018,882.93137,82844.4,0.010658
FR,M69_M70,2019,923.4547,88031.1,0.010490
FR,M69_M70,2020,855.95577,83152.2,0.010294
FR,M69_M70,2021,888.28013,92881.0,0.009564
FR,M69_M70,2022,882.12327,98886.3,0.008921
FR,M69_M70,2023,828.30193,103827.4,0.007978
FR,M71,2012,661.22156,29906.5,0.022110
FR,M71,2013,696.67098,30496.4,0.022844
FR,M71,2014,692.15504,30723.3,0.022529
FR,M71,2015,730.87946,31064.9,0.023528
FR,M71,2016,747.77413,32403.8,0.023077
FR,M71,2017,788.37503,34543.8,0.022822
FR,M71,2018,811.76685,34904.0,0.023257
FR,M71,2019,841.8755,37297.7,0.022572
FR,M71,2020,760.8621,34589.0,0.021997
FR,M71,2021,824.44373,37565.8,0.021947
FR,M71,2022,845.45542,40219.9,0.021021
FR,M71,2023,822.68877,42619.2,0.019303
FR,M72,2012,406.89077,37582.1,0.010827
FR,M72,2013,424.87781,39143.5,0.010854
FR,M72,2014,388.95508,39936.2,0.009739
FR,M72,2015,393.49504,40084.4,0.009817
FR,M72,2016,378.72704,40892.0,0.009262
FR,M72,2017,397.77024,41654.4,0.009549
FR,M72,2018,384.77115,42539.1,0.009045
FR,M72,2019,220.46088,43721.0,0.005042
FR,M72,2020,208.81419,44939.3,0.004647
FR,M72,2021,218.16586,45207.4,0.004826
FR,M72,2022,201.96228,46227.1,0.004369
FR,M72,2023,179.84787,47694.5,0.003771
FR,M73,2012,189.07382,8583.0,0.022029
FR,M73,2013,192.77849,8158.3,0.023630
FR,M73,2014,185.01084,8289.8,0.022318
FR,M73,2015,189.44859,8331.2,0.022740
FR,M73,2016,188.13386,8397.2,0.022404
FR,M73,2017,192.68035,8606.7,0.022387
FR,M73,2018,190.6926,8651.4,0.022042
FR,M73,2019,183.87873,8781.0,0.020941
FR,M73,2020,161.6187,7469.6,0.021637
FR,M73,2021,160.33485,8431.4,0.019016
FR,M73,2022,151.77841,8928.7,0.016999
FR,M73,2023,134.24357,9166.4,0.014645
FR,M74_M75,2012,127.91204,6015.2,0.021265
FR,M74_M75,2013,134.50831,5697.9,0.023607
FR,M74_M75,2014,132.51858,5718.7,0.023173
FR,M74_M75,2015,138.93663,6207.7,0.022381
FR,M74_M75,2016,140.14295,6433.6,0.021783
FR,M74_M75,2017,148.67737,6842.2,0.021729
FR,M74_M75,2018,150.04328,7178.0,0.020903
FR,M74_M75,2019,153.12131,7753.5,0.019749
FR,M74_M75,2020,142.52045,7169.9,0.019878
FR,M74_M75,2021,154.46019,8119.9,0.019022
FR,M74_M75,2022,157.73957,8901.2,0.017721
FR,M74_M75,2023,155.01335,9842.5,0.015749
FR,N,2012,7506.82372,98562.6,0.076163
FR,N,2013,7496.6818,99036.6,0.075696
FR,N,2014,7240.32385,101228.4,0.071525
FR,N,2015,7395.33979,104566.5,0.070724
FR,N,2016,7240.13145,109700.2,0.065999
FR,N,2017,7117.15282,115393.9,0.061677
FR,N,2018,7206.38607,121447.9,0.059337
FR,N,2019,7541.15168,125806.9,0.059942
FR,N,2020,7527.9253,116013.0,0.064889
FR,N,2021,8015.48798,127420.8,0.062906
FR,N,2022,8271.30483,140595.3,0.058831
FR,N,2023,8097.91759,153989.6,0.052587
FR,N77,2012,5423.27944,28287.3,0.191721
FR,N77,2013,5308.74849,27694.1,0.191692
FR,N77,2014,5145.93719,28353.4,0.181493
FR,N77,2015,5189.00484,29289.9,0.177160
FR,N77,2016,5039.46301,30050.0,0.167703
FR,N77,2017,4811.49566,31666.2,0.151944
FR,N77,2018,4836.84274,33229.2,0.145560
FR,N77,2019,5286.41155,34706.8,0.152316
FR,N77,2020,5407.15669,34203.7,0.158087
FR,N77,2021,5779.92733,36578.3,0.158015
FR,N77,2022,6150.09378,41605.6,0.147819
FR,N77,2023,6192.39472,48418.0,0.127894
FR,N78,2012,573.82098,27153.9,0.021132
FR,N78,2013,607.6172,27305.9,0.022252
FR,N78,2014,558.32801,28547.2,0.019558
FR,N78,2015,584.09695,30083.0,0.019416
FR,N78,2016,573.52962,32393.0,0.017705
FR,N78,2017,608.5281,36027.9,0.016890
FR,N78,2018,616.23771,37824.8,0.016292
FR,N78,2019,450.76373,38761.3,0.011629
FR,N78,2020,423.63773,32094.8,0.013200
FR,N78,2021,439.54573,37769.6,0.011638
FR,N78,2022,413.12226,41187.6,0.010030
FR,N78,2023,364.99746,43037.3,0.008481
FR,N79,2012,50.64281,1912.6,0.026479
FR,N79,2013,49.38601,2037.9,0.024234
FR,N79,2014,46.67521,2170.2,0.021507
FR,N79,2015,50.25436,2210.0,0.022740
FR,N79,2016,50.00214,2250.4,0.022219
FR,N79,2017,51.67256,2366.9,0.021831
FR,N79,2018,52.71605,2522.2,0.020901
FR,N79,2019,53.1038,2651.0,0.020032
FR,N79,2020,40.72692,860.9,0.047307
FR,N79,2021,40.00334,1095.5,0.036516
FR,N79,2022,39.51727,1274.2,0.031013
FR,N79,2023,36.44273,1785.4,0.020412
FR,N80-N82,2012,1459.0805,41208.8,0.035407
FR,N80-N82,2013,1530.93011,41998.7,0.036452
FR,N80-N82,2014,1489.38344,42157.6,0.035329
FR,N80-N82,2015,1571.98364,42983.6,0.036572
FR,N80-N82,2016,1577.13668,45006.8,0.035042
FR,N80-N82,2017,1645.4565,45332.9,0.036297
FR,N80-N82,2018,1700.58957,47871.7,0.035524
FR,N80-N82,2019,1750.8726,49687.8,0.035237
FR,N80-N82,2020,1656.40397,48853.6,0.033905
FR,N80-N82,2021,1756.01158,51977.4,0.033784
FR,N80-N82,2022,1668.57152,56527.9,0.029518
FR,N80-N82,2023,1504.08268,60748.9,0.024759
FR,O,2012,5298.25789,152925.0,0.034646
FR,O,2013,5503.85122,155912.5,0.035301
FR,O,2014,5320.8245,157541.3,0.033774
FR,O,2015,5397.06081,156637.6,0.034456
FR,O,2016,4616.84079,157858.6,0.029247
FR,O,2017,4798.43038,161554.8,0.029702
FR,O,2018,5042.31445,163832.8,0.030777
FR,O,2019,4692.26239,166343.1,0.028208
FR,O,2020,4387.24681,168670.0,0.026011
FR,O,2021,5123.82472,172717.1,0.029666
FR,O,2022,5044.40452,182203.4,0.027686
FR,O,2023,4869.91636,189848.2,0.025652
FR,P,2012,4040.31025,100588.3,0.040167
FR,P,2013,4282.68936,102184.2,0.041911
FR,P,2014,3951.39123,103715.3,0.038098
FR,P,2015,4063.93237,105534.7,0.038508
FR,P,2016,3807.10491,107079.1,0.035554
FR,P,2017,4062.20372,110446.7,0.036780
FR,P,2018,3876.1604,111604.4,0.034731
FR,P,2019,4190.73911,113743.7,0.036844
FR,P,2020,4055.8911,114325.9,0.035477
FR,P,2021,4257.98991,120223.0,0.035417
FR,P,2022,4064.33542,125891.1,0.032285
FR,P,2023,3541.03282,131160.5,0.026998
FR,Q,2012,5963.72739,163327.1,0.036514
FR,Q,2013,6353.90585,168598.4,0.037687
FR,Q,2014,5946.08951,172752.8,0.034420
FR,Q,2015,6154.85365,175722.7,0.035026
FR,Q,2016,5861.58014,178925.6,0.032760
FR,Q,2017,6288.25738,182296.2,0.034495
FR,Q,2018,6361.75565,184152.3,0.034546
FR,Q,2019,6783.89824,187604.5,0.036161
FR,Q,2020,6361.34382,188592.4,0.033731
FR,Q,2021,6503.86517,209038.2,0.031113
FR,Q,2022,6092.40298,213005.3,0.028602
FR,Q,2023,5223.81825,219274.2,0.023823
FR,Q86,2012,2763.56883,106978.9,0.025833
FR,Q86,2013,2955.07461,110428.1,0.026760
FR,Q86,2014,2792.68079,113410.6,0.024625
FR,Q86,2015,2892.27395,115895.2,0.024956
FR,Q86,2016,2771.85535,118297.3,0.023431
FR,Q86,2017,2976.48169,120408.8,0.024720
FR,Q86,2018,3047.97349,121660.2,0.025053
FR,Q86,2019,2827.17844,123648.9,0.022865
FR,Q86,2020,2623.09638,124589.6,0.021054
FR,Q86,2021,2806.96974,141154.4,0.019886
FR,Q86,2022,2637.27112,142486.8,0.018509
FR,Q86,2023,2314.58717,144416.4,0.016027
FR,Q87_Q88,2012,3200.15856,56348.2,0.056793
FR,Q87_Q88,2013,3398.83124,58170.3,0.058429
FR,Q87_Q88,2014,3153.40872,59342.2,0.053139
FR,Q87_Q88,2015,3262.5797,59827.5,0.054533
FR,Q87_Q88,2016,3089.72479,60628.3,0.050962
FR,Q87_Q88,2017,3311.77569,61887.4,0.053513
FR,Q87_Q88,2018,3313.78215,62492.1,0.053027
FR,Q87_Q88,2019,3956.7198,63955.6,0.061867
FR,Q87_Q88,2020,3738.24744,64002.8,0.058408
FR,Q87_Q88,2021,3696.89543,67883.8,0.054459
FR,Q87_Q88,2022,3455.13186,70518.5,0.048996
FR,Q87_Q88,2023,2909.23107,74857.8,0.038863
FR,R,2012,1946.60434,24726.1,0.078727
FR,R,2013,2069.41124,25777.5,0.080280
FR,R,2014,1862.61472,26417.6,0.070507
FR,R,2015,1945.3389,26910.7,0.072289
FR,R,2016,1896.43755,27192.3,0.069742
FR,R,2017,1999.50929,28541.5,0.070056
FR,R,2018,2009.39359,29665.9,0.067734
FR,R,2019,1695.84479,31302.0,0.054177
FR,R,2020,1614.7551,26576.2,0.060759
FR,R,2021,1598.52372,27359.4,0.058427
FR,R,2022,1522.76864,34324.7,0.044364
FR,R,2023,1284.66915,36788.7,0.034920
FR,R90-R92,2012,362.6089,13372.7,0.027116
FR,R90-R92,2013,382.43274,13621.0,0.028077
FR,R90-R92,2014,347.9001,13845.0,0.025128
FR,R90-R92,2015,363.45679,13967.5,0.026022
FR,R90-R92,2016,355.94526,13978.3,0.025464
FR,R90-R92,2017,374.537,14747.3,0.025397
FR,R90-R92,2018,366.98649,15575.4,0.023562
FR,R90-R92,2019,332.33492,16352.4,0.020323
FR,R90-R92,2020,312.37276,14136.4,0.022097
FR,R90-R92,2021,309.78096,15001.8,0.020650
FR,R90-R92,2022,289.21282,17668.0,0.016369
FR,R90-R92,2023,245.51194,18825.6,0.013041
FR,R93,2012,1583.99544,11353.4,0.139517
FR,R93,2013,1686.9785,12156.5,0.138772
FR,R93,2014,1514.71462,12572.6,0.120477
FR,R93,2015,1581.88211,12943.2,0.122217
FR,R93,2016,1540.49229,13214.0,0.116580
FR,R93,2017,1624.97229,13794.2,0.117801
FR,R93,2018,1642.40711,14090.5,0.116561
FR,R93,2019,1363.50987,14949.6,0.091207
FR,R93,2020,1302.38234,12439.8,0.104695
FR,R93,2021,1288.74276,12357.6,0.104287
FR,R93,2022,1233.55582,16656.7,0.074058
FR,R93,2023,1039.15721,17963.1,0.057850
FR,S,2012,1426.34663,28256.9,0.050478
FR,S,2013,1482.59947,28134.9,0.052696
FR,S,2014,1429.15964,28680.8,0.049830
FR,S,2015,1465.64589,28392.0,0.051622
FR,S,2016,1389.16078,29175.7,0.047614
FR,S,2017,1481.3741,30050.1,0.049297
FR,S,2018,1390.18962,30052.5,0.046259
FR,S,2019,1201.7932,30840.6,0.038968
FR,S,2020,1117.88819,28118.2,0.039757
FR,S,2021,1134.46325,31061.3,0.036523
FR,S,2022,1098.71577,34305.7,0.032027
FR,S,2023,972.75609,36163.1,0.026899
FR,S94,2012,276.25,13005.9,0.021240
FR,S94,2013,292.81979,13332.0,0.021964
FR,S94,2014,284.6498,13651.3,0.020851
FR,S94,2015,301.28869,13867.2,0.021727
FR,S94,2016,304.36167,14115.5,0.021562
FR,S94,2017,323.89044,14479.0,0.022370
FR,S94,2018,330.92274,14619.8,0.022635
FR,S94,2019,322.4367,15011.4,0.021479
FR,S94,2020,294.29057,14615.5,0.020136
FR,S94,2021,299.01127,15848.0,0.018867
FR,S94,2022,281.05009,17304.9,0.016241
FR,S94,2023,251.71312,18014.4,0.013973
FR,S95,2012,387.33825,4905.0,0.078968
FR,S95,2013,376.17384,4805.1,0.078286
FR,S95,2014,370.25502,4691.1,0.078927
FR,S95,2015,373.38896,4336.5,0.086104
FR,S95,2016,360.56683,4373.9,0.082436
FR,S95,2017,370.9962,4661.9,0.079580
FR,S95,2018,278.84972,4601.8,0.060596
FR,S95,2019,170.3948,4673.3,0.036461
FR,S95,2020,147.26253,4763.8,0.030913
FR,S95,2021,156.35377,5019.3,0.031151
FR,S95,2022,156.28517,5210.9,0.029992
FR,S95,2023,146.19157,5334.8,0.027403
FR,S96,2012,762.75838,10346.0,0.073725
FR,S96,2013,813.60584,9997.8,0.081378
FR,S96,2014,774.25482,10338.4,0.074891
FR,S96,2015,790.96825,10188.3,0.077635
FR,S96,2016,724.23228,10686.3,0.067772
FR,S96,2017,786.48747,10909.2,0.072094
FR,S96,2018,780.41716,10830.9,0.072055
FR,S96,2019,708.96169,11155.9,0.063550
FR,S96,2020,676.33509,8738.9,0.077394
FR,S96,2021,679.0982,10194.0,0.066617
FR,S96,2022,661.38051,11789.9,0.056097
FR,S96,2023,574.8514,12813.9,0.044862
FR,T,2012,26.62394,3946.6,0.006746
FR,T,2013,25.90385,3839.6,0.006746
FR,T,2014,25.57541,3749.9,0.006820
FR,T,2015,25.47762,3439.1,0.007408
FR,T,2016,24.39933,3358.1,0.007266
FR,T,2017,23.57307,3042.8,0.007747
FR,T,2018,22.73221,2989.9,0.007603
FR,T,2019,21.37877,2989.3,0.007152
FR,T,2020,20.12519,2618.3,0.007686
FR,T,2021,18.86546,3023.1,0.006240
FR,T,2022,18.1293,3121.1,0.005809
FR,T,2023,17.25741,3325.3,0.005190
FR,TOTAL,2012,389675.55068,1866716.6,0.208749
FR,TOTAL,2013,385391.04017,1894345.0,0.203443
FR,TOTAL,2014,364411.97721,1921806.4,0.189620
FR,TOTAL,2015,363382.41502,1960327.3,0.185368
FR,TOTAL,2016,360901.66697,1983737.7,0.181930
FR,TOTAL,2017,371780.98849,2029705.8,0.183170
FR,TOTAL,2018,360399.10964,2081977.9,0.173104
FR,TOTAL,2019,352091.2393,2150689.8,0.163711
FR,TOTAL,2020,318501.23263,2056545.2,0.154872
FR,TOTAL,2021,334083.31776,2212764.4,0.150980
FR,TOTAL,2022,327995.26339,2368609.4,0.138476
FR,TOTAL,2023,308243.91928,2538450.4,0.121430
HR,A,2012,3877.79086,1473.4,2.631866
HR,A,2013,3609.07975,1540.1,2.343406
HR,A,2014,3539.39595,1301.3,2.719892
HR,A,2015,3597.31855,1348.2,2.668238
HR,A,2016,3553.09067,1455.7,2.440812
HR,A,2017,3668.59211,1451.0,2.528320
HR,A,2018,3572.59244,1565.0,2.282807
HR,A,2019,3579.14632,1593.2,2.246514
HR,A,2020,3605.37833,1586.8,2.272106
HR,A,2021,3614.5883,1961.8,1.842486
HR,A,2022,3398.7175,2294.1,1.481504
HR,A,2023,3309.63351,2125.3,1.557255
HR,A01,2012,3719.64403,1144.6,3.249733
HR,A01,2013,3451.97039,1200.9,2.874486
HR,A01,2014,3380.64743,960.5,3.519675
HR,A01,2015,3435.5743,1013.8,3.388809
HR,A01,2016,3388.07413,1118.2,3.029936
HR,A01,2017,3498.39346,1102.1,3.174298
HR,A01,2018,3395.68896,1196.9,2.837070
HR,A01,2019,3398.57479,1259.0,2.699424
HR,A01,2020,3416.35684,1245.8,2.742300
HR,A01,2021,3421.51609,1606.0,2.130458
HR,A01,2022,3197.9841,1948.5,1.641254
HR,A01,2023,3104.36325,1700.2,1.825881
HR,A02,2012,122.89161,227.8,0.539472
HR,A02,2013,120.53521,233.2,0.516875
HR,A02,2014,120.28296,232.5,0.517346
HR,A02,2015,120.75566,224.4,0.538127
HR,A02,2016,120.2,222.6,0.539982
HR,A02,2017,121.01504,218.0,0.555115
HR,A02,2018,124.13917,228.7,0.542804
HR,A02,2019,124.39029,219.6,0.566440
HR,A02,2020,129.47822,212.3,0.609883
HR,A02,2021,129.51692,226.7,0.571314
HR,A02,2022,133.55449,280.9,0.475452
HR,A02,2023,134.49202,293.6,0.458079
HR,A03,2012,35.25522,101.0,0.349062
HR,A03,2013,36.57415,105.9,0.345365
HR,A03,2014,38.46556,108.3,0.355176
HR,A03,2015,40.98859,110.0,0.372624
HR,A03,2016,44.81654,114.8,0.390388
HR,A03,2017,49.18361,130.9,0.375734
HR,A03,2018,52.76431,139.4,0.378510
HR,A03,2019,56.18124,114.5,0.490666
HR,A03,2020,59.54327,128.7,0.462652
HR,A03,2021,63.55529,129.1,0.492295
HR,A03,2022,67.17891,64.7,1.038314
HR,A03,2023,70.77824,131.5,0.538238
HR,B,2012,860.90758,377.3,2.281759
HR,B,2013,843.46289,406.9,2.072900
HR,B,2014,773.59056,316.2,2.446523
HR,B,2015,648.64804,217.7,2.979550
HR,B,2016,600.3835,162.9,3.685595
HR,B,2017,685.43092,169.5,4.043840
HR,B,2018,630.90178,166.5,3.789200
HR,B,2019,659.50293,167.6,3.934982
HR,B,2020,602.02008,94.1,6.397663
HR,B,2021,625.39698,110.4,5.664828
HR,B,2022,766.00252,126.0,6.079385
HR,B,2023,717.64227,147.7,4.858783
HR,C,2012,6084.36564,6064.2,1.003325
HR,C,2013,5425.57986,5649.1,0.960433
HR,C,2014,5635.21482,5637.9,0.999524
HR,C,2015,5453.03128,5794.1,0.941135
HR,C,2016,5035.92224,6125.5,0.822124
HR,C,2017,5542.46644,6406.1,0.865186
HR,C,2018,5404.58204,6522.7,0.828581
HR,C,2019,5133.57642,6688.9,0.767477
HR,C,2020,4923.08456,6165.4,0.798502
HR,C,2021,4820.30303,6807.1,0.708129
HR,C,2022,4386.69768,8299.1,0.528575
HR,C,2023,4672.50111,9680.3,0.482681
HR,C10-C12,2012,329.15938,1570.6,0.209576
HR,C10-C12,2013,316.68253,1530.6,0.206901
HR,C10-C12,2014,316.2915,1474.8,0.214464
HR,C10-C12,2015,296.90468,1447.8,0.205073
HR,C10-C12,2016,313.13849,1462.8,0.214068
HR,C10-C12,2017,316.68781,1499.3,0.211224
HR,C10-C12,2018,311.01709,1565.1,0.198720
HR,C10-C12,2019,322.08394,1598.1,0.201542
HR,C10-C12,2020,300.20301,1368.1,0.219431
HR,C10-C12,2021,286.66586,1387.7,0.206576
HR,C10-C12,2022,335.10686,1536.3,0.218126
HR,C10-C12,2023,349.61986,1811.7,0.192979
HR,C13-C15,2012,26.79963,325.2,0.082410
HR,C13-C15,2013,26.99052,318.3,0.084796
HR,C13-C15,2014,26.72718,328.7,0.081312
HR,C13-C15,2015,28.27519,295.5,0.095686
HR,C13-C15,2016,30.64835,315.1,0.097265
HR,C13-C15,2017,33.98075,338.9,0.100268
HR,C13-C15,2018,36.49515,350.2,0.104212
HR,C13-C15,2019,39.73589,386.1,0.102916
HR,C13-C15,2020,40.21418,319.2,0.125984
HR,C13-C15,2021,42.89258,342.7,0.125161
HR,C13-C15,2022,44.50651,386.8,0.115063
HR,C13-C15,2023,47.84474,387.4,0.123502
HR,C16,2012,21.15187,160.5,0.131787
HR,C16,2013,20.33972,170.3,0.119435
HR,C16,2014,18.17498,194.8,0.093301
HR,C16,2015,18.17712,225.1,0.080751
HR,C16,2016,18.70589,252.2,0.074171
HR,C16,2017,20.22307,277.1,0.072981
HR,C16,2018,21.53435,287.3,0.074954
HR,C16,2019,24.02461,317.2,0.075740
HR,C16,2020,22.81811,172.0,0.132663
HR,C16,2021,23.24238,252.7,0.091976
HR,C16,2022,22.24359,481.9,0.046158
HR,C16,2023,23.59467,538.1,0.043848
HR,C17,2012,46.19289,88.7,0.520777
HR,C17,2013,43.5493,86.1,0.505799
HR,C17,2014,34.9743,93.2,0.375261
HR,C17,2015,35.28879,100.5,0.351132
HR,C17,2016,40.75312,107.0,0.380870
HR,C17,2017,39.4425,98.1,0.402064
HR,C17,2018,41.10273,115.4,0.356176
HR,C17,2019,45.4225,136.9,0.331793
HR,C17,2020,47.45145,158.0,0.300326
HR,C17,2021,51.81569,248.2,0.208766
HR,C17,2022,53.77702,195.9,0.274513
HR,C17,2023,57.38339,192.8,0.297632
HR,C18,2012,14.42099,158.1,0.091214
HR,C18,2013,13.98206,157.6,0.088719
HR,C18,2014,13.56689,166.9,0.081288
HR,C18,2015,14.35347,182.6,0.078606
HR,C18,2016,14.91479,175.8,0.084840
HR,C18,2017,16.11159,191.9,0.083958
HR,C18,2018,16.17779,197.1,0.082079
HR,C18,2019,16.86399,223.1,0.075589
HR,C18,2020,16.05214,215.8,0.074384
HR,C18,2021,17.80939,231.9,0.076798
HR,C18,2022,19.25494,200.9,0.095843
HR,C18,2023,21.64495,249.5,0.086753
HR,C19,2012,1885.62503,929.1,2.029518
HR,C19,2013,1430.50829,748.0,1.912444
HR,C19,2014,1550.79115,590.3,2.627124
HR,C19,2015,1423.81542,572.2,2.488318
HR,C19,2016,1336.61102,519.9,2.570900
HR,C19,2017,1390.4185,557.4,2.494472
HR,C19,2018,1360.5255,532.5,2.554977
HR,C19,2019,1035.65198,518.4,1.997785
HR,C19,2020,882.29958,184.0,4.795106
HR,C19,2021,796.58828,379.9,2.096837
HR,C19,2022,750.15921,827.9,0.906099
HR,C19,2023,777.24638,746.3,1.041466
HR,C20,2012,1153.95602,206.5,5.588165
HR,C20,2013,793.40298,170.1,4.664333
HR,C20,2014,868.57852,163.6,5.309160
HR,C20,2015,924.35149,180.6,5.118225
HR,C20,2016,723.99738,168.1,4.306945
HR,C20,2017,739.97482,162.9,4.542510
HR,C20,2018,645.39224,137.9,4.680147
HR,C20,2019,733.32198,217.1,3.377807
HR,C20,2020,693.4878,242.6,2.858565
HR,C20,2021,501.24198,201.8,2.483855
HR,C20,2022,188.53899,151.3,1.246127
HR,C20,2023,322.01231,176.8,1.821337
HR,C21,2012,16.12836,365.3,0.044151
HR,C21,2013,16.94891,363.0,0.046691
HR,C21,2014,17.75927,386.7,0.045925
HR,C21,2015,19.27195,375.7,0.051296
HR,C21,2016,21.23889,377.3,0.056292
HR,C21,2017,23.57839,364.0,0.064776
HR,C21,2018,25.36144,372.1,0.068158
HR,C21,2019,27.22903,376.0,0.072418
HR,C21,2020,28.22197,433.9,0.065043
HR,C21,2021,30.60118,374.0,0.081821
HR,C21,2022,32.76353,411.7,0.079581
HR,C21,2023,35.45749,496.8,0.071372
HR,C22,2012,10.82416,184.9,0.058541
HR,C22,2013,11.18649,185.0,0.060468
HR,C22,2014,10.76554,207.4,0.051907
HR,C22,2015,11.33125,238.8,0.047451
HR,C22,2016,11.69623,248.5,0.047067
HR,C22,2017,12.92835,259.3,0.049859
HR,C22,2018,13.05942,258.8,0.050461
HR,C22,2019,13.78707,248.9,0.055392
HR,C22,2020,13.18001,292.2,0.045106
HR,C22,2021,14.3101,336.9,0.042476
HR,C22,2022,15.42205,371.1,0.041558
HR,C22,2023,17.20378,414.7,0.041485
HR,C23,2012,2384.93036,297.7,8.011187
HR,C23,2013,2537.68639,292.7,8.669923
HR,C23,2014,2579.23533,301.3,8.560356
HR,C23,2015,2489.74104,311.8,7.985058
HR,C23,2016,2353.78057,345.3,6.816625
HR,C23,2017,2748.00479,356.7,7.703966
HR,C23,2018,2702.56095,377.7,7.155311
HR,C23,2019,2650.66967,355.7,7.451981
HR,C23,2020,2668.19416,429.6,6.210880
HR,C23,2021,2793.39057,448.1,6.233855
HR,C23,2022,2642.48417,509.5,5.186426
HR,C23,2023,2710.88702,659.1,4.113013
HR,C24,2012,79.86529,70.1,1.139305
HR,C24,2013,99.01439,68.9,1.437074
HR,C24,2014,90.85592,69.9,1.299799
HR,C24,2015,78.82508,59.7,1.320353
HR,C24,2016,54.66507,61.4,0.890311
HR,C24,2017,68.56767,59.9,1.144702
HR,C24,2018,98.49149,69.8,1.411053
HR,C24,2019,83.61336,120.0,0.696778
HR,C24,2020,76.08232,43.9,1.733082
HR,C24,2021,112.16879,28.8,3.894750
HR,C24,2022,119.76154,53.7,2.230196
HR,C24,2023,126.37532,150.5,0.839703
HR,C25,2012,29.72214,510.4,0.058233
HR,C25,2013,29.97055,528.5,0.056709
HR,C25,2014,27.11162,544.2,0.049819
HR,C25,2015,28.27727,599.7,0.047152
HR,C25,2016,28.70989,730.8,0.039286
HR,C25,2017,34.45662,787.8,0.043738
HR,C25,2018,33.5112,776.7,0.043146
HR,C25,2019,35.68073,693.3,0.051465
HR,C25,2020,32.89203,786.1,0.041842
HR,C25,2021,36.85366,918.1,0.040141
HR,C25,2022,40.72919,1061.8,0.038359
HR,C25,2023,46.65204,1275.2,0.036584
HR,C26,2012,27.34606,219.3,0.124697
HR,C26,2013,26.64537,175.5,0.151825
HR,C26,2014,24.59816,170.8,0.144017
HR,C26,2015,25.81329,185.3,0.139305
HR,C26,2016,26.40073,225.7,0.116973
HR,C26,2017,30.56711,217.3,0.140668
HR,C26,2018,29.91538,234.1,0.127789
HR,C26,2019,31.52635,195.5,0.161260
HR,C26,2020,29.32406,208.0,0.140981
HR,C26,2021,33.06243,124.3,0.265989
HR,C26,2022,36.3657,144.8,0.251144
HR,C26,2023,41.53455,173.7,0.239117
HR,C27,2012,10.62923,196.0,0.054231
HR,C27,2013,10.49923,196.1,0.053540
HR,C27,2014,9.8064,229.1,0.042804
HR,C27,2015,10.27953,246.4,0.041719
HR,C27,2016,10.58387,281.8,0.037558
HR,C27,2017,12.02279,293.8,0.040922
HR,C27,2018,12.17427,293.6,0.041465
HR,C27,2019,12.93568,277.5,0.046615
HR,C27,2020,12.54695,295.8,0.042417
HR,C27,2021,14.01636,356.1,0.039361
HR,C27,2022,15.2896,440.7,0.034694
HR,C27,2023,17.23188,577.7,0.029828
HR,C28,2012,6.63358,217.8,0.030457
HR,C28,2013,6.90251,220.2,0.031347
HR,C28,2014,7.02411,236.1,0.029751
HR,C28,2015,7.54026,259.8,0.029023
HR,C28,2016,8.11535,276.5,0.029350
HR,C28,2017,8.77272,287.9,0.030471
HR,C28,2018,9.56741,290.5,0.032934
HR,C28,2019,10.26847,296.9,0.034586
HR,C28,2020,10.84178,308.6,0.035132
HR,C28,2021,11.77172,379.9,0.030986
HR,C28,2022,12.54292,411.4,0.030488
HR,C28,2023,13.54345,490.7,0.027600
HR,C29,2012,6.2781,47.0,0.133577
HR,C29,2013,6.39419,35.4,0.180627
HR,C29,2014,6.22384,37.4,0.166413
HR,C29,2015,6.55856,45.2,0.145101
HR,C29,2016,6.80259,55.2,0.123235
HR,C29,2017,7.32032,53.5,0.136828
HR,C29,2018,7.69035,87.0,0.088395
HR,C29,2019,8.16073,183.8,0.044400
HR,C29,2020,8.22682,131.6,0.062514
HR,C29,2021,8.96272,131.3,0.068261
HR,C29,2022,9.592,102.7,0.093398
HR,C29,2023,10.557,99.7,0.105888
HR,C30,2012,6.27962,182.2,0.034466
HR,C30,2013,6.2002,63.0,0.098416
HR,C30,2014,5.89797,87.9,0.067099
HR,C30,2015,6.18749,77.6,0.079736
HR,C30,2016,6.42972,94.6,0.067967
HR,C30,2017,7.07403,91.1,0.077651
HR,C30,2018,7.44871,42.4,0.175677
HR,C30,2019,7.95579,70.9,0.112211
HR,C30,2020,8.07315,17.6,0.458702
HR,C30,2021,8.9723,41.9,0.214136
HR,C30,2022,9.70077,158.9,0.061050
HR,C30,2023,10.78569,167.7,0.064315
HR,C31_C32,2012,16.39038,171.5,0.095571
HR,C31_C32,2013,16.67964,172.0,0.096975
HR,C31_C32,2014,15.61545,180.9,0.086321
HR,C31_C32,2015,16.2428,192.5,0.084378
HR,C31_C32,2016,16.63438,210.5,0.079023
HR,C31_C32,2017,18.59693,256.2,0.072588
HR,C31_C32,2018,18.7543,268.6,0.069822
HR,C31_C32,2019,20.03589,303.1,0.066103
HR,C31_C32,2020,18.88412,268.6,0.070306
HR,C31_C32,2021,20.22796,303.2,0.066715
HR,C31_C32,2022,21.31639,362.0,0.058885
HR,C31_C32,2023,23.62479,423.3,0.055811
HR,C33,2012,12.03254,163.4,0.073639
HR,C33,2013,11.99661,167.8,0.071494
HR,C33,2014,11.2167,173.9,0.064501
HR,C33,2015,11.79659,197.3,0.059790
HR,C33,2016,12.09589,216.9,0.055767
HR,C33,2017,13.73767,253.1,0.054278
HR,C33,2018,13.80226,266.0,0.051888
HR,C33,2019,14.60875,170.1,0.085883
HR,C33,2020,14.09091,289.6,0.048656
HR,C33,2021,15.70907,319.6,0.049152
HR,C33,2022,17.1427,489.8,0.034999
HR,C33,2023,19.3018,648.7,0.029755
HR,D,2012,4569.85991,841.4,5.431257
HR,D,2013,4343.92481,985.7,4.406944
HR,D,2014,3767.95558,1042.2,3.615386
HR,D,2015,3793.75219,1027.8,3.691139
HR,D,2016,4094.26606,1030.8,3.971931
HR,D,2017,3683.3129,902.0,4.083495
HR,D,2018,3108.78648,806.8,3.853231
HR,D,2019,3400.88564,998.1,3.407360
HR,D,2020,3407.22322,683.2,4.987153
HR,D,2021,3431.57922,828.5,4.141918
HR,D,2022,3622.88422,933.2,3.882216
HR,D,2023,3619.63903,1193.1,3.033810
HR,E,2012,2162.59347,530.0,4.080365
HR,E,2013,2160.26112,521.7,4.140811
HR,E,2014,2218.92899,556.9,3.984430
HR,E,2015,2286.64815,563.3,4.059379
HR,E,2016,2303.8502,539.6,4.269552
HR,E,2017,2319.91,550.0,4.218018
HR,E,2018,2289.49204,564.5,4.055787
HR,E,2019,2264.60338,558.5,4.054796
HR,E,2020,2227.86527,689.1,3.233007
HR,E,2021,2115.64989,788.3,2.683813
HR,E,2022,2195.42466,860.6,2.551040
HR,E,2023,2189.56724,872.7,2.508958
HR,E36,2012,1.70279,269.5,0.006318
HR,E36,2013,1.77768,243.8,0.007292
HR,E36,2014,1.86868,260.0,0.007187
HR,E36,2015,2.05215,264.3,0.007764
HR,E36,2016,2.30767,247.0,0.009343
HR,E36,2017,2.69177,243.2,0.011068
HR,E36,2018,2.91211,228.0,0.012772
HR,E36,2019,3.1602,212.5,0.014872
HR,E36,2020,3.33275,206.0,0.016178
HR,E36,2021,3.65823,197.8,0.018495
HR,E36,2022,3.9482,204.0,0.019354
HR,E36,2023,4.2719,185.3,0.023054
HR,E37-E39,2012,2160.89067,260.4,8.298351
HR,E37-E39,2013,2158.48344,277.9,7.767123
HR,E37-E39,2014,2217.06031,296.9,7.467364
HR,E37-E39,2015,2284.596,298.9,7.643346
HR,E37-E39,2016,2301.54252,292.6,7.865832
HR,E37-E39,2017,2317.21823,306.8,7.552863
HR,E37-E39,2018,2286.57992,336.5,6.795185
HR,E37-E39,2019,2261.44317,346.0,6.535963
HR,E37-E39,2020,2224.53252,483.1,4.604704
HR,E37-E39,2021,2111.99165,590.5,3.576616
HR,E37-E39,2022,2191.47646,656.6,3.337613
HR,E37-E39,2023,2185.29534,687.4,3.179074
HR,F,2012,320.20365,1627.2,0.196782
HR,F,2013,317.33466,1623.9,0.195415
HR,F,2014,275.43366,1592.0,0.173011
HR,F,2015,282.95379,1663.1,0.170136
HR,F,2016,282.42615,1787.7,0.157983
HR,F,2017,347.37725,1898.8,0.182946
HR,F,2018,338.16041,2169.9,0.155841
HR,F,2019,364.45828,2504.2,0.145539
HR,F,2020,335.9488,2560.7,0.131194
HR,F,2021,378.69652,2901.7,0.130509
HR,F,2022,416.5987,3347.4,0.124454
HR,F,2023,479.16422,4857.6,0.098642
HR,G,2012,416.06611,4471.9,0.093040
HR,G,2013,428.31968,4363.2,0.098166
HR,G,2014,404.57913,4333.8,0.093354
HR,G,2015,439.4631,4597.0,0.095598
HR,G,2016,454.55201,4589.8,0.099035
HR,G,2017,516.20985,4896.3,0.105429
HR,G,2018,504.25326,5293.4,0.095261
HR,G,2019,524.99888,5581.4,0.094062
HR,G,2020,477.99636,5099.6,0.093732
HR,G,2021,524.20115,5743.0,0.091277
HR,G,2022,549.35174,6613.1,0.083070
HR,G,2023,600.81197,8322.9,0.072188
HR,G45,2012,110.44559,336.5,0.328219
HR,G45,2013,108.51436,349.9,0.310130
HR,G45,2014,101.96118,366.5,0.278202
HR,G45,2015,109.88266,392.1,0.280241
HR,G45,2016,113.07751,430.1,0.262910
HR,G45,2017,127.09737,472.5,0.268989
HR,G45,2018,123.08487,562.6,0.218779
HR,G45,2019,127.35811,585.6,0.217483
HR,G45,2020,115.10241,378.1,0.304423
HR,G45,2021,128.33125,388.2,0.330580
HR,G45,2022,136.05508,514.1,0.264647
HR,G45,2023,151.30048,881.0,0.171737
HR,G46,2012,246.40069,2404.5,0.102475
HR,G46,2013,260.62116,2169.2,0.120146
HR,G46,2014,246.21578,2083.2,0.118191
HR,G46,2015,266.57777,2203.2,0.120996
HR,G46,2016,275.2272,2056.2,0.133852
HR,G46,2017,313.92207,2213.8,0.141802
HR,G46,2018,305.42656,2316.5,0.131848
HR,G46,2019,318.66442,2215.4,0.143841
HR,G46,2020,286.94944,2186.9,0.131213
HR,G46,2021,311.25505,2174.3,0.143152
HR,G46,2022,326.15592,2813.7,0.115917
HR,G46,2023,356.9903,3576.5,0.099816
HR,G47,2012,59.21983,1730.8,0.034215
HR,G47,2013,59.18415,1844.2,0.032092
HR,G47,2014,56.40217,1884.0,0.029937
HR,G47,2015,63.00267,2001.7,0.031475
HR,G47,2016,66.2473,2103.4,0.031495
HR,G47,2017,75.19041,2210.0,0.034023
HR,G47,2018,75.74183,2414.3,0.031372
HR,G47,2019,78.97636,2780.4,0.028405
HR,G47,2020,75.94451,2534.6,0.029963
HR,G47,2021,84.61486,3180.6,0.026603
HR,G47,2022,87.14074,3285.2,0.026525
HR,G47,2023,92.52118,3865.4,0.023936
HR,H,2012,1393.1797,1761.6,0.790860
HR,H,2013,1614.09412,1758.5,0.917881
HR,H,2014,1551.94944,1668.6,0.930091
HR,H,2015,1615.99751,1784.7,0.905473
HR,H,2016,1646.07674,1963.0,0.838552
HR,H,2017,1897.42559,2206.6,0.859887
HR,H,2018,1676.57927,2351.7,0.712922
HR,H,2019,1744.81858,2352.5,0.741687
HR,H,2020,1398.57607,2252.4,0.620927
HR,H,2021,1483.70535,2533.9,0.585542
HR,H,2022,1665.54433,3196.4,0.521069
HR,H,2023,1870.87572,3599.2,0.519803
HR,H49,2012,687.97445,675.2,1.018920
HR,H49,2013,927.72434,747.7,1.240771
HR,H49,2014,857.33945,739.3,1.159664
HR,H49,2015,868.00167,777.7,1.116114
HR,H49,2016,879.51962,917.8,0.958291
HR,H49,2017,1084.35337,1000.4,1.083920
HR,H49,2018,1019.87473,1094.7,0.931648
HR,H49,2019,1104.26778,1075.2,1.027035
HR,H49,2020,932.60344,1112.3,0.838446
HR,H49,2021,917.23207,1168.8,0.784764
HR,H49,2022,992.88471,1412.7,0.702828
HR,H49,2023,1103.94356,1724.8,0.640041
HR,H50,2012,561.42143,132.8,4.227571
HR,H50,2013,544.79373,149.3,3.648987
HR,H50,2014,536.44479,136.5,3.929998
HR,H50,2015,552.9688,137.9,4.009926
HR,H50,2016,564.00488,167.0,3.377275
HR,H50,2017,573.01081,199.6,2.870796
HR,H50,2018,424.89663,193.4,2.196984
HR,H50,2019,402.67323,186.0,2.164910
HR,H50,2020,332.00985,89.8,3.697214
HR,H50,2021,374.15971,192.8,1.940662
HR,H50,2022,399.43717,354.7,1.126127
HR,H50,2023,501.26255,318.2,1.575307
HR,H51,2012,99.42741,49.6,2.004585
HR,H51,2013,92.76602,65.2,1.422792
HR,H51,2014,112.27515,50.1,2.241021
HR,H51,2015,144.72526,42.8,3.381431
HR,H51,2016,150.4119,40.2,3.741590
HR,H51,2017,179.78417,42.5,4.230216
HR,H51,2018,172.60037,43.5,3.967825
HR,H51,2019,175.84952,21.3,8.255846
HR,H51,2020,77.57925,4.6,16.865054
HR,H51,2021,131.73625,31.0,4.249556
HR,H51,2022,210.84793,56.0,3.765142
HR,H51,2023,198.89282,61.8,3.218330
HR,H52,2012,27.88465,717.5,0.038864
HR,H52,2013,32.40337,612.5,0.052903
HR,H52,2014,30.48746,547.2,0.055715
HR,H52,2015,32.92625,625.3,0.052657
HR,H52,2016,33.98459,630.3,0.053918
HR,H52,2017,39.79909,739.5,0.053819
HR,H52,2018,38.76509,791.5,0.048977
HR,H52,2019,40.88268,857.4,0.047682
HR,H52,2020,36.41381,785.6,0.046352
HR,H52,2021,38.24519,889.8,0.042982
HR,H52,2022,39.80617,1166.4,0.034127
HR,H52,2023,43.12119,1279.9,0.033691
HR,H53,2012,16.47176,186.5,0.088320
HR,H53,2013,16.40666,183.8,0.089264
HR,H53,2014,15.4026,195.4,0.078826
HR,H53,2015,17.37553,201.0,0.086445
HR,H53,2016,18.15575,207.7,0.087413
HR,H53,2017,20.47815,224.7,0.091136
HR,H53,2018,20.44244,228.6,0.089424
HR,H53,2019,21.14536,212.7,0.099414
HR,H53,2020,19.96973,260.2,0.076748
HR,H53,2021,22.33213,251.5,0.088796
HR,H53,2022,22.56834,206.7,0.109184
HR,H53,2023,23.65559,214.5,0.110282
HR,I,2012,49.66972,1808.1,0.027471
HR,I,2013,49.49819,2083.7,0.023755
HR,I,2014,47.19016,2109.5,0.022370
HR,I,2015,54.29953,2224.0,0.024415
HR,I,2016,56.46111,2440.9,0.023131
HR,I,2017,61.73352,2673.4,0.023092
HR,I,2018,61.83555,2824.3,0.021894
HR,I,2019,63.02942,2828.5,0.022284
HR,I,2020,59.92304,1278.9,0.046855
HR,I,2021,66.47079,2435.2,0.027296
HR,I,2022,64.9511,3859.6,0.016828
HR,I,2023,65.58096,4565.9,0.014363
HR,J,2012,85.90782,1798.9,0.047756
HR,J,2013,85.5528,1739.4,0.049185
HR,J,2014,82.62361,1663.4,0.049672
HR,J,2015,93.65483,1658.0,0.056487
HR,J,2016,98.93018,1735.3,0.057010
HR,J,2017,108.96278,1879.6,0.057971
HR,J,2018,109.92776,2040.3,0.053878
HR,J,2019,113.3252,2182.4,0.051927
HR,J,2020,108.16788,2490.3,0.043436
HR,J,2021,120.0912,2825.6,0.042501
HR,J,2022,120.72137,3481.4,0.034676
HR,J,2023,125.54226,3802.7,0.033014
HR,J58,2012,12.48642,163.9,0.076183
HR,J58,2013,12.25246,149.2,0.082121
HR,J58,2014,11.87774,144.3,0.082313
HR,J58,2015,13.52425,124.5,0.108629
HR,J58,2016,14.22257,131.8,0.107910
HR,J58,2017,15.27955,137.8,0.110882
HR,J58,2018,15.28658,146.6,0.104274
HR,J58,2019,15.55876,161.7,0.096220
HR,J58,2020,14.61043,159.9,0.091372
HR,J58,2021,16.23164,128.3,0.126513
HR,J58,2022,16.06866,157.3,0.102153
HR,J58,2023,16.55869,161.7,0.102404
HR,J59_J60,2012,36.13771,197.1,0.183347
HR,J59_J60,2013,35.53886,189.7,0.187342
HR,J59_J60,2014,33.3215,177.4,0.187833
HR,J59_J60,2015,37.95644,189.3,0.200509
HR,J59_J60,2016,39.3536,221.1,0.177990
HR,J59_J60,2017,43.12551,245.7,0.175521
HR,J59_J60,2018,42.51831,254.7,0.166935
HR,J59_J60,2019,43.23755,303.1,0.142651
HR,J59_J60,2020,39.8203,279.6,0.142419
HR,J59_J60,2021,44.57622,292.9,0.152189
HR,J59_J60,2022,43.85194,363.6,0.120605
HR,J59_J60,2023,45.13741,374.4,0.120559
HR,J61,2012,24.79726,993.2,0.024967
HR,J61,2013,25.50902,903.0,0.028249
HR,J61,2014,25.54664,829.5,0.030798
HR,J61,2015,28.64989,795.1,0.036033
HR,J61,2016,31.13143,785.4,0.039638
HR,J61,2017,35.27816,792.1,0.044538
HR,J61,2018,36.8363,806.2,0.045691
HR,J61,2019,38.97013,856.1,0.045521
HR,J61,2020,39.12672,895.4,0.043697
HR,J61,2021,43.0517,945.1,0.045553
HR,J61,2022,44.73212,982.5,0.045529
HR,J61,2023,47.28748,1095.9,0.043149
HR,J62_J63,2012,12.48642,444.7,0.028078
HR,J62_J63,2013,12.25246,497.5,0.024628
HR,J62_J63,2014,11.87774,512.3,0.023185
HR,J62_J63,2015,13.52425,549.0,0.024634
HR,J62_J63,2016,14.22257,597.0,0.023823
HR,J62_J63,2017,15.27955,704.1,0.021701
HR,J62_J63,2018,15.28658,832.8,0.018356
HR,J62_J63,2019,15.55876,861.4,0.018062
HR,J62_J63,2020,14.61043,1155.3,0.012646
HR,J62_J63,2021,16.23164,1459.3,0.011123
HR,J62_J63,2022,16.06866,1978.0,0.008124
HR,J62_J63,2023,16.55869,2170.8,0.007628
HR,K,2012,59.46781,2497.2,0.023814
HR,K,2013,57.50291,2326.8,0.024713
HR,K,2014,54.39067,2331.1,0.023333
HR,K,2015,65.17308,2354.0,0.027686
HR,K,2016,68.25431,2443.5,0.027933
HR,K,2017,72.07714,2564.9,0.028101
HR,K,2018,72.47393,2554.1,0.028376
HR,K,2019,72.333,2498.6,0.028949
HR,K,2020,68.07296,2160.6,0.031507
HR,K,2021,76.59763,2564.9,0.029864
HR,K,2022,70.23096,2700.9,0.026003
HR,K,2023,66.50341,2978.6,0.022327
HR,K64,2012,37.85977,1939.6,0.019519
HR,K64,2013,36.15876,1805.5,0.020027
HR,K64,2014,33.92825,1833.1,0.018509
HR,K64,2015,40.97403,1835.5,0.022323
HR,K64,2016,42.75244,1903.1,0.022465
HR,K64,2017,44.85611,1977.6,0.022682
HR,K64,2018,44.94159,1859.7,0.024166
HR,K64,2019,44.5394,1855.4,0.024005
HR,K64,2020,41.68492,1703.9,0.024464
HR,K64,2021,47.20167,1947.5,0.024237
HR,K64,2022,42.5913,2059.5,0.020680
HR,K64,2023,39.68289,2318.5,0.017116
HR,K65,2012,11.50429,354.9,0.032416
HR,K65,2013,11.32487,281.9,0.040173
HR,K65,2014,10.86106,245.0,0.044331
HR,K65,2015,12.85244,256.1,0.050185
HR,K65,2016,13.53841,271.8,0.049810
HR,K65,2017,14.40626,274.2,0.052539
HR,K65,2018,14.55913,344.7,0.042237
HR,K65,2019,14.67235,298.6,0.049137
HR,K65,2020,13.91078,188.5,0.073797
HR,K65,2021,15.50815,335.7,0.046196
HR,K65,2022,14.55142,314.2,0.046313
HR,K65,2023,14.09834,357.6,0.039425
HR,K66,2012,10.10375,202.6,0.049870
HR,K66,2013,10.01928,239.3,0.041869
HR,K66,2014,9.60137,253.0,0.037950
HR,K66,2015,11.3466,262.3,0.043258
HR,K66,2016,11.96347,268.6,0.044540
HR,K66,2017,12.81476,313.1,0.040929
HR,K66,2018,12.97322,349.7,0.037098
HR,K66,2019,13.12125,344.6,0.038077
HR,K66,2020,12.47726,268.2,0.046522
HR,K66,2021,13.88781,281.7,0.049300
HR,K66,2022,13.08824,327.1,0.040013
HR,K66,2023,12.72217,302.6,0.042043
HR,L,2012,125.65755,3643.1,0.034492
HR,L,2013,120.16236,3600.6,0.033373
HR,L,2014,112.26368,3609.1,0.031106
HR,L,2015,134.69696,3668.2,0.036720
HR,L,2016,140.41964,3743.2,0.037513
HR,L,2017,149.11548,3840.4,0.038828
HR,L,2018,149.38011,3901.3,0.038290
HR,L,2019,148.89197,4159.2,0.035798
HR,L,2020,139.87755,4146.8,0.033731
HR,L,2021,158.60213,4432.3,0.035783
HR,L,2022,145.33429,5062.9,0.028706
HR,L,2023,137.73064,5565.8,0.024746
HR,M,2012,150.58705,2273.9,0.066224
HR,M,2013,148.9815,2247.2,0.066297
HR,M,2014,142.95003,2242.0,0.063760
HR,M,2015,162.50941,2206.1,0.073664
HR,M,2016,171.32799,2268.4,0.075528
HR,M,2017,189.02229,2371.6,0.079702
HR,M,2018,190.4689,2424.9,0.078547
HR,M,2019,196.09938,2598.7,0.075461
HR,M,2020,187.1009,2332.6,0.080211
HR,M,2021,208.56053,2521.1,0.082726
HR,M,2022,208.98349,3098.7,0.067442
HR,M,2023,216.75098,3756.7,0.057697
HR,M69_M70,2012,38.50124,1039.1,0.037052
HR,M69_M70,2013,37.19821,1035.8,0.035913
HR,M69_M70,2014,34.73132,1065.2,0.032605
HR,M69_M70,2015,39.42464,1046.0,0.037691
HR,M69_M70,2016,40.8304,1003.9,0.040672
HR,M69_M70,2017,44.87951,1084.4,0.041386
HR,M69_M70,2018,44.19871,1022.3,0.043235
HR,M69_M70,2019,44.96055,1070.3,0.042007
HR,M69_M70,2020,41.54358,877.8,0.047327
HR,M69_M70,2021,46.90046,1043.5,0.044945
HR,M69_M70,2022,46.56451,1081.9,0.043040
HR,M69_M70,2023,48.40158,1324.9,0.036532
HR,M71,2012,20.29932,634.9,0.031972
HR,M71,2013,19.84828,622.9,0.031864
HR,M71,2014,18.64869,619.9,0.030083
HR,M71,2015,21.10831,594.0,0.035536
HR,M71,2016,21.9473,652.4,0.033641
HR,M71,2017,24.23972,649.4,0.037326
HR,M71,2018,23.98836,680.9,0.035230
HR,M71,2019,24.52791,689.5,0.035573
HR,M71,2020,22.81647,684.8,0.033318
HR,M71,2021,25.61435,698.0,0.036697
HR,M71,2022,25.58856,979.9,0.026113
HR,M71,2023,26.68135,1574.7,0.016944
HR,M72,2012,26.88587,291.3,0.092296
HR,M72,2013,28.42014,275.9,0.103009
HR,M72,2014,30.11281,252.2,0.119401
HR,M72,2015,33.97721,240.3,0.141395
HR,M72,2016,38.00882,274.0,0.138718
HR,M72,2017,42.65131,266.9,0.159803
HR,M72,2018,45.97962,317.8,0.144681
HR,M72,2019,49.09188,359.3,0.136632
HR,M72,2020,51.09751,325.4,0.157030
HR,M72,2021,55.62575,314.4,0.176927
HR,M72,2022,58.02373,449.6,0.129056
HR,M72,2023,60.93131,424.8,0.143435
HR,M73,2012,20.29932,179.6,0.113025
HR,M73,2013,19.84828,181.8,0.109176
HR,M73,2014,18.64869,180.7,0.103202
HR,M73,2015,21.10831,188.0,0.112278
HR,M73,2016,21.9473,188.8,0.116246
HR,M73,2017,24.23972,207.6,0.116762
HR,M73,2018,23.98836,236.5,0.101431
HR,M73,2019,24.52791,255.1,0.096150
HR,M73,2020,22.81647,224.6,0.101587
HR,M73,2021,25.61435,252.5,0.101443
HR,M73,2022,25.58856,324.1,0.078953
HR,M73,2023,26.68135,133.4,0.200010
HR,M74_M75,2012,44.6013,129.1,0.345479
HR,M74_M75,2013,43.6666,130.9,0.333587
HR,M74_M75,2014,40.80852,123.9,0.329367
HR,M74_M75,2015,46.89095,137.8,0.340283
HR,M74_M75,2016,48.59418,149.3,0.325480
HR,M74_M75,2017,53.01204,163.3,0.324630
HR,M74_M75,2018,52.31385,167.3,0.312695
HR,M74_M75,2019,52.99114,224.5,0.236041
HR,M74_M75,2020,48.82686,220.0,0.221940
HR,M74_M75,2021,54.80563,212.7,0.257666
HR,M74_M75,2022,53.21813,263.2,0.202197
HR,M74_M75,2023,54.05539,298.8,0.180908
HR,N,2012,100.21209,694.6,0.144273
HR,N,2013,102.84684,713.5,0.144144
HR,N,2014,96.56231,727.2,0.132786
HR,N,2015,108.24889,765.2,0.141465
HR,N,2016,112.14294,856.0,0.131008
HR,N,2017,125.42342,966.4,0.129784
HR,N,2018,123.33151,1088.7,0.113283
HR,N,2019,126.95005,1095.1,0.115926
HR,N,2020,116.11674,842.1,0.137889
HR,N,2021,127.87468,1062.7,0.120330
HR,N,2022,128.17324,1245.5,0.102909
HR,N,2023,134.22159,1700.1,0.078949
HR,N77,2012,14.499,206.1,0.070349
HR,N77,2013,14.4312,208.9,0.069082
HR,N77,2014,13.77397,220.7,0.062410
HR,N77,2015,16.00073,230.1,0.069538
HR,N77,2016,16.76894,246.9,0.067918
HR,N77,2017,18.07338,307.7,0.058737
HR,N77,2018,18.09553,351.9,0.051422
HR,N77,2019,18.34244,316.0,0.058046
HR,N77,2020,17.17556,234.3,0.073306
HR,N77,2021,19.07427,269.5,0.070777
HR,N77,2022,18.2919,352.6,0.051877
HR,N77,2023,18.21577,534.3,0.034093
HR,N78,2012,20.29932,67.1,0.302523
HR,N78,2013,19.84828,78.8,0.251882
HR,N78,2014,18.64869,84.2,0.221481
HR,N78,2015,21.10831,105.3,0.200459
HR,N78,2016,21.9473,135.7,0.161734
HR,N78,2017,24.23972,147.7,0.164115
HR,N78,2018,23.98836,161.8,0.148259
HR,N78,2019,24.52791,166.7,0.147138
HR,N78,2020,22.81647,151.3,0.150803
HR,N78,2021,25.61435,171.2,0.149617
HR,N78,2022,25.58856,198.2,0.129105
HR,N78,2023,26.68135,313.6,0.085081
HR,N79,2012,26.91254,113.8,0.236490
HR,N79,2013,31.36915,123.6,0.253796
HR,N79,2014,29.40833,127.7,0.230292
HR,N79,2015,31.71521,137.1,0.231329
HR,N79,2016,32.59631,151.5,0.215157
HR,N79,2017,38.23081,162.6,0.235122
HR,N79,2018,37.04892,187.3,0.197805
HR,N79,2019,39.11915,197.1,0.198474
HR,N79,2020,34.58112,48.1,0.718942
HR,N79,2021,36.2856,104.0,0.348900
HR,N79,2022,37.72827,129.2,0.292014
HR,N79,2023,40.92289,189.9,0.215497
HR,N80-N82,2012,38.50124,307.7,0.125126
HR,N80-N82,2013,37.19821,302.3,0.123051
HR,N80-N82,2014,34.73132,294.6,0.117893
HR,N80-N82,2015,39.42464,292.7,0.134693
HR,N80-N82,2016,40.8304,321.9,0.126842
HR,N80-N82,2017,44.87951,348.5,0.128779
HR,N80-N82,2018,44.19871,387.8,0.113973
HR,N80-N82,2019,44.96055,415.3,0.108260
HR,N80-N82,2020,41.54358,408.4,0.101723
HR,N80-N82,2021,46.90046,518.0,0.090541
HR,N80-N82,2022,46.56451,565.5,0.082342
HR,N80-N82,2023,48.40158,662.3,0.073081
HR,O,2012,69.81784,2920.7,0.023904
HR,O,2013,74.83498,2793.9,0.026785
HR,O,2014,74.01455,2733.0,0.027082
HR,O,2015,79.02203,2765.1,0.028578
HR,O,2016,83.43831,2768.2,0.030142
HR,O,2017,94.71029,2862.2,0.033090
HR,O,2018,94.69512,3033.1,0.031221
HR,O,2019,100.18198,3173.1,0.031572
HR,O,2020,94.49611,3277.2,0.028834
HR,O,2021,101.54787,3383.4,0.030014
HR,O,2022,109.53336,3485.4,0.031426
HR,O,2023,121.4674,3995.7,0.030400
HR,P,2012,79.76746,1935.9,0.041204
HR,P,2013,81.70889,1913.2,0.042708
HR,P,2014,79.28921,1880.2,0.042171
HR,P,2015,91.36654,1845.6,0.049505
HR,P,2016,96.8023,2000.8,0.048382
HR,P,2017,105.90257,2095.9,0.050528
HR,P,2018,107.49106,2213.2,0.048568
HR,P,2019,110.51531,2344.6,0.047136
HR,P,2020,105.58739,2336.5,0.045190
HR,P,2021,116.07363,2575.0,0.045077
HR,P,2022,113.67686,2789.5,0.040752
HR,P,2023,114.80724,3239.0,0.035445
HR,Q,2012,104.90366,1788.8,0.058645
HR,Q,2013,106.85297,1776.2,0.060158
HR,Q,2014,105.45828,1766.7,0.059692
HR,Q,2015,120.54283,1837.4,0.065605
HR,Q,2016,129.14116,1949.4,0.066247
HR,Q,2017,142.45046,2046.1,0.069620
HR,Q,2018,146.58345,2172.7,0.067466
HR,Q,2019,152.22269,2340.5,0.065039
HR,Q,2020,149.12624,2449.9,0.060870
HR,Q,2021,164.16244,2721.6,0.060318
HR,Q,2022,164.68181,2971.8,0.055415
HR,Q,2023,169.32493,3426.6,0.049415
HR,Q86,2012,40.30084,1553.3,0.025945
HR,Q86,2013,41.51733,1542.6,0.026914
HR,Q86,2014,41.64923,1535.1,0.027131
HR,Q86,2015,47.3801,1587.2,0.029851
HR,Q86,2016,51.24714,1677.2,0.030555
HR,Q86,2017,56.83907,1772.1,0.032074
HR,Q86,2018,59.12898,1862.7,0.031744
HR,Q86,2019,61.87973,1971.4,0.031389
HR,Q86,2020,61.55792,2081.8,0.029570
HR,Q86,2021,67.48558,2328.3,0.028985
HR,Q86,2022,68.52611,2546.6,0.026909
HR,Q86,2023,70.97545,2976.5,0.023845
HR,Q87_Q88,2012,64.60282,235.5,0.274322
HR,Q87_Q88,2013,65.33564,233.6,0.279690
HR,Q87_Q88,2014,63.80905,231.6,0.275514
HR,Q87_Q88,2015,73.16273,250.2,0.292417
HR,Q87_Q88,2016,77.89402,272.2,0.286165
HR,Q87_Q88,2017,85.61139,274.0,0.312450
HR,Q87_Q88,2018,87.45447,310.0,0.282111
HR,Q87_Q88,2019,90.34296,369.1,0.244766
HR,Q87_Q88,2020,87.56831,368.1,0.237893
HR,Q87_Q88,2021,96.67686,393.3,0.245809
HR,Q87_Q88,2022,96.15569,425.2,0.226142
HR,Q87_Q88,2023,98.34948,450.1,0.218506
HR,R,2012,41.02156,623.9,0.065750
HR,R,2013,43.73093,654.6,0.066806
HR,R,2014,44.61092,653.4,0.068275
HR,R,2015,50.02641,629.6,0.079457
HR,R,2016,54.68661,723.8,0.075555
HR,R,2017,61.61861,800.5,0.076975
HR,R,2018,64.67219,880.4,0.073458
HR,R,2019,68.57005,964.4,0.071101
HR,R,2020,68.88387,775.9,0.088779
HR,R,2021,74.81349,803.9,0.093063
HR,R,2022,77.52579,973.1,0.079669
HR,R,2023,81.55845,1338.5,0.060933
HR,R90-R92,2012,17.10605,417.4,0.040982
HR,R90-R92,2013,17.7608,440.5,0.040320
HR,R90-R92,2014,16.80902,434.5,0.038686
HR,R90-R92,2015,19.04547,407.0,0.046795
HR,R90-R92,2016,19.82736,445.2,0.044536
HR,R90-R92,2017,21.99502,497.9,0.044176
HR,R90-R92,2018,21.78178,549.0,0.039675
HR,R90-R92,2019,22.37903,639.4,0.035000
HR,R90-R92,2020,20.59929,505.8,0.040726
HR,R90-R92,2021,22.5601,475.3,0.047465
HR,R90-R92,2022,22.26444,564.4,0.039448
HR,R90-R92,2023,22.8908,869.6,0.026323
HR,R93,2012,23.91551,206.5,0.115814
HR,R93,2013,25.97012,214.1,0.121299
HR,R93,2014,27.80191,219.0,0.126949
HR,R93,2015,30.98094,222.6,0.139178
HR,R93,2016,34.85926,278.6,0.125123
HR,R93,2017,39.62359,302.5,0.130987
HR,R93,2018,42.8904,331.4,0.129422
HR,R93,2019,46.19102,325.0,0.142126
HR,R93,2020,48.28458,270.2,0.178699
HR,R93,2021,52.25339,328.6,0.159018
HR,R93,2022,55.26134,408.7,0.135212
HR,R93,2023,58.66765,468.9,0.125118
HR,S,2012,83.47422,575.7,0.144996
HR,S,2013,83.89481,589.8,0.142243
HR,S,2014,79.52835,616.3,0.129042
HR,S,2015,89.33065,618.6,0.144408
HR,S,2016,93.78605,682.5,0.137415
HR,S,2017,105.92747,734.7,0.144178
HR,S,2018,106.24742,765.8,0.138740
HR,S,2019,110.35436,859.2,0.128439
HR,S,2020,104.87277,738.9,0.141931
HR,S,2021,116.70869,860.5,0.135629
HR,S,2022,118.81177,946.7,0.125501
HR,S,2023,125.13677,1066.4,0.117345
HR,S94,2012,9.58198,204.4,0.046879
HR,S94,2013,9.72736,200.9,0.048419
HR,S94,2014,9.33506,226.1,0.041287
HR,S94,2015,10.68244,218.5,0.048890
HR,S94,2016,11.23538,247.2,0.045451
HR,S94,2017,12.32497,244.6,0.050388
HR,S94,2018,12.38028,261.7,0.047307
HR,S94,2019,12.70285,255.3,0.049757
HR,S94,2020,11.97644,244.2,0.049044
HR,S94,2021,13.21183,262.9,0.050254
HR,S94,2022,13.00439,282.5,0.046033
HR,S94,2023,13.26344,307.7,0.043105
HR,S95,2012,48.17046,60.4,0.797524
HR,S95,2013,47.09767,64.8,0.726816
HR,S95,2014,42.98318,66.1,0.650275
HR,S95,2015,48.09915,69.0,0.697089
HR,S95,2016,49.41643,74.3,0.665093
HR,S95,2017,56.28452,86.4,0.651441
HR,S95,2018,55.0287,89.1,0.617606
HR,S95,2019,56.6446,72.7,0.779155
HR,S95,2020,52.10732,66.1,0.788310
HR,S95,2021,59.00745,83.9,0.703307
HR,S95,2022,59.89743,87.3,0.686110
HR,S95,2023,63.61447,97.3,0.653797
HR,S96,2012,25.72178,310.9,0.082733
HR,S96,2013,27.06978,324.0,0.083549
HR,S96,2014,27.21011,324.2,0.083930
HR,S96,2015,30.54907,331.2,0.092238
HR,S96,2016,33.13424,361.0,0.091785
HR,S96,2017,37.31799,403.7,0.092440
HR,S96,2018,38.83844,414.9,0.093609
HR,S96,2019,41.00691,531.2,0.077197
HR,S96,2020,40.78902,428.6,0.095168
HR,S96,2021,44.48941,513.8,0.086589
HR,S96,2022,45.90995,576.9,0.079580
HR,S96,2023,48.25886,661.3,0.072976
HR,T,2012,29.77246,45.7,0.651476
HR,T,2013,28.67668,40.4,0.709819
HR,T,2014,28.83369,24.7,1.167356
HR,T,2015,29.95216,19.9,1.505134
HR,T,2016,30.09725,17.4,1.729727
HR,T,2017,30.54733,19.5,1.566530
HR,T,2018,31.42251,18.8,1.671410
HR,T,2019,31.83115,17.9,1.778277
HR,T,2020,31.38076,15.4,2.037712
HR,T,2021,32.93534,15.7,2.097792
HR,T,2022,31.46494,15.9,1.978927
HR,T,2023,32.36855,16.3,1.985801
HR,TOTAL,2012,20666.49566,37753.5,0.547406
HR,TOTAL,2013,19727.68868,37328.4,0.528490
HR,TOTAL,2014,19116.31036,36805.5,0.519387
HR,TOTAL,2015,19198.35506,37587.4,0.510766
HR,TOTAL,2016,19108.03399,39284.3,0.486404
HR,TOTAL,2017,19910.47313,41335.7,0.481677
HR,TOTAL,2018,18786.377,43358.0,0.433285
HR,TOTAL,2019,18969.01295,45506.8,0.416839
HR,TOTAL,2020,18214.61999,41976.4,0.433925
HR,TOTAL,2021,18361.71821,47876.5,0.383523
HR,TOTAL,2022,18358.68988,56301.4,0.326079
HR,TOTAL,2023,18854.43167,66251.0,0.284591
HU,A,2012,7571.58083,3887.7,1.947573
HU,A,2013,8341.57728,4009.3,2.080557
HU,A,2014,8768.20546,4195.2,2.090057
HU,A,2015,9035.98403,4244.8,2.128718
HU,A,2016,9432.2617,4509.5,2.091642
HU,A,2017,9275.44277,4769.5,1.944741
HU,A,2018,9408.32132,4741.5,1.984250
HU,A,2019,9443.68195,4900.2,1.927203
HU,A,2020,9615.44064,4672.4,2.057923
HU,A,2021,9613.42467,5358.2,1.794152
HU,A,2022,8480.69497,5299.1,1.600403
HU,A,2023,8123.78314,5766.8,1.408716
HU,A01,2012,7493.96055,3651.4,2.052353
HU,A01,2013,8238.71304,3782.4,2.178171
HU,A01,2014,8660.74576,3974.8,2.178914
HU,A01,2015,8918.01705,4005.5,2.226443
HU,A01,2016,9313.57033,4258.9,2.186849
HU,A01,2017,9142.56432,4505.7,2.029111
HU,A01,2018,9270.51981,4459.1,2.079011
HU,A01,2019,9309.05939,4602.7,2.022521
HU,A01,2020,9500.84633,4415.8,2.151557
HU,A01,2021,9493.35979,5058.6,1.876677
HU,A01,2022,8345.45717,4952.1,1.685236
HU,A01,2023,8002.77294,5388.6,1.485130
HU,A02,2012,76.42484,224.0,0.341182
HU,A02,2013,98.19208,211.7,0.463827
HU,A02,2014,102.7267,205.3,0.500374
HU,A02,2015,112.16047,224.0,0.500716
HU,A02,2016,113.12912,235.9,0.479564
HU,A02,2017,124.45987,248.7,0.500442
HU,A02,2018,129.33091,265.4,0.487306
HU,A02,2019,125.39429,279.5,0.448638
HU,A02,2020,105.16537,239.5,0.439104
HU,A02,2021,110.76593,280.5,0.394887
HU,A02,2022,125.74059,327.4,0.384058
HU,A02,2023,114.85195,353.6,0.324808
HU,A03,2012,1.19544,12.3,0.097190
HU,A03,2013,4.67215,15.2,0.307378
HU,A03,2014,4.733,15.1,0.313444
HU,A03,2015,5.8065,15.3,0.379510
HU,A03,2016,5.56225,14.8,0.375828
HU,A03,2017,8.41858,15.1,0.557522
HU,A03,2018,8.47061,17.0,0.498271
HU,A03,2019,9.22827,18.0,0.512682
HU,A03,2020,9.42894,17.1,0.551400
HU,A03,2021,9.29896,19.1,0.486857
HU,A03,2022,9.49721,19.5,0.487036
HU,A03,2023,6.15825,24.6,0.250335
HU,B,2012,868.84529,212.8,4.082920
HU,B,2013,821.62517,193.2,4.252718
HU,B,2014,774.29021,180.1,4.299224
HU,B,2015,752.03162,152.7,4.924896
HU,B,2016,756.44973,143.0,5.289858
HU,B,2017,802.20413,210.3,3.814570
HU,B,2018,841.40282,323.7,2.599329
HU,B,2019,841.27458,452.0,1.861227
HU,B,2020,770.60901,299.0,2.577288
HU,B,2021,692.7508,443.3,1.562713
HU,B,2022,641.58501,730.9,0.877801
HU,B,2023,658.08897,622.4,1.057341
HU,C,2012,10141.44204,18490.0,0.548483
HU,C,2013,10154.95493,19120.9,0.531092
HU,C,2014,10854.44571,20654.0,0.525537
HU,C,2015,11582.94266,22805.2,0.507908
HU,C,2016,11626.31517,22802.8,0.509863
HU,C,2017,12763.74312,24303.8,0.525175
HU,C,2018,13180.05931,25134.6,0.524379
HU,C,2019,12936.10259,25534.1,0.506621
HU,C,2020,12319.12701,24003.0,0.513233
HU,C,2021,12197.52185,25612.2,0.476239
HU,C,2022,10493.67947,28277.2,0.371100
HU,C,2023,9714.9695,33825.8,0.287206
HU,C10-C12,2012,729.22945,1807.4,0.403469
HU,C10-C12,2013,879.95601,1974.3,0.445705
HU,C10-C12,2014,921.68871,2034.3,0.453074
HU,C10-C12,2015,962.72879,2107.0,0.456919
HU,C10-C12,2016,915.76982,2181.9,0.419712
HU,C10-C12,2017,944.54752,2285.3,0.413314
HU,C10-C12,2018,1049.70429,2466.6,0.425567
HU,C10-C12,2019,1001.10913,2496.1,0.401069
HU,C10-C12,2020,1023.32329,2456.8,0.416527
HU,C10-C12,2021,1063.40405,2543.5,0.418087
HU,C10-C12,2022,983.79506,2827.8,0.347901
HU,C10-C12,2023,975.60124,3714.4,0.262654
HU,C13-C15,2012,35.12463,444.1,0.079092
HU,C13-C15,2013,59.75487,450.2,0.132730
HU,C13-C15,2014,65.58467,455.3,0.144047
HU,C13-C15,2015,70.18368,454.2,0.154522
HU,C13-C15,2016,66.48346,474.7,0.140054
HU,C13-C15,2017,67.45926,502.4,0.134274
HU,C13-C15,2018,67.33694,518.7,0.129819
HU,C13-C15,2019,60.90945,528.8,0.115184
HU,C13-C15,2020,50.81697,440.0,0.115493
HU,C13-C15,2021,57.16962,457.0,0.125098
HU,C13-C15,2022,48.09566,456.3,0.105404
HU,C13-C15,2023,33.65916,570.5,0.058999
HU,C16,2012,59.33257,212.1,0.279739
HU,C16,2013,42.33663,217.3,0.194830
HU,C16,2014,39.47795,231.4,0.170605
HU,C16,2015,46.72015,249.6,0.187180
HU,C16,2016,64.17933,258.5,0.248276
HU,C16,2017,70.20057,282.5,0.248498
HU,C16,2018,81.87176,299.0,0.273819
HU,C16,2019,71.18227,326.1,0.218284
HU,C16,2020,63.34739,327.2,0.193604
HU,C16,2021,77.58501,421.8,0.183938
HU,C16,2022,76.45432,521.7,0.146548
HU,C16,2023,65.78662,473.8,0.138849
HU,C17,2012,98.06057,298.6,0.328401
HU,C17,2013,118.63024,317.0,0.374228
HU,C17,2014,127.93326,349.1,0.366466
HU,C17,2015,102.37836,365.9,0.279799
HU,C17,2016,283.24874,417.4,0.678603
HU,C17,2017,307.51052,431.4,0.712820
HU,C17,2018,281.86378,465.1,0.606028
HU,C17,2019,321.11479,522.2,0.614927
HU,C17,2020,292.67153,508.5,0.575559
HU,C17,2021,245.42286,500.6,0.490257
HU,C17,2022,277.44798,684.9,0.405093
HU,C17,2023,252.72367,753.9,0.335222
HU,C18,2012,107.10956,255.5,0.419215
HU,C18,2013,126.22443,266.1,0.474350
HU,C18,2014,128.71685,256.7,0.501429
HU,C18,2015,106.89986,265.0,0.403396
HU,C18,2016,246.39181,253.9,0.970429
HU,C18,2017,272.62102,284.0,0.959933
HU,C18,2018,244.79427,283.3,0.864081
HU,C18,2019,267.00352,289.7,0.921655
HU,C18,2020,233.95509,259.5,0.901561
HU,C18,2021,213.71725,315.4,0.677607
HU,C18,2022,222.07455,340.8,0.651627
HU,C18,2023,209.74331,429.9,0.487889
HU,C19,2012,1681.16001,1120.7,1.500098
HU,C19,2013,1571.30898,826.2,1.901851
HU,C19,2014,1735.35993,906.2,1.914986
HU,C19,2015,1722.3024,801.0,2.150190
HU,C19,2016,1711.86058,761.6,2.247716
HU,C19,2017,1772.3987,860.4,2.059971
HU,C19,2018,1928.30511,886.8,2.174453
HU,C19,2019,1877.2422,836.4,2.244431
HU,C19,2020,1840.01896,517.4,3.556279
HU,C19,2021,1712.13128,864.7,1.980029
HU,C19,2022,1631.03276,1840.4,0.886238
HU,C19,2023,1710.30872,1579.6,1.082748
HU,C20,2012,2656.72183,635.2,4.182497
HU,C20,2013,2756.84353,718.3,3.838011
HU,C20,2014,3040.05074,936.3,3.246877
HU,C20,2015,3088.24635,1264.6,2.442074
HU,C20,2016,3057.59831,1275.2,2.397740
HU,C20,2017,3407.79913,1581.0,2.155471
HU,C20,2018,3343.99561,1496.8,2.234096
HU,C20,2019,3224.97845,1256.7,2.566228
HU,C20,2020,3378.77625,1382.7,2.443608
HU,C20,2021,3470.32234,1901.4,1.825141
HU,C20,2022,2587.16329,1286.1,2.011635
HU,C20,2023,2992.10014,1276.2,2.344539
HU,C21,2012,402.23418,1463.6,0.274825
HU,C21,2013,456.38095,1264.4,0.360947
HU,C21,2014,421.82464,1376.2,0.306514
HU,C21,2015,472.09667,1455.9,0.324264
HU,C21,2016,476.25833,1404.7,0.339046
HU,C21,2017,466.65824,1651.7,0.282532
HU,C21,2018,448.61937,1523.5,0.294466
HU,C21,2019,430.34287,1630.9,0.263868
HU,C21,2020,393.14274,1627.9,0.241503
HU,C21,2021,374.86651,1580.2,0.237227
HU,C21,2022,346.19711,1950.2,0.177519
HU,C21,2023,338.94894,2307.1,0.146916
HU,C22,2012,116.28841,1182.4,0.098349
HU,C22,2013,168.78461,1197.3,0.140971
HU,C22,2014,170.33273,1294.4,0.131592
HU,C22,2015,180.83384,1427.9,0.126643
HU,C22,2016,189.30776,1533.9,0.123416
HU,C22,2017,204.62487,1538.7,0.132986
HU,C22,2018,211.21645,1745.3,0.121020
HU,C22,2019,211.86716,1821.7,0.116302
HU,C22,2020,202.38238,1788.3,0.113170
HU,C22,2021,229.31065,1871.8,0.122508
HU,C22,2022,222.80493,1829.0,0.121818
HU,C22,2023,204.0603,2107.0,0.096849
HU,C23,2012,2002.73903,546.3,3.666006
HU,C23,2013,1866.8519,594.7,3.139149
HU,C23,2014,1986.40399,634.7,3.129674
HU,C23,2015,2224.07702,716.8,3.102786
HU,C23,2016,2334.58644,747.6,3.122775
HU,C23,2017,2465.51545,814.2,3.028145
HU,C23,2018,2647.14366,875.4,3.023925
HU,C23,2019,2795.27905,980.2,2.851744
HU,C23,2020,2360.88532,878.7,2.686793
HU,C23,2021,2452.72862,1006.5,2.436889
HU,C23,2022,2106.06491,902.2,2.334366
HU,C23,2023,1408.07234,1019.4,1.381276
HU,C24,2012,1448.91851,393.8,3.679326
HU,C24,2013,986.90056,423.5,2.330344
HU,C24,2014,1148.55795,476.9,2.408383
HU,C24,2015,1477.34409,572.6,2.580063
HU,C24,2016,1126.8712,616.6,1.827556
HU,C24,2017,1546.18117,721.3,2.143603
HU,C24,2018,1647.92453,788.4,2.090214
HU,C24,2019,1479.58262,680.4,2.174578
HU,C24,2020,1336.67003,580.0,2.304603
HU,C24,2021,1034.57899,671.9,1.539781
HU,C24,2022,783.77708,446.4,1.755773
HU,C24,2023,392.96577,564.6,0.696007
HU,C25,2012,171.72291,1284.9,0.133647
HU,C25,2013,180.98948,1349.2,0.134146
HU,C25,2014,186.61759,1364.2,0.136796
HU,C25,2015,191.40348,1484.0,0.128978
HU,C25,2016,195.17005,1552.8,0.125689
HU,C25,2017,207.73392,1620.7,0.128175
HU,C25,2018,212.26964,1823.5,0.116408
HU,C25,2019,210.68147,1973.3,0.106766
HU,C25,2020,178.41317,1857.5,0.096050
HU,C25,2021,193.9925,2122.2,0.091411
HU,C25,2022,217.27545,2382.6,0.091193
HU,C25,2023,194.14481,2765.2,0.070210
HU,C26,2012,103.42918,1605.7,0.064414
HU,C26,2013,172.091,1685.7,0.102089
HU,C26,2014,159.22494,1694.0,0.093993
HU,C26,2015,158.14595,1775.5,0.089071
HU,C26,2016,190.00786,1862.5,0.102018
HU,C26,2017,219.87717,2205.3,0.099704
HU,C26,2018,218.5281,2169.0,0.100751
HU,C26,2019,213.93178,2223.9,0.096197
HU,C26,2020,213.48317,2079.3,0.102671
HU,C26,2021,227.70918,2053.9,0.110867
HU,C26,2022,186.92993,2210.8,0.084553
HU,C26,2023,179.47302,2800.7,0.064081
HU,C27,2012,68.31262,769.2,0.088810
HU,C27,2013,122.47594,788.2,0.155387
HU,C27,2014,98.5424,933.6,0.105551
HU,C27,2015,122.09964,948.5,0.128729
HU,C27,2016,148.39268,1020.0,0.145483
HU,C27,2017,137.17005,1072.6,0.127886
HU,C27,2018,131.82327,1213.1,0.108666
HU,C27,2019,140.21551,1362.9,0.102880
HU,C27,2020,167.77997,1484.5,0.113021
HU,C27,2021,188.49733,1658.2,0.113676
HU,C27,2022,179.86501,2073.7,0.086736
HU,C27,2023,184.96505,2947.8,0.062747
HU,C28,2012,160.52836,2750.5,0.058363
HU,C28,2013,251.71206,2533.6,0.099350
HU,C28,2014,242.31545,2656.5,0.091216
HU,C28,2015,263.12046,3061.2,0.085953
HU,C28,2016,219.55247,2055.6,0.106807
HU,C28,2017,218.97499,1979.8,0.110605
HU,C28,2018,203.70894,1822.8,0.111756
HU,C28,2019,187.30005,1708.3,0.109641
HU,C28,2020,180.1842,1571.3,0.114672
HU,C28,2021,198.10244,1582.5,0.125183
HU,C28,2022,184.64772,1884.0,0.098008
HU,C28,2023,164.53658,2375.1,0.069276
HU,C29,2012,208.41473,2596.7,0.080261
HU,C29,2013,266.7315,3328.7,0.080131
HU,C29,2014,259.39064,3792.4,0.068397
HU,C29,2015,259.07075,4527.4,0.057223
HU,C29,2016,257.57247,4928.7,0.052260
HU,C29,2017,298.05796,4889.8,0.060955
HU,C29,2018,301.53674,5030.5,0.059942
HU,C29,2019,274.24631,4878.0,0.056221
HU,C29,2020,241.26056,4293.2,0.056196
HU,C29,2021,275.21032,3981.5,0.069122
HU,C29,2022,256.88004,4386.9,0.058556
HU,C29,2023,237.24362,5359.7,0.044264
HU,C30,2012,7.3497,126.2,0.058239
HU,C30,2013,8.44498,131.1,0.064416
HU,C30,2014,8.87248,177.0,0.050127
HU,C30,2015,8.25193,162.7,0.050719
HU,C30,2016,7.64564,160.1,0.047755
HU,C30,2017,8.28311,170.7,0.048524
HU,C30,2018,9.13356,199.1,0.045874
HU,C30,2019,10.48321,257.7,0.040680
HU,C30,2020,10.33931,247.0,0.041860
HU,C30,2021,12.80669,247.3,0.051786
HU,C30,2022,11.45314,257.2,0.044530
HU,C30,2023,12.85956,390.6,0.032923
HU,C31_C32,2012,53.59796,573.7,0.093425
HU,C31_C32,2013,85.94215,618.9,0.138863
HU,C31_C32,2014,81.34816,634.2,0.128269
HU,C31_C32,2015,91.78814,727.6,0.126152
HU,C31_C32,2016,98.77616,827.4,0.119381
HU,C31_C32,2017,107.78431,843.8,0.127737
HU,C31_C32,2018,101.66541,798.5,0.127320
HU,C31_C32,2019,107.98163,920.9,0.117257
HU,C31_C32,2020,103.53273,903.3,0.114616
HU,C31_C32,2021,117.47593,941.2,0.124815
HU,C31_C32,2022,121.57895,1058.4,0.114871
HU,C31_C32,2023,114.15118,1235.6,0.092385
HU,C33,2012,31.16783,423.4,0.073613
HU,C33,2013,32.59513,436.4,0.074691
HU,C33,2014,32.20265,450.4,0.071498
HU,C33,2015,35.25111,437.6,0.080556
HU,C33,2016,36.64206,469.9,0.077978
HU,C33,2017,40.34517,568.3,0.070993
HU,C33,2018,48.61789,729.1,0.066682
HU,C33,2019,50.65111,839.9,0.060306
HU,C33,2020,48.14396,799.8,0.060195
HU,C33,2021,52.49028,890.8,0.058925
HU,C33,2022,50.14159,937.9,0.053462
HU,C33,2023,43.62546,1154.6,0.037784
HU,D,2012,16489.83524,2130.3,7.740616
HU,D,2013,13929.88154,1880.5,7.407541
HU,D,2014,13124.05557,1878.0,6.988315
HU,D,2015,13511.42797,1924.3,7.021477
HU,D,2016,13263.15756,2223.9,5.963918
HU,D,2017,13531.95093,1881.7,7.191343
HU,D,2018,12614.70407,1828.5,6.898936
HU,D,2019,12145.95339,2113.5,5.746843
HU,D,2020,11889.49867,1922.1,6.185682
HU,D,2021,11074.97519,1916.5,5.778750
HU,D,2022,10218.45883,1751.8,5.833120
HU,D,2023,8476.42453,4235.1,2.001470
HU,E,2012,4888.97473,971.2,5.033953
HU,E,2013,4682.63305,923.3,5.071627
HU,E,2014,4616.59755,841.6,5.485501
HU,E,2015,4519.28863,895.7,5.045538
HU,E,2016,4415.66894,971.5,4.545207
HU,E,2017,4435.79023,1020.3,4.347535
HU,E,2018,4408.44987,980.8,4.494749
HU,E,2019,4425.12933,1011.2,4.376117
HU,E,2020,4351.11144,926.8,4.694768
HU,E,2021,4330.75061,1010.1,4.287447
HU,E,2022,4329.33877,903.7,4.790681
HU,E,2023,4227.01994,953.3,4.434092
HU,E36,2012,57.00251,412.4,0.138221
HU,E36,2013,55.25679,398.0,0.138836
HU,E36,2014,51.75925,352.5,0.146835
HU,E36,2015,54.17706,379.7,0.142684
HU,E36,2016,49.97567,391.6,0.127619
HU,E36,2017,45.8127,397.7,0.115194
HU,E36,2018,41.86013,379.6,0.110274
HU,E36,2019,38.3651,374.1,0.102553
HU,E36,2020,31.73603,328.0,0.096756
HU,E36,2021,30.6092,250.5,0.122192
HU,E36,2022,25.56459,143.5,0.178150
HU,E36,2023,20.68311,93.7,0.220738
HU,E37-E39,2012,4831.97222,558.8,8.647051
HU,E37-E39,2013,4627.37626,525.3,8.809016
HU,E37-E39,2014,4564.8383,489.1,9.333139
HU,E37-E39,2015,4465.11157,516.0,8.653317
HU,E37-E39,2016,4365.69327,579.9,7.528355
HU,E37-E39,2017,4389.97753,622.6,7.051040
HU,E37-E39,2018,4366.58974,601.2,7.263123
HU,E37-E39,2019,4386.76423,637.1,6.885519
HU,E37-E39,2020,4319.37541,598.8,7.213386
HU,E37-E39,2021,4300.14141,759.6,5.661060
HU,E37-E39,2022,4303.77418,760.3,5.660626
HU,E37-E39,2023,4206.33683,859.6,4.893365
HU,F,2012,588.54552,3240.6,0.181616
HU,F,2013,782.14136,3492.2,0.223968
HU,F,2014,890.13065,3761.1,0.236668
HU,F,2015,938.08912,4006.2,0.234159
HU,F,2016,964.96688,3530.2,0.273346
HU,F,2017,994.07393,4591.5,0.216503
HU,F,2018,1162.6814,5836.2,0.199219
HU,F,2019,1138.23933,7192.7,0.158249
HU,F,2020,1112.93327,6698.0,0.166159
HU,F,2021,1233.55645,8052.4,0.153191
HU,F,2022,1206.62132,9150.7,0.131861
HU,F,2023,1022.3319,10443.1,0.097895
HU,G,2012,2045.44936,8305.6,0.246274
HU,G,2013,2159.20824,9084.6,0.237678
HU,G,2014,2304.19196,9551.6,0.241236
HU,G,2015,2525.02752,9865.4,0.255948
HU,G,2016,2420.6578,10092.0,0.239859
HU,G,2017,2332.02885,11078.4,0.210502
HU,G,2018,2430.56954,12224.8,0.198823
HU,G,2019,2325.84993,12697.3,0.183177
HU,G,2020,2132.9655,12649.3,0.168623
HU,G,2021,2330.55031,14717.5,0.158352
HU,G,2022,2279.98985,14684.7,0.155263
HU,G,2023,2024.67791,17688.0,0.114466
HU,G45,2012,391.342,835.2,0.468561
HU,G45,2013,416.42309,891.3,0.467209
HU,G45,2014,478.83548,983.8,0.486720
HU,G45,2015,552.81804,1025.1,0.539282
HU,G45,2016,562.1863,1086.9,0.517238
HU,G45,2017,609.79967,1232.6,0.494726
HU,G45,2018,665.74427,1460.2,0.455927
HU,G45,2019,669.81417,1541.9,0.434408
HU,G45,2020,565.99704,1355.6,0.417525
HU,G45,2021,669.01519,1568.0,0.426668
HU,G45,2022,727.71767,1708.8,0.425865
HU,G45,2023,637.34218,2249.3,0.283351
HU,G46,2012,1015.37022,4332.8,0.234345
HU,G46,2013,1061.96081,4626.6,0.229534
HU,G46,2014,1103.32835,4650.7,0.237239
HU,G46,2015,1216.66831,4875.7,0.249537
HU,G46,2016,1149.04896,4864.6,0.236206
HU,G46,2017,1076.64102,5158.3,0.208720
HU,G46,2018,1108.32979,5616.0,0.197352
HU,G46,2019,1034.00436,5591.4,0.184928
HU,G46,2020,990.8962,6109.9,0.162179
HU,G46,2021,1085.49299,7396.2,0.146764
HU,G46,2022,1033.01819,7308.6,0.141343
HU,G46,2023,904.13997,8340.0,0.108410
HU,G47,2012,638.73714,3137.6,0.203575
HU,G47,2013,680.82435,3566.8,0.190878
HU,G47,2014,722.02813,3917.1,0.184327
HU,G47,2015,755.54118,3964.6,0.190572
HU,G47,2016,709.42254,4140.5,0.171337
HU,G47,2017,645.58816,4687.5,0.137725
HU,G47,2018,656.49548,5148.5,0.127512
HU,G47,2019,622.0314,5564.0,0.111796
HU,G47,2020,576.07226,5183.8,0.111129
HU,G47,2021,576.04213,5753.3,0.100124
HU,G47,2022,519.25398,5667.3,0.091623
HU,G47,2023,483.19577,7098.7,0.068068
HU,H,2012,5319.73158,5402.1,0.984753
HU,H,2013,5459.9107,5631.7,0.969496
HU,H,2014,6104.21568,5874.9,1.039033
HU,H,2015,6399.64164,6165.7,1.037942
HU,H,2016,6252.29136,6526.3,0.958015
HU,H,2017,6879.84767,6653.0,1.034097
HU,H,2018,7308.39166,6993.2,1.045071
HU,H,2019,6729.49176,7598.1,0.885681
HU,H,2020,4854.8643,6764.1,0.717740
HU,H,2021,5680.35559,6876.1,0.826101
HU,H,2022,8005.79047,7962.4,1.005449
HU,H,2023,7069.78362,8957.7,0.789241
HU,H49,2012,3485.40346,2529.0,1.378175
HU,H49,2013,3465.8763,2769.8,1.251309
HU,H49,2014,3736.11906,2868.8,1.302328
HU,H49,2015,3905.01503,3061.9,1.275357
HU,H49,2016,3535.80171,3303.3,1.070385
HU,H49,2017,3560.15862,3360.6,1.059382
HU,H49,2018,3452.47637,3557.3,0.970533
HU,H49,2019,3278.92498,3816.8,0.859077
HU,H49,2020,2645.25621,3736.4,0.707969
HU,H49,2021,2937.41377,3742.2,0.784943
HU,H49,2022,3176.28212,4119.9,0.770961
HU,H49,2023,2780.74292,4699.2,0.591748
HU,H50,2012,19.82844,10.1,1.963212
HU,H50,2013,16.67672,13.1,1.273032
HU,H50,2014,19.83311,10.1,1.963674
HU,H50,2015,19.8212,11.8,1.679763
HU,H50,2016,16.68922,13.2,1.264335
HU,H50,2017,16.73314,14.8,1.130618
HU,H50,2018,16.69461,11.1,1.504019
HU,H50,2019,16.64028,8.5,1.957680
HU,H50,2020,13.39471,14.4,0.930188
HU,H50,2021,10.17685,11.7,0.869816
HU,H50,2022,13.43644,23.0,0.584193
HU,H50,2023,10.32157,32.3,0.319553
HU,H51,2012,1375.90853,185.1,7.433325
HU,H51,2013,1520.29545,293.5,5.179882
HU,H51,2014,1843.42626,350.5,5.259419
HU,H51,2015,1930.70815,539.2,3.580690
HU,H51,2016,2173.68146,617.1,3.522414
HU,H51,2017,2787.67168,693.4,4.020294
HU,H51,2018,3338.08058,651.6,5.122898
HU,H51,2019,2955.7646,801.1,3.689633
HU,H51,2020,1794.19354,175.3,10.234989
HU,H51,2022,4380.17212,29.0,151.040418
HU,H51,2023,3907.73758,90.8,43.036757
HU,H52,2012,397.67404,2181.7,0.182277
HU,H52,2013,414.5011,2053.5,0.201851
HU,H52,2014,463.381,2139.1,0.216624
HU,H52,2015,500.91349,2038.9,0.245678
HU,H52,2016,482.48162,2068.5,0.233252
HU,H52,2017,476.50663,2067.0,0.230531
HU,H52,2018,463.60106,2238.7,0.207085
HU,H52,2019,441.45117,2387.6,0.184893
HU,H52,2020,365.49156,2245.3,0.162781
HU,H52,2021,396.0535,2413.9,0.164072
HU,H52,2022,391.24221,2876.7,0.136004
HU,H52,2023,333.45161,3105.6,0.107371
HU,H53,2012,40.91711,496.2,0.082461
HU,H53,2013,42.56112,501.9,0.084800
HU,H53,2014,41.45625,506.4,0.081865
HU,H53,2015,43.18376,513.9,0.084031
HU,H53,2016,43.63736,524.2,0.083246
HU,H53,2017,38.7776,517.3,0.074962
HU,H53,2018,37.53904,534.5,0.070232
HU,H53,2019,36.71073,584.2,0.062839
HU,H53,2020,36.52828,592.6,0.061641
HU,H53,2021,45.34434,805.0,0.056328
HU,H53,2022,44.65759,913.9,0.048865
HU,H53,2023,37.52995,1029.8,0.036444
HU,I,2012,193.69827,1306.8,0.148223
HU,I,2013,185.88414,1281.4,0.145063
HU,I,2014,203.8261,1484.6,0.137294
HU,I,2015,217.16671,1563.1,0.138933
HU,I,2016,205.35047,1617.6,0.126948
HU,I,2017,196.38034,1949.7,0.100723
HU,I,2018,206.13495,2197.6,0.093800
HU,I,2019,201.35444,2463.3,0.081742
HU,I,2020,136.06044,1482.2,0.091796
HU,I,2021,169.68784,2131.8,0.079598
HU,I,2022,194.37019,2872.7,0.067661
HU,I,2023,190.54363,3790.2,0.050273
HU,J,2012,387.15742,4468.3,0.086645
HU,J,2013,383.69274,4533.3,0.084639
HU,J,2014,357.64895,4626.5,0.077304
HU,J,2015,361.42003,4614.1,0.078329
HU,J,2016,337.70733,4810.7,0.070199
HU,J,2017,315.54257,5253.0,0.060069
HU,J,2018,301.66493,5647.1,0.053419
HU,J,2019,282.76581,6133.8,0.046100
HU,J,2020,275.62995,6079.5,0.045338
HU,J,2021,292.00547,7002.7,0.041699
HU,J,2022,245.45367,7112.0,0.034513
HU,J,2023,213.31819,8818.6,0.024190
HU,J58,2012,34.32698,407.9,0.084155
HU,J58,2013,35.53076,432.2,0.082209
HU,J58,2014,29.45567,375.4,0.078465
HU,J58,2015,31.13313,388.0,0.080240
HU,J58,2016,30.91898,433.8,0.071275
HU,J58,2017,31.0995,509.3,0.061063
HU,J58,2018,27.71499,495.5,0.055933
HU,J58,2019,24.36267,486.0,0.050129
HU,J58,2020,22.08627,450.4,0.049037
HU,J58,2021,22.81381,493.5,0.046229
HU,J58,2022,18.76781,480.3,0.039075
HU,J58,2023,17.73722,668.8,0.026521
HU,J59_J60,2012,59.17411,807.6,0.073272
HU,J59_J60,2013,53.01166,719.3,0.073699
HU,J59_J60,2014,45.86291,680.8,0.067366
HU,J59_J60,2015,37.01682,541.4,0.068372
HU,J59_J60,2016,28.82924,444.6,0.064843
HU,J59_J60,2017,29.29406,568.7,0.051511
HU,J59_J60,2018,26.32206,567.0,0.046423
HU,J59_J60,2019,24.4861,599.2,0.040865
HU,J59_J60,2020,21.99368,523.6,0.042005
HU,J59_J60,2021,23.79824,622.4,0.038236
HU,J59_J60,2022,18.35386,581.3,0.031574
HU,J59_J60,2023,15.43876,693.5,0.022262
HU,J61,2012,139.81193,1420.1,0.098452
HU,J61,2013,135.29105,1402.8,0.096444
HU,J61,2014,128.49081,1433.5,0.089634
HU,J61,2015,130.74715,1455.4,0.089836
HU,J61,2016,118.14611,1479.7,0.079845
HU,J61,2017,104.19242,1490.7,0.069895
HU,J61,2018,96.13107,1575.1,0.061032
HU,J61,2019,84.85118,1656.4,0.051226
HU,J61,2020,78.50601,1615.8,0.048586
HU,J61,2021,73.82368,1653.1,0.044658
HU,J61,2022,56.16741,1530.1,0.036708
HU,J61,2023,50.07943,1975.6,0.025349
HU,J62_J63,2012,153.84439,1832.7,0.083944
HU,J62_J63,2013,159.85927,1978.9,0.080782
HU,J62_J63,2014,153.83956,2136.8,0.071995
HU,J62_J63,2015,162.52293,2229.4,0.072900
HU,J62_J63,2016,159.813,2452.4,0.065166
HU,J62_J63,2017,150.95659,2684.4,0.056235
HU,J62_J63,2018,151.49682,3009.5,0.050340
HU,J62_J63,2019,149.06586,3392.2,0.043944
HU,J62_J63,2020,153.04398,3489.7,0.043856
HU,J62_J63,2021,171.56974,4233.6,0.040526
HU,J62_J63,2022,152.16458,4520.4,0.033662
HU,J62_J63,2023,130.06278,5480.6,0.023731
HU,K,2012,290.00049,3905.1,0.074262
HU,K,2013,270.56577,3614.2,0.074862
HU,K,2014,244.33564,3636.7,0.067186
HU,K,2015,242.97808,3560.0,0.068252
HU,K,2016,223.37542,3604.4,0.061973
HU,K,2017,212.88249,3975.1,0.053554
HU,K,2018,204.86514,4267.4,0.048007
HU,K,2019,205.82221,4918.8,0.041844
HU,K,2020,204.23282,4788.9,0.042647
HU,K,2021,209.41226,5346.1,0.039171
HU,K,2022,181.28547,5726.5,0.031657
HU,K,2023,155.26216,6943.1,0.022362
HU,K64,2012,216.3575,2928.4,0.073882
HU,K64,2013,190.28784,2537.0,0.075005
HU,K64,2014,180.79461,2724.2,0.066366
HU,K64,2015,177.36598,2657.8,0.066734
HU,K64,2016,156.20276,2568.7,0.060810
HU,K64,2017,147.06448,2797.0,0.052579
HU,K64,2018,141.86423,3025.3,0.046893
HU,K64,2019,143.53994,3522.5,0.040749
HU,K64,2020,144.53756,3460.7,0.041765
HU,K64,2021,148.05152,3853.5,0.038420
HU,K64,2022,137.20172,4451.7,0.030820
HU,K64,2023,117.14994,5344.5,0.021920
HU,K65,2012,36.83319,488.5,0.075401
HU,K65,2013,41.56746,567.8,0.073208
HU,K65,2014,29.43892,423.1,0.069579
HU,K65,2015,29.3932,408.8,0.071901
HU,K65,2016,31.84129,501.6,0.063479
HU,K65,2017,33.21069,615.6,0.053948
HU,K65,2018,29.37866,600.3,0.048940
HU,K65,2019,28.08339,656.2,0.042797
HU,K65,2020,27.92983,635.9,0.043922
HU,K65,2021,28.59274,710.9,0.040220
HU,K65,2022,16.39813,410.3,0.039966
HU,K65,2023,14.20596,539.9,0.026312
HU,K66,2012,36.80981,488.1,0.075414
HU,K66,2013,38.71048,509.4,0.075992
HU,K66,2014,34.10211,489.4,0.069681
HU,K66,2015,36.2189,493.4,0.073407
HU,K66,2016,35.33137,534.1,0.066151
HU,K66,2017,32.60733,562.5,0.057969
HU,K66,2018,33.62225,641.8,0.052387
HU,K66,2019,34.19887,740.0,0.046215
HU,K66,2020,31.76544,692.3,0.045884
HU,K66,2021,32.768,781.8,0.041914
HU,K66,2022,27.68562,864.5,0.032025
HU,K66,2023,23.90626,1058.7,0.022581
HU,L,2012,522.25077,7678.1,0.068018
HU,L,2013,519.86503,7663.4,0.067837
HU,L,2014,466.02047,7610.5,0.061234
HU,L,2015,495.98345,7992.9,0.062053
HU,L,2016,498.06589,8783.5,0.056705
HU,L,2017,479.81959,9782.0,0.049051
HU,L,2018,480.53809,10902.6,0.044076
HU,L,2019,487.75209,12521.6,0.038953
HU,L,2020,493.9131,12241.5,0.040347
HU,L,2021,516.09334,13811.7,0.037366
HU,L,2022,497.72378,16597.3,0.029988
HU,L,2023,413.58742,19182.9,0.021560
HU,L68A,2012,6.71567,5316.8,0.001263
HU,L68A,2013,6.68088,5107.8,0.001308
HU,L68A,2014,6.97224,5040.7,0.001383
HU,L68A,2015,7.98117,5451.7,0.001464
HU,L68A,2016,7.77901,5962.6,0.001305
HU,L68A,2017,7.58976,6687.6,0.001135
HU,L68A,2018,8.19414,7480.0,0.001095
HU,L68A,2019,9.16472,8634.0,0.001061
HU,L68A,2020,10.06168,8576.4,0.001173
HU,L68A,2021,10.63708,9707.8,0.001096
HU,L68A,2022,13.67711,12286.6,0.001113
HU,L68A,2023,13.68384,13942.1,0.000981
HU,M,2012,375.02237,4680.5,0.080124
HU,M,2013,387.40474,4873.7,0.079489
HU,M,2014,363.40827,4960.5,0.073260
HU,M,2015,401.07836,5395.0,0.074343
HU,M,2016,395.29113,5786.6,0.068311
HU,M,2017,386.10538,6504.2,0.059362
HU,M,2018,388.46382,7114.5,0.054602
HU,M,2019,378.77248,7810.8,0.048493
HU,M,2020,366.64538,7569.0,0.048440
HU,M,2021,386.18309,8508.0,0.045391
HU,M,2022,341.7864,8866.4,0.038548
HU,M,2023,290.49363,10596.7,0.027414
HU,M69_M70,2012,156.19331,2091.6,0.074676
HU,M69_M70,2013,162.31454,2209.2,0.073472
HU,M69_M70,2014,141.55199,2112.2,0.067016
HU,M69_M70,2015,154.34832,2274.6,0.067857
HU,M69_M70,2016,153.62426,2486.4,0.061786
HU,M69_M70,2017,151.65229,2838.8,0.053421
HU,M69_M70,2018,145.77216,2952.6,0.049371
HU,M69_M70,2019,141.25775,3217.0,0.043910
HU,M69_M70,2020,141.94152,3210.0,0.044219
HU,M69_M70,2021,146.9329,3570.1,0.041157
HU,M69_M70,2022,133.82077,3943.8,0.033932
HU,M69_M70,2023,115.87739,4851.8,0.023883
HU,M71,2012,76.15143,932.2,0.081690
HU,M71,2013,76.87706,955.4,0.080466
HU,M71,2014,72.68523,993.7,0.073146
HU,M71,2015,80.79351,1081.0,0.074740
HU,M71,2016,77.79425,1119.2,0.069509
HU,M71,2017,76.65792,1278.9,0.059941
HU,M71,2018,80.36863,1460.2,0.055039
HU,M71,2019,79.84366,1625.6,0.049116
HU,M71,2020,79.30876,1637.1,0.048445
HU,M71,2021,83.17232,1806.7,0.046035
HU,M71,2022,74.54221,1901.3,0.039206
HU,M71,2023,62.85014,2250.8,0.027923
HU,M72,2012,63.94286,781.7,0.081800
HU,M72,2013,66.65862,817.5,0.081540
HU,M72,2014,69.20054,924.5,0.074852
HU,M72,2015,77.91402,1054.2,0.073908
HU,M72,2016,79.66137,1175.4,0.067774
HU,M72,2017,74.85389,1286.5,0.058184
HU,M72,2018,75.29442,1415.6,0.053189
HU,M72,2019,72.74248,1551.0,0.046900
HU,M72,2020,69.69658,1423.0,0.048979
HU,M72,2021,71.25401,1561.3,0.045638
HU,M72,2022,58.33192,1459.0,0.039981
HU,M72,2023,49.1844,1658.5,0.029656
HU,M73,2012,29.85176,352.3,0.084734
HU,M73,2013,29.9938,359.4,0.083455
HU,M73,2014,26.63353,373.7,0.071270
HU,M73,2015,28.22973,371.6,0.075968
HU,M73,2016,26.70033,387.6,0.068886
HU,M73,2017,25.42454,423.5,0.060034
HU,M73,2018,26.09905,476.7,0.054749
HU,M73,2019,24.26639,505.3,0.048024
HU,M73,2020,22.09881,465.8,0.047443
HU,M73,2021,26.65074,621.4,0.042888
HU,M73,2022,22.77616,627.1,0.036320
HU,M73,2023,19.14702,741.4,0.025825
HU,M74_M75,2012,48.883,522.7,0.093520
HU,M74_M75,2013,51.56071,532.1,0.096900
HU,M74_M75,2014,53.33698,556.4,0.095861
HU,M74_M75,2015,59.79279,613.7,0.097430
HU,M74_M75,2016,57.51093,618.0,0.093060
HU,M74_M75,2017,57.51674,676.5,0.085021
HU,M74_M75,2018,60.92956,809.4,0.075277
HU,M74_M75,2019,60.66219,911.9,0.066523
HU,M74_M75,2020,53.5997,833.0,0.064345
HU,M74_M75,2021,58.17312,948.6,0.061325
HU,M74_M75,2022,52.31535,935.2,0.055940
HU,M74_M75,2023,43.43467,1094.1,0.039699
HU,N,2012,437.62864,2832.9,0.154481
HU,N,2013,472.77691,2896.7,0.163212
HU,N,2014,528.8107,3002.0,0.176153
HU,N,2015,621.72194,3262.3,0.190578
HU,N,2016,659.04995,3489.6,0.188861
HU,N,2017,744.13715,4185.1,0.177806
HU,N,2018,852.30564,4448.0,0.191615
HU,N,2019,876.96762,4851.9,0.180747
HU,N,2020,734.14927,3989.3,0.184030
HU,N,2021,891.25975,4909.1,0.181553
HU,N,2022,954.36383,5538.6,0.172311
HU,N,2023,834.86553,6963.3,0.119895
HU,N77,2012,268.48347,665.3,0.403552
HU,N77,2013,298.76353,641.6,0.465654
HU,N77,2014,363.07556,623.4,0.582412
HU,N77,2015,437.62173,657.7,0.665382
HU,N77,2016,478.17966,689.2,0.693818
HU,N77,2017,562.08452,971.6,0.578514
HU,N77,2018,663.43637,894.5,0.741684
HU,N77,2019,684.60954,837.7,0.817249
HU,N77,2020,569.23603,699.4,0.813892
HU,N77,2021,699.97374,807.5,0.866841
HU,N77,2022,771.27996,867.3,0.889289
HU,N77,2023,673.62884,1114.0,0.604694
HU,N78,2012,37.52378,554.8,0.067635
HU,N78,2013,40.91261,612.4,0.066807
HU,N78,2014,40.96855,690.5,0.059332
HU,N78,2015,48.79786,797.3,0.061204
HU,N78,2016,49.13917,862.4,0.056980
HU,N78,2017,46.28135,944.5,0.049001
HU,N78,2018,47.67687,1074.6,0.044367
HU,N78,2019,48.27514,1244.7,0.038785
HU,N78,2020,39.42659,956.4,0.041224
HU,N78,2021,43.68267,1148.3,0.038041
HU,N78,2022,40.15205,1301.9,0.030841
HU,N78,2023,36.79765,1711.8,0.021496
HU,N79,2012,6.81177,91.9,0.074122
HU,N79,2013,7.75047,107.5,0.072097
HU,N79,2014,8.26328,113.7,0.072676
HU,N79,2015,9.14555,107.9,0.084759
HU,N79,2016,9.98229,104.9,0.095160
HU,N79,2017,11.18726,128.3,0.087196
HU,N79,2018,11.33501,132.3,0.085677
HU,N79,2019,11.76713,132.6,0.088742
HU,N79,2020,7.51677,48.2,0.155950
HU,N79,2021,8.98696,76.2,0.117939
HU,N79,2022,10.43959,118.1,0.088396
HU,N79,2023,10.64722,227.3,0.046842
HU,N80-N82,2012,124.80962,1520.9,0.082063
HU,N80-N82,2013,125.35029,1535.2,0.081651
HU,N80-N82,2014,116.50331,1574.4,0.073999
HU,N80-N82,2015,126.1568,1699.3,0.074240
HU,N80-N82,2016,121.74884,1833.1,0.066417
HU,N80-N82,2017,124.58401,2140.6,0.058201
HU,N80-N82,2018,129.8574,2346.6,0.055339
HU,N80-N82,2019,132.31581,2636.9,0.050179
HU,N80-N82,2020,117.96988,2285.4,0.051619
HU,N80-N82,2021,138.61639,2877.1,0.048179
HU,N80-N82,2022,132.49223,3251.3,0.040751
HU,N80-N82,2023,113.79183,3910.2,0.029101
HU,O,2012,683.38002,6813.0,0.100305
HU,O,2013,720.63468,7243.2,0.099491
HU,O,2014,681.06131,7230.3,0.094195
HU,O,2015,775.42301,7613.3,0.101851
HU,O,2016,754.4479,8217.6,0.091809
HU,O,2017,778.9727,8816.5,0.088354
HU,O,2018,808.06711,9080.0,0.088994
HU,O,2019,815.954,9733.2,0.083832
HU,O,2020,809.0376,9409.1,0.085985
HU,O,2021,871.66869,10005.7,0.087117
HU,O,2022,832.52316,11255.7,0.073965
HU,O,2023,692.09738,12223.2,0.056622
HU,P,2012,265.3734,3745.1,0.070859
HU,P,2013,246.07255,3505.3,0.070200
HU,P,2014,245.85157,3983.7,0.061714
HU,P,2015,268.95572,4318.3,0.062283
HU,P,2016,265.19284,4680.7,0.056657
HU,P,2017,241.00995,4935.2,0.048835
HU,P,2018,225.51991,5139.1,0.043883
HU,P,2019,210.27462,5460.7,0.038507
HU,P,2020,210.81999,5266.9,0.040027
HU,P,2021,208.19726,5792.1,0.035945
HU,P,2022,182.15803,6104.0,0.029842
HU,P,2023,153.06143,7301.5,0.020963
HU,Q,2012,307.31447,3704.2,0.082964
HU,Q,2013,317.10176,3905.4,0.081196
HU,Q,2014,317.67933,3893.6,0.081590
HU,Q,2015,314.88102,4041.2,0.077918
HU,Q,2016,325.84882,4365.8,0.074637
HU,Q,2017,291.79409,4853.5,0.060120
HU,Q,2018,329.56041,5231.5,0.062995
HU,Q,2019,309.97776,5543.1,0.055921
HU,Q,2020,370.2029,5647.4,0.065553
HU,Q,2021,385.61908,6258.8,0.061612
HU,Q,2022,422.91766,6488.8,0.065177
HU,Q,2023,381.79812,7498.6,0.050916
HU,Q86,2012,251.05617,2914.1,0.086152
HU,Q86,2013,258.97023,3078.6,0.084119
HU,Q86,2014,262.54734,3017.3,0.087014
HU,Q86,2015,254.84896,3116.7,0.081769
HU,Q86,2016,267.3731,3410.7,0.078392
HU,Q86,2017,232.51979,3740.7,0.062159
HU,Q86,2018,270.10141,4034.7,0.066945
HU,Q86,2019,252.1712,4250.4,0.059329
HU,Q86,2020,310.12588,4324.2,0.071719
HU,Q86,2021,325.16997,4892.8,0.066459
HU,Q86,2022,367.02621,5005.7,0.073322
HU,Q86,2023,334.36887,5726.2,0.058393
HU,Q87_Q88,2012,56.25829,790.1,0.071204
HU,Q87_Q88,2013,58.13154,826.8,0.070309
HU,Q87_Q88,2014,55.13199,876.3,0.062915
HU,Q87_Q88,2015,60.03207,924.5,0.064935
HU,Q87_Q88,2016,58.47572,955.1,0.061225
HU,Q87_Q88,2017,59.2743,1112.8,0.053266
HU,Q87_Q88,2018,59.459,1196.8,0.049682
HU,Q87_Q88,2019,57.80655,1292.7,0.044718
HU,Q87_Q88,2020,60.07702,1323.2,0.045403
HU,Q87_Q88,2021,60.44911,1366.0,0.044253
HU,Q87_Q88,2022,55.89145,1483.1,0.037686
HU,Q87_Q88,2023,47.42925,1772.5,0.026758
HU,R,2012,67.64273,953.0,0.070979
HU,R,2013,73.55489,1026.9,0.071628
HU,R,2014,70.20148,1078.0,0.065122
HU,R,2015,79.29381,1191.2,0.066566
HU,R,2016,78.38363,1281.3,0.061175
HU,R,2017,81.371,1562.0,0.052094
HU,R,2018,79.39462,1669.2,0.047564
HU,R,2019,79.07289,1823.5,0.043363
HU,R,2020,70.67297,1559.2,0.045326
HU,R,2021,80.21754,1905.2,0.042105
HU,R,2022,72.42192,2138.7,0.033863
HU,R,2023,61.20163,2549.6,0.024004
HU,R90-R92,2012,48.34965,695.1,0.069558
HU,R90-R92,2013,52.44013,751.5,0.069781
HU,R90-R92,2014,48.83242,765.2,0.063817
HU,R90-R92,2015,54.29237,841.7,0.064503
HU,R90-R92,2016,52.54963,893.3,0.058826
HU,R90-R92,2017,51.0264,1029.7,0.049555
HU,R90-R92,2018,47.03953,1037.6,0.045335
HU,R90-R92,2019,47.52871,1179.9,0.040282
HU,R90-R92,2020,41.89196,976.5,0.042900
HU,R90-R92,2021,46.46413,1161.8,0.039993
HU,R90-R92,2022,40.98114,1283.3,0.031934
HU,R90-R92,2023,34.30215,1515.2,0.022639
HU,R93,2012,19.29308,257.9,0.074808
HU,R93,2013,21.11476,275.4,0.076669
HU,R93,2014,21.36905,312.8,0.068315
HU,R93,2015,25.00144,349.5,0.071535
HU,R93,2016,25.834,388.0,0.066582
HU,R93,2017,30.34461,532.3,0.057007
HU,R93,2018,32.35509,631.6,0.051227
HU,R93,2019,31.54418,643.6,0.049012
HU,R93,2020,28.78101,582.7,0.049393
HU,R93,2021,33.7534,743.4,0.045404
HU,R93,2022,31.44078,855.4,0.036756
HU,R93,2023,26.89948,1034.4,0.026005
HU,S,2012,171.80654,1380.4,0.124461
HU,S,2013,174.43649,1420.3,0.122817
HU,S,2014,162.33797,1404.9,0.115551
HU,S,2015,162.6039,1464.6,0.111023
HU,S,2016,147.44803,1500.6,0.098259
HU,S,2017,142.98198,1582.1,0.090375
HU,S,2018,137.98457,1632.3,0.084534
HU,S,2019,133.39559,1815.6,0.073472
HU,S,2020,127.08868,1443.4,0.088048
HU,S,2021,137.70199,1613.9,0.085323
HU,S,2022,125.74509,1766.3,0.071191
HU,S,2023,106.09151,2055.4,0.051616
HU,S94,2012,38.91175,465.2,0.083645
HU,S94,2013,37.20964,458.5,0.081155
HU,S94,2014,33.24046,458.2,0.072546
HU,S94,2015,39.28025,495.5,0.079274
HU,S94,2016,39.78678,500.9,0.079431
HU,S94,2017,40.42382,556.6,0.072626
HU,S94,2018,38.64112,596.6,0.064769
HU,S94,2019,38.9442,697.6,0.055826
HU,S94,2020,35.95772,667.3,0.053885
HU,S94,2021,41.07247,721.1,0.056958
HU,S94,2022,41.54674,789.6,0.052617
HU,S94,2023,36.32524,987.3,0.036793
HU,S95,2012,34.01028,140.3,0.242411
HU,S95,2013,37.12067,137.7,0.269576
HU,S95,2014,37.76708,153.5,0.246040
HU,S95,2015,26.81026,155.5,0.172413
HU,S95,2016,13.93176,161.0,0.086533
HU,S95,2017,14.13741,171.6,0.082386
HU,S95,2018,13.48973,183.2,0.073634
HU,S95,2019,12.33201,188.6,0.065387
HU,S95,2020,10.10442,158.9,0.063590
HU,S95,2021,10.57322,186.9,0.056572
HU,S95,2022,10.30805,186.9,0.055153
HU,S95,2023,8.70199,215.9,0.040306
HU,S96,2012,98.88451,774.9,0.127609
HU,S96,2013,100.10619,824.1,0.121473
HU,S96,2014,91.33043,793.2,0.115142
HU,S96,2015,96.51339,813.5,0.118640
HU,S96,2016,93.7295,838.8,0.111742
HU,S96,2017,88.42075,853.8,0.103561
HU,S96,2018,85.85371,852.5,0.100708
HU,S96,2019,82.11938,929.3,0.088367
HU,S96,2020,81.02654,617.1,0.131302
HU,S96,2021,86.0563,706.0,0.121893
HU,S96,2022,73.8903,789.8,0.093556
HU,S96,2023,61.06429,852.1,0.071663
HU,T,2012,0.01668,13.2,0.001264
HU,T,2013,0.01712,13.1,0.001307
HU,T,2014,0.01741,12.6,0.001382
HU,T,2015,0.02704,18.5,0.001462
HU,T,2016,0.02685,20.6,0.001303
HU,T,2017,0.02371,20.9,0.001134
HU,T,2018,0.04084,37.3,0.001095
HU,T,2019,0.02917,27.5,0.001061
HU,T,2020,0.0305,26.0,0.001173
HU,T,2021,0.02682,24.5,0.001095
HU,T,2022,0.02532,22.7,0.001115
HU,T,2023,0.02407,25.1,0.000959
HU,TOTAL,2012,51615.69639,84120.9,0.613589
HU,TOTAL,2013,50083.93909,86312.4,0.580264
HU,TOTAL,2014,51077.332,89860.3,0.568408
HU,TOTAL,2015,53205.96625,95094.5,0.559506
HU,TOTAL,2016,53021.95739,98958.3,0.535801
HU,TOTAL,2017,54886.10258,107927.7,0.508545
HU,TOTAL,2018,55369.12002,115429.9,0.479677
HU,TOTAL,2019,53967.86153,124603.0,0.433118
HU,TOTAL,2020,50845.03345,117436.9,0.432956
HU,TOTAL,2021,51301.95859,131296.3,0.390734
HU,TOTAL,2022,49706.93322,143250.4,0.346993
HU,TOTAL,2023,44809.42421,170440.5,0.262904
IE,A,2012,18962.24629,1742.0,10.885331
IE,A,2013,19562.70879,1957.1,9.995764
IE,A,2014,19629.95615,2441.9,8.038804
IE,A,2015,20017.91779,2365.3,8.463162
IE,A,2016,20610.89336,2555.0,8.066886
IE,A,2017,21233.08241,3453.1,6.148991
IE,A,2018,21520.48732,3110.6,6.918436
IE,A,2019,21430.19841,3469.8,6.176206
IE,A,2020,21691.71762,3851.5,5.632018
IE,A,2021,22096.6021,4633.0,4.769394
IE,A,2022,21953.37167,6107.1,3.594729
IE,A,2023,20911.43427,4444.0,4.705543
IE,A01,2012,18836.42683,1574.7,11.961915
IE,A01,2013,19433.08416,1793.3,10.836494
IE,A01,2014,19498.96828,2268.5,8.595534
IE,A01,2015,19904.90421,2187.8,9.098137
IE,A01,2016,20484.21922,2386.3,8.584092
IE,A01,2017,21104.4123,3234.8,6.524178
IE,A01,2018,21390.27952,2899.6,7.376976
IE,A01,2019,21275.16166,3261.8,6.522522
IE,A01,2020,21555.11142,3679.0,5.858959
IE,A01,2021,21960.4973,4421.8,4.966416
IE,A01,2022,21819.84325,5845.8,3.732568
IE,A01,2023,20763.7472,4135.4,5.020977
IE,A02,2012,52.05807,9.7,5.366811
IE,A02,2013,53.35144,13.6,3.922900
IE,A02,2014,53.8899,18.9,2.851317
IE,A02,2015,55.0792,16.2,3.399951
IE,A02,2016,64.57554,21.4,3.017549
IE,A02,2017,63.62792,37.9,1.678837
IE,A02,2018,65.95647,24.5,2.692101
IE,A02,2019,68.42967,18.6,3.679015
IE,A02,2020,61.01264,18.4,3.315904
IE,A02,2021,65.59787,18.3,3.584583
IE,A02,2022,64.9454,50.0,1.298908
IE,A02,2023,70.41899,81.8,0.860868
IE,A03,2012,73.7614,157.6,0.468029
IE,A03,2013,76.27319,150.2,0.507811
IE,A03,2014,77.09797,154.5,0.499016
IE,A03,2015,57.93438,161.3,0.359172
IE,A03,2016,62.0986,147.2,0.421865
IE,A03,2017,65.04219,180.4,0.360544
IE,A03,2018,64.25133,186.6,0.344327
IE,A03,2019,86.60709,189.4,0.457271
IE,A03,2020,75.59356,154.1,0.490549
IE,A03,2021,70.50694,192.9,0.365510
IE,A03,2022,68.58302,211.2,0.324730
IE,A03,2023,77.26809,226.7,0.340839
IE,B,2012,80.75712,886.8,0.091066
IE,B,2013,89.77811,751.7,0.119433
IE,B,2014,86.37564,908.8,0.095044
IE,B,2015,83.10489,407.0,0.204189
IE,B,2016,85.0769,549.5,0.154826
IE,B,2017,83.58474,609.1,0.137227
IE,B,2018,91.82851,615.6,0.149169
IE,B,2019,94.03867,504.3,0.186474
IE,B,2020,54.31267,381.0,0.142553
IE,B,2021,41.60329,633.1,0.065714
IE,B,2022,41.26594,783.6,0.052662
IE,B,2023,43.03353,717.9,0.059944
IE,C,2012,5899.17025,34627.5,0.170361
IE,C,2013,6108.04382,34891.9,0.175056
IE,C,2014,6592.07401,39289.2,0.167783
IE,C,2015,6877.75774,95003.1,0.072395
IE,C,2016,7061.29974,90028.1,0.078434
IE,C,2017,7257.30799,99168.5,0.073182
IE,C,2018,7484.20183,109857.4,0.068127
IE,C,2019,7315.83233,116147.3,0.062988
IE,C,2020,7207.86859,128318.9,0.056172
IE,C,2021,7599.47677,153880.8,0.049385
IE,C,2022,7224.13979,193176.3,0.037397
IE,C,2023,6781.20883,156393.1,0.043360
IE,C10-C12,2012,978.87904,6669.9,0.146761
IE,C10-C12,2013,1036.17162,7592.5,0.136473
IE,C10-C12,2014,1037.87739,8493.1,0.122202
IE,C10-C12,2015,1091.43132,8901.5,0.122612
IE,C10-C12,2016,1138.31941,8993.2,0.126576
IE,C10-C12,2017,1202.34298,8643.4,0.139105
IE,C10-C12,2018,1240.81964,9053.3,0.137057
IE,C10-C12,2019,1248.87385,7739.3,0.161368
IE,C10-C12,2020,1281.97116,7682.0,0.166880
IE,C10-C12,2021,1286.41963,8328.1,0.154467
IE,C10-C12,2022,1302.41095,9717.6,0.134026
IE,C10-C12,2023,1243.23255,10601.7,0.117267
IE,C13-C15,2012,14.7387,131.4,0.112167
IE,C13-C15,2013,17.92224,140.5,0.127560
IE,C13-C15,2014,21.59106,151.8,0.142234
IE,C13-C15,2015,12.87531,163.9,0.078556
IE,C13-C15,2016,15.55917,159.3,0.097672
IE,C13-C15,2017,17.19032,155.2,0.110762
IE,C13-C15,2018,19.03903,157.5,0.120883
IE,C13-C15,2019,16.01061,160.7,0.099630
IE,C13-C15,2020,16.5447,141.8,0.116676
IE,C13-C15,2021,12.49869,175.7,0.071137
IE,C13-C15,2022,12.50906,191.0,0.065492
IE,C13-C15,2023,11.67748,206.0,0.056687
IE,C16,2012,38.82652,138.5,0.280336
IE,C16,2013,40.25315,171.4,0.234849
IE,C16,2014,52.74556,189.5,0.278341
IE,C16,2015,35.88655,214.7,0.167147
IE,C16,2016,34.8016,229.9,0.151377
IE,C16,2017,37.61181,277.3,0.135636
IE,C16,2018,44.09816,321.0,0.137377
IE,C16,2019,32.33176,354.4,0.091230
IE,C16,2020,34.34812,327.9,0.104752
IE,C16,2021,34.33839,486.2,0.070626
IE,C16,2022,37.56756,549.9,0.068317
IE,C16,2023,29.13696,570.1,0.051109
IE,C17,2012,13.64354,165.7,0.082339
IE,C17,2013,11.51854,177.8,0.064784
IE,C17,2014,12.43554,203.4,0.061138
IE,C17,2015,9.08478,197.5,0.045999
IE,C17,2016,12.93278,190.2,0.067996
IE,C17,2017,15.18831,218.2,0.069607
IE,C17,2018,20.24405,230.3,0.087903
IE,C17,2019,10.02862,226.9,0.044198
IE,C17,2020,21.45697,243.3,0.088191
IE,C17,2021,12.75208,252.9,0.050423
IE,C17,2022,10.69501,266.2,0.040177
IE,C17,2023,7.76322,315.1,0.024637
IE,C18,2012,13.29023,306.0,0.043432
IE,C18,2013,15.46366,336.5,0.045954
IE,C18,2014,14.00955,389.9,0.035931
IE,C18,2015,13.56779,395.7,0.034288
IE,C18,2016,14.94562,336.8,0.044375
IE,C18,2017,19.27398,300.5,0.064140
IE,C18,2018,22.88299,302.8,0.075571
IE,C18,2019,11.15646,307.8,0.036246
IE,C18,2020,13.35008,263.1,0.050741
IE,C18,2021,12.8699,231.0,0.055714
IE,C18,2022,12.50163,282.1,0.044316
IE,C18,2023,13.89949,396.3,0.035073
IE,C21,2012,199.8736,14405.5,0.013875
IE,C21,2013,189.52418,12472.7,0.015195
IE,C21,2014,187.71308,14337.4,0.013093
IE,C22,2012,37.15673,399.2,0.093078
IE,C22,2013,36.19065,412.7,0.087692
IE,C22,2014,41.3737,481.1,0.085998
IE,C22,2015,32.77357,575.7,0.056928
IE,C22,2016,37.04624,576.0,0.064316
IE,C22,2017,36.65846,623.8,0.058766
IE,C22,2018,44.41354,642.5,0.069126
IE,C22,2019,44.96264,660.1,0.068115
IE,C22,2020,35.31501,716.7,0.049274
IE,C22,2021,31.21625,844.1,0.036982
IE,C22,2022,34.66239,933.2,0.037144
IE,C22,2023,33.49108,1012.6,0.033074
IE,C23,2012,2253.3325,381.0,5.914259
IE,C23,2013,2229.87259,508.5,4.385197
IE,C23,2014,2793.06331,669.7,4.170619
IE,C23,2015,3030.39464,594.4,5.098241
IE,C23,2016,3181.27269,817.5,3.891465
IE,C23,2017,3242.91307,870.0,3.727486
IE,C23,2018,3398.27861,883.6,3.845947
IE,C23,2019,3327.30898,1011.0,3.291107
IE,C23,2020,3067.94768,807.3,3.800257
IE,C23,2021,3609.25812,844.5,4.273840
IE,C23,2022,3366.60505,960.0,3.506880
IE,C23,2023,3173.7788,1144.9,2.772101
IE,C24,2012,1254.81613,151.4,8.288085
IE,C24,2013,1377.29184,188.0,7.326020
IE,C24,2014,1328.84488,229.1,5.800283
IE,C24,2015,1343.78156,269.8,4.980658
IE,C24,2016,1328.25582,238.0,5.580907
IE,C24,2017,1388.43292,304.6,4.558217
IE,C24,2018,1402.03142,303.3,4.622590
IE,C24,2019,1393.51408,379.8,3.669073
IE,C24,2020,1499.48462,333.3,4.498904
IE,C24,2021,1390.01653,168.3,8.259159
IE,C24,2022,1261.07335,153.1,8.236926
IE,C24,2023,1191.92776,297.2,4.010524
IE,C25,2012,33.45463,601.4,0.055628
IE,C25,2013,38.66919,673.4,0.057424
IE,C25,2014,51.57892,760.1,0.067858
IE,C25,2015,41.90125,823.6,0.050876
IE,C25,2016,41.7585,924.1,0.045188
IE,C25,2017,52.15329,1054.3,0.049467
IE,C25,2018,56.89769,1079.3,0.052717
IE,C25,2019,39.53541,1127.0,0.035080
IE,C25,2020,46.28823,1077.0,0.042979
IE,C25,2021,37.97645,1118.7,0.033947
IE,C25,2022,46.07614,1266.5,0.036381
IE,C25,2023,44.76351,1494.9,0.029944
IE,C26,2012,90.72652,2895.9,0.031329
IE,C26,2013,94.73849,2740.5,0.034570
IE,C26,2014,84.51508,2766.7,0.030547
IE,C27,2012,15.48341,268.2,0.057731
IE,C27,2013,16.01806,298.7,0.053626
IE,C27,2014,21.246,345.4,0.061511
IE,C27,2015,15.6625,365.7,0.042829
IE,C27,2016,19.17222,369.5,0.051887
IE,C27,2017,19.64967,400.5,0.049063
IE,C27,2018,14.007,445.2,0.031462
IE,C27,2019,13.54524,428.4,0.031618
IE,C27,2020,12.68663,470.1,0.026987
IE,C27,2021,15.71976,458.0,0.034323
IE,C27,2022,15.11361,422.5,0.035772
IE,C27,2023,11.77774,590.7,0.019939
IE,C28,2012,117.81735,907.1,0.129884
IE,C28,2013,158.00089,963.1,0.164055
IE,C28,2014,135.19378,1031.3,0.131091
IE,C28,2015,121.40614,1151.0,0.105479
IE,C28,2016,105.89139,1252.2,0.084564
IE,C28,2017,105.94354,1242.2,0.085287
IE,C28,2018,76.44842,1274.7,0.059974
IE,C28,2019,94.72874,1351.6,0.070086
IE,C28,2020,78.8962,1713.8,0.046036
IE,C28,2021,54.70676,1277.6,0.042820
IE,C28,2022,44.91672,1533.4,0.029292
IE,C28,2023,54.94608,1723.1,0.031888
IE,C29,2012,4.35101,181.9,0.023920
IE,C29,2013,6.59929,197.0,0.033499
IE,C29,2014,5.67188,208.5,0.027203
IE,C30,2012,3.37571,41.6,0.081147
IE,C30,2013,3.82022,54.2,0.070484
IE,C30,2014,1.52787,72.5,0.021074
IE,C31_C32,2012,109.39395,3541.4,0.030890
IE,C31_C32,2013,136.02467,4014.9,0.033880
IE,C31_C32,2014,125.43844,4888.5,0.025660
IE,C31_C32,2015,97.58357,7043.3,0.013855
IE,C31_C32,2016,109.49086,4605.2,0.023775
IE,C31_C32,2017,88.03985,7158.5,0.012299
IE,C31_C32,2018,104.73249,5759.0,0.018186
IE,C31_C32,2019,104.1335,9449.8,0.011020
IE,C31_C32,2020,103.32739,8529.1,0.012115
IE,C31_C32,2021,89.11838,10530.1,0.008463
IE,C31_C32,2022,94.53153,12673.8,0.007459
IE,C31_C32,2023,92.62475,14650.5,0.006322
IE,C33,2012,48.19713,295.0,0.163380
IE,C33,2013,50.8332,326.8,0.155548
IE,C33,2014,57.47311,366.3,0.156902
IE,C33,2015,52.69553,372.7,0.141389
IE,C33,2016,53.95963,377.8,0.142826
IE,C33,2017,66.99309,423.4,0.158226
IE,C33,2018,57.66955,433.4,0.133063
IE,C33,2019,38.93588,505.0,0.077101
IE,C33,2020,31.49706,485.8,0.064835
IE,C33,2021,29.44745,548.8,0.053658
IE,C33,2022,32.99831,619.1,0.053300
IE,C33,2023,27.85603,763.1,0.036504
IE,D,2012,12428.49028,3111.9,3.993859
IE,D,2013,11066.01906,3265.9,3.388352
IE,D,2014,10925.88046,3059.8,3.570783
IE,D,2015,11471.43002,2925.4,3.921320
IE,D,2016,12225.925,2923.9,4.181376
IE,D,2017,11426.76395,2813.6,4.061261
IE,D,2018,10107.73516,3060.7,3.302426
IE,D,2019,8923.83458,2935.8,3.039660
IE,D,2020,8273.08111,3137.4,2.636923
IE,D,2021,9820.29695,3923.4,2.503007
IE,D,2022,9646.41139,3653.4,2.640393
IE,D,2023,7564.07068,5630.5,1.343410
IE,E,2012,656.33531,838.5,0.782749
IE,E,2013,820.90339,881.7,0.931046
IE,E,2014,1049.35753,952.3,1.101919
IE,E,2015,1243.79327,1019.7,1.219764
IE,E,2016,1235.84005,1078.6,1.145782
IE,E,2017,1252.43046,1204.5,1.039793
IE,E,2018,1233.44438,1313.6,0.938980
IE,E,2019,1261.06839,1469.3,0.858278
IE,E,2020,1245.76888,1390.9,0.895657
IE,E,2021,1137.45479,2051.2,0.554531
IE,E,2022,1145.01617,2370.4,0.483048
IE,E,2023,1120.47031,2122.1,0.528001
IE,E36,2012,2.74523,219.3,0.012518
IE,E36,2013,1.19955,219.9,0.005455
IE,E36,2014,17.96689,257.6,0.069747
IE,E36,2015,16.84474,292.6,0.057569
IE,E36,2016,14.65239,326.8,0.044836
IE,E36,2017,20.48021,342.2,0.059849
IE,E36,2018,22.58051,382.0,0.059111
IE,E36,2019,31.41687,427.8,0.073438
IE,E36,2020,28.60506,415.8,0.068795
IE,E36,2021,21.23139,885.2,0.023985
IE,E36,2022,21.9549,952.5,0.023050
IE,E36,2023,8.09708,676.2,0.011974
IE,E37-E39,2012,653.59009,619.3,1.055369
IE,E37-E39,2013,819.70384,661.9,1.238410
IE,E37-E39,2014,1031.39064,694.7,1.484656
IE,E37-E39,2015,1226.94852,727.1,1.687455
IE,E37-E39,2016,1221.18766,751.8,1.624352
IE,E37-E39,2017,1231.95024,862.2,1.428845
IE,E37-E39,2018,1210.86387,931.6,1.299768
IE,E37-E39,2019,1229.65152,1041.5,1.180654
IE,E37-E39,2020,1217.16382,975.2,1.248117
IE,E37-E39,2021,1116.2234,1166.0,0.957310
IE,E37-E39,2022,1123.06127,1417.9,0.792060
IE,E37-E39,2023,1112.37323,1445.9,0.769329
IE,F,2012,325.46485,3037.4,0.107152
IE,F,2013,458.28371,3813.6,0.120171
IE,F,2014,529.56543,4792.8,0.110492
IE,F,2015,566.88172,5310.8,0.106741
IE,F,2016,617.73148,6188.5,0.099819
IE,F,2017,778.75867,8000.3,0.097341
IE,F,2018,868.94038,8645.3,0.100510
IE,F,2019,734.45911,9461.0,0.077630
IE,F,2020,796.02274,8699.9,0.091498
IE,F,2021,960.77807,10129.7,0.094848
IE,F,2022,878.46388,12242.5,0.071755
IE,F,2023,1134.10235,13563.7,0.083613
IE,G,2012,765.59029,18342.3,0.041739
IE,G,2013,884.40646,20067.0,0.044073
IE,G,2014,1040.31171,20090.5,0.051781
IE,G,2015,1085.66948,20375.0,0.053284
IE,G,2016,1086.57035,21949.1,0.049504
IE,G,2017,970.33502,23281.0,0.041679
IE,G,2018,910.9955,24531.6,0.037136
IE,G,2019,918.54739,24734.1,0.037137
IE,G,2020,893.05168,26453.6,0.033759
IE,G,2021,992.89247,28151.2,0.035270
IE,G,2022,1233.56916,31637.8,0.038990
IE,G,2023,1086.44031,34251.3,0.031720
IE,G45,2012,68.65952,1065.1,0.064463
IE,G45,2013,103.15479,1230.5,0.083832
IE,G45,2014,106.28945,1386.4,0.076666
IE,G45,2015,120.85811,1441.3,0.083854
IE,G45,2016,136.03011,1645.1,0.082688
IE,G45,2017,122.09059,1691.5,0.072179
IE,G45,2018,133.54447,1707.2,0.078224
IE,G45,2019,106.40941,1787.9,0.059516
IE,G45,2020,87.00438,1751.2,0.049683
IE,G45,2021,106.71943,1850.8,0.057661
IE,G45,2022,125.19911,2181.7,0.057386
IE,G45,2023,131.39965,2515.0,0.052246
IE,G46,2012,473.13128,9227.8,0.051272
IE,G46,2013,541.94236,10361.0,0.052306
IE,G46,2014,674.34682,10200.0,0.066112
IE,G46,2015,674.8157,10476.9,0.064410
IE,G46,2016,664.79712,11240.9,0.059141
IE,G46,2017,581.30154,12176.3,0.047740
IE,G46,2018,499.69809,12702.1,0.039340
IE,G46,2019,518.46184,13308.4,0.038957
IE,G46,2020,468.79999,15158.2,0.030927
IE,G46,2021,519.68216,16056.8,0.032365
IE,G46,2022,638.26824,18559.2,0.034391
IE,G46,2023,592.79055,19601.1,0.030243
IE,G47,2012,223.79949,8049.4,0.027803
IE,G47,2013,239.30931,8475.5,0.028235
IE,G47,2014,259.67543,8504.1,0.030535
IE,G47,2015,289.99567,8456.9,0.034291
IE,G47,2016,285.74312,9063.1,0.031528
IE,G47,2017,266.94289,9413.1,0.028359
IE,G47,2018,277.75294,10122.3,0.027440
IE,G47,2019,293.67614,9637.8,0.030471
IE,G47,2020,337.24731,9544.2,0.035335
IE,G47,2021,366.49088,10243.5,0.035778
IE,G47,2022,470.1018,10896.9,0.043141
IE,G47,2023,362.25011,12135.1,0.029851
IE,H,2012,12671.24422,5668.2,2.235497
IE,H,2013,12699.99105,5896.6,2.153782
IE,H,2014,15760.1298,6280.7,2.509295
IE,H,2015,16430.80833,6655.2,2.468868
IE,H,2016,19215.49472,6796.9,2.827097
IE,H,2017,21595.22202,6998.1,3.085869
IE,H,2018,22815.08216,6372.7,3.580128
IE,H,2019,23084.09356,7118.5,3.242831
IE,H,2020,10863.3764,3675.5,2.955619
IE,H,2021,11166.0989,4859.2,2.297929
IE,H,2022,19206.91473,7801.1,2.462078
IE,H,2023,21285.70393,9293.1,2.290485
IE,H49,2012,3054.67857,2098.7,1.455510
IE,H49,2013,2461.52146,2076.7,1.185304
IE,H49,2014,2401.74508,2179.9,1.101768
IE,H49,2015,2221.82184,2343.6,0.948038
IE,H49,2016,2409.18542,2378.1,1.013072
IE,H49,2017,2712.59225,2473.9,1.096484
IE,H49,2018,2531.53144,2595.2,0.975467
IE,H49,2019,2265.74766,2897.7,0.781912
IE,H49,2020,1825.03915,2591.8,0.704159
IE,H49,2021,1753.0959,2897.7,0.604996
IE,H49,2022,2138.36421,3557.6,0.601069
IE,H49,2023,2217.78406,3923.1,0.565314
IE,H50,2012,188.80644,74.3,2.541136
IE,H50,2013,185.91364,86.5,2.149291
IE,H50,2014,2883.54036,85.3,33.804694
IE,H50,2015,2889.90948,80.5,35.899497
IE,H50,2016,2926.70447,74.0,39.550060
IE,H50,2017,2906.98853,72.1,40.318842
IE,H50,2018,2952.31273,64.7,45.630800
IE,H50,2019,2930.39807,68.8,42.592995
IE,H50,2020,2860.65578,54.2,52.779627
IE,H50,2021,2977.89811,62.3,47.799328
IE,H50,2022,2908.37448,82.8,35.125296
IE,H50,2023,2732.41736,95.6,28.581772
IE,H51,2012,9271.34251,1403.5,6.605873
IE,H51,2013,9902.17007,1448.1,6.838043
IE,H51,2014,10320.72239,1799.5,5.735328
IE,H52,2012,75.88638,1359.7,0.055811
IE,H52,2013,77.7527,1526.1,0.050949
IE,H52,2014,83.18542,1423.2,0.058450
IE,H53,2012,80.53033,731.9,0.110029
IE,H53,2013,72.63317,759.3,0.095658
IE,H53,2014,70.93655,792.9,0.089465
IE,H53,2015,69.3456,768.4,0.090247
IE,H53,2016,58.61376,791.1,0.074091
IE,H53,2017,73.51759,815.3,0.090172
IE,H53,2018,75.17809,871.0,0.086312
IE,H53,2019,79.03411,933.7,0.084646
IE,H53,2020,143.04418,1000.3,0.143001
IE,H53,2021,109.26416,1098.8,0.099440
IE,H53,2022,111.52134,1070.1,0.104216
IE,H53,2023,82.37612,1092.8,0.075381
IE,I,2012,275.19835,3548.0,0.077564
IE,I,2013,282.32275,3809.1,0.074118
IE,I,2014,273.09538,4040.0,0.067598
IE,I,2015,293.18806,4474.1,0.065530
IE,I,2016,250.05817,4768.7,0.052437
IE,I,2017,235.83281,5257.9,0.044853
IE,I,2018,213.22235,5587.3,0.038162
IE,I,2019,229.43725,5710.0,0.040182
IE,I,2020,206.92037,2843.3,0.072775
IE,I,2021,186.63931,3899.1,0.047867
IE,I,2022,163.74627,7083.4,0.023117
IE,I,2023,179.22648,8240.8,0.021749
IE,J,2012,72.00821,15763.2,0.004568
IE,J,2013,84.43806,17199.4,0.004909
IE,J,2014,85.00278,19476.2,0.004364
IE,J,2015,94.47953,23441.0,0.004031
IE,J,2016,106.2024,25384.7,0.004184
IE,J,2017,88.58305,32074.8,0.002762
IE,J,2018,98.02821,40088.6,0.002445
IE,J,2019,124.06197,51162.9,0.002425
IE,J,2020,143.44797,61551.2,0.002331
IE,J,2021,155.67607,79588.8,0.001956
IE,J,2022,108.53981,87796.0,0.001236
IE,J,2023,63.09331,101202.1,0.000623
IE,J58,2012,6.54846,8157.4,0.000803
IE,J58,2013,17.04424,8894.6,0.001916
IE,J58,2014,13.41535,10274.0,0.001306
IE,J59_J60,2012,11.48394,455.3,0.025223
IE,J59_J60,2013,16.09844,491.3,0.032767
IE,J59_J60,2014,16.14286,523.5,0.030836
IE,J61,2012,34.32477,2031.3,0.016898
IE,J61,2013,30.82299,2063.1,0.014940
IE,J61,2014,32.76302,1918.2,0.017080
IE,J61,2015,31.84555,1835.7,0.017348
IE,J61,2016,48.5239,1893.4,0.025628
IE,J61,2017,33.18141,2820.5,0.011764
IE,J61,2018,45.68495,3106.8,0.014705
IE,J61,2019,58.69359,3290.8,0.017836
IE,J61,2020,72.07051,3401.7,0.021187
IE,J61,2021,49.7602,3850.4,0.012923
IE,J61,2022,31.7462,3915.6,0.008108
IE,J61,2023,26.8188,3599.0,0.007452
IE,J62_J63,2012,19.65105,5119.1,0.003839
IE,J62_J63,2013,20.47239,5750.3,0.003560
IE,J62_J63,2014,22.68155,6760.4,0.003355
IE,K,2012,35.8474,15019.6,0.002387
IE,K,2013,33.54112,13377.2,0.002507
IE,K,2014,23.80284,15674.4,0.001519
IE,K,2015,30.55448,16731.4,0.001826
IE,K,2016,29.23904,15368.4,0.001903
IE,K,2017,24.87025,16345.2,0.001522
IE,K,2018,33.93429,17035.3,0.001992
IE,K,2019,38.98234,17039.2,0.002288
IE,K,2020,58.3152,15883.4,0.003671
IE,K,2021,49.67685,19936.3,0.002492
IE,K,2022,56.4551,17573.3,0.003213
IE,K,2023,49.75251,23162.6,0.002148
IE,K64,2012,20.84453,8713.9,0.002392
IE,K64,2013,23.32,7983.9,0.002921
IE,K64,2014,15.13922,9334.2,0.001622
IE,K64,2015,14.277,9722.5,0.001468
IE,K64,2016,16.32066,8379.0,0.001948
IE,K64,2017,17.33533,8898.8,0.001948
IE,K64,2018,19.00581,9589.4,0.001982
IE,K64,2019,20.35287,8788.9,0.002316
IE,K64,2020,40.07967,8815.8,0.004546
IE,K64,2021,31.70351,11286.2,0.002809
IE,K64,2022,34.19616,10489.2,0.003260
IE,K64,2023,28.50459,10117.1,0.002817
IE,K65,2012,12.80734,3300.1,0.003881
IE,K65,2013,3.15257,2530.7,0.001246
IE,K65,2014,2.94207,3316.9,0.000887
IE,K65,2015,8.34934,3568.7,0.002340
IE,K65,2016,8.51198,3637.1,0.002340
IE,K65,2017,4.4711,3916.3,0.001142
IE,K65,2018,4.18986,3945.7,0.001062
IE,K65,2019,4.88456,4196.1,0.001164
IE,K65,2020,4.06386,3025.6,0.001343
IE,K65,2021,5.44683,4746.8,0.001147
IE,K65,2022,7.99959,3009.8,0.002658
IE,K65,2023,6.89818,6795.3,0.001015
IE,K66,2012,2.19552,3005.6,0.000730
IE,K66,2013,7.06854,2862.6,0.002469
IE,K66,2014,5.72155,3023.3,0.001892
IE,K66,2015,7.92815,3440.1,0.002305
IE,K66,2016,4.4064,3352.3,0.001314
IE,K66,2017,3.06381,3530.1,0.000868
IE,K66,2018,10.73862,3500.2,0.003068
IE,K66,2019,13.7449,4054.1,0.003390
IE,K66,2020,14.17166,4042.0,0.003506
IE,K66,2021,12.52651,3903.3,0.003209
IE,K66,2022,14.25936,4074.3,0.003500
IE,K66,2023,14.34974,6250.1,0.002296
IE,L,2012,19.69755,11321.9,0.001740
IE,L,2013,27.84911,12066.3,0.002308
IE,L,2014,28.04972,13258.6,0.002116
IE,L,2015,41.9076,14617.5,0.002867
IE,L,2016,46.38501,15582.0,0.002977
IE,L,2017,23.84683,16705.1,0.001428
IE,L,2018,38.34066,18868.8,0.002032
IE,L,2019,22.38852,20316.8,0.001102
IE,L,2020,20.70115,20235.1,0.001023
IE,L,2021,24.3705,22215.8,0.001097
IE,L,2022,34.99791,25515.9,0.001372
IE,L,2023,35.43423,27429.0,0.001292
IE,L68A,2012,0.0,8383.9,0.000000
IE,L68A,2013,0.0,8634.2,0.000000
IE,L68A,2014,0.0,9468.4,0.000000
IE,L68A,2015,0.0,10355.4,0.000000
IE,L68A,2016,0.0,10857.6,0.000000
IE,L68A,2017,0.0,11544.4,0.000000
IE,L68A,2018,0.0,12672.1,0.000000
IE,L68A,2019,0.0,13957.1,0.000000
IE,L68A,2020,0.0,14319.4,0.000000
IE,L68A,2021,0.0,15432.0,0.000000
IE,L68A,2022,0.0,17586.6,0.000000
IE,L68A,2023,0.0,18689.5,0.000000
IE,M,2012,153.66943,7359.3,0.020881
IE,M,2013,202.22887,8097.4,0.024975
IE,M,2014,190.61792,9254.8,0.020597
IE,M,2015,205.48468,10509.5,0.019552
IE,M,2016,204.00523,10053.9,0.020291
IE,M,2017,193.88556,12964.9,0.014955
IE,M,2018,205.59745,15581.4,0.013195
IE,M,2019,184.25524,18039.3,0.010214
IE,M,2020,237.83619,20816.3,0.011425
IE,M,2021,180.57313,23704.8,0.007618
IE,M,2022,238.69234,27747.6,0.008602
IE,M,2023,174.27627,31534.5,0.005527
IE,M69_M70,2012,98.98395,4839.4,0.020454
IE,M69_M70,2013,94.33009,4989.4,0.018906
IE,M69_M70,2014,98.25653,5413.3,0.018151
IE,M69_M70,2015,107.05744,6239.8,0.017157
IE,M69_M70,2016,91.27799,5834.1,0.015646
IE,M69_M70,2017,106.17711,7769.5,0.013666
IE,M69_M70,2018,121.15619,9663.2,0.012538
IE,M69_M70,2019,86.86179,11547.3,0.007522
IE,M69_M70,2020,150.76023,14567.3,0.010349
IE,M69_M70,2021,110.77879,16129.6,0.006868
IE,M69_M70,2022,173.75848,19039.6,0.009126
IE,M69_M70,2023,116.81456,21330.3,0.005476
IE,M71,2012,17.12983,1069.6,0.016015
IE,M71,2013,46.02508,1377.3,0.033417
IE,M71,2014,42.32575,1626.8,0.026018
IE,M71,2015,35.69108,1799.5,0.019834
IE,M71,2016,44.2134,1886.7,0.023434
IE,M71,2017,46.95517,2158.2,0.021757
IE,M71,2018,50.30739,2638.0,0.019070
IE,M71,2019,51.9376,2856.0,0.018185
IE,M71,2020,53.12906,3124.1,0.017006
IE,M71,2021,33.64762,3776.1,0.008911
IE,M71,2022,30.58698,4212.2,0.007262
IE,M71,2023,31.89178,4855.4,0.006568
IE,M72,2012,8.88265,345.1,0.025739
IE,M72,2013,8.3168,436.0,0.019075
IE,M72,2014,6.89809,778.4,0.008862
IE,M72,2015,12.34049,894.8,0.013791
IE,M72,2016,7.62779,575.1,0.013263
IE,M72,2017,6.83272,1054.2,0.006481
IE,M72,2018,8.14771,1073.7,0.007588
IE,M72,2019,8.79967,1225.9,0.007178
IE,M72,2020,9.12273,1063.7,0.008576
IE,M72,2021,11.60134,1274.0,0.009106
IE,M72,2022,13.19778,1957.3,0.006743
IE,M72,2023,12.86398,2572.5,0.005001
IE,M73,2012,8.52942,408.9,0.020859
IE,M73,2013,22.7223,490.9,0.046287
IE,M73,2014,14.70728,578.8,0.025410
IE,M73,2015,13.4721,710.1,0.018972
IE,M73,2016,27.32426,798.9,0.034202
IE,M73,2017,11.63868,926.5,0.012562
IE,M73,2018,12.17101,1062.1,0.011459
IE,M73,2019,22.5406,1278.6,0.017629
IE,M73,2020,4.14223,937.6,0.004418
IE,M73,2021,5.55975,1121.9,0.004956
IE,M73,2022,1.67148,940.1,0.001778
IE,M73,2023,1.53103,1070.7,0.001430
IE,M74_M75,2012,20.14358,696.4,0.028925
IE,M74_M75,2013,30.8346,803.8,0.038361
IE,M74_M75,2014,28.43027,857.6,0.033151
IE,M74_M75,2015,36.92356,865.3,0.042671
IE,M74_M75,2016,33.56179,959.0,0.034997
IE,M74_M75,2017,22.28188,1056.4,0.021092
IE,M74_M75,2018,13.81516,1144.4,0.012072
IE,M74_M75,2019,14.11559,1131.5,0.012475
IE,M74_M75,2020,20.68193,1123.7,0.018405
IE,M74_M75,2021,18.98562,1403.2,0.013530
IE,M74_M75,2022,19.47762,1598.4,0.012186
IE,M74_M75,2023,11.1749,1705.5,0.006552
IE,N,2012,63.40966,8698.4,0.007290
IE,N,2013,106.95285,11680.1,0.009157
IE,N,2014,115.04085,14689.1,0.007832
IE,N,2015,134.79985,18027.6,0.007477
IE,N,2016,175.3664,20017.7,0.008761
IE,N,2017,159.40121,21541.0,0.007400
IE,N,2018,135.57891,22168.0,0.006116
IE,N,2019,159.72332,24261.0,0.006584
IE,N,2020,129.08734,21058.5,0.006130
IE,N,2021,109.33482,20853.5,0.005243
IE,N,2022,114.08065,24285.3,0.004698
IE,N,2023,115.25117,27457.8,0.004197
IE,N77,2012,25.11261,5608.2,0.004478
IE,N77,2013,44.31601,8358.4,0.005302
IE,N77,2014,51.80085,10817.1,0.004789
IE,N77,2015,73.39213,13929.7,0.005269
IE,N77,2016,91.65302,15701.0,0.005837
IE,N77,2017,71.24479,16585.9,0.004296
IE,N77,2018,59.57648,16699.3,0.003568
IE,N77,2019,59.86269,18102.7,0.003307
IE,N77,2020,64.95806,15512.9,0.004187
IE,N77,2021,60.74748,14328.3,0.004240
IE,N77,2022,50.9644,15921.8,0.003201
IE,N77,2023,61.18047,17910.9,0.003416
IE,N78,2012,1.91998,962.7,0.001994
IE,N78,2013,1.89291,1057.6,0.001790
IE,N78,2014,2.65176,1246.6,0.002127
IE,N78,2015,3.25422,1384.2,0.002351
IE,N78,2016,2.3256,1572.3,0.001479
IE,N78,2017,8.6308,1641.3,0.005259
IE,N78,2018,4.04425,1871.0,0.002162
IE,N78,2019,16.03632,2269.4,0.007066
IE,N78,2020,10.10117,1978.4,0.005106
IE,N78,2021,6.88956,2640.2,0.002609
IE,N78,2022,10.44381,3557.0,0.002936
IE,N78,2023,9.66375,3632.8,0.002660
IE,N79,2012,2.91698,248.1,0.011757
IE,N79,2013,3.144,280.5,0.011209
IE,N79,2014,3.76887,313.7,0.012014
IE,N79,2015,3.43534,337.8,0.010170
IE,N79,2016,2.75512,337.8,0.008156
IE,N79,2017,7.8509,394.3,0.019911
IE,N79,2018,3.31047,395.2,0.008377
IE,N79,2019,8.64557,346.7,0.024937
IE,N79,2020,2.87503,198.4,0.014491
IE,N79,2021,1.77981,165.6,0.010748
IE,N79,2022,1.78072,355.4,0.005010
IE,N79,2023,1.73799,446.1,0.003896
IE,N80-N82,2012,33.46008,1879.4,0.017804
IE,N80-N82,2013,57.59993,1983.6,0.029038
IE,N80-N82,2014,56.81938,2311.7,0.024579
IE,N80-N82,2015,54.71814,2375.9,0.023030
IE,N80-N82,2016,78.63267,2406.6,0.032674
IE,N80-N82,2017,71.67472,2919.6,0.024549
IE,N80-N82,2018,68.64771,3202.5,0.021436
IE,N80-N82,2019,75.17874,3542.3,0.021223
IE,N80-N82,2020,51.15308,3368.7,0.015185
IE,N80-N82,2021,39.91797,3719.4,0.010732
IE,N80-N82,2022,50.89173,4451.2,0.011433
IE,N80-N82,2023,42.66895,5468.1,0.007803
IE,O,2012,421.32256,7861.4,0.053594
IE,O,2013,397.91481,7741.5,0.051400
IE,O,2014,386.37515,7865.9,0.049120
IE,O,2015,376.41782,8008.7,0.047001
IE,O,2016,392.82416,8261.8,0.047547
IE,O,2017,400.63092,8614.0,0.046509
IE,O,2018,426.4422,9025.9,0.047247
IE,O,2019,480.45015,9614.2,0.049973
IE,O,2020,480.90473,10152.9,0.047366
IE,O,2021,465.15519,10804.4,0.043052
IE,O,2022,491.72378,11718.8,0.041960
IE,O,2023,472.763,12580.6,0.037579
IE,P,2012,129.74025,7846.3,0.016535
IE,P,2013,224.87507,7834.6,0.028703
IE,P,2014,209.19935,8132.1,0.025725
IE,P,2015,223.56218,8349.2,0.026776
IE,P,2016,226.57805,8491.6,0.026683
IE,P,2017,226.8959,9067.5,0.025023
IE,P,2018,249.13296,9560.0,0.026060
IE,P,2019,234.96358,10053.2,0.023372
IE,P,2020,207.96056,9865.0,0.021081
IE,P,2021,243.11101,10513.8,0.023123
IE,P,2022,259.73363,11446.5,0.022691
IE,P,2023,248.93527,12447.3,0.019999
IE,Q,2012,231.27513,12494.8,0.018510
IE,Q,2013,233.27721,12277.0,0.019001
IE,Q,2014,234.92593,12388.7,0.018963
IE,Q,2015,250.59641,12852.5,0.019498
IE,Q,2016,264.55378,13388.7,0.019759
IE,Q,2017,280.46077,14324.7,0.019579
IE,Q,2018,285.93039,15097.9,0.018938
IE,Q,2019,292.98101,16278.2,0.017998
IE,Q,2020,309.52068,16514.6,0.018742
IE,Q,2021,351.04068,18413.3,0.019065
IE,Q,2022,374.87623,20275.6,0.018489
IE,Q,2023,379.50253,22743.2,0.016686
IE,Q86,2012,121.54021,9002.8,0.013500
IE,Q86,2013,124.89992,8711.4,0.014338
IE,Q86,2014,123.75031,8677.0,0.014262
IE,Q86,2015,132.63548,8964.7,0.014795
IE,Q86,2016,139.52074,9393.5,0.014853
IE,Q86,2017,144.16642,10081.7,0.014300
IE,Q86,2018,147.51084,10631.3,0.013875
IE,Q86,2019,145.80671,11642.3,0.012524
IE,Q86,2020,158.51418,12050.0,0.013155
IE,Q86,2021,196.1476,13634.6,0.014386
IE,Q86,2022,212.11454,14890.5,0.014245
IE,Q86,2023,198.77136,16756.4,0.011862
IE,Q87_Q88,2012,109.73492,3491.9,0.031426
IE,Q87_Q88,2013,108.37728,3565.6,0.030395
IE,Q87_Q88,2014,111.17562,3711.7,0.029953
IE,Q87_Q88,2015,117.96093,3887.8,0.030341
IE,Q87_Q88,2016,125.03303,3995.2,0.031296
IE,Q87_Q88,2017,136.29435,4243.1,0.032121
IE,Q87_Q88,2018,138.41955,4466.5,0.030991
IE,Q87_Q88,2019,147.17431,4635.9,0.031747
IE,Q87_Q88,2020,151.0065,4464.6,0.033823
IE,Q87_Q88,2021,154.89308,4778.7,0.032413
IE,Q87_Q88,2022,162.76169,5385.1,0.030224
IE,Q87_Q88,2023,180.73117,5986.8,0.030188
IE,R,2012,98.06934,1923.2,0.050993
IE,R,2013,105.02185,2039.5,0.051494
IE,R,2014,97.81533,2079.7,0.047033
IE,R,2015,103.3108,2056.9,0.050226
IE,R,2016,121.05953,2089.2,0.057945
IE,R,2017,103.28147,2407.5,0.042900
IE,R,2018,134.27755,2558.7,0.052479
IE,R,2019,124.07272,2685.0,0.046210
IE,R,2020,99.52464,2158.8,0.046102
IE,R,2021,101.32579,2603.2,0.038924
IE,R,2022,110.25077,3411.2,0.032320
IE,R,2023,139.68273,3605.0,0.038747
IE,R90-R92,2012,20.07191,1194.3,0.016806
IE,R90-R92,2013,23.33936,1263.0,0.018479
IE,R90-R92,2014,23.36545,1280.8,0.018243
IE,R90-R92,2015,21.82624,1234.0,0.017687
IE,R90-R92,2016,43.74663,1193.1,0.036666
IE,R90-R92,2017,20.3377,1465.8,0.013875
IE,R90-R92,2018,25.11072,1584.9,0.015844
IE,R90-R92,2019,19.15413,1674.1,0.011441
IE,R90-R92,2020,18.67377,1465.6,0.012741
IE,R90-R92,2021,19.79218,1757.2,0.011263
IE,R90-R92,2022,34.60185,2280.3,0.015174
IE,R90-R92,2023,36.9991,2373.2,0.015590
IE,R93,2012,77.99743,728.9,0.107007
IE,R93,2013,81.68249,776.6,0.105180
IE,R93,2014,74.44988,798.9,0.093190
IE,R93,2015,81.48456,822.9,0.099021
IE,R93,2016,77.3129,896.1,0.086277
IE,R93,2017,82.94377,941.7,0.088079
IE,R93,2018,109.16684,973.8,0.112104
IE,R93,2019,104.91859,1010.8,0.103798
IE,R93,2020,80.85086,693.2,0.116634
IE,R93,2021,81.53362,846.0,0.096375
IE,R93,2022,75.64892,1130.9,0.066893
IE,R93,2023,102.68363,1231.7,0.083367
IE,S,2012,74.10046,1306.4,0.056721
IE,S,2013,101.90486,1393.9,0.073108
IE,S,2014,100.28031,1432.1,0.070023
IE,S,2015,100.05003,1473.5,0.067900
IE,S,2016,138.16569,1519.7,0.090916
IE,S,2017,144.7478,1718.1,0.084249
IE,S,2018,151.49274,1804.6,0.083948
IE,S,2019,129.34047,1860.0,0.069538
IE,S,2020,82.98003,1497.8,0.055401
IE,S,2021,107.46584,1645.3,0.065317
IE,S,2022,125.68498,2317.1,0.054242
IE,S,2023,141.38081,2370.4,0.059644
IE,S94,2012,14.17132,615.2,0.023035
IE,S94,2013,12.52384,648.0,0.019327
IE,S94,2014,12.27572,627.8,0.019554
IE,S94,2015,12.45037,649.8,0.019160
IE,S94,2016,18.00991,653.7,0.027551
IE,S94,2017,19.26434,709.4,0.027156
IE,S94,2018,19.03956,742.6,0.025639
IE,S94,2019,22.20491,746.3,0.029753
IE,S94,2020,15.092,692.8,0.021784
IE,S94,2021,16.24318,736.5,0.022055
IE,S94,2022,24.79732,1020.9,0.024290
IE,S94,2023,22.1042,880.0,0.025118
IE,S95,2012,5.86117,51.1,0.114700
IE,S95,2013,8.66065,54.1,0.160086
IE,S95,2014,11.08292,61.7,0.179626
IE,S95,2015,4.1971,66.2,0.063400
IE,S95,2016,6.9781,71.2,0.098007
IE,S95,2017,4.28698,85.2,0.050317
IE,S95,2018,7.57936,90.4,0.083842
IE,S95,2019,1.42386,95.4,0.014925
IE,S95,2020,2.18363,77.5,0.028176
IE,S95,2021,1.38771,88.2,0.015734
IE,S95,2022,2.96458,95.3,0.031108
IE,S95,2023,5.18584,106.7,0.048602
IE,S96,2012,54.06797,640.1,0.084468
IE,S96,2013,80.72038,691.7,0.116699
IE,S96,2014,76.92167,742.6,0.103584
IE,S96,2015,83.40257,757.4,0.110117
IE,S96,2016,113.17768,794.8,0.142398
IE,S96,2017,121.19648,923.4,0.131250
IE,S96,2018,124.87382,971.6,0.128524
IE,S96,2019,105.7117,1018.3,0.103812
IE,S96,2020,65.7044,727.5,0.090315
IE,S96,2021,89.83495,820.6,0.109475
IE,S96,2022,97.92308,1201.0,0.081535
IE,S96,2023,114.09076,1383.7,0.082453
IE,T,2012,0.0,62.4,0.000000
IE,T,2013,0.0,53.4,0.000000
IE,T,2014,0.0,60.3,0.000000
IE,T,2015,0.0,60.3,0.000000
IE,T,2016,0.0,70.1,0.000000
IE,T,2017,0.0,163.9,0.000000
IE,T,2018,0.0,184.3,0.000000
IE,T,2019,0.0,189.4,0.000000
IE,T,2020,0.0,179.4,0.000000
IE,T,2021,0.0,203.3,0.000000
IE,T,2022,0.0,34.9,0.000000
IE,T,2023,0.0,85.1,0.000000
IE,TOTAL,2012,53363.63695,161459.8,0.330507
IE,TOTAL,2013,53490.46093,169095.0,0.316334
IE,TOTAL,2014,57357.85627,186168.0,0.308097
IE,TOTAL,2015,59631.71467,254663.7,0.234159
IE,TOTAL,2016,64093.26908,257066.1,0.249326
IE,TOTAL,2017,66479.92181,286712.9,0.231869
IE,TOTAL,2018,67004.69297,315068.2,0.212667
IE,TOTAL,2019,65782.72902,343049.3,0.191759
IE,TOTAL,2020,53002.39855,358665.2,0.147777
IE,TOTAL,2021,55789.57254,422643.4,0.132002
IE,TOTAL,2022,63407.93421,496977.9,0.127587
IE,TOTAL,2023,61925.76252,499273.9,0.124032
IT,A,2012,42542.48492,31169.9,1.364858
IT,A,2013,41868.26836,33362.2,1.254961
IT,A,2014,41496.65931,31220.3,1.329156
IT,A,2015,41664.53204,33124.6,1.257812
IT,A,2016,42866.68399,31525.4,1.359751
IT,A,2017,41953.85624,33030.8,1.270144
IT,A,2018,42246.44405,33022.6,1.279319
IT,A,2019,41643.65475,32810.0,1.269237
IT,A,2020,42851.41923,32198.1,1.330868
IT,A,2021,42777.31204,33780.4,1.266335
IT,A,2022,40510.07218,37771.0,1.072518
IT,A,2023,41506.94864,39847.2,1.041653
IT,A01,2012,41903.86713,28318.7,1.479724
IT,A01,2013,41180.91313,30480.9,1.351040
IT,A01,2014,40808.27216,28377.7,1.438040
IT,A01,2015,40964.02688,30191.2,1.356820
IT,A01,2016,42190.51341,28520.6,1.479300
IT,A01,2017,41301.87296,30070.8,1.373488
IT,A01,2018,41560.07788,29988.9,1.385849
IT,A01,2019,41025.16729,29840.3,1.374824
IT,A01,2020,42253.25494,29090.8,1.452461
IT,A01,2021,42190.48863,30491.7,1.383671
IT,A01,2022,39933.92001,34531.7,1.156442
IT,A01,2023,40943.97848,36422.9,1.124127
IT,A02,2012,75.31158,1758.5,0.042827
IT,A02,2013,89.93419,1957.4,0.045946
IT,A02,2014,94.68035,1941.5,0.048767
IT,A02,2015,89.98465,1915.1,0.046987
IT,A02,2016,87.27083,2000.4,0.043627
IT,A02,2017,85.32485,2041.1,0.041803
IT,A02,2018,89.50454,2103.9,0.042542
IT,A02,2019,93.53754,2159.0,0.043324
IT,A02,2020,71.4101,2446.7,0.029186
IT,A02,2021,91.45085,2539.5,0.036011
IT,A02,2022,102.04979,2618.5,0.038973
IT,A02,2023,105.47367,2793.6,0.037755
IT,A03,2012,563.30621,1092.6,0.515565
IT,A03,2013,597.42104,923.9,0.646630
IT,A03,2014,593.7068,901.1,0.658869
IT,A03,2015,610.52052,1018.2,0.599608
IT,A03,2016,588.89976,1004.4,0.586320
IT,A03,2017,566.65843,918.9,0.616670
IT,A03,2018,596.86163,929.9,0.641856
IT,A03,2019,524.94992,810.8,0.647447
IT,A03,2020,526.75419,660.6,0.797388
IT,A03,2021,495.37256,749.2,0.661202
IT,A03,2022,474.10237,620.8,0.763696
IT,A03,2023,457.49648,630.7,0.725379
IT,B,2012,3621.05878,6592.7,0.549253
IT,B,2013,3759.05921,6383.1,0.588908
IT,B,2014,3773.12735,5456.0,0.691556
IT,B,2015,3811.29115,4218.6,0.903449
IT,B,2016,3216.36998,3541.2,0.908271
IT,B,2017,3311.32811,4041.8,0.819271
IT,B,2018,3597.06545,4533.7,0.793406
IT,B,2019,3348.81397,3765.8,0.889270
IT,B,2020,3096.45839,2778.3,1.114515
IT,B,2021,3905.82038,5481.8,0.712507
IT,B,2022,3382.54436,3167.3,1.067958
IT,B,2023,2962.90173,3338.1,0.887601
IT,C,2012,120017.96539,224658.0,0.534225
IT,C,2013,104176.13068,223074.9,0.467001
IT,C,2014,96629.16077,226342.7,0.426915
IT,C,2015,99599.32773,237222.4,0.419856
IT,C,2016,97039.53249,249997.8,0.388162
IT,C,2017,94762.4363,258477.6,0.366618
IT,C,2018,95897.619,265738.5,0.360872
IT,C,2019,90876.55903,267061.1,0.340284
IT,C,2020,81685.5306,241771.9,0.337862
IT,C,2021,93126.59603,283106.8,0.328945
IT,C,2022,91331.07255,307348.6,0.297158
IT,C,2023,86141.81691,331583.9,0.259789
IT,C10-C12,2012,7838.30716,23290.4,0.336547
IT,C10-C12,2013,7935.37004,23516.8,0.337434
IT,C10-C12,2014,7781.26558,24125.9,0.322527
IT,C10-C12,2015,7339.85117,25832.4,0.284134
IT,C10-C12,2016,7270.30748,26887.1,0.270401
IT,C10-C12,2017,7520.95537,27232.2,0.276179
IT,C10-C12,2018,7555.69503,28502.1,0.265093
IT,C10-C12,2019,7595.35216,29242.6,0.259736
IT,C10-C12,2020,7252.16733,28398.8,0.255369
IT,C10-C12,2021,7564.9008,30610.2,0.247137
IT,C10-C12,2022,7280.43962,31048.5,0.234486
IT,C10-C12,2023,7020.16681,36708.3,0.191242
IT,C13-C15,2012,2688.44463,23210.1,0.115831
IT,C13-C15,2013,3123.70383,23569.4,0.132532
IT,C13-C15,2014,2802.03006,24071.7,0.116403
IT,C13-C15,2015,3343.10429,24428.6,0.136852
IT,C13-C15,2016,3067.1654,24734.2,0.124005
IT,C13-C15,2017,3174.48365,25532.6,0.124331
IT,C13-C15,2018,3217.55465,26342.4,0.122144
IT,C13-C15,2019,2966.33333,26560.8,0.111681
IT,C13-C15,2020,2518.95287,20874.4,0.120672
IT,C13-C15,2021,3063.85281,25368.3,0.120775
IT,C13-C15,2022,3338.11982,28159.6,0.118543
IT,C13-C15,2023,2898.25796,29633.0,0.097805
IT,C16,2012,412.97046,5131.7,0.080474
IT,C16,2013,434.01276,4812.1,0.090192
IT,C16,2014,382.6749,4697.7,0.081460
IT,C16,2015,413.12467,4651.1,0.088823
IT,C16,2016,407.24936,4749.3,0.085749
IT,C16,2017,412.6665,4740.5,0.087051
IT,C16,2018,415.48407,4813.8,0.086311
IT,C16,2019,403.76876,4563.8,0.088472
IT,C16,2020,331.55478,3987.8,0.083142
IT,C16,2021,521.14438,4943.2,0.105427
IT,C16,2022,498.82112,5698.8,0.087531
IT,C16,2023,494.85821,5855.4,0.084513
IT,C17,2012,5551.20947,4768.2,1.164215
IT,C17,2013,5201.32276,4673.2,1.113011
IT,C17,2014,5067.57509,5057.8,1.001933
IT,C17,2015,5142.76598,5008.8,1.026746
IT,C17,2016,5051.01188,5348.8,0.944326
IT,C17,2017,5289.63494,5662.1,0.934218
IT,C17,2018,5172.38633,5717.3,0.904690
IT,C17,2019,5228.41416,6006.5,0.870459
IT,C17,2020,4902.84904,5820.4,0.842356
IT,C17,2021,5471.00658,5770.8,0.948050
IT,C17,2022,4945.63537,6978.5,0.708696
IT,C17,2023,4344.61346,7672.7,0.566243
IT,C18,2012,394.85757,4610.8,0.085638
IT,C18,2013,408.00621,4303.5,0.094808
IT,C18,2014,378.03859,4192.7,0.090166
IT,C18,2015,420.65068,4085.2,0.102969
IT,C18,2016,399.21297,4598.9,0.086806
IT,C18,2017,438.54406,4463.5,0.098251
IT,C18,2018,430.21312,4472.0,0.096202
IT,C18,2019,448.4484,4330.3,0.103561
IT,C18,2020,456.34816,3633.1,0.125608
IT,C18,2021,966.06375,3944.6,0.244908
IT,C18,2022,844.27354,4052.0,0.208360
IT,C18,2023,871.46319,4469.2,0.194993
IT,C19,2012,21621.84123,1864.1,11.599078
IT,C19,2013,17689.79866,1223.5,14.458356
IT,C19,2015,18123.25668,2228.4,8.132856
IT,C19,2016,17122.27919,2341.5,7.312526
IT,C19,2017,16849.64322,2771.9,6.078734
IT,C19,2018,16307.59095,1752.8,9.303737
IT,C19,2019,16329.26608,1883.1,8.671481
IT,C19,2021,15543.94626,2940.3,5.286517
IT,C19,2022,17017.39881,9047.0,1.880999
IT,C19,2023,16946.63558,3301.1,5.133633
IT,C20,2012,18704.2784,9585.0,1.951411
IT,C20,2013,16971.26542,9802.0,1.731408
IT,C20,2014,14861.94181,9875.6,1.504915
IT,C20,2015,16263.7689,10920.0,1.489356
IT,C20,2016,16433.92286,12053.5,1.363415
IT,C20,2017,16389.2152,12170.5,1.346635
IT,C20,2018,17140.82551,12313.3,1.392058
IT,C20,2019,13832.50722,11898.6,1.162532
IT,C20,2020,13339.67923,12196.0,1.093775
IT,C20,2021,13968.07252,13393.4,1.042907
IT,C20,2022,13824.58,12183.5,1.134697
IT,C20,2023,11640.41777,14123.2,0.824205
IT,C21,2012,1273.85887,8467.9,0.150434
IT,C21,2013,1333.25268,8604.9,0.154941
IT,C21,2014,1309.32056,8170.7,0.160246
IT,C21,2015,1254.53597,8873.8,0.141375
IT,C21,2016,1193.47089,9265.3,0.128811
IT,C21,2017,1271.47458,9146.2,0.139017
IT,C21,2018,1317.35126,9162.2,0.143781
IT,C21,2019,1387.63001,10065.2,0.137864
IT,C21,2020,1305.1175,10500.7,0.124289
IT,C21,2021,1527.00862,10205.6,0.149625
IT,C21,2022,1201.37913,10315.5,0.116463
IT,C21,2023,1169.91168,11323.3,0.103319
IT,C22,2012,456.36327,10749.6,0.042454
IT,C22,2013,498.07357,10910.4,0.045651
IT,C22,2014,418.76106,11340.4,0.036926
IT,C22,2015,435.46195,12004.1,0.036276
IT,C22,2016,412.64147,12604.4,0.032738
IT,C22,2017,418.79569,13145.8,0.031858
IT,C22,2018,400.0335,13556.2,0.029509
IT,C22,2019,374.72021,13300.3,0.028174
IT,C22,2020,328.85338,12893.7,0.025505
IT,C22,2021,795.80053,14502.8,0.054872
IT,C22,2022,666.67981,15133.6,0.044053
IT,C22,2023,635.94729,16319.9,0.038968
IT,C23,2012,33534.86236,9644.5,3.477097
IT,C23,2013,27464.60148,9226.1,2.976838
IT,C23,2014,25445.64248,8945.8,2.844423
IT,C23,2015,26665.68899,9099.3,2.930521
IT,C23,2016,24798.25817,9508.7,2.607955
IT,C23,2017,23656.25759,9620.2,2.459019
IT,C23,2018,24052.71783,10006.5,2.403709
IT,C23,2019,23083.19908,10060.6,2.294416
IT,C23,2020,21157.48106,9260.7,2.284652
IT,C23,2021,23224.18591,11284.8,2.058006
IT,C23,2022,22610.2776,11986.9,1.886249
IT,C23,2023,20963.63859,14161.2,1.480357
IT,C24,2012,21938.97748,7456.6,2.942223
IT,C24,2013,17394.70571,6993.8,2.487161
IT,C24,2014,16392.21159,7592.0,2.159143
IT,C24,2015,14643.32055,7524.9,1.945982
IT,C24,2016,15508.61142,8286.7,1.871506
IT,C24,2017,13802.46571,9271.2,1.488746
IT,C24,2018,14241.66009,9386.4,1.517265
IT,C24,2019,13771.73288,8507.9,1.618699
IT,C24,2020,11550.98081,7474.9,1.545302
IT,C24,2021,13766.92176,11728.3,1.173821
IT,C24,2022,12619.13747,13284.7,0.949900
IT,C24,2023,12810.00622,11010.1,1.163478
IT,C25,2012,1260.18111,28452.7,0.044290
IT,C25,2013,1198.9347,27920.3,0.042941
IT,C25,2014,1054.57789,28493.3,0.037011
IT,C25,2015,1016.85771,28931.6,0.035147
IT,C25,2016,997.54106,30362.1,0.032855
IT,C25,2017,963.18834,31267.4,0.030805
IT,C25,2018,980.87376,34420.0,0.028497
IT,C25,2019,976.40855,34335.1,0.028438
IT,C25,2020,763.55595,31436.5,0.024289
IT,C25,2021,952.38992,37943.9,0.025100
IT,C25,2022,946.64077,40911.7,0.023139
IT,C25,2023,948.33346,45400.8,0.020888
IT,C26,2012,494.41912,8425.8,0.058679
IT,C26,2013,520.6529,7984.7,0.065206
IT,C26,2014,514.81582,8019.6,0.064195
IT,C26,2015,536.95082,8311.9,0.064600
IT,C26,2016,518.27083,8067.8,0.064239
IT,C26,2017,555.56862,8292.4,0.066997
IT,C26,2018,562.19095,8414.7,0.066811
IT,C26,2019,550.35276,8683.5,0.063379
IT,C26,2020,468.53771,8915.4,0.052554
IT,C26,2021,548.1745,10275.6,0.053347
IT,C26,2022,527.9798,10994.9,0.048020
IT,C26,2023,485.64646,11253.6,0.043155
IT,C27,2012,674.88653,11078.6,0.060918
IT,C27,2013,730.73139,10929.2,0.066860
IT,C27,2014,684.9837,10291.5,0.066558
IT,C27,2015,722.93821,10842.6,0.066676
IT,C27,2016,684.55363,11207.3,0.061081
IT,C27,2017,744.40652,11360.4,0.065526
IT,C27,2018,742.26558,11370.0,0.065283
IT,C27,2019,742.18738,11521.4,0.064418
IT,C27,2020,644.53833,10891.9,0.059176
IT,C27,2021,666.68044,12270.8,0.054331
IT,C27,2022,603.63904,12974.2,0.046526
IT,C27,2023,623.97571,13603.1,0.045870
IT,C28,2012,1901.20123,32295.8,0.058868
IT,C28,2013,1913.9752,33023.7,0.057958
IT,C28,2014,1686.43676,34434.2,0.048976
IT,C28,2015,1947.98115,34925.4,0.055775
IT,C28,2016,1865.24945,36310.2,0.051370
IT,C28,2017,2090.52468,38007.2,0.055003
IT,C28,2018,2119.24932,38978.3,0.054370
IT,C28,2019,2101.4212,39403.3,0.053331
IT,C28,2020,1683.75093,35201.1,0.047832
IT,C28,2021,2206.4165,40084.5,0.055044
IT,C28,2022,1944.58608,42000.5,0.046299
IT,C28,2023,1909.17339,46646.9,0.040928
IT,C29,2012,218.47316,9351.8,0.023362
IT,C29,2013,290.07397,10046.8,0.028872
IT,C29,2014,274.45748,10454.3,0.026253
IT,C29,2015,354.9415,11981.9,0.029623
IT,C29,2016,371.1071,13845.7,0.026803
IT,C29,2017,292.92795,15386.9,0.019037
IT,C29,2018,320.85671,15281.3,0.020997
IT,C29,2019,186.43674,14460.9,0.012892
IT,C29,2020,99.7154,11222.9,0.008885
IT,C29,2021,1078.13113,15024.5,0.071758
IT,C29,2022,1253.33624,16290.4,0.076937
IT,C29,2023,1159.40292,19387.3,0.059802
IT,C30,2012,79.19946,6051.9,0.013087
IT,C30,2013,56.95225,5406.2,0.010535
IT,C30,2014,54.30882,6571.1,0.008265
IT,C30,2015,53.52415,6305.4,0.008489
IT,C30,2016,54.23427,7443.8,0.007286
IT,C30,2017,52.84262,7672.2,0.006888
IT,C30,2018,56.68946,7984.2,0.007100
IT,C30,2019,57.31565,8254.9,0.006943
IT,C30,2020,50.82298,7982.4,0.006367
IT,C30,2021,255.72914,8614.0,0.029688
IT,C30,2022,253.48287,10045.5,0.025233
IT,C30,2023,260.23918,11975.5,0.021731
IT,C31_C32,2012,347.7819,11682.5,0.029769
IT,C31_C32,2013,378.4974,11719.2,0.032297
IT,C31_C32,2014,319.755,12182.7,0.026247
IT,C31_C32,2015,328.43914,12769.4,0.025721
IT,C31_C32,2016,330.829,13595.4,0.024334
IT,C31_C32,2017,330.43622,13827.7,0.023897
IT,C31_C32,2018,330.37883,14348.5,0.023025
IT,C31_C32,2019,319.59873,14450.1,0.022117
IT,C31_C32,2020,250.28308,12962.1,0.019309
IT,C31_C32,2021,481.56963,15122.7,0.031844
IT,C31_C32,2022,431.26023,16286.6,0.026479
IT,C31_C32,2023,429.11662,17478.7,0.024551
IT,C33,2012,625.852,8540.1,0.073284
IT,C33,2013,632.19977,8409.2,0.075180
IT,C33,2014,615.36466,8221.2,0.074851
IT,C33,2015,592.16521,8497.4,0.069688
IT,C33,2016,553.61608,8787.4,0.063001
IT,C33,2017,508.40484,8906.9,0.057080
IT,C33,2018,533.60206,8916.7,0.059843
IT,C33,2019,521.46574,9532.3,0.054705
IT,C33,2020,495.39394,8320.8,0.059537
IT,C33,2021,524.60086,9078.6,0.057784
IT,C33,2022,523.40523,9956.2,0.052571
IT,C33,2023,530.01241,11260.5,0.047068
IT,D,2012,115478.16157,19187.8,6.018312
IT,D,2013,100325.74227,19885.3,5.045221
IT,D,2014,92469.47821,19236.4,4.807005
IT,D,2015,96271.59511,17624.9,5.462249
IT,D,2016,95722.25844,18336.5,5.220312
IT,D,2017,96314.33446,18564.4,5.188120
IT,D,2018,87542.6953,19580.0,4.471026
IT,D,2019,83047.12848,22099.6,3.757857
IT,D,2020,74293.63492,22531.7,3.297294
IT,D,2021,77250.00287,22342.3,3.457567
IT,D,2022,83585.21486,33037.6,2.530003
IT,D,2023,63809.1616,36129.3,1.766133
IT,E,2012,27264.97511,13610.3,2.003260
IT,E,2013,25947.43287,14198.5,1.827477
IT,E,2014,25857.13731,14842.3,1.742125
IT,E,2015,25992.97162,14935.6,1.740337
IT,E,2016,25819.28684,15909.2,1.622915
IT,E,2017,25662.48651,16141.6,1.589835
IT,E,2018,25959.3627,16646.2,1.559477
IT,E,2019,25770.67125,16958.6,1.519623
IT,E,2020,26383.64947,17059.9,1.546530
IT,E,2021,26304.32348,19359.2,1.358751
IT,E,2022,25899.63379,19411.8,1.334221
IT,E,2023,26338.76929,19354.5,1.360860
IT,E36,2012,292.08913,3661.9,0.079764
IT,E36,2013,205.61256,3918.7,0.052470
IT,E36,2014,140.83585,4341.3,0.032441
IT,E36,2015,137.20547,4572.7,0.030005
IT,E36,2016,128.80581,5413.3,0.023794
IT,E36,2017,132.30159,5169.2,0.025594
IT,E36,2018,146.55673,5396.3,0.027159
IT,E36,2019,140.93895,5322.0,0.026482
IT,E36,2020,125.05577,4979.1,0.025116
IT,E36,2021,143.87381,5749.4,0.025024
IT,E36,2022,138.3671,5510.5,0.025110
IT,E36,2023,135.95917,5676.4,0.023952
IT,E37-E39,2012,26972.88599,9948.4,2.711279
IT,E37-E39,2013,25741.82031,10279.8,2.504117
IT,E37-E39,2014,25716.30146,10501.0,2.448938
IT,E37-E39,2015,25855.76615,10362.9,2.495032
IT,E37-E39,2016,25690.48103,10496.0,2.447645
IT,E37-E39,2017,25530.18492,10972.4,2.326764
IT,E37-E39,2018,25812.80597,11249.9,2.294492
IT,E37-E39,2019,25629.7323,11636.6,2.202510
IT,E37-E39,2020,26258.5937,12080.8,2.173581
IT,E37-E39,2021,26160.44967,13609.8,1.922177
IT,E37-E39,2022,25761.26668,13901.3,1.853155
IT,E37-E39,2023,26202.81013,13678.1,1.915676
IT,F,2012,6731.41681,75509.6,0.089147
IT,F,2013,6749.16116,70440.3,0.095814
IT,F,2014,6751.87423,64357.2,0.104912
IT,F,2015,6570.14989,63469.7,0.103516
IT,F,2016,6434.62691,64483.8,0.099787
IT,F,2017,6197.31477,65500.3,0.094615
IT,F,2018,6333.92469,66588.9,0.095120
IT,F,2019,6428.4369,69190.8,0.092909
IT,F,2020,5571.84491,65962.9,0.084469
IT,F,2021,7314.05345,85329.4,0.085716
IT,F,2022,7564.8032,102168.9,0.074042
IT,F,2023,7761.85886,116699.6,0.066511
IT,G,2012,14128.12928,164404.0,0.085935
IT,G,2013,14579.93727,161800.3,0.090111
IT,G,2014,13946.87204,164500.2,0.084783
IT,G,2015,12909.41039,171054.1,0.075470
IT,G,2016,12613.6292,177789.5,0.070947
IT,G,2017,12070.58878,184969.6,0.065257
IT,G,2018,12378.81318,188193.7,0.065777
IT,G,2019,11908.179,197078.4,0.060424
IT,G,2020,9967.77542,175832.3,0.056689
IT,G,2021,11157.82839,199798.3,0.055845
IT,G,2022,11053.67341,220719.2,0.050080
IT,G,2023,11474.04223,226964.0,0.050554
IT,G45,2012,2284.01016,15218.0,0.150086
IT,G45,2013,2450.25528,14940.3,0.164003
IT,G45,2014,2150.93215,15167.3,0.141814
IT,G45,2015,2103.78476,15720.0,0.133829
IT,G45,2016,2250.37417,16531.5,0.136126
IT,G45,2017,2324.26924,17837.3,0.130304
IT,G45,2018,2525.71123,17685.1,0.142816
IT,G45,2019,2503.71757,18919.1,0.132338
IT,G45,2020,2075.95272,16245.2,0.127789
IT,G45,2021,2303.00561,18529.0,0.124292
IT,G45,2022,2659.88016,20289.2,0.131098
IT,G45,2023,3271.85315,22099.2,0.148053
IT,G46,2012,8678.57853,76396.4,0.113599
IT,G46,2013,8836.53477,75019.5,0.117790
IT,G46,2014,8730.01726,75728.1,0.115281
IT,G46,2015,7812.47913,78233.0,0.099862
IT,G46,2016,7438.13671,82871.1,0.089755
IT,G46,2017,6883.3954,85669.8,0.080348
IT,G46,2018,6878.02929,88320.8,0.077876
IT,G46,2019,6508.5951,93420.4,0.069670
IT,G46,2020,5330.52387,85384.0,0.062430
IT,G46,2021,5917.42262,99250.3,0.059621
IT,G46,2022,5616.68571,111338.2,0.050447
IT,G46,2023,5430.51521,110795.0,0.049014
IT,G47,2012,3165.54059,72789.6,0.043489
IT,G47,2013,3293.14722,71840.5,0.045840
IT,G47,2014,3065.92263,73604.8,0.041654
IT,G47,2015,2993.1465,77101.1,0.038821
IT,G47,2016,2925.11832,78387.0,0.037316
IT,G47,2017,2862.92413,81462.5,0.035144
IT,G47,2018,2975.07265,82187.8,0.036198
IT,G47,2019,2895.86633,84738.9,0.034174
IT,G47,2020,2561.29883,74203.2,0.034517
IT,G47,2021,2937.40017,82019.0,0.035814
IT,G47,2022,2777.10754,89091.8,0.031171
IT,G47,2023,2771.67388,94069.8,0.029464
IT,H,2012,42154.80475,72510.1,0.581365
IT,H,2013,41835.15701,73198.0,0.571534
IT,H,2014,40419.08668,74652.9,0.541427
IT,H,2015,37286.27766,75631.3,0.493001
IT,H,2016,36798.73663,78518.6,0.468663
IT,H,2017,40091.7013,80729.6,0.496617
IT,H,2018,40529.66491,80846.3,0.501317
IT,H,2019,42435.03241,82552.3,0.514038
IT,H,2020,33168.74905,69700.7,0.475874
IT,H,2021,37455.88185,77680.9,0.482176
IT,H,2022,38812.90586,85747.3,0.452643
IT,H,2023,41766.08542,92796.3,0.450084
IT,H49,2012,16781.67192,36020.9,0.465887
IT,H49,2013,16894.65695,35773.4,0.472269
IT,H49,2014,17316.19322,36346.9,0.476415
IT,H49,2015,15463.62522,37314.4,0.414414
IT,H49,2016,15175.05417,38443.6,0.394736
IT,H49,2017,14719.41021,38830.8,0.379065
IT,H49,2018,15655.50463,37926.0,0.412791
IT,H49,2019,15272.33814,38691.0,0.394726
IT,H49,2020,14491.46829,34674.4,0.417930
IT,H49,2021,17289.97092,37138.3,0.465556
IT,H49,2022,17481.88864,38781.6,0.450778
IT,H49,2023,17091.93604,41848.1,0.408428
IT,H50,2012,16849.1927,2817.4,5.980405
IT,H50,2013,16602.37417,3071.3,5.405650
IT,H50,2014,14242.40452,3427.0,4.155939
IT,H50,2015,13762.4242,3867.1,3.558849
IT,H50,2016,13641.46443,3672.2,3.714793
IT,H50,2017,17174.27243,3802.7,4.516336
IT,H50,2018,15863.25913,3661.2,4.332803
IT,H50,2019,18049.43624,3861.1,4.674688
IT,H50,2020,14628.84127,1614.2,9.062595
IT,H50,2021,15777.03477,2198.1,7.177578
IT,H50,2022,14912.73849,3222.4,4.627836
IT,H50,2023,17894.28229,5080.0,3.522497
IT,H51,2012,6668.45813,835.2,7.984265
IT,H51,2013,6294.30336,582.0,10.814954
IT,H51,2014,6914.9369,585.8,11.804262
IT,H51,2015,6183.3628,722.1,8.563028
IT,H51,2016,6312.41113,1717.0,3.676419
IT,H51,2017,6517.86521,2082.7,3.129527
IT,H51,2018,6965.72587,2360.6,2.950829
IT,H51,2019,7218.92972,2961.3,2.437757
IT,H51,2020,2451.1061,965.0,2.540006
IT,H51,2021,2478.36494,363.9,6.810566
IT,H51,2022,4654.03324,699.9,6.649569
IT,H51,2023,5040.4687,1200.8,4.197592
IT,H52,2012,1768.49611,29149.4,0.060670
IT,H52,2013,1951.18281,29670.5,0.065762
IT,H52,2014,1864.74781,30633.3,0.060873
IT,H52,2015,1796.40533,30102.9,0.059675
IT,H52,2016,1597.06238,31168.3,0.051240
IT,H52,2017,1608.06327,32465.0,0.049532
IT,H52,2018,1959.91516,33784.0,0.058013
IT,H52,2019,1815.72458,34018.3,0.053375
IT,H52,2020,1531.49031,29596.2,0.051746
IT,H52,2021,1832.36971,34755.5,0.052722
IT,H52,2022,1694.65232,39957.6,0.042411
IT,H52,2023,1671.88641,41701.6,0.040092
IT,H53,2012,86.9859,3687.2,0.023591
IT,H53,2013,92.63972,4100.8,0.022591
IT,H53,2014,80.80423,3660.0,0.022078
IT,H53,2015,80.46011,3624.7,0.022198
IT,H53,2016,72.74451,3517.4,0.020681
IT,H53,2017,72.09018,3548.3,0.020317
IT,H53,2018,85.26013,3114.5,0.027375
IT,H53,2019,78.60372,3020.8,0.026021
IT,H53,2020,65.84309,2850.9,0.023096
IT,H53,2021,78.14152,3225.1,0.024229
IT,H53,2022,69.59317,3085.8,0.022553
IT,H53,2023,67.51197,2965.9,0.022763
IT,I,2012,2312.43485,54511.7,0.042421
IT,I,2013,2454.8561,52858.4,0.046442
IT,I,2014,1880.94401,54209.6,0.034698
IT,I,2015,1989.52724,54909.0,0.036233
IT,I,2016,1783.08461,57686.6,0.030910
IT,I,2017,1814.44064,61029.6,0.029731
IT,I,2018,2214.97419,63597.4,0.034828
IT,I,2019,2025.08598,64202.7,0.031542
IT,I,2020,1573.80404,38700.9,0.040666
IT,I,2021,1872.57552,49920.3,0.037511
IT,I,2022,1697.73887,65703.6,0.025839
IT,I,2023,1619.14036,76857.6,0.021067
IT,J,2012,341.86322,56877.2,0.006011
IT,J,2013,353.98368,53245.6,0.006648
IT,J,2014,297.56001,52022.4,0.005720
IT,J,2015,286.23397,52958.7,0.005405
IT,J,2016,277.23346,56314.3,0.004923
IT,J,2017,273.29053,57863.4,0.004723
IT,J,2018,306.99234,57941.3,0.005298
IT,J,2019,294.94529,58041.7,0.005082
IT,J,2020,258.74419,56724.9,0.004561
IT,J,2021,295.48533,61689.1,0.004790
IT,J,2022,280.77074,61935.0,0.004533
IT,J,2023,271.38122,65173.9,0.004164
IT,J58,2012,27.52361,3293.8,0.008356
IT,J58,2013,28.47869,3060.3,0.009306
IT,J58,2014,21.73413,3044.5,0.007139
IT,J58,2015,21.64773,2841.6,0.007618
IT,J58,2016,19.78342,3037.1,0.006514
IT,J58,2017,19.80514,3089.4,0.006411
IT,J58,2018,23.27146,3088.9,0.007534
IT,J58,2019,21.35497,2964.8,0.007203
IT,J58,2020,17.79377,2892.7,0.006151
IT,J58,2021,20.03345,3065.5,0.006535
IT,J58,2022,18.6291,3039.7,0.006129
IT,J58,2023,17.55842,3057.9,0.005742
IT,J59_J60,2012,36.20606,6174.4,0.005864
IT,J59_J60,2013,37.86561,5825.4,0.006500
IT,J59_J60,2014,30.5912,5384.5,0.005681
IT,J59_J60,2015,30.82171,5729.9,0.005379
IT,J59_J60,2016,28.8885,6323.0,0.004569
IT,J59_J60,2017,27.75032,6262.8,0.004431
IT,J59_J60,2018,31.69219,6287.6,0.005040
IT,J59_J60,2019,30.48315,5909.2,0.005159
IT,J59_J60,2020,26.30119,5679.6,0.004631
IT,J59_J60,2021,31.25147,6431.2,0.004859
IT,J59_J60,2022,30.35008,6359.5,0.004772
IT,J59_J60,2023,29.2191,7042.6,0.004149
IT,J61,2012,29.16817,22696.0,0.001285
IT,J61,2013,31.00458,19500.7,0.001590
IT,J61,2014,27.87632,18074.4,0.001542
IT,J61,2015,26.8973,17861.5,0.001506
IT,J61,2016,27.48728,18831.2,0.001460
IT,J61,2017,26.92351,18728.9,0.001438
IT,J61,2018,29.59601,17813.5,0.001661
IT,J61,2019,28.7085,18587.3,0.001545
IT,J61,2020,26.18819,17811.5,0.001470
IT,J61,2021,29.91074,16675.5,0.001794
IT,J61,2022,29.42122,15521.7,0.001895
IT,J61,2023,28.91209,15513.4,0.001864
IT,J62_J63,2012,248.96538,24713.0,0.010074
IT,J62_J63,2013,256.63481,24859.2,0.010324
IT,J62_J63,2014,217.35836,25519.1,0.008517
IT,J62_J63,2015,206.86722,26525.7,0.007799
IT,J62_J63,2016,201.07427,28123.0,0.007150
IT,J62_J63,2017,198.81156,29782.4,0.006675
IT,J62_J63,2018,222.43269,30751.3,0.007233
IT,J62_J63,2019,214.39866,30580.5,0.007011
IT,J62_J63,2020,188.46104,30341.2,0.006211
IT,J62_J63,2021,214.28968,35516.9,0.006033
IT,J62_J63,2022,202.37035,37014.1,0.005467
IT,J62_J63,2023,195.69161,39560.0,0.004947
IT,K,2012,529.74732,78822.6,0.006721
IT,K,2013,583.20258,81920.5,0.007119
IT,K,2014,462.86909,86065.9,0.005378
IT,K,2015,559.08163,84786.8,0.006594
IT,K,2016,556.20862,82387.9,0.006751
IT,K,2017,560.69963,79614.3,0.007043
IT,K,2018,592.99177,79794.1,0.007432
IT,K,2019,619.09181,80226.6,0.007717
IT,K,2020,516.61855,81527.0,0.006337
IT,K,2021,631.60949,77623.5,0.008137
IT,K,2022,546.22217,90113.7,0.006061
IT,K,2023,495.597,102647.4,0.004828
IT,K64,2012,233.23761,54598.9,0.004272
IT,K64,2013,256.9586,56116.5,0.004579
IT,K64,2014,178.64726,59688.6,0.002993
IT,K64,2015,283.10473,57597.9,0.004915
IT,K64,2016,282.75364,54098.1,0.005227
IT,K64,2017,300.34803,51380.9,0.005846
IT,K64,2018,321.47024,48882.0,0.006576
IT,K64,2019,352.4817,49544.1,0.007115
IT,K64,2020,283.03814,47142.2,0.006004
IT,K64,2021,354.37525,48443.3,0.007315
IT,K64,2022,282.13693,53644.5,0.005259
IT,K64,2023,247.09509,73433.4,0.003365
IT,K65,2012,9.05833,8478.0,0.001068
IT,K65,2013,9.43174,9037.8,0.001044
IT,K65,2014,7.55946,9327.6,0.000810
IT,K65,2015,7.92688,10248.4,0.000773
IT,K65,2016,7.16908,11192.5,0.000641
IT,K65,2017,7.08447,10632.1,0.000666
IT,K65,2018,8.43223,12526.1,0.000673
IT,K65,2019,7.73574,11176.3,0.000692
IT,K65,2020,6.81383,14948.1,0.000456
IT,K65,2021,7.2309,11957.8,0.000605
IT,K65,2022,6.4126,18713.4,0.000343
IT,K65,2023,6.09266,10316.8,0.000591
IT,K66,2012,287.45138,15745.8,0.018256
IT,K66,2013,316.81223,16766.1,0.018896
IT,K66,2014,276.66237,17049.7,0.016227
IT,K66,2015,268.05001,16940.5,0.015823
IT,K66,2016,266.2859,17097.3,0.015575
IT,K66,2017,253.26714,17601.3,0.014389
IT,K66,2018,263.0893,18386.0,0.014309
IT,K66,2019,258.87436,19506.2,0.013271
IT,K66,2020,226.76657,19436.7,0.011667
IT,K66,2021,270.00334,17222.4,0.015677
IT,K66,2022,257.67264,17755.8,0.014512
IT,K66,2023,242.40925,18897.1,0.012828
IT,L,2012,509.88003,197811.6,0.002578
IT,L,2013,570.67491,198264.7,0.002878
IT,L,2014,459.57306,200289.3,0.002295
IT,L,2015,441.27595,206460.2,0.002137
IT,L,2016,416.0151,208539.9,0.001995
IT,L,2017,408.71737,210847.0,0.001938
IT,L,2018,457.05571,213400.2,0.002142
IT,L,2019,430.6439,217796.8,0.001977
IT,L,2020,319.88647,213196.5,0.001500
IT,L,2021,395.28153,216931.9,0.001822
IT,L,2022,367.36849,226687.8,0.001621
IT,L,2023,348.89151,240664.4,0.001450
IT,L68A,2012,22.2849,133990.0,0.000166
IT,L68A,2013,25.71273,136829.3,0.000188
IT,L68A,2014,18.70902,137825.6,0.000136
IT,L68A,2015,14.02907,140733.4,0.000100
IT,L68A,2016,14.2198,142806.7,0.000100
IT,L68A,2017,19.36006,144810.7,0.000134
IT,L68A,2018,18.38029,147033.9,0.000125
IT,L68A,2019,18.55518,148816.9,0.000125
IT,L68A,2020,16.3025,150515.3,0.000108
IT,L68A,2021,16.06734,152114.7,0.000106
IT,L68A,2022,12.74297,156528.3,0.000081
IT,L68A,2023,11.86519,165822.1,0.000072
IT,M,2012,1367.76572,95961.7,0.014253
IT,M,2013,1338.11463,94909.6,0.014099
IT,M,2014,1164.99806,95660.9,0.012178
IT,M,2015,1258.15905,97399.0,0.012918
IT,M,2016,1209.23902,99328.9,0.012174
IT,M,2017,1156.58624,101840.2,0.011357
IT,M,2018,1266.26909,105688.9,0.011981
IT,M,2019,1251.58371,103542.3,0.012088
IT,M,2020,1149.80302,105368.0,0.010912
IT,M,2021,1102.43357,112993.0,0.009757
IT,M,2022,1106.98115,123764.6,0.008944
IT,M,2023,1396.25272,138622.6,0.010072
IT,M69_M70,2012,463.85106,46290.7,0.010020
IT,M69_M70,2013,468.14041,46020.1,0.010173
IT,M69_M70,2014,382.04455,46882.6,0.008149
IT,M69_M70,2015,387.23182,47990.9,0.008069
IT,M69_M70,2016,356.5024,50261.4,0.007093
IT,M69_M70,2017,348.12508,51105.7,0.006812
IT,M69_M70,2018,410.48355,53777.0,0.007633
IT,M69_M70,2019,375.30755,50842.0,0.007382
IT,M69_M70,2020,322.11586,54557.8,0.005904
IT,M69_M70,2021,367.03434,56770.8,0.006465
IT,M69_M70,2022,343.49923,60914.9,0.005639
IT,M69_M70,2023,331.15791,68549.9,0.004831
IT,M71,2012,191.79347,17619.9,0.010885
IT,M71,2013,197.47099,17587.9,0.011228
IT,M71,2014,178.65908,17159.7,0.010412
IT,M71,2015,174.99418,17772.5,0.009846
IT,M71,2016,171.46732,17464.2,0.009818
IT,M71,2017,166.93267,18017.1,0.009265
IT,M71,2018,182.9274,17812.8,0.010269
IT,M71,2019,179.07349,17533.8,0.010213
IT,M71,2020,152.41392,17101.1,0.008913
IT,M71,2021,182.78906,20087.0,0.009100
IT,M71,2022,183.23472,23515.0,0.007792
IT,M71,2023,184.42919,27167.1,0.006789
IT,M72,2012,451.67757,14195.7,0.031818
IT,M72,2013,410.59929,14350.7,0.028612
IT,M72,2014,358.91362,14022.9,0.025595
IT,M72,2015,464.20982,14056.7,0.033024
IT,M72,2016,439.3549,14228.9,0.030878
IT,M72,2017,407.90579,14666.1,0.027813
IT,M72,2018,429.41652,15117.3,0.028406
IT,M72,2019,452.41064,15537.5,0.029117
IT,M72,2020,449.79789,15713.4,0.028625
IT,M72,2021,304.52965,16487.3,0.018471
IT,M72,2022,334.84718,17045.9,0.019644
IT,M72,2023,641.95092,18664.7,0.034394
IT,M73,2012,69.24219,4078.4,0.016978
IT,M73,2013,70.63359,3607.8,0.019578
IT,M73,2014,64.9839,3962.2,0.016401
IT,M73,2015,60.40028,4127.0,0.014635
IT,M73,2016,59.49622,4251.0,0.013996
IT,M73,2017,56.4016,4051.3,0.013922
IT,M73,2018,59.54586,4558.9,0.013061
IT,M73,2019,58.02565,4780.2,0.012139
IT,M73,2020,42.9538,4213.2,0.010195
IT,M73,2021,52.58804,4338.4,0.012122
IT,M73,2022,50.60652,5014.5,0.010092
IT,M73,2023,51.32835,5199.5,0.009872
IT,M74_M75,2012,191.20143,13777.0,0.013878
IT,M74_M75,2013,191.27035,13343.0,0.014335
IT,M74_M75,2014,180.39691,13633.6,0.013232
IT,M74_M75,2015,171.32295,13451.9,0.012736
IT,M74_M75,2016,182.41819,13123.5,0.013900
IT,M74_M75,2017,177.2211,14000.1,0.012659
IT,M74_M75,2018,183.89576,14422.9,0.012750
IT,M74_M75,2019,186.76638,14848.9,0.012578
IT,M74_M75,2020,182.52156,13782.6,0.013243
IT,M74_M75,2021,195.49248,15309.7,0.012769
IT,M74_M75,2022,194.7935,17274.3,0.011276
IT,M74_M75,2023,187.38636,19041.3,0.009841
IT,N,2012,1182.25344,46582.2,0.025380
IT,N,2013,1217.38884,46229.2,0.026334
IT,N,2014,1114.95186,47621.1,0.023413
IT,N,2015,1069.32809,48729.9,0.021944
IT,N,2016,1047.44209,50475.5,0.020751
IT,N,2017,1026.0135,53997.6,0.019001
IT,N,2018,1130.78996,58317.7,0.019390
IT,N,2019,1116.74733,59204.4,0.018863
IT,N,2020,986.42202,53789.5,0.018339
IT,N,2021,1210.39922,60912.3,0.019871
IT,N,2022,1214.58365,65968.3,0.018412
IT,N,2023,1237.43907,69884.4,0.017707
IT,N77,2012,114.01925,7174.0,0.015893
IT,N77,2013,118.19844,6805.0,0.017369
IT,N77,2014,128.40605,7136.2,0.017994
IT,N77,2015,122.95123,7142.1,0.017215
IT,N77,2016,119.73059,7657.4,0.015636
IT,N77,2017,118.61576,8219.0,0.014432
IT,N77,2018,119.85742,9137.3,0.013117
IT,N77,2019,123.64249,9468.9,0.013058
IT,N77,2020,95.56735,8958.9,0.010667
IT,N77,2021,130.89834,9636.4,0.013584
IT,N77,2022,121.62726,11661.1,0.010430
IT,N77,2023,138.61606,12249.9,0.011316
IT,N78,2012,51.18665,6210.8,0.008242
IT,N78,2013,55.18868,6529.4,0.008452
IT,N78,2014,43.93294,7195.9,0.006105
IT,N78,2015,47.91477,8347.9,0.005740
IT,N78,2016,44.23239,8934.8,0.004951
IT,N78,2017,49.24168,11046.8,0.004458
IT,N78,2018,60.73786,12044.0,0.005043
IT,N78,2019,55.64265,11973.9,0.004647
IT,N78,2020,45.16435,11009.2,0.004102
IT,N78,2021,56.32503,14003.7,0.004022
IT,N78,2022,53.36113,15320.8,0.003483
IT,N78,2023,49.86037,15525.3,0.003212
IT,N79,2012,53.24406,2094.4,0.025422
IT,N79,2013,51.92092,2052.0,0.025303
IT,N79,2014,46.84744,2244.7,0.020870
IT,N79,2015,41.68388,2231.4,0.018681
IT,N79,2016,40.99859,2397.8,0.017098
IT,N79,2017,41.2717,2470.9,0.016703
IT,N79,2018,45.95458,2723.5,0.016873
IT,N79,2019,44.723,2817.0,0.015876
IT,N79,2020,31.74042,1105.9,0.028701
IT,N79,2021,38.49567,1261.5,0.030516
IT,N79,2022,38.53673,2105.0,0.018307
IT,N79,2023,39.0529,2989.3,0.013064
IT,N80-N82,2012,963.80348,31102.9,0.030988
IT,N80-N82,2013,992.08081,30842.7,0.032166
IT,N80-N82,2014,895.76542,31044.4,0.028854
IT,N80-N82,2015,856.77821,31008.5,0.027630
IT,N80-N82,2016,842.48051,31485.5,0.026758
IT,N80-N82,2017,816.88436,32260.9,0.025321
IT,N80-N82,2018,904.2401,34413.0,0.026276
IT,N80-N82,2019,892.73919,34944.5,0.025547
IT,N80-N82,2020,813.9499,32715.6,0.024880
IT,N80-N82,2021,984.68017,36010.7,0.027344
IT,N80-N82,2022,1001.05853,36881.4,0.027143
IT,N80-N82,2023,1009.90974,39119.9,0.025816
IT,O,2012,2022.57201,105776.0,0.019121
IT,O,2013,2236.76926,104461.0,0.021412
IT,O,2014,2458.60347,102746.0,0.023929
IT,O,2015,2603.26066,102263.0,0.025457
IT,O,2016,3100.77234,102906.0,0.030132
IT,O,2017,2841.70019,103301.0,0.027509
IT,O,2018,2713.43213,104767.0,0.025900
IT,O,2019,3048.20484,105133.0,0.028994
IT,O,2020,3700.10022,104455.0,0.035423
IT,O,2021,1715.85898,106850.0,0.016059
IT,O,2022,1616.93552,109527.0,0.014763
IT,O,2023,1980.06189,112260.0,0.017638
IT,P,2012,1142.09665,64134.0,0.017808
IT,P,2013,1077.75346,64208.3,0.016785
IT,P,2014,1212.90839,64416.5,0.018829
IT,P,2015,1330.41406,63958.7,0.020801
IT,P,2016,1490.70571,65169.7,0.022874
IT,P,2017,1422.80421,66587.9,0.021367
IT,P,2018,1361.91393,67562.9,0.020158
IT,P,2019,1496.50913,68513.3,0.021843
IT,P,2020,1371.67001,67850.0,0.020216
IT,P,2021,970.85376,73408.1,0.013225
IT,P,2022,815.18907,75162.0,0.010846
IT,P,2023,1010.76724,77215.8,0.013090
IT,Q,2012,3618.08102,88419.0,0.040920
IT,Q,2013,3406.92798,88464.3,0.038512
IT,Q,2014,3729.76808,90707.7,0.041119
IT,Q,2015,3910.27028,91186.7,0.042882
IT,Q,2016,4707.85962,92043.8,0.051148
IT,Q,2017,4585.63995,93827.0,0.048873
IT,Q,2018,4365.60188,94499.3,0.046197
IT,Q,2019,4547.38536,94194.9,0.048276
IT,Q,2020,5102.86771,93609.2,0.054512
IT,Q,2021,3784.13937,100871.5,0.037514
IT,Q,2022,3628.61592,103254.2,0.035143
IT,Q,2023,4568.23945,107424.4,0.042525
IT,Q86,2012,2942.54901,76667.5,0.038381
IT,Q86,2013,2720.36502,76141.3,0.035728
IT,Q86,2014,3076.74919,77895.6,0.039498
IT,Q86,2015,3208.05083,78174.6,0.041037
IT,Q86,2016,3922.71721,78269.6,0.050118
IT,Q86,2017,3833.82328,79340.3,0.048321
IT,Q86,2018,3576.53224,79738.5,0.044853
IT,Q86,2019,3763.24292,79074.2,0.047591
IT,Q86,2020,4327.01057,78983.8,0.054784
IT,Q86,2021,3107.94869,85793.7,0.036226
IT,Q86,2022,3057.71693,87563.7,0.034920
IT,Q86,2023,3873.8461,89890.5,0.043095
IT,Q87_Q88,2012,675.532,11751.5,0.057485
IT,Q87_Q88,2013,686.56295,12323.0,0.055714
IT,Q87_Q88,2014,653.0189,12812.0,0.050969
IT,Q87_Q88,2015,702.21945,13012.1,0.053967
IT,Q87_Q88,2016,785.14241,13774.2,0.057001
IT,Q87_Q88,2017,751.81667,14486.8,0.051897
IT,Q87_Q88,2018,789.06963,14760.8,0.053457
IT,Q87_Q88,2019,784.14245,15120.7,0.051859
IT,Q87_Q88,2020,775.85714,14625.4,0.053049
IT,Q87_Q88,2021,676.19068,15077.7,0.044847
IT,Q87_Q88,2022,570.89899,15690.6,0.036385
IT,Q87_Q88,2023,694.39336,17533.9,0.039603
IT,R,2012,581.01789,16213.5,0.035835
IT,R,2013,613.70785,15744.3,0.038980
IT,R,2014,556.72973,16335.2,0.034082
IT,R,2015,553.57286,16689.3,0.033169
IT,R,2016,624.14297,17893.0,0.034882
IT,R,2017,628.18078,18287.7,0.034350
IT,R,2018,668.87235,18361.5,0.036428
IT,R,2019,662.81268,19292.7,0.034356
IT,R,2020,554.58978,14440.6,0.038405
IT,R,2021,540.54277,15082.5,0.035839
IT,R,2022,550.36275,19155.6,0.028731
IT,R,2023,653.49997,20953.9,0.031188
IT,R90-R92,2012,234.37316,9860.5,0.023769
IT,R90-R92,2013,245.1826,9511.6,0.025777
IT,R90-R92,2014,266.17629,9854.4,0.027011
IT,R90-R92,2015,249.64678,10009.4,0.024941
IT,R90-R92,2016,349.2661,10381.2,0.033644
IT,R90-R92,2017,344.92956,10739.5,0.032118
IT,R90-R92,2018,326.06512,10507.1,0.031033
IT,R90-R92,2019,343.7208,10945.0,0.031404
IT,R90-R92,2020,319.38545,8769.9,0.036418
IT,R90-R92,2021,257.31094,9417.2,0.027324
IT,R90-R92,2022,276.22062,11579.1,0.023855
IT,R90-R92,2023,381.8646,12785.0,0.029868
IT,R93,2012,346.64473,6353.0,0.054564
IT,R93,2013,368.52526,6232.7,0.059128
IT,R93,2014,290.55344,6480.8,0.044833
IT,R93,2015,303.92609,6679.9,0.045499
IT,R93,2016,274.87686,7511.8,0.036593
IT,R93,2017,283.25122,7548.2,0.037526
IT,R93,2018,342.80723,7854.4,0.043645
IT,R93,2019,319.09187,8347.8,0.038225
IT,R93,2020,235.20433,5670.7,0.041477
IT,R93,2021,283.23184,5665.3,0.049994
IT,R93,2022,274.14214,7576.5,0.036183
IT,R93,2023,271.63537,8168.9,0.033252
IT,S,2012,718.10647,25838.2,0.027792
IT,S,2013,737.58327,25895.2,0.028483
IT,S,2014,639.6352,25930.2,0.024668
IT,S,2015,638.01138,26042.4,0.024499
IT,S,2016,599.78693,25879.7,0.023176
IT,S,2017,589.89792,26963.3,0.021878
IT,S,2018,678.76781,27018.2,0.025123
IT,S,2019,646.85763,26273.1,0.024621
IT,S,2020,509.10914,22743.3,0.022385
IT,S,2021,623.63985,24449.0,0.025508
IT,S,2022,605.07676,26782.8,0.022592
IT,S,2023,600.59912,29690.2,0.020229
IT,S94,2012,83.83073,4202.5,0.019948
IT,S94,2013,91.70859,4271.2,0.021471
IT,S94,2014,82.3828,4416.6,0.018653
IT,S94,2015,81.2289,4484.6,0.018113
IT,S94,2016,75.5683,4590.3,0.016463
IT,S94,2017,71.40101,4665.2,0.015305
IT,S94,2018,80.15949,4783.8,0.016756
IT,S94,2019,75.95967,4727.2,0.016069
IT,S94,2020,66.92889,4992.4,0.013406
IT,S94,2021,78.33276,5100.1,0.015359
IT,S94,2022,87.19132,5334.9,0.016344
IT,S94,2023,87.59557,5489.1,0.015958
IT,S95,2012,119.55711,1820.9,0.065658
IT,S95,2013,113.76595,1835.2,0.061991
IT,S95,2014,111.65286,1741.1,0.064128
IT,S95,2015,109.32726,1657.4,0.065963
IT,S95,2016,106.6308,1672.8,0.063744
IT,S95,2017,99.87227,1709.5,0.058422
IT,S95,2018,104.82871,1751.0,0.059868
IT,S95,2019,104.16021,1753.0,0.059418
IT,S95,2020,83.44223,1398.9,0.059648
IT,S95,2021,103.96985,1546.8,0.067216
IT,S95,2022,100.85506,1806.0,0.055844
IT,S95,2023,100.98211,2003.1,0.050413
IT,S96,2012,514.71863,19814.9,0.025976
IT,S96,2013,532.10872,19788.8,0.026889
IT,S96,2014,445.59954,19772.4,0.022536
IT,S96,2015,447.45522,19900.4,0.022485
IT,S96,2016,417.58784,19616.6,0.021287
IT,S96,2017,418.62464,20588.6,0.020333
IT,S96,2018,493.77961,20483.4,0.024106
IT,S96,2019,466.73775,19792.9,0.023581
IT,S96,2020,358.73802,16352.1,0.021938
IT,S96,2021,441.33725,17802.1,0.024791
IT,S96,2022,417.03038,19641.9,0.021232
IT,S96,2023,412.02145,22198.0,0.018561
IT,T,2012,0.0,16760.4,0.000000
IT,T,2013,0.0,17030.0,0.000000
IT,T,2014,0.0,17155.0,0.000000
IT,T,2015,0.0,17038.8,0.000000
IT,T,2016,0.0,16701.2,0.000000
IT,T,2017,0.0,16389.4,0.000000
IT,T,2018,0.0,16355.1,0.000000
IT,T,2019,0.0,16331.5,0.000000
IT,T,2020,0.0,16081.1,0.000000
IT,T,2021,0.0,16406.1,0.000000
IT,T,2022,0.0,16180.4,0.000000
IT,T,2023,0.0,16690.4,0.000000
IT,TOTAL,2012,386264.8152,1455350.5,0.265410
IT,TOTAL,2013,353831.85138,1445573.7,0.244769
IT,TOTAL,2014,335321.93686,1453767.7,0.230657
IT,TOTAL,2015,338744.69075,1479703.7,0.228927
IT,TOTAL,2016,336323.61493,1515428.7,0.221933
IT,TOTAL,2017,335672.01743,1552004.0,0.216283
IT,TOTAL,2018,330243.25043,1582453.4,0.208691
IT,TOTAL,2019,321598.34344,1604269.8,0.200464
IT,TOTAL,2020,293062.67711,1496321.9,0.195855
IT,TOTAL,2021,312434.63788,1644016.4,0.190044
IT,TOTAL,2022,314569.76529,1793606.6,0.175384
IT,TOTAL,2023,295943.45423,1924797.7,0.153753
LT,A,2012,4585.73003,1329.6,3.448955
LT,A,2013,4581.21373,1232.6,3.716708
LT,A,2014,4843.39374,1252.6,3.866672
LT,A,2015,4908.07391,1286.7,3.814466
LT,A,2016,4991.76532,1211.4,4.120658
LT,A,2017,5035.04447,1500.5,3.355578
LT,A,2018,4900.60254,1326.4,3.694664
LT,A,2019,4601.79194,1538.3,2.991479
LT,A,2020,4628.88357,1775.6,2.606941
LT,A,2021,4536.61764,1924.7,2.357052
LT,A,2022,4169.20738,2649.3,1.573701
LT,A,2023,4096.86411,1855.8,2.207600
LT,A01,2012,4503.33492,1172.6,3.840470
LT,A01,2013,4442.46276,1042.6,4.260946
LT,A01,2014,4696.61054,1018.9,4.609491
LT,A01,2015,4760.46347,1108.2,4.295672
LT,A01,2016,4736.10826,994.5,4.762301
LT,A01,2017,4781.80838,1260.5,3.793581
LT,A01,2018,4670.7872,1030.1,4.534305
LT,A01,2019,4386.46985,1251.1,3.506091
LT,A01,2020,4459.31667,1513.5,2.946361
LT,A01,2021,4371.63784,1568.4,2.787323
LT,A01,2022,4069.70826,2066.7,1.969182
LT,A01,2023,3982.49226,1294.4,3.076709
LT,A02,2012,56.77834,138.9,0.408771
LT,A02,2013,52.07104,170.5,0.305402
LT,A02,2014,125.60073,201.6,0.623019
LT,A02,2015,126.30775,156.8,0.805534
LT,A02,2016,105.62318,186.7,0.565737
LT,A02,2017,114.09125,206.6,0.552233
LT,A02,2018,98.51823,267.5,0.368292
LT,A02,2019,86.05612,244.7,0.351680
LT,A02,2020,72.17182,210.5,0.342859
LT,A02,2021,66.94457,306.4,0.218488
LT,A02,2022,61.3235,538.5,0.113878
LT,A02,2023,73.36402,505.8,0.145046
LT,A03,2012,25.61677,18.1,1.415291
LT,A03,2013,86.67993,19.5,4.445125
LT,A03,2014,21.18246,32.0,0.661952
LT,A03,2015,21.30268,21.7,0.981690
LT,A03,2016,150.03388,30.2,4.968009
LT,A03,2017,139.14485,33.4,4.166013
LT,A03,2018,131.2971,28.9,4.543152
LT,A03,2019,129.26597,42.4,3.048726
LT,A03,2020,97.39508,51.6,1.887502
LT,A03,2021,98.03523,50.0,1.960705
LT,A03,2022,38.17562,44.1,0.865660
LT,A03,2023,41.00784,55.7,0.736227
LT,B,2012,13.8203,119.1,0.116039
LT,B,2013,12.48109,127.5,0.097891
LT,B,2014,20.27345,128.7,0.157525
LT,B,2015,20.05478,99.3,0.201962
LT,B,2016,19.06304,97.3,0.195920
LT,B,2017,19.88881,113.0,0.176007
LT,B,2018,21.80743,125.7,0.173488
LT,B,2019,23.9155,124.0,0.192867
LT,B,2020,19.80912,134.3,0.147499
LT,B,2021,16.82299,138.6,0.121378
LT,B,2022,21.52553,150.1,0.143408
LT,B,2023,20.74888,169.3,0.122557
LT,C,2012,6421.70072,6205.8,1.034790
LT,C,2013,5833.89394,6160.1,0.947045
LT,C,2014,6220.38666,6336.2,0.981722
LT,C,2015,6513.7428,6454.8,1.009132
LT,C,2016,5797.09786,6524.7,0.888485
LT,C,2017,5771.12762,7064.9,0.816873
LT,C,2018,5465.60947,7588.4,0.720258
LT,C,2019,5685.02082,7879.6,0.721486
LT,C,2020,5524.42671,7771.2,0.710885
LT,C,2021,5371.35253,9022.2,0.595348
LT,C,2022,4883.57987,10845.4,0.450290
LT,C,2023,4837.7619,11089.0,0.436267
LT,C10-C12,2012,381.28036,1374.0,0.277497
LT,C10-C12,2013,351.24927,1466.0,0.239597
LT,C10-C12,2014,369.24833,1476.1,0.250151
LT,C10-C12,2015,390.82915,1441.7,0.271089
LT,C10-C12,2016,416.70363,1418.6,0.293743
LT,C10-C12,2017,418.57625,1495.7,0.279853
LT,C10-C12,2018,373.0778,1581.7,0.235871
LT,C10-C12,2019,357.45684,1616.8,0.221089
LT,C10-C12,2020,361.2458,1630.8,0.221514
LT,C10-C12,2021,354.06349,1658.3,0.213510
LT,C10-C12,2022,311.08154,1812.2,0.171660
LT,C10-C12,2023,363.84817,2073.7,0.175458
LT,C13-C15,2012,23.58988,469.4,0.050255
LT,C13-C15,2013,22.74196,489.8,0.046431
LT,C13-C15,2014,30.48485,522.2,0.058378
LT,C13-C15,2015,31.1372,510.4,0.061005
LT,C13-C15,2016,35.52166,533.6,0.066570
LT,C13-C15,2017,34.58701,547.3,0.063196
LT,C13-C15,2018,42.18929,526.2,0.080177
LT,C13-C15,2019,30.24107,513.0,0.058949
LT,C13-C15,2020,22.03776,467.1,0.047180
LT,C13-C15,2021,21.15665,489.0,0.043265
LT,C13-C15,2022,27.63992,523.8,0.052768
LT,C13-C15,2023,22.31192,520.8,0.042842
LT,C16,2012,93.80096,391.0,0.239900
LT,C16,2013,88.85768,434.9,0.204317
LT,C16,2014,82.3578,467.7,0.176091
LT,C16,2015,73.2349,470.0,0.155819
LT,C16,2016,100.89299,496.0,0.203413
LT,C16,2017,101.1736,494.2,0.204722
LT,C16,2018,102.61615,530.3,0.193506
LT,C16,2019,104.53452,533.5,0.195941
LT,C16,2020,95.29332,536.3,0.177687
LT,C16,2021,94.57371,695.3,0.136019
LT,C16,2022,99.89556,884.8,0.112902
LT,C16,2023,97.05578,723.1,0.134222
LT,C17,2012,53.02234,134.0,0.395689
LT,C17,2013,30.45759,162.4,0.187547
LT,C17,2014,51.29345,177.7,0.288652
LT,C17,2015,54.63224,177.7,0.307441
LT,C17,2016,59.47175,189.5,0.313835
LT,C17,2017,66.22906,212.6,0.311520
LT,C17,2018,59.30561,234.4,0.253010
LT,C17,2019,57.89568,237.1,0.244183
LT,C17,2020,42.63185,233.1,0.182891
LT,C17,2021,41.80802,258.0,0.162047
LT,C17,2022,36.21816,308.9,0.117249
LT,C17,2023,35.15911,333.7,0.105361
LT,C18,2012,2.12066,128.7,0.016478
LT,C18,2013,24.26434,137.6,0.176340
LT,C18,2014,1.83104,133.2,0.013747
LT,C18,2015,1.88404,132.1,0.014262
LT,C18,2016,2.01691,130.5,0.015455
LT,C18,2017,1.94692,128.4,0.015163
LT,C18,2018,1.8638,131.8,0.014141
LT,C18,2019,1.8963,142.5,0.013307
LT,C18,2020,1.58325,131.9,0.012003
LT,C18,2021,1.62107,136.9,0.011841
LT,C18,2022,1.33709,133.9,0.009986
LT,C18,2023,1.11191,151.1,0.007359
LT,C20,2012,3019.76472,648.3,4.657974
LT,C20,2013,2275.13318,495.7,4.589738
LT,C20,2014,2485.43685,505.3,4.918735
LT,C20,2015,2592.38277,521.5,4.971012
LT,C20,2016,2294.23483,478.6,4.793637
LT,C20,2017,2353.9909,490.1,4.803083
LT,C20,2018,2034.98576,621.3,3.275367
LT,C20,2019,2224.93163,674.7,3.297661
LT,C20,2020,2380.78402,911.0,2.613374
LT,C20,2021,2099.81053,1259.4,1.667310
LT,C20,2022,1514.49751,1387.3,1.091687
LT,C20,2023,1632.89698,823.4,1.983115
LT,C22,2012,8.93526,328.6,0.027192
LT,C22,2013,8.968,376.3,0.023832
LT,C22,2014,17.95463,395.1,0.045443
LT,C22,2015,20.58599,380.4,0.054117
LT,C22,2016,30.65551,413.1,0.074208
LT,C22,2017,32.2102,442.2,0.072841
LT,C22,2018,23.22802,481.2,0.048271
LT,C22,2019,31.24782,476.6,0.065564
LT,C22,2020,25.36099,441.4,0.057456
LT,C22,2021,24.71359,520.0,0.047526
LT,C22,2022,26.87499,535.3,0.050205
LT,C22,2023,30.50084,535.1,0.057000
LT,C23,2012,1029.95941,212.2,4.853720
LT,C23,2013,1151.11533,248.1,4.639723
LT,C23,2014,1022.6897,265.9,3.846144
LT,C23,2015,1049.34967,239.1,4.388748
LT,C23,2016,946.44194,255.7,3.701376
LT,C23,2017,921.81364,264.8,3.481169
LT,C23,2018,996.72787,279.1,3.571221
LT,C23,2019,1108.01376,288.1,3.845935
LT,C23,2020,1011.10663,277.2,3.647571
LT,C23,2021,1156.30684,313.7,3.686028
LT,C23,2022,1208.7183,320.4,3.772529
LT,C23,2023,901.61388,398.5,2.262519
LT,C24,2012,3.52877,40.7,0.086702
LT,C24,2013,2.93599,43.3,0.067806
LT,C24,2014,5.32902,23.6,0.225806
LT,C24,2015,5.08622,21.4,0.237674
LT,C24,2016,3.66785,18.6,0.197196
LT,C24,2017,4.4059,21.4,0.205883
LT,C24,2018,4.18362,19.8,0.211294
LT,C24,2019,4.15377,13.3,0.312314
LT,C24,2020,0.87025,12.6,0.069067
LT,C24,2021,0.50019,18.1,0.027635
LT,C24,2022,0.42477,17.8,0.023863
LT,C24,2023,0.60777,16.2,0.037517
LT,C25,2012,8.94283,293.1,0.030511
LT,C25,2013,7.27253,291.4,0.024957
LT,C25,2014,10.69599,320.0,0.033425
LT,C25,2015,10.52533,333.6,0.031551
LT,C25,2016,14.55149,365.0,0.039867
LT,C25,2017,16.19814,410.2,0.039488
LT,C25,2018,20.43746,459.8,0.044449
LT,C25,2019,19.81395,487.3,0.040661
LT,C25,2020,14.89559,481.4,0.030942
LT,C25,2021,14.09219,589.5,0.023905
LT,C25,2022,16.14647,731.2,0.022082
LT,C25,2023,12.43009,760.1,0.016353
LT,C26,2012,4.19587,134.7,0.031150
LT,C26,2013,6.36865,124.7,0.051072
LT,C26,2014,5.71236,135.1,0.042282
LT,C26,2015,5.0606,159.0,0.031828
LT,C26,2016,4.65111,175.6,0.026487
LT,C26,2017,7.81327,217.7,0.035890
LT,C26,2018,6.8575,214.4,0.031985
LT,C26,2019,5.64065,262.9,0.021455
LT,C26,2020,10.68099,269.7,0.039603
LT,C26,2021,12.94082,417.7,0.030981
LT,C26,2022,5.10063,435.4,0.011715
LT,C26,2023,8.74444,549.8,0.015905
LT,C27,2012,2.65403,105.6,0.025133
LT,C27,2013,2.18757,115.5,0.018940
LT,C27,2014,3.02204,121.4,0.024893
LT,C27,2015,2.95934,123.3,0.024001
LT,C27,2016,3.75019,128.1,0.029275
LT,C27,2017,3.54014,141.1,0.025090
LT,C27,2018,4.18782,146.6,0.028566
LT,C27,2019,3.72151,149.4,0.024910
LT,C27,2020,2.64434,147.9,0.017879
LT,C27,2021,2.45784,167.0,0.014718
LT,C27,2022,2.82808,160.2,0.017653
LT,C27,2023,2.69893,186.7,0.014456
LT,C28,2012,3.67215,176.5,0.020805
LT,C28,2013,2.63838,200.8,0.013139
LT,C28,2014,7.27801,191.7,0.037966
LT,C28,2015,8.12876,188.9,0.043032
LT,C28,2016,8.77478,196.9,0.044565
LT,C28,2017,9.92505,233.1,0.042579
LT,C28,2018,12.29093,242.2,0.050747
LT,C28,2019,11.86753,244.9,0.048459
LT,C28,2020,5.55468,244.2,0.022746
LT,C28,2021,5.1077,271.2,0.018834
LT,C28,2022,6.67571,272.6,0.024489
LT,C28,2023,5.64853,301.1,0.018760
LT,C29,2012,1.34706,70.1,0.019216
LT,C29,2013,0.93804,84.9,0.011049
LT,C29,2014,1.38857,103.8,0.013377
LT,C29,2015,0.93964,108.4,0.008668
LT,C29,2016,1.31207,131.0,0.010016
LT,C29,2017,1.40665,160.8,0.008748
LT,C29,2018,1.78007,163.2,0.010907
LT,C29,2019,1.95035,151.3,0.012891
LT,C29,2020,1.85116,151.6,0.012211
LT,C29,2021,1.79569,183.5,0.009786
LT,C29,2022,2.10099,183.0,0.011481
LT,C29,2023,1.97222,200.3,0.009846
LT,C30,2012,1.52661,92.3,0.016540
LT,C30,2013,1.506,101.1,0.014896
LT,C30,2014,3.03093,78.4,0.038660
LT,C30,2015,3.14278,87.2,0.036041
LT,C30,2016,2.59345,86.0,0.030156
LT,C30,2017,2.91266,95.2,0.030595
LT,C30,2018,4.53246,116.7,0.038839
LT,C30,2019,4.11287,158.1,0.026014
LT,C30,2020,2.72149,160.0,0.017009
LT,C30,2021,2.71599,193.2,0.014058
LT,C30,2022,3.37621,230.8,0.014628
LT,C30,2023,3.40107,284.2,0.011967
LT,C31_C32,2012,30.86865,713.9,0.043239
LT,C31_C32,2013,26.1543,778.3,0.033604
LT,C31_C32,2014,34.08055,850.0,0.040095
LT,C31_C32,2015,37.75994,889.4,0.042456
LT,C31_C32,2016,35.90977,902.1,0.039807
LT,C31_C32,2017,41.185,977.0,0.042155
LT,C31_C32,2018,42.07531,1060.2,0.039686
LT,C31_C32,2019,39.61541,1091.4,0.036298
LT,C31_C32,2020,32.04375,1136.3,0.028200
LT,C31_C32,2021,32.46673,1324.8,0.024507
LT,C31_C32,2022,37.99571,1527.3,0.024878
LT,C31_C32,2023,35.36255,1611.8,0.021940
LT,C33,2012,4.5133,198.0,0.022794
LT,C33,2013,3.96526,222.8,0.017797
LT,C33,2014,6.13644,239.9,0.025579
LT,C33,2015,5.98738,241.1,0.024834
LT,C33,2016,7.22969,250.6,0.028850
LT,C33,2017,6.89594,278.7,0.024743
LT,C33,2018,10.8069,339.2,0.031860
LT,C33,2019,10.93417,400.7,0.027288
LT,C33,2020,6.65881,346.4,0.019223
LT,C33,2021,8.52949,377.3,0.022607
LT,C33,2022,7.73048,452.4,0.017088
LT,C33,2023,8.39635,525.0,0.015993
LT,D,2012,3257.31789,815.1,3.996219
LT,D,2013,2666.07089,822.9,3.239848
LT,D,2014,2236.1256,732.3,3.053565
LT,D,2015,2143.23355,628.0,3.412792
LT,D,2016,1897.74203,688.0,2.758346
LT,D,2017,1589.7052,702.3,2.263570
LT,D,2018,1531.56145,696.3,2.199571
LT,D,2019,1353.56146,728.4,1.858267
LT,D,2020,1686.71574,796.4,2.117925
LT,D,2021,1848.37788,814.9,2.268227
LT,D,2022,1480.23851,1381.0,1.071860
LT,D,2023,1186.46942,1401.1,0.846813
LT,E,2012,1391.44014,372.4,3.736413
LT,E,2013,1357.4302,404.1,3.359144
LT,E,2014,1239.7752,433.3,2.861240
LT,E,2015,1171.3614,398.4,2.940164
LT,E,2016,1149.01793,414.8,2.770053
LT,E,2017,1172.03435,461.6,2.539069
LT,E,2018,1060.22597,460.2,2.303837
LT,E,2019,902.3412,466.9,1.932622
LT,E,2020,868.7809,480.6,1.807701
LT,E,2021,829.60211,531.8,1.559989
LT,E,2022,799.90214,519.3,1.540347
LT,E,2023,810.92581,603.4,1.343927
LT,E36,2012,7.57019,99.1,0.076389
LT,E36,2013,8.10648,106.6,0.076046
LT,E36,2014,15.10643,124.1,0.121728
LT,E36,2015,10.67512,123.7,0.086298
LT,E36,2016,12.33294,124.2,0.099299
LT,E36,2017,12.86187,122.9,0.104653
LT,E36,2018,13.99057,127.9,0.109387
LT,E36,2019,21.84551,125.5,0.174068
LT,E36,2020,24.21109,131.8,0.183696
LT,E36,2021,26.48737,140.1,0.189060
LT,E36,2022,33.03693,121.6,0.271685
LT,E36,2023,24.77026,200.3,0.123666
LT,E37-E39,2012,1383.86995,273.2,5.065410
LT,E37-E39,2013,1349.32371,297.5,4.535542
LT,E37-E39,2014,1224.66878,309.3,3.959485
LT,E37-E39,2015,1160.68628,274.8,4.223749
LT,E37-E39,2016,1136.68499,290.5,3.912857
LT,E37-E39,2017,1159.17248,338.7,3.422417
LT,E37-E39,2018,1046.2354,332.3,3.148466
LT,E37-E39,2019,880.49569,341.4,2.579073
LT,E37-E39,2020,844.5698,348.8,2.421358
LT,E37-E39,2021,803.11473,391.6,2.050855
LT,E37-E39,2022,766.86521,397.6,1.928735
LT,E37-E39,2023,786.15555,403.0,1.950758
LT,F,2012,76.09055,1861.5,0.040876
LT,F,2013,82.42976,2119.1,0.038898
LT,F,2014,215.82095,2464.7,0.087565
LT,F,2015,239.15082,2514.9,0.095094
LT,F,2016,178.75339,2367.7,0.075497
LT,F,2017,183.75408,2531.3,0.072593
LT,F,2018,181.31353,2882.2,0.062908
LT,F,2019,154.29905,3237.2,0.047664
LT,F,2020,153.24622,3277.0,0.046764
LT,F,2021,101.2344,3582.3,0.028260
LT,F,2022,120.83751,4191.5,0.028829
LT,F,2023,116.33941,4943.8,0.023532
LT,G,2012,170.08479,5443.6,0.031245
LT,G,2013,218.56714,5815.3,0.037585
LT,G,2014,336.76543,6016.3,0.055976
LT,G,2015,377.09927,6072.8,0.062096
LT,G,2016,531.39098,6252.5,0.084989
LT,G,2017,531.38046,6711.1,0.079179
LT,G,2018,438.49429,7322.3,0.059885
LT,G,2019,391.22054,7435.4,0.052616
LT,G,2020,290.69379,7563.3,0.038435
LT,G,2021,297.97021,8302.6,0.035889
LT,G,2022,307.55735,9315.4,0.033016
LT,G,2023,299.42189,10249.6,0.029213
LT,G45,2012,41.74908,607.1,0.068768
LT,G45,2013,48.30186,638.7,0.075625
LT,G45,2014,59.9236,618.7,0.096854
LT,G45,2015,28.35573,685.1,0.041389
LT,G45,2016,29.85024,767.6,0.038888
LT,G45,2017,30.12664,850.2,0.035435
LT,G45,2018,46.36724,998.5,0.046437
LT,G45,2019,34.40385,1059.9,0.032460
LT,G45,2020,21.64869,1033.5,0.020947
LT,G45,2021,21.02312,1228.9,0.017107
LT,G45,2022,20.99979,1385.4,0.015158
LT,G45,2023,20.1639,1674.8,0.012040
LT,G46,2012,35.78443,2562.4,0.013965
LT,G46,2013,51.02742,2713.9,0.018802
LT,G46,2014,125.36638,2887.8,0.043412
LT,G46,2015,143.90818,2889.1,0.049811
LT,G46,2016,150.26661,2884.0,0.052104
LT,G46,2017,155.31994,3158.5,0.049175
LT,G46,2018,161.51706,3499.5,0.046154
LT,G46,2019,138.25228,3474.8,0.039787
LT,G46,2020,87.22168,3648.1,0.023909
LT,G46,2021,109.70664,3980.0,0.027564
LT,G46,2022,99.60139,4543.3,0.021923
LT,G46,2023,107.3788,4969.0,0.021610
LT,G47,2012,92.55128,2274.0,0.040700
LT,G47,2013,119.23786,2462.8,0.048416
LT,G47,2014,151.47545,2509.7,0.060356
LT,G47,2015,204.83536,2498.6,0.081980
LT,G47,2016,351.27412,2600.9,0.135059
LT,G47,2017,345.93389,2702.5,0.128005
LT,G47,2018,230.61,2824.3,0.081652
LT,G47,2019,218.56441,2900.7,0.075349
LT,G47,2020,181.82342,2881.7,0.063096
LT,G47,2021,167.24045,3093.7,0.054058
LT,G47,2022,186.95617,3386.6,0.055205
LT,G47,2023,171.8792,3605.8,0.047667
LT,H,2012,2877.37609,3460.9,0.831395
LT,H,2013,2864.306,3718.5,0.770285
LT,H,2014,3081.0703,3831.1,0.804226
LT,H,2015,3510.56768,3731.3,0.940843
LT,H,2016,3853.11588,3958.4,0.973402
LT,H,2017,4785.52735,4452.8,1.074723
LT,H,2018,6129.85468,5022.9,1.220382
LT,H,2019,6522.49676,5451.8,1.196393
LT,H,2020,8411.52345,5159.5,1.630298
LT,H,2021,8768.19631,5577.1,1.572178
LT,H,2022,8640.20307,6771.9,1.275891
LT,H,2023,8852.52278,7280.2,1.215972
LT,H49,2012,2686.30675,2188.5,1.227465
LT,H49,2013,2784.09675,2356.5,1.181454
LT,H49,2014,2943.53759,2460.9,1.196122
LT,H49,2015,3389.8761,2414.5,1.403966
LT,H49,2016,3651.17279,2641.0,1.382496
LT,H49,2017,4577.78855,3013.1,1.519295
LT,H49,2018,5847.67246,3424.4,1.707649
LT,H49,2019,6221.53727,3697.5,1.682633
LT,H49,2020,8178.44854,3424.0,2.388566
LT,H49,2021,8560.82321,3698.7,2.314549
LT,H49,2022,8483.67489,4728.6,1.794120
LT,H49,2023,8698.05915,5189.9,1.675959
LT,H50,2012,131.02122,102.0,1.284522
LT,H50,2013,28.52024,91.5,0.311697
LT,H50,2014,21.41054,91.2,0.234765
LT,H50,2015,19.62992,93.7,0.209498
LT,H50,2016,75.89055,85.1,0.891781
LT,H50,2017,76.09812,87.9,0.865735
LT,H50,2018,112.32121,94.8,1.184823
LT,H50,2019,108.70852,94.9,1.145506
LT,H50,2020,109.60088,95.2,1.151270
LT,H50,2021,103.21108,98.2,1.051029
LT,H50,2022,66.31114,97.2,0.682213
LT,H50,2023,62.62193,98.5,0.635756
LT,H51,2012,34.52808,23.8,1.450760
LT,H51,2013,33.13871,25.9,1.279487
LT,H51,2014,79.41807,33.1,2.399337
LT,H51,2015,62.27478,38.4,1.621739
LT,H51,2016,77.7913,27.9,2.788219
LT,H51,2017,80.60403,60.2,1.338937
LT,H51,2018,111.65185,74.3,1.502717
LT,H51,2019,124.24044,113.0,1.099473
LT,H51,2020,84.19398,16.0,5.262124
LT,H51,2021,74.22673,28.7,2.586297
LT,H51,2022,56.94447,76.0,0.749269
LT,H51,2023,58.39569,92.2,0.633359
LT,H52,2012,21.63126,1074.5,0.020131
LT,H52,2013,14.24505,1165.0,0.012228
LT,H52,2014,31.18583,1162.2,0.026833
LT,H52,2015,34.61686,1101.2,0.031436
LT,H52,2016,42.43806,1113.7,0.038105
LT,H52,2017,44.74129,1192.9,0.037506
LT,H52,2018,51.09678,1324.5,0.038578
LT,H52,2019,60.85503,1440.4,0.042249
LT,H52,2020,34.72872,1507.6,0.023036
LT,H52,2021,25.34557,1631.1,0.015539
LT,H52,2022,27.4616,1734.1,0.015836
LT,H52,2023,25.30532,1742.7,0.014521
LT,H53,2012,3.88878,72.1,0.053936
LT,H53,2013,4.30524,79.5,0.054154
LT,H53,2014,5.51827,83.7,0.065929
LT,H53,2015,4.17002,83.5,0.049940
LT,H53,2016,5.82317,90.7,0.064203
LT,H53,2017,6.29537,98.7,0.063783
LT,H53,2018,7.11238,105.0,0.067737
LT,H53,2019,7.15551,106.0,0.067505
LT,H53,2020,4.55133,116.7,0.039000
LT,H53,2021,4.58974,120.5,0.038089
LT,H53,2022,5.81096,136.0,0.042728
LT,H53,2023,8.14069,157.0,0.051852
LT,I,2012,15.86979,413.0,0.038426
LT,I,2013,15.95294,447.0,0.035689
LT,I,2014,16.65289,468.4,0.035553
LT,I,2015,14.52345,538.2,0.026985
LT,I,2016,18.27218,589.1,0.031017
LT,I,2017,18.91665,660.2,0.028653
LT,I,2018,22.36546,739.5,0.030244
LT,I,2019,21.6329,813.7,0.026586
LT,I,2020,15.32891,576.9,0.026571
LT,I,2021,16.91805,710.4,0.023815
LT,I,2022,15.08544,1047.2,0.014406
LT,I,2023,16.21462,1256.8,0.012902
LT,J,2012,13.45755,902.7,0.014908
LT,J,2013,12.13291,1013.1,0.011976
LT,J,2014,13.84627,1026.4,0.013490
LT,J,2015,13.33643,1159.8,0.011499
LT,J,2016,31.42791,1263.1,0.024882
LT,J,2017,33.46672,1397.2,0.023953
LT,J,2018,43.20597,1522.1,0.028386
LT,J,2019,50.91537,1717.7,0.029642
LT,J,2020,34.78399,1872.5,0.018576
LT,J,2021,32.56885,2174.0,0.014981
LT,J,2022,35.47778,2809.1,0.012630
LT,J,2023,39.49149,3445.6,0.011461
LT,J58,2012,2.27539,87.2,0.026094
LT,J58,2013,1.67888,90.8,0.018490
LT,J58,2014,1.72523,73.5,0.023473
LT,J58,2015,1.42422,82.4,0.017284
LT,J58,2016,1.34512,88.5,0.015199
LT,J58,2017,1.81292,91.7,0.019770
LT,J58,2018,2.06954,93.8,0.022063
LT,J58,2019,1.49993,80.2,0.018702
LT,J58,2020,1.17336,88.3,0.013288
LT,J58,2021,1.26531,94.5,0.013390
LT,J58,2022,1.30442,116.2,0.011226
LT,J58,2023,1.72055,179.9,0.009564
LT,J59_J60,2012,1.41217,63.5,0.022239
LT,J59_J60,2013,1.26683,67.7,0.018712
LT,J59_J60,2014,1.43667,74.1,0.019388
LT,J59_J60,2015,0.92364,80.2,0.011517
LT,J59_J60,2016,11.07465,85.7,0.129226
LT,J59_J60,2017,11.81932,97.6,0.121100
LT,J59_J60,2018,15.92943,106.3,0.149854
LT,J59_J60,2019,16.46553,120.2,0.136984
LT,J59_J60,2020,6.71711,112.2,0.059867
LT,J59_J60,2021,6.83788,137.1,0.049875
LT,J59_J60,2022,5.77415,153.1,0.037715
LT,J59_J60,2023,5.75842,173.0,0.033286
LT,J61,2012,3.32625,469.0,0.007092
LT,J61,2013,3.22421,485.4,0.006642
LT,J61,2014,3.5063,462.3,0.007584
LT,J61,2015,2.5243,466.6,0.005410
LT,J61,2016,7.45205,469.6,0.015869
LT,J61,2017,7.35149,479.5,0.015332
LT,J61,2018,9.41401,464.3,0.020276
LT,J61,2019,11.16934,485.5,0.023006
LT,J61,2020,9.43537,482.4,0.019559
LT,J61,2021,7.32219,551.3,0.013282
LT,J61,2022,6.85651,584.4,0.011733
LT,J61,2023,6.6163,649.3,0.010190
LT,J62_J63,2012,6.44373,283.0,0.022769
LT,J62_J63,2013,5.96298,369.2,0.016151
LT,J62_J63,2014,7.17806,416.6,0.017230
LT,J62_J63,2015,8.46427,530.7,0.015949
LT,J62_J63,2016,11.55609,619.3,0.018660
LT,J62_J63,2017,12.48299,728.5,0.017135
LT,J62_J63,2018,15.79299,857.8,0.018411
LT,J62_J63,2019,21.78057,1031.8,0.021109
LT,J62_J63,2020,17.45816,1189.6,0.014676
LT,J62_J63,2021,17.14347,1391.1,0.012324
LT,J62_J63,2022,21.5427,1955.4,0.011017
LT,J62_J63,2023,25.39622,2443.4,0.010394
LT,K,2012,9.56265,626.4,0.015266
LT,K,2013,8.94533,706.4,0.012663
LT,K,2014,9.65794,662.2,0.014585
LT,K,2015,13.2538,704.8,0.018805
LT,K,2016,22.87258,760.7,0.030068
LT,K,2017,28.18386,785.9,0.035862
LT,K,2018,27.12735,926.3,0.029286
LT,K,2019,31.6239,1045.1,0.030259
LT,K,2020,33.20201,1154.1,0.028769
LT,K,2021,32.23219,1515.2,0.021273
LT,K,2022,24.7494,2116.5,0.011694
LT,K,2023,22.56194,3209.1,0.007031
LT,K64,2012,5.57312,517.0,0.010780
LT,K64,2013,5.32741,545.7,0.009763
LT,K64,2014,4.85257,494.8,0.009807
LT,K64,2015,5.0594,494.5,0.010231
LT,K64,2016,9.8955,535.6,0.018476
LT,K64,2017,10.86053,569.8,0.019060
LT,K64,2018,12.08834,611.9,0.019755
LT,K64,2019,14.19789,699.7,0.020291
LT,K64,2020,11.31031,737.0,0.015346
LT,K64,2021,10.53437,949.7,0.011092
LT,K64,2022,8.28859,1555.1,0.005330
LT,K64,2023,8.89342,2482.6,0.003582
LT,K65,2012,3.01835,77.4,0.038997
LT,K65,2013,2.28507,122.8,0.018608
LT,K65,2014,3.40128,124.7,0.027276
LT,K65,2015,2.43183,147.0,0.016543
LT,K65,2016,4.55267,141.1,0.032266
LT,K65,2017,4.58751,114.1,0.040206
LT,K65,2018,5.28766,203.3,0.026009
LT,K65,2019,5.67925,195.0,0.029124
LT,K65,2020,8.42272,238.1,0.035375
LT,K65,2021,7.1195,244.0,0.029178
LT,K65,2022,5.92268,276.7,0.021405
LT,K65,2023,4.89599,453.1,0.010806
LT,K66,2012,0.97118,32.0,0.030349
LT,K66,2013,1.33285,37.8,0.035261
LT,K66,2014,1.40409,42.7,0.032883
LT,K66,2015,5.76257,63.3,0.091036
LT,K66,2016,8.42441,84.1,0.100171
LT,K66,2017,12.73582,102.1,0.124739
LT,K66,2018,9.75135,111.1,0.087771
LT,K66,2019,11.74676,150.3,0.078155
LT,K66,2020,13.46898,179.1,0.075204
LT,K66,2021,14.57832,321.5,0.045345
LT,K66,2022,10.53814,284.7,0.037015
LT,K66,2023,8.77254,273.4,0.032087
LT,L,2012,14.07409,1827.6,0.007701
LT,L,2013,19.97485,1945.4,0.010268
LT,L,2014,42.15898,2086.5,0.020206
LT,L,2015,62.7398,2222.6,0.028228
LT,L,2016,90.2234,2403.9,0.037532
LT,L,2017,96.5098,2555.2,0.037770
LT,L,2018,49.42811,2835.0,0.017435
LT,L,2019,47.99135,2888.6,0.016614
LT,L,2020,23.37049,3023.5,0.007730
LT,L,2021,20.53444,3223.5,0.006370
LT,L,2022,20.9402,3827.8,0.005471
LT,L,2023,21.41263,4361.7,0.004909
LT,M,2012,25.01545,1041.2,0.024026
LT,M,2013,27.2243,1129.8,0.024097
LT,M,2014,74.19301,1205.2,0.061561
LT,M,2015,36.82248,1281.3,0.028738
LT,M,2016,45.11676,1387.0,0.032528
LT,M,2017,47.07317,1491.6,0.031559
LT,M,2018,57.80351,1618.4,0.035716
LT,M,2019,53.65917,1766.9,0.030369
LT,M,2020,36.985,1805.6,0.020483
LT,M,2021,37.84037,2139.3,0.017688
LT,M,2022,38.91441,2603.7,0.014946
LT,M,2023,44.57219,2805.5,0.015887
LT,M69_M70,2012,11.97848,485.7,0.024662
LT,M69_M70,2013,11.71825,522.9,0.022410
LT,M69_M70,2014,34.58239,570.2,0.060650
LT,M69_M70,2015,13.6889,585.2,0.023392
LT,M69_M70,2016,14.54336,647.7,0.022454
LT,M69_M70,2017,13.53057,703.1,0.019244
LT,M69_M70,2018,17.51534,789.7,0.022180
LT,M69_M70,2019,17.33642,892.4,0.019427
LT,M69_M70,2020,12.40123,861.0,0.014403
LT,M69_M70,2021,12.68816,1043.2,0.012163
LT,M69_M70,2022,14.33594,1311.3,0.010933
LT,M69_M70,2023,16.47243,1368.3,0.012039
LT,M71,2012,6.16121,229.0,0.026905
LT,M71,2013,5.66902,241.8,0.023445
LT,M71,2014,20.21075,256.7,0.078733
LT,M71,2015,6.38974,278.3,0.022960
LT,M71,2016,9.92484,286.1,0.034690
LT,M71,2017,11.07556,300.0,0.036919
LT,M71,2018,13.3,315.9,0.042102
LT,M71,2019,9.72905,335.9,0.028964
LT,M71,2020,9.21307,374.3,0.024614
LT,M71,2021,9.25599,382.3,0.024211
LT,M71,2022,9.80807,440.3,0.022276
LT,M71,2023,10.06392,516.5,0.019485
LT,M72,2012,1.47382,43.9,0.033572
LT,M72,2013,1.92747,49.1,0.039256
LT,M72,2014,4.77267,55.8,0.085532
LT,M72,2015,1.39041,62.2,0.022354
LT,M72,2016,2.41375,75.1,0.032140
LT,M72,2017,2.86419,82.5,0.034717
LT,M72,2018,4.15834,93.0,0.044713
LT,M72,2019,2.86849,103.6,0.027688
LT,M72,2020,1.73023,124.3,0.013920
LT,M72,2021,1.89898,161.8,0.011737
LT,M72,2022,1.58587,207.4,0.007646
LT,M72,2023,1.86627,218.6,0.008537
LT,M73,2012,2.59504,200.8,0.012924
LT,M73,2013,4.63988,232.0,0.019999
LT,M73,2014,3.11114,235.0,0.013239
LT,M73,2015,12.36711,257.7,0.047990
LT,M73,2016,14.71643,264.1,0.055723
LT,M73,2017,15.75564,279.6,0.056351
LT,M73,2018,17.83698,288.0,0.061934
LT,M73,2019,17.1051,297.6,0.057477
LT,M73,2020,9.36759,307.3,0.030484
LT,M73,2021,9.75416,399.6,0.024410
LT,M73,2022,8.77922,475.3,0.018471
LT,M73,2023,11.86275,520.9,0.022774
LT,M74_M75,2012,2.80689,81.9,0.034272
LT,M74_M75,2013,3.26969,84.0,0.038925
LT,M74_M75,2014,11.51608,87.6,0.131462
LT,M74_M75,2015,2.98632,97.9,0.030504
LT,M74_M75,2016,3.51837,114.1,0.030836
LT,M74_M75,2017,3.84721,126.5,0.030413
LT,M74_M75,2018,4.99285,131.8,0.037882
LT,M74_M75,2019,6.6201,137.3,0.048216
LT,M74_M75,2020,4.27288,138.8,0.030784
LT,M74_M75,2021,4.24309,152.4,0.027842
LT,M74_M75,2022,4.4053,169.4,0.026005
LT,M74_M75,2023,4.30681,181.3,0.023755
LT,N,2012,19.57267,641.8,0.030497
LT,N,2013,25.56136,711.0,0.035951
LT,N,2014,31.95536,766.3,0.041701
LT,N,2015,61.86006,871.3,0.070997
LT,N,2016,81.69564,967.1,0.084475
LT,N,2017,87.91369,1153.1,0.076241
LT,N,2018,110.66742,1306.0,0.084738
LT,N,2019,114.1272,1438.0,0.079365
LT,N,2020,76.63405,1341.3,0.057134
LT,N,2021,71.11009,1778.9,0.039974
LT,N,2022,63.7953,2097.7,0.030412
LT,N,2023,73.52698,2546.9,0.028869
LT,N77,2012,1.72297,162.0,0.010636
LT,N77,2013,2.59627,175.7,0.014777
LT,N77,2014,2.48397,192.0,0.012937
LT,N77,2015,7.26675,228.4,0.031816
LT,N77,2016,34.71918,244.6,0.141943
LT,N77,2017,37.08153,322.0,0.115160
LT,N77,2018,45.17844,395.2,0.114318
LT,N77,2019,50.05759,434.3,0.115260
LT,N77,2020,20.44365,415.4,0.049214
LT,N77,2021,18.14097,527.9,0.034364
LT,N77,2022,18.09459,676.3,0.026755
LT,N77,2023,20.13312,650.4,0.030955
LT,N78,2012,1.77699,97.6,0.018207
LT,N78,2013,2.08504,114.9,0.018147
LT,N78,2014,1.89676,122.7,0.015459
LT,N78,2015,2.89631,152.8,0.018955
LT,N78,2016,4.03616,173.3,0.023290
LT,N78,2017,3.60808,208.6,0.017297
LT,N78,2018,4.16677,225.4,0.018486
LT,N78,2019,5.05473,295.3,0.017117
LT,N78,2020,4.38168,268.4,0.016325
LT,N78,2021,4.74458,322.8,0.014698
LT,N78,2022,4.40349,441.5,0.009974
LT,N78,2023,5.24122,536.9,0.009762
LT,N79,2012,0.77405,73.7,0.010503
LT,N79,2013,0.99525,72.9,0.013652
LT,N79,2014,6.19852,86.9,0.071329
LT,N79,2015,2.07746,89.5,0.023212
LT,N79,2016,1.54134,103.3,0.014921
LT,N79,2017,1.4573,116.5,0.012509
LT,N79,2018,3.30184,124.0,0.026628
LT,N79,2019,3.33287,123.3,0.027031
LT,N79,2020,1.64195,24.1,0.068131
LT,N79,2021,2.04661,36.9,0.055464
LT,N79,2022,0.81889,69.3,0.011817
LT,N79,2023,1.79649,116.4,0.015434
LT,N80-N82,2012,15.29866,308.5,0.049590
LT,N80-N82,2013,19.8848,347.4,0.057239
LT,N80-N82,2014,21.37611,364.8,0.058597
LT,N80-N82,2015,49.61954,400.7,0.123832
LT,N80-N82,2016,41.39896,445.9,0.092844
LT,N80-N82,2017,45.76678,506.0,0.090448
LT,N80-N82,2018,58.02037,561.4,0.103349
LT,N80-N82,2019,55.68201,585.2,0.095150
LT,N80-N82,2020,50.16676,633.4,0.079202
LT,N80-N82,2021,46.17793,891.4,0.051804
LT,N80-N82,2022,40.47833,910.7,0.044447
LT,N80-N82,2023,46.35615,1243.1,0.037291
LT,O,2012,54.70557,1848.8,0.029590
LT,O,2013,66.67152,1926.9,0.034600
LT,O,2014,97.06186,2023.9,0.047958
LT,O,2015,134.3452,2080.0,0.064589
LT,O,2016,142.93865,2125.5,0.067249
LT,O,2017,150.58561,2183.1,0.068978
LT,O,2018,165.05356,2325.0,0.070991
LT,O,2019,145.35171,2561.6,0.056743
LT,O,2020,99.3667,2773.9,0.035822
LT,O,2021,93.25203,2933.6,0.031788
LT,O,2022,104.5278,3399.7,0.030746
LT,O,2023,111.3631,3879.0,0.028709
LT,P,2012,59.12536,1403.2,0.042136
LT,P,2013,58.85281,1442.3,0.040805
LT,P,2014,111.00865,1459.1,0.076080
LT,P,2015,48.46066,1518.8,0.031907
LT,P,2016,54.95843,1592.2,0.034517
LT,P,2017,57.13774,1666.5,0.034286
LT,P,2018,62.31065,1831.8,0.034016
LT,P,2019,49.30936,2026.2,0.024336
LT,P,2020,39.79294,2236.4,0.017793
LT,P,2021,43.3876,2458.9,0.017645
LT,P,2022,42.44283,2848.6,0.014900
LT,P,2023,44.03165,3295.1,0.013363
LT,Q,2012,42.41902,1036.7,0.040917
LT,Q,2013,45.1929,1097.6,0.041174
LT,Q,2014,51.91714,1168.2,0.044442
LT,Q,2015,45.76316,1252.2,0.036546
LT,Q,2016,54.70313,1374.3,0.039804
LT,Q,2017,58.12041,1519.6,0.038247
LT,Q,2018,66.40758,1725.0,0.038497
LT,Q,2019,60.93866,1984.9,0.030701
LT,Q,2020,39.46349,2226.4,0.017725
LT,Q,2021,43.27288,2669.2,0.016212
LT,Q,2022,45.52471,2866.6,0.015881
LT,Q,2023,45.3605,3181.3,0.014258
LT,Q86,2012,35.14096,893.7,0.039321
LT,Q86,2013,37.83095,941.2,0.040194
LT,Q86,2014,37.96028,984.6,0.038554
LT,Q86,2015,36.25919,1051.0,0.034500
LT,Q86,2016,42.06349,1152.6,0.036494
LT,Q86,2017,44.34282,1274.9,0.034781
LT,Q86,2018,51.60642,1439.3,0.035855
LT,Q86,2019,46.79216,1666.2,0.028083
LT,Q86,2020,28.62393,1870.0,0.015307
LT,Q86,2021,31.06369,2285.9,0.013589
LT,Q86,2022,33.99442,2403.6,0.014143
LT,Q86,2023,33.27552,2645.0,0.012581
LT,Q87_Q88,2012,7.27806,143.0,0.050896
LT,Q87_Q88,2013,7.36195,156.4,0.047071
LT,Q87_Q88,2014,13.95687,183.6,0.076018
LT,Q87_Q88,2015,9.50398,201.2,0.047236
LT,Q87_Q88,2016,12.63963,221.7,0.057012
LT,Q87_Q88,2017,13.77759,244.7,0.056304
LT,Q87_Q88,2018,14.80117,285.8,0.051789
LT,Q87_Q88,2019,14.1465,318.7,0.044388
LT,Q87_Q88,2020,10.83956,356.5,0.030405
LT,Q87_Q88,2021,12.20918,383.3,0.031853
LT,Q87_Q88,2022,11.53028,462.9,0.024909
LT,Q87_Q88,2023,12.08498,536.2,0.022538
LT,R,2012,10.28837,236.9,0.043429
LT,R,2013,12.96979,267.7,0.048449
LT,R,2014,19.98597,325.6,0.061382
LT,R,2015,16.91589,363.0,0.046600
LT,R,2016,23.36645,421.2,0.055476
LT,R,2017,24.66295,451.6,0.054612
LT,R,2018,27.474,485.0,0.056647
LT,R,2019,27.60662,518.4,0.053254
LT,R,2020,16.58897,470.3,0.035273
LT,R,2021,15.94753,517.5,0.030816
LT,R,2022,16.21629,692.6,0.023414
LT,R,2023,16.15435,823.6,0.019614
LT,R90-R92,2012,7.33934,205.9,0.035645
LT,R90-R92,2013,9.44159,235.3,0.040126
LT,R90-R92,2014,13.12444,283.7,0.046262
LT,R90-R92,2015,11.31932,309.2,0.036608
LT,R90-R92,2016,15.34386,355.7,0.043137
LT,R90-R92,2017,16.376,375.9,0.043565
LT,R90-R92,2018,17.83831,385.7,0.046249
LT,R90-R92,2019,17.24225,408.2,0.042240
LT,R90-R92,2020,10.72112,384.1,0.027912
LT,R90-R92,2021,10.60624,419.5,0.025283
LT,R90-R92,2022,10.95459,546.0,0.020063
LT,R90-R92,2023,10.63324,636.8,0.016698
LT,R93,2012,2.94904,31.0,0.095130
LT,R93,2013,3.52819,32.4,0.108895
LT,R93,2014,6.86153,41.9,0.163760
LT,R93,2015,5.59657,53.8,0.104025
LT,R93,2016,8.02259,65.5,0.122482
LT,R93,2017,8.28695,75.7,0.109471
LT,R93,2018,9.63569,99.2,0.097134
LT,R93,2019,10.36438,110.2,0.094051
LT,R93,2020,5.86785,86.1,0.068152
LT,R93,2021,5.34129,98.0,0.054503
LT,R93,2022,5.26169,146.6,0.035891
LT,R93,2023,5.52111,186.8,0.029556
LT,S,2012,13.53072,258.6,0.052323
LT,S,2013,14.5457,300.8,0.048357
LT,S,2014,17.1645,323.4,0.053075
LT,S,2015,14.32303,340.4,0.042077
LT,S,2016,21.84298,358.6,0.060912
LT,S,2017,23.29234,387.0,0.060187
LT,S,2018,28.12462,411.5,0.068347
LT,S,2019,25.97805,430.8,0.060302
LT,S,2020,16.8612,419.5,0.040194
LT,S,2021,17.80676,454.5,0.039179
LT,S,2022,16.82249,508.8,0.033063
LT,S,2023,18.24375,554.8,0.032883
LT,S94,2012,5.46322,43.8,0.124731
LT,S94,2013,4.861,48.4,0.100434
LT,S94,2014,4.38571,55.3,0.079308
LT,S94,2015,5.15806,52.2,0.098813
LT,S94,2016,8.52486,53.9,0.158161
LT,S94,2017,9.78843,57.0,0.171727
LT,S94,2018,11.17793,63.0,0.177427
LT,S94,2019,8.19365,69.3,0.118234
LT,S94,2020,5.06793,75.0,0.067572
LT,S94,2021,6.23289,67.8,0.091931
LT,S94,2022,6.06353,71.0,0.085402
LT,S94,2023,4.87809,88.0,0.055433
LT,S95,2012,1.07464,26.0,0.041332
LT,S95,2013,1.08177,29.3,0.036920
LT,S95,2014,2.499,31.6,0.079082
LT,S95,2015,1.14436,36.9,0.031012
LT,S95,2016,1.04184,38.6,0.026991
LT,S95,2017,1.29032,42.6,0.030289
LT,S95,2018,2.06896,46.8,0.044209
LT,S95,2019,1.70714,43.1,0.039609
LT,S95,2020,1.37856,47.2,0.029207
LT,S95,2021,1.2851,49.8,0.025805
LT,S95,2022,1.61606,51.1,0.031625
LT,S95,2023,1.61244,52.4,0.030772
LT,S96,2012,6.99286,188.8,0.037038
LT,S96,2013,8.60293,223.1,0.038561
LT,S96,2014,10.27978,236.4,0.043485
LT,S96,2015,8.0206,251.3,0.031916
LT,S96,2016,12.27628,266.0,0.046151
LT,S96,2017,12.21359,287.4,0.042497
LT,S96,2018,14.87773,301.8,0.049297
LT,S96,2019,16.07726,318.3,0.050510
LT,S96,2020,10.41472,297.4,0.035019
LT,S96,2021,10.28877,336.9,0.030540
LT,S96,2022,9.1429,386.7,0.023643
LT,S96,2023,11.75322,414.4,0.028362
LT,T,2012,1.24092,25.7,0.048285
LT,T,2013,0.99599,26.9,0.037026
LT,T,2014,0.87221,27.6,0.031602
LT,T,2015,0.37915,29.1,0.013029
LT,T,2016,0.50321,32.2,0.015628
LT,T,2017,0.59206,35.1,0.016868
LT,T,2018,0.70806,38.9,0.018202
LT,T,2019,0.31344,45.1,0.006950
LT,T,2020,0.25929,46.7,0.005552
LT,T,2021,0.35425,47.6,0.007442
LT,T,2022,0.14568,53.9,0.002703
LT,T,2023,0.22673,60.5,0.003748
LT,TOTAL,2012,19072.42268,29870.7,0.638499
LT,TOTAL,2013,17925.41314,31414.9,0.570602
LT,TOTAL,2014,18680.08611,32738.0,0.570593
LT,TOTAL,2015,19346.00732,33547.8,0.576670
LT,TOTAL,2016,19005.86773,34789.7,0.546307
LT,TOTAL,2017,19714.91734,37823.8,0.521230
LT,TOTAL,2018,20390.14565,41189.1,0.495037
LT,TOTAL,2019,20264.095,44098.4,0.459520
LT,TOTAL,2020,22016.71656,44905.0,0.490295
LT,TOTAL,2021,22195.39912,50516.9,0.439366
LT,TOTAL,2022,20847.69367,60696.1,0.343477
LT,TOTAL,2023,20674.21414,67012.1,0.308515
LU,A,2012,720.96064,134.0,5.380303
LU,A,2013,738.82962,128.6,5.745176
LU,A,2014,751.14281,150.0,5.007619
LU,A,2015,760.44075,121.1,6.279445
LU,A,2016,793.26466,120.4,6.588577
LU,A,2017,789.90505,136.4,5.791093
LU,A,2018,789.22035,140.7,5.609242
LU,A,2019,769.98629,134.1,5.741881
LU,A,2020,791.45357,129.3,6.121064
LU,A,2021,793.88054,142.3,5.578922
LU,A,2022,741.6804,185.8,3.991821
LU,A,2023,743.42703,153.8,4.833726
LU,A01,2012,718.2343,119.0,6.035582
LU,A01,2013,736.3032,114.7,6.419383
LU,A01,2014,748.6146,136.6,5.480341
LU,A01,2015,757.3026,108.9,6.954110
LU,A01,2016,789.92,108.6,7.273665
LU,A01,2017,785.4418,124.6,6.303706
LU,A01,2018,785.2616,128.4,6.115745
LU,A01,2019,769.3769,127.3,6.043809
LU,A01,2020,786.9813,129.6,6.072387
LU,A01,2021,790.7292,142.2,5.560684
LU,A01,2022,741.6724,181.2,4.093115
LU,A01,2023,740.5775,150.5,4.920781
LU,A02,2012,2.72634,15.0,0.181756
LU,A02,2013,2.52642,13.9,0.181757
LU,A02,2014,2.52821,13.3,0.190091
LU,A02,2015,3.13815,12.2,0.257225
LU,A02,2016,3.34466,11.8,0.283446
LU,A02,2017,4.46325,11.9,0.375063
LU,A02,2018,3.95875,12.3,0.321850
LU,A02,2019,0.60939,6.8,0.089616
LU,A02,2021,3.15134,0.1,31.513400
LU,A02,2022,0.008,4.7,0.001702
LU,A02,2023,2.84953,3.3,0.863494
LU,B,2012,4.62902,31.3,0.147892
LU,B,2013,5.73305,30.9,0.185536
LU,B,2014,6.44511,31.9,0.202041
LU,B,2015,9.08376,29.5,0.307924
LU,B,2016,7.57467,29.5,0.256768
LU,B,2017,6.06779,34.8,0.174362
LU,B,2018,6.47657,34.7,0.186645
LU,B,2019,6.879,38.1,0.180551
LU,B,2020,6.18819,39.5,0.156663
LU,B,2021,8.38667,37.7,0.222458
LU,B,2022,6.68954,35.0,0.191130
LU,B,2023,9.6213,37.6,0.255886
LU,C,2012,1526.98929,2120.0,0.720278
LU,C,2013,1452.70667,2236.0,0.649690
LU,C,2014,1490.30731,2448.8,0.608587
LU,C,2015,1458.70706,2966.8,0.491677
LU,C,2016,1486.39243,3257.2,0.456341
LU,C,2017,1481.69146,2778.1,0.533347
LU,C,2018,1497.31465,2985.1,0.501596
LU,C,2019,1529.88406,3147.5,0.486063
LU,C,2020,1391.10821,3177.3,0.437827
LU,C,2021,1398.04029,3392.8,0.412061
LU,C,2022,1180.40326,3002.0,0.393206
LU,C,2023,952.59546,3326.8,0.286340
LU,C13-C15,2012,40.44213,141.3,0.286215
LU,C13-C15,2013,45.24758,145.2,0.311622
LU,C13-C15,2014,49.05197,138.5,0.354166
LU,C13-C15,2015,65.06938,185.0,0.351726
LU,C13-C15,2016,65.66991,224.1,0.293038
LU,C13-C15,2017,72.16561,235.8,0.306046
LU,C13-C15,2018,72.0717,234.2,0.307736
LU,C13-C15,2019,65.63975,263.8,0.248824
LU,C13-C15,2020,66.44108,290.2,0.228949
LU,C13-C15,2021,3.60546,289.1,0.012471
LU,C13-C15,2022,0.29746,299.3,0.000994
LU,C13-C15,2023,2.8039,290.7,0.009645
LU,C20,2012,15.41919,73.1,0.210933
LU,C20,2013,23.8054,86.6,0.274889
LU,C20,2014,21.65261,101.2,0.213959
LU,C20,2015,22.04189,104.4,0.211129
LU,C20,2016,22.66348,103.5,0.218971
LU,C20,2017,18.8625,109.9,0.171633
LU,C20,2018,13.12762,103.7,0.126592
LU,C20,2019,12.03639,99.5,0.120969
LU,C20,2020,7.53582,137.6,0.054766
LU,C20,2021,14.50211,164.1,0.088374
LU,C20,2022,9.66307,122.3,0.079011
LU,C20,2023,8.57661,120.9,0.070940
LU,D,2012,1201.3619,300.6,3.996547
LU,D,2013,827.0291,345.5,2.393717
LU,D,2014,783.9018,400.9,1.955355
LU,D,2015,553.2692,421.0,1.314179
LU,D,2016,334.2667,459.3,0.727774
LU,D,2017,331.4386,422.9,0.783728
LU,D,2018,309.0148,411.8,0.750400
LU,D,2019,310.8217,445.1,0.698319
LU,D,2020,299.0262,483.3,0.618718
LU,D,2021,303.2991,511.9,0.592497
LU,D,2022,258.4081,487.0,0.530612
LU,D,2023,208.9788,602.0,0.347141
LU,E,2012,126.71694,200.4,0.632320
LU,E,2013,127.6371,224.8,0.567781
LU,E,2014,135.81436,240.1,0.565657
LU,E,2015,124.56574,245.9,0.506571
LU,E,2016,121.10532,255.2,0.474551
LU,E,2017,119.85729,250.8,0.477900
LU,E,2018,116.28509,273.9,0.424553
LU,E,2019,117.08725,281.6,0.415793
LU,E,2020,108.41447,288.9,0.375266
LU,E,2021,110.34104,291.0,0.379179
LU,E,2022,104.58524,306.0,0.341782
LU,E,2023,98.83817,287.2,0.344144
LU,E36,2012,0.80454,59.4,0.013544
LU,E36,2013,0.6046,63.3,0.009551
LU,E36,2014,0.60516,60.1,0.010069
LU,E36,2015,0.46534,53.3,0.008731
LU,E36,2016,0.34522,55.9,0.006176
LU,E36,2017,0.60459,57.7,0.010478
LU,E36,2018,0.60409,71.6,0.008437
LU,E36,2019,0.90655,72.4,0.012521
LU,E36,2020,0.45927,75.5,0.006083
LU,E36,2021,1.00804,69.8,0.014442
LU,E36,2022,1.00934,66.9,0.015087
LU,E36,2023,0.90957,67.2,0.013535
LU,E37-E39,2012,125.9124,141.1,0.892363
LU,E37-E39,2013,127.0325,161.4,0.787066
LU,E37-E39,2014,135.2092,180.0,0.751162
LU,E37-E39,2015,124.1004,192.7,0.644008
LU,E37-E39,2016,120.7601,199.3,0.605921
LU,E37-E39,2017,119.2527,193.1,0.617570
LU,E37-E39,2018,115.681,202.3,0.571829
LU,E37-E39,2019,116.1807,209.2,0.555357
LU,E37-E39,2020,107.9552,213.4,0.505882
LU,E37-E39,2021,109.333,221.2,0.494272
LU,E37-E39,2022,103.5759,239.1,0.433191
LU,E37-E39,2023,97.9286,220.0,0.445130
LU,F,2012,150.1059,2198.8,0.068267
LU,F,2013,141.3876,2289.8,0.061747
LU,F,2014,155.1402,2477.5,0.062620
LU,F,2015,177.9082,2584.5,0.068837
LU,F,2016,164.5972,2797.6,0.058835
LU,F,2017,164.0907,2806.3,0.058472
LU,F,2018,159.6765,2898.9,0.055082
LU,F,2019,166.3159,3328.1,0.049973
LU,F,2020,181.3255,3327.1,0.054500
LU,F,2021,121.5749,3503.0,0.034706
LU,F,2022,124.9915,3163.2,0.039514
LU,F,2023,126.8923,3371.9,0.037632
LU,G,2012,221.55893,4434.8,0.049959
LU,G,2013,272.60519,4696.1,0.058049
LU,G,2014,190.7589,4725.2,0.040371
LU,G,2015,244.5826,4595.9,0.053218
LU,G,2016,216.3429,4860.6,0.044510
LU,G,2017,213.9012,5029.7,0.042528
LU,G,2018,192.9105,4812.7,0.040084
LU,G,2019,225.9645,4950.8,0.045642
LU,G,2020,170.5765,4825.5,0.035349
LU,G,2021,171.244,5327.2,0.032145
LU,G,2022,155.6649,5097.3,0.030539
LU,G,2023,162.4918,6454.8,0.025174
LU,G45,2012,18.50989,418.5,0.044229
LU,G45,2013,18.30894,411.5,0.044493
LU,G45,2014,18.5373,423.6,0.043761
LU,G45,2015,21.487,442.4,0.048569
LU,G45,2016,23.0898,468.4,0.049295
LU,G45,2017,28.3219,464.0,0.061039
LU,G45,2018,29.0512,473.0,0.061419
LU,G45,2019,36.1419,532.5,0.067872
LU,G45,2020,28.2484,486.2,0.058100
LU,G45,2021,24.6191,544.8,0.045189
LU,G45,2022,27.0512,560.9,0.048228
LU,G45,2023,27.2777,700.2,0.038957
LU,H,2012,3193.06728,1750.3,1.824297
LU,H,2013,3404.73481,1835.3,1.855138
LU,H,2014,3773.93177,1995.6,1.891126
LU,H,2015,4742.86669,2131.6,2.225027
LU,H,2016,4746.2113,2122.3,2.236353
LU,H,2017,4761.46303,2429.9,1.959530
LU,H,2018,4863.54797,2650.6,1.834886
LU,H,2019,5360.05336,2555.0,2.097868
LU,H,2020,4850.79958,3216.5,1.508099
LU,H,2021,4839.66822,4100.3,1.180321
LU,H,2022,5255.36287,4604.6,1.141329
LU,H,2023,5042.46471,3243.7,1.554541
LU,H49,2012,266.7269,1015.4,0.262682
LU,H49,2013,239.7265,1052.8,0.227704
LU,H49,2014,207.6957,1082.4,0.191884
LU,H49,2015,208.8904,1119.9,0.186526
LU,H49,2016,191.9574,1146.1,0.167487
LU,H49,2017,201.9281,1185.7,0.170303
LU,H49,2018,181.3762,1314.6,0.137971
LU,H49,2019,164.4382,1351.2,0.121698
LU,H49,2020,163.8279,1317.3,0.124366
LU,H49,2021,138.1587,1435.8,0.096224
LU,H49,2022,135.9524,1561.3,0.087076
LU,H49,2023,112.7573,1649.0,0.068379
LU,I,2012,30.90087,745.1,0.041472
LU,I,2013,32.59797,771.3,0.042264
LU,I,2014,22.93449,838.3,0.027358
LU,I,2015,30.84573,885.1,0.034850
LU,I,2016,34.57858,920.3,0.037573
LU,I,2017,36.3993,958.6,0.037971
LU,I,2018,38.71925,970.0,0.039917
LU,I,2019,40.22466,1036.8,0.038797
LU,I,2020,16.0157,634.5,0.025241
LU,I,2021,22.28268,684.6,0.032548
LU,I,2022,34.11008,1061.7,0.032128
LU,I,2023,27.19214,1273.0,0.021361
LU,J,2012,42.6373,2825.2,0.015092
LU,J,2013,43.55178,2650.6,0.016431
LU,J,2014,36.53637,2795.4,0.013070
LU,J,2015,44.12958,3049.6,0.014471
LU,J,2016,41.7005,2885.2,0.014453
LU,J,2017,39.21194,2988.1,0.013123
LU,J,2018,37.19588,3134.6,0.011866
LU,J,2019,46.79437,3271.6,0.014303
LU,J,2020,39.87165,3347.1,0.011912
LU,J,2021,17.88334,3563.3,0.005019
LU,J,2022,37.45771,3751.4,0.009985
LU,J,2023,31.04133,5073.6,0.006118
LU,J58,2012,4.62167,161.0,0.028706
LU,J58,2013,4.22207,151.8,0.027813
LU,J58,2014,2.41459,182.0,0.013267
LU,J58,2015,2.21741,181.0,0.012251
LU,J58,2016,2.1169,184.1,0.011499
LU,J58,2017,1.8166,176.9,0.010269
LU,J58,2018,1.71586,167.6,0.010238
LU,J58,2019,5.24012,170.0,0.030824
LU,J58,2020,2.62191,196.2,0.013363
LU,J58,2021,4.02397,180.6,0.022281
LU,J58,2022,2.81909,192.9,0.014614
LU,J58,2023,2.92167,137.4,0.021264
LU,J61,2012,21.48205,1631.3,0.013169
LU,J61,2013,22.68671,1385.5,0.016374
LU,J61,2014,19.47899,1445.7,0.013474
LU,J61,2015,21.49186,1482.3,0.014499
LU,J61,2016,21.38974,1400.5,0.015273
LU,J61,2017,20.10087,1336.5,0.015040
LU,J61,2018,20.1953,1341.6,0.015053
LU,J61,2019,23.20991,1321.2,0.017567
LU,J61,2020,19.98205,1331.5,0.015007
LU,J61,2021,4.84454,1605.2,0.003018
LU,J61,2022,24.70544,1486.1,0.016624
LU,J61,2023,19.40045,1494.2,0.012984
LU,K,2012,177.36061,11972.8,0.014814
LU,K,2013,165.39963,12579.9,0.013148
LU,K,2014,113.23973,13448.0,0.008421
LU,K,2015,131.92724,14405.7,0.009158
LU,K,2016,160.67994,13937.2,0.011529
LU,K,2017,188.17789,14339.5,0.013123
LU,K,2018,209.79411,14197.3,0.014777
LU,K,2019,245.69678,14217.1,0.017282
LU,K,2020,136.72155,14477.9,0.009443
LU,K,2021,295.71477,17451.7,0.016945
LU,K,2022,231.0583,18134.0,0.012742
LU,K,2023,184.16397,18984.6,0.009701
LU,K64,2012,177.2268,7750.4,0.022867
LU,K64,2013,165.2445,8059.7,0.020503
LU,K64,2014,109.09725,8567.3,0.012734
LU,K64,2015,131.8034,8680.8,0.015183
LU,K64,2016,160.5167,8580.0,0.018708
LU,K64,2017,180.5082,8481.7,0.021282
LU,K64,2018,202.8312,8402.7,0.024139
LU,K64,2019,232.0794,7910.4,0.029339
LU,K64,2020,128.8299,8075.9,0.015952
LU,K64,2021,281.4774,9060.8,0.031065
LU,K64,2022,78.5213,10463.7,0.007504
LU,K64,2023,74.5808,11157.8,0.006684
LU,K65,2012,0.0,906.8,0.000000
LU,K65,2013,0.0,826.7,0.000000
LU,K65,2014,0.0,828.7,0.000000
LU,K65,2015,0.0,985.5,0.000000
LU,K65,2016,0.0,887.1,0.000000
LU,K65,2017,0.0,929.6,0.000000
LU,K65,2018,0.0,881.5,0.000000
LU,K65,2019,0.0,965.3,0.000000
LU,K65,2020,0.0,1000.5,0.000000
LU,K65,2021,0.0,1505.8,0.000000
LU,K65,2022,0.0,1623.2,0.000000
LU,K65,2023,0.0,2156.9,0.000000
LU,K66,2012,0.13381,3315.7,0.000040
LU,K66,2013,0.15513,3693.5,0.000042
LU,K66,2014,4.14248,4052.0,0.001022
LU,K66,2015,0.12384,4739.3,0.000026
LU,K66,2016,0.16324,4470.1,0.000037
LU,K66,2017,7.66969,4928.2,0.001556
LU,K66,2018,6.96291,4913.2,0.001417
LU,K66,2019,13.61738,5341.4,0.002549
LU,K66,2020,7.89165,5401.5,0.001461
LU,K66,2021,14.23737,6885.1,0.002068
LU,K66,2022,152.537,6047.2,0.025224
LU,K66,2023,109.58317,5669.9,0.019327
LU,L,2012,25.63891,3431.0,0.007473
LU,L,2013,30.16472,3856.1,0.007823
LU,L,2014,26.04372,4024.4,0.006471
LU,L,2015,28.85492,4189.5,0.006887
LU,L,2016,28.55866,4391.1,0.006504
LU,L,2017,30.69333,4613.1,0.006654
LU,L,2018,29.38296,4763.5,0.006168
LU,L,2019,33.80991,4844.7,0.006979
LU,L,2020,15.40019,4750.8,0.003242
LU,L,2021,14.29371,4960.4,0.002882
LU,L,2022,27.73193,4940.1,0.005614
LU,L,2023,24.952,5708.6,0.004371
LU,L68A,2012,0.0,1754.7,0.000000
LU,L68A,2013,0.0,1738.9,0.000000
LU,L68A,2014,0.0,1775.0,0.000000
LU,L68A,2015,0.0,1769.4,0.000000
LU,L68A,2016,0.0,1878.9,0.000000
LU,L68A,2017,0.0,2030.2,0.000000
LU,L68A,2018,0.0,2069.3,0.000000
LU,L68A,2019,0.0,1985.5,0.000000
LU,L68A,2020,0.0,1936.7,0.000000
LU,L68A,2021,0.0,2021.7,0.000000
LU,L68A,2022,0.0,2130.5,0.000000
LU,L68A,2023,0.0,2480.7,0.000000
LU,M,2012,33.03174,3116.0,0.010601
LU,M,2013,40.31347,3415.5,0.011803
LU,M,2014,34.28703,3201.8,0.010709
LU,M,2015,43.41735,3850.9,0.011275
LU,M,2016,40.1765,4923.9,0.008159
LU,M,2017,48.29217,5008.1,0.009643
LU,M,2018,95.62514,5177.2,0.018470
LU,M,2019,52.59886,5360.1,0.009813
LU,M,2020,77.0128,6049.0,0.012731
LU,M,2021,27.08509,7301.8,0.003709
LU,M,2022,30.92382,8477.4,0.003648
LU,M,2023,27.09958,8364.6,0.003240
LU,M69_M70,2012,16.92522,2112.2,0.008013
LU,M69_M70,2013,22.087,2390.0,0.009241
LU,M69_M70,2014,17.3521,2146.0,0.008086
LU,M69_M70,2015,21.2107,2777.7,0.007636
LU,M69_M70,2016,17.6577,3815.9,0.004627
LU,M69_M70,2017,22.4219,3828.0,0.005857
LU,M69_M70,2018,69.948,3937.1,0.017766
LU,M69_M70,2019,20.3428,3999.8,0.005086
LU,M69_M70,2020,40.8731,4688.7,0.008717
LU,M69_M70,2021,9.80346,5855.9,0.001674
LU,M69_M70,2022,12.62284,6895.9,0.001830
LU,M69_M70,2023,11.22004,6732.7,0.001666
LU,M71,2012,8.46147,467.8,0.018088
LU,M71,2013,8.86835,483.4,0.018346
LU,M71,2014,8.67604,519.5,0.016701
LU,M71,2015,11.61364,539.2,0.021539
LU,M71,2016,11.11432,579.2,0.019189
LU,M71,2017,11.31845,602.3,0.018792
LU,M71,2018,12.12893,662.6,0.018305
LU,M71,2019,15.6661,733.3,0.021364
LU,M71,2020,15.64191,740.8,0.021115
LU,M71,2021,8.07552,766.3,0.010538
LU,M71,2022,8.48108,866.6,0.009787
LU,M71,2023,7.88082,907.3,0.008686
LU,N,2012,36.20318,1208.0,0.029970
LU,N,2013,36.91366,1290.2,0.028611
LU,N,2014,56.15793,1476.4,0.038037
LU,N,2015,51.02586,1725.5,0.029572
LU,N,2016,53.79671,1861.4,0.028901
LU,N,2017,41.36456,2046.4,0.020213
LU,N,2018,39.97442,2241.0,0.017838
LU,N,2019,62.87352,2311.9,0.027196
LU,N,2020,67.79499,2499.9,0.027119
LU,N,2021,31.17055,2589.9,0.012035
LU,N,2022,33.89174,2688.6,0.012606
LU,N,2023,33.62953,3127.9,0.010751
LU,N77,2012,18.3723,482.2,0.038101
LU,N77,2013,18.873,525.7,0.035901
LU,N77,2014,40.6311,622.1,0.065313
LU,N77,2015,32.146,706.2,0.045520
LU,N77,2016,36.5339,775.5,0.047110
LU,N77,2017,24.493,839.5,0.029176
LU,N77,2018,22.693,910.7,0.024918
LU,N77,2019,42.4386,914.8,0.046391
LU,N77,2020,41.4798,1161.6,0.035709
LU,N77,2021,17.64,1057.7,0.016678
LU,N77,2022,18.9428,1058.9,0.017889
LU,N77,2023,21.0958,1341.2,0.015729
LU,N80-N82,2012,9.35517,518.4,0.018046
LU,N80-N82,2013,9.6612,549.9,0.017569
LU,N80-N82,2014,13.20605,615.5,0.021456
LU,N80-N82,2015,15.9493,650.6,0.024515
LU,N80-N82,2016,14.83579,694.8,0.021353
LU,N80-N82,2017,13.63234,775.7,0.017574
LU,N80-N82,2018,13.93965,881.5,0.015814
LU,N80-N82,2019,16.2814,925.4,0.017594
LU,N80-N82,2020,20.26768,980.2,0.020677
LU,N80-N82,2021,12.315,1079.6,0.011407
LU,N80-N82,2022,13.53011,1153.2,0.011733
LU,N80-N82,2023,10.80955,1312.7,0.008235
LU,O,2012,30.10355,2367.2,0.012717
LU,O,2013,37.5473,2486.2,0.015102
LU,O,2014,27.37744,2623.9,0.010434
LU,O,2015,28.69167,2767.1,0.010369
LU,O,2016,34.9514,2843.1,0.012293
LU,O,2017,47.0837,3041.6,0.015480
LU,O,2018,45.0781,3264.5,0.013809
LU,O,2019,53.1326,3485.0,0.015246
LU,O,2020,21.15579,3795.4,0.005574
LU,O,2021,53.2242,4078.2,0.013051
LU,O,2022,41.6878,4540.3,0.009182
LU,O,2023,38.4766,5131.7,0.007498
LU,P,2012,36.07337,1715.0,0.021034
LU,P,2013,39.9005,1779.8,0.022419
LU,P,2014,30.14979,1872.5,0.016101
LU,P,2015,45.95217,1951.2,0.023551
LU,P,2016,60.2341,2003.8,0.030060
LU,P,2017,17.09333,2115.5,0.008080
LU,P,2018,17.39613,2279.5,0.007632
LU,P,2019,18.60597,2424.3,0.007675
LU,P,2020,33.28862,2640.9,0.012605
LU,P,2021,19.19416,2798.7,0.006858
LU,P,2022,14.17778,3018.0,0.004698
LU,P,2023,11.66688,3305.6,0.003529
LU,Q,2012,44.37412,2366.8,0.018749
LU,Q,2013,48.85631,2596.5,0.018816
LU,Q,2014,43.9007,2689.8,0.016321
LU,Q,2015,55.47125,2765.0,0.020062
LU,Q,2016,65.06018,2851.3,0.022818
LU,Q,2017,58.54169,3099.8,0.018886
LU,Q,2018,60.99575,3375.5,0.018070
LU,Q,2019,74.26589,3672.8,0.020221
LU,Q,2020,45.83497,3941.5,0.011629
LU,Q,2021,56.79846,4404.1,0.012897
LU,Q,2022,50.09056,4704.3,0.010648
LU,Q,2023,46.6369,5133.4,0.009085
LU,Q86,2012,21.9672,1378.2,0.015939
LU,Q86,2013,22.3285,1522.8,0.014663
LU,Q86,2014,21.8864,1524.3,0.014358
LU,Q86,2015,25.4073,1563.9,0.016246
LU,Q86,2016,26.2482,1594.6,0.016461
LU,Q86,2017,29.5705,1730.9,0.017084
LU,Q86,2018,31.5243,1859.6,0.016952
LU,Q86,2019,35.9321,2014.1,0.017840
LU,Q86,2020,23.7947,2229.0,0.010675
LU,Q86,2021,26.4096,2510.6,0.010519
LU,Q86,2022,21.6121,2630.9,0.008215
LU,Q86,2023,21.0581,2847.7,0.007395
LU,Q87_Q88,2012,22.40692,988.6,0.022665
LU,Q87_Q88,2013,26.52781,1073.6,0.024709
LU,Q87_Q88,2014,22.0143,1165.5,0.018888
LU,Q87_Q88,2015,30.06395,1201.1,0.025030
LU,Q87_Q88,2016,38.81198,1256.7,0.030884
LU,Q87_Q88,2017,28.97119,1368.9,0.021164
LU,Q87_Q88,2018,29.47145,1515.8,0.019443
LU,Q87_Q88,2019,38.33379,1658.7,0.023111
LU,Q87_Q88,2020,22.04027,1712.5,0.012870
LU,Q87_Q88,2021,30.38886,1893.5,0.016049
LU,Q87_Q88,2022,28.47846,2073.4,0.013735
LU,Q87_Q88,2023,25.5788,2285.7,0.011191
LU,R,2012,22.03178,288.9,0.076261
LU,R,2013,12.87789,310.1,0.041528
LU,R,2014,20.08671,310.5,0.064691
LU,R,2015,18.88618,329.5,0.057318
LU,R,2016,19.69121,321.1,0.061324
LU,R,2017,23.52671,344.5,0.068292
LU,R,2018,26.35537,346.0,0.076172
LU,R,2019,28.36297,388.7,0.072969
LU,R,2020,13.27594,381.5,0.034799
LU,R,2021,15.30473,422.4,0.036233
LU,R,2022,12.49512,479.8,0.026042
LU,R,2023,10.67801,527.3,0.020250
LU,R90-R92,2012,8.34841,162.8,0.051280
LU,R90-R92,2013,5.63191,178.9,0.031481
LU,R90-R92,2014,6.1274,181.0,0.033853
LU,R90-R92,2015,6.02952,187.4,0.032175
LU,R90-R92,2016,6.52926,187.8,0.034767
LU,R90-R92,2017,8.84841,195.5,0.045260
LU,R90-R92,2018,8.84867,203.6,0.043461
LU,R90-R92,2019,10.86037,220.7,0.049209
LU,R90-R92,2020,3.92079,220.8,0.017757
LU,R90-R92,2021,6.3391,238.7,0.026557
LU,R90-R92,2022,5.13403,269.0,0.019086
LU,R90-R92,2023,4.73297,296.6,0.015957
LU,R93,2012,13.68338,126.1,0.108512
LU,R93,2013,7.24599,131.3,0.055187
LU,R93,2014,13.95931,129.5,0.107794
LU,R93,2015,12.85666,142.1,0.090476
LU,R93,2016,13.16196,133.3,0.098739
LU,R93,2017,14.67831,149.0,0.098512
LU,R93,2018,17.5067,142.5,0.122854
LU,R93,2019,17.50261,168.0,0.104182
LU,R93,2020,9.35515,160.7,0.058215
LU,R93,2021,8.96563,183.7,0.048806
LU,R93,2022,7.36109,210.7,0.034936
LU,R93,2023,5.94504,230.8,0.025758
LU,S,2012,8.98279,356.4,0.025204
LU,S,2013,10.59982,367.8,0.028820
LU,S,2014,8.52853,375.3,0.022725
LU,S,2015,12.24561,389.8,0.031415
LU,S,2016,15.78489,409.4,0.038556
LU,S,2017,11.20999,423.5,0.026470
LU,S,2018,10.06738,427.3,0.023560
LU,S,2019,11.68251,447.3,0.026118
LU,S,2020,8.76661,433.8,0.020209
LU,S,2021,7.35207,552.9,0.013297
LU,S,2022,7.1549,588.0,0.012168
LU,S,2023,5.78389,681.2,0.008491
LU,S94,2012,3.02047,177.6,0.017007
LU,S94,2013,4.42884,176.7,0.025064
LU,S94,2014,3.62239,181.9,0.019914
LU,S94,2015,6.23683,183.6,0.033970
LU,S94,2016,9.65851,184.8,0.052265
LU,S94,2017,4.82778,194.3,0.024847
LU,S94,2018,4.22517,199.8,0.021147
LU,S94,2019,4.9327,213.1,0.023147
LU,S94,2020,2.21506,223.4,0.009915
LU,S94,2021,3.0201,232.2,0.013006
LU,S94,2022,2.22122,246.8,0.009000
LU,S94,2023,2.12121,280.7,0.007557
LU,S95,2012,0.2354,9.1,0.025868
LU,S95,2013,0.24269,10.5,0.023113
LU,S95,2014,0.17879,9.6,0.018624
LU,S95,2015,0.36784,8.7,0.042280
LU,S95,2016,0.39519,12.5,0.031615
LU,S95,2017,0.34595,10.5,0.032948
LU,S95,2018,0.70776,9.8,0.072220
LU,S95,2019,0.80931,11.1,0.072911
LU,S95,2020,1.41647,9.3,0.152309
LU,S95,2021,0.60873,9.8,0.062115
LU,S95,2022,0.60853,10.1,0.060250
LU,S95,2023,0.14155,11.6,0.012203
LU,S96,2012,5.72693,169.7,0.033747
LU,S96,2013,5.92829,180.7,0.032807
LU,S96,2014,4.72735,183.8,0.025720
LU,S96,2015,5.64095,197.5,0.028562
LU,S96,2016,5.73119,212.1,0.027021
LU,S96,2017,6.03626,218.8,0.027588
LU,S96,2018,5.13446,217.7,0.023585
LU,S96,2019,5.9405,223.1,0.026627
LU,S96,2020,5.13509,201.0,0.025548
LU,S96,2021,3.72323,310.8,0.011980
LU,S96,2022,4.32515,331.2,0.013059
LU,S96,2023,3.52114,388.8,0.009056
LU,T,2012,0.0,120.1,0.000000
LU,T,2013,0.0,128.5,0.000000
LU,T,2014,0.0,128.9,0.000000
LU,T,2015,0.0,131.9,0.000000
LU,T,2016,0.0,136.3,0.000000
LU,T,2017,0.0,144.0,0.000000
LU,T,2018,0.0,148.2,0.000000
LU,T,2019,0.0,154.7,0.000000
LU,T,2020,0.0,154.0,0.000000
LU,T,2021,0.0,160.1,0.000000
LU,T,2022,0.0,166.0,0.000000
LU,T,2023,0.0,172.5,0.000000
LU,TOTAL,2012,7632.7281,41682.7,0.183115
LU,TOTAL,2013,7469.38618,44019.4,0.169684
LU,TOTAL,2014,7706.68466,46255.0,0.166613
LU,TOTAL,2015,8562.87153,49537.3,0.172857
LU,TOTAL,2016,8424.96785,51386.2,0.163954
LU,TOTAL,2017,8410.00971,53011.5,0.158645
LU,TOTAL,2018,8545.0309,54533.1,0.156694
LU,TOTAL,2019,9155.04008,56495.2,0.162050
LU,TOTAL,2020,8274.031,58593.3,0.141211
LU,TOTAL,2021,8306.7385,66274.1,0.125339
LU,TOTAL,2022,8348.56552,69430.3,0.120244
LU,TOTAL,2023,7786.63039,74961.7,0.103875
LV,A,2012,2488.30431,751.5,3.311117
LV,A,2013,2550.16396,706.6,3.609063
LV,A,2014,2618.64587,824.2,3.177197
LV,A,2015,2673.12796,844.0,3.167213
LV,A,2016,2736.29896,814.6,3.359071
LV,A,2017,2792.63243,943.1,2.961120
LV,A,2018,2708.54701,1030.7,2.627871
LV,A,2019,2861.49838,1139.3,2.511629
LV,A,2020,2920.5733,1192.1,2.449940
LV,A,2021,2908.53928,1358.1,2.141624
LV,A,2022,2952.55152,1845.6,1.599779
LV,A,2023,2811.19209,1556.2,1.806447
LV,A01,2012,2340.95176,386.7,6.053664
LV,A01,2013,2339.39618,303.6,7.705521
LV,A01,2014,2469.4731,379.5,6.507175
LV,A01,2015,2518.73725,426.9,5.900064
LV,A01,2016,2525.24405,389.0,6.491630
LV,A01,2017,2544.63368,489.1,5.202686
LV,A01,2018,2445.88417,444.2,5.506268
LV,A01,2019,2604.3221,547.7,4.755016
LV,A01,2020,2621.49896,643.5,4.073813
LV,A01,2021,2648.01886,720.6,3.674742
LV,A01,2022,2631.20077,911.7,2.886038
LV,A01,2023,2493.39912,543.6,4.586827
LV,A02,2012,114.2701,329.8,0.346483
LV,A02,2013,174.85332,370.5,0.471939
LV,A02,2014,112.76133,412.6,0.273295
LV,A02,2015,132.00618,386.1,0.341896
LV,A02,2016,171.25709,392.1,0.436769
LV,A02,2017,210.55225,420.0,0.501315
LV,A02,2018,228.29604,554.0,0.412087
LV,A02,2019,230.15537,545.7,0.421762
LV,A02,2020,275.17092,489.4,0.562262
LV,A02,2021,239.17039,575.0,0.415949
LV,A02,2022,287.0866,864.4,0.332122
LV,A02,2023,294.00861,936.5,0.313944
LV,A03,2012,33.08245,35.1,0.942520
LV,A03,2013,35.91446,32.4,1.108471
LV,A03,2014,36.41145,32.1,1.134313
LV,A03,2015,22.38454,31.0,0.722082
LV,A03,2016,39.79782,33.5,1.187995
LV,A03,2017,37.4465,34.0,1.101368
LV,A03,2018,34.36681,32.5,1.057440
LV,A03,2019,27.02091,45.9,0.588691
LV,A03,2020,23.90341,59.3,0.403093
LV,A03,2021,21.35004,62.5,0.341601
LV,A03,2022,34.26415,69.5,0.493009
LV,A03,2023,23.78437,76.2,0.312131
LV,B,2012,39.10275,95.6,0.409025
LV,B,2013,57.89689,105.4,0.549306
LV,B,2014,46.18156,91.4,0.505269
LV,B,2015,42.81039,108.5,0.394566
LV,B,2016,51.14696,107.8,0.474462
LV,B,2017,39.62659,118.5,0.334402
LV,B,2018,52.0807,131.1,0.397259
LV,B,2019,48.20983,127.3,0.378710
LV,B,2020,59.26587,138.3,0.428531
LV,B,2021,48.26992,137.2,0.351822
LV,B,2022,41.9819,167.1,0.251238
LV,B,2023,36.94028,172.5,0.214147
LV,C,2012,1654.69258,2512.7,0.658532
LV,C,2013,1436.57833,2531.3,0.567526
LV,C,2014,1410.0343,2484.1,0.567624
LV,C,2015,1268.20315,2575.3,0.492449
LV,C,2016,1104.43982,2581.9,0.427762
LV,C,2017,1247.21756,2829.3,0.440822
LV,C,2018,1460.90965,3080.3,0.474275
LV,C,2019,1399.12294,3259.0,0.429311
LV,C,2020,1318.62514,3355.7,0.392951
LV,C,2021,1299.14007,4147.9,0.313204
LV,C,2022,1252.56085,4325.3,0.289589
LV,C,2023,1285.56625,4305.3,0.298601
LV,C10-C12,2012,225.9045,533.3,0.423597
LV,C10-C12,2013,224.75574,558.0,0.402788
LV,C10-C12,2014,210.81818,540.4,0.390115
LV,C10-C12,2015,181.69535,535.3,0.339427
LV,C10-C12,2016,188.94793,523.7,0.360794
LV,C10-C12,2017,172.32904,544.9,0.316258
LV,C10-C12,2018,179.393,600.3,0.298839
LV,C10-C12,2019,171.65937,613.3,0.279895
LV,C10-C12,2020,149.43715,631.9,0.236489
LV,C10-C12,2021,146.41053,615.5,0.237873
LV,C10-C12,2022,132.13029,678.8,0.194653
LV,C10-C12,2023,152.56612,769.3,0.198318
LV,C13-C15,2012,28.16021,130.9,0.215128
LV,C13-C15,2013,20.32796,134.8,0.150801
LV,C13-C15,2014,14.91598,128.0,0.116531
LV,C13-C15,2015,14.32258,115.2,0.124328
LV,C13-C15,2016,13.06698,121.5,0.107547
LV,C13-C15,2017,13.80311,136.5,0.101122
LV,C13-C15,2018,12.30441,148.5,0.082858
LV,C13-C15,2019,12.05576,139.2,0.086607
LV,C13-C15,2020,10.1394,139.3,0.072788
LV,C13-C15,2021,11.75724,139.4,0.084342
LV,C13-C15,2022,10.93978,145.1,0.075395
LV,C13-C15,2023,10.25402,154.7,0.066283
LV,C16,2012,155.05971,533.8,0.290483
LV,C16,2013,125.74059,521.4,0.241160
LV,C16,2014,135.89931,565.7,0.240232
LV,C16,2015,139.56044,570.1,0.244800
LV,C16,2016,159.56319,573.5,0.278227
LV,C16,2017,161.00755,640.0,0.251574
LV,C16,2018,178.64485,754.9,0.236647
LV,C16,2019,163.49035,774.8,0.211010
LV,C16,2020,159.06434,778.2,0.204400
LV,C16,2021,172.35171,1257.9,0.137015
LV,C16,2022,152.89066,1139.2,0.134209
LV,C16,2023,172.19657,904.9,0.190293
LV,C17,2012,4.69953,41.6,0.112969
LV,C17,2013,4.53191,41.3,0.109731
LV,C17,2014,5.35691,40.5,0.132269
LV,C17,2015,5.03207,36.3,0.138625
LV,C17,2016,5.09786,36.3,0.140437
LV,C17,2017,5.71217,36.3,0.157360
LV,C17,2018,4.93595,38.4,0.128540
LV,C17,2019,4.71337,39.4,0.119629
LV,C17,2020,3.99103,41.8,0.095479
LV,C17,2021,4.72955,45.2,0.104636
LV,C17,2022,3.68801,46.6,0.079142
LV,C17,2023,4.85445,51.8,0.093715
LV,C18,2012,2.22065,56.3,0.039443
LV,C18,2013,4.06447,69.9,0.058147
LV,C18,2014,2.64113,69.3,0.038112
LV,C18,2015,2.89601,72.9,0.039726
LV,C18,2016,3.16122,69.8,0.045290
LV,C18,2017,2.72182,81.2,0.033520
LV,C18,2018,3.7741,85.0,0.044401
LV,C18,2019,3.56959,102.3,0.034893
LV,C18,2020,2.48551,112.5,0.022093
LV,C18,2021,3.05922,120.2,0.025451
LV,C18,2022,3.23823,127.6,0.025378
LV,C18,2023,3.1335,118.8,0.026376
LV,C19,2013,0.10746,1.5,0.071640
LV,C19,2014,0.13766,1.5,0.091773
LV,C19,2015,0.11923,1.5,0.079487
LV,C19,2016,0.10769,0.2,0.538450
LV,C19,2017,0.24171,1.0,0.241710
LV,C19,2018,0.0828,0.9,0.092000
LV,C19,2019,0.41232,1.1,0.374836
LV,C19,2021,0.00832,0.3,0.027733
LV,C19,2022,0.66576,0.8,0.832200
LV,C19,2023,0.65789,0.1,6.578900
LV,C20,2012,22.96937,79.0,0.290752
LV,C20,2013,25.09862,70.3,0.357022
LV,C20,2014,23.42521,61.3,0.382140
LV,C20,2015,28.771,62.7,0.458868
LV,C20,2016,30.84086,60.7,0.508087
LV,C20,2017,37.59035,66.5,0.565268
LV,C20,2018,42.89048,96.9,0.442626
LV,C20,2019,29.95048,86.9,0.344655
LV,C20,2020,22.95811,97.5,0.235468
LV,C20,2021,27.97888,133.2,0.210052
LV,C20,2022,22.67983,122.0,0.185900
LV,C20,2023,21.68803,110.0,0.197164
LV,C21,2012,14.20053,86.5,0.164168
LV,C21,2013,13.55625,106.0,0.127889
LV,C21,2014,12.5307,72.4,0.173076
LV,C21,2015,11.26194,79.1,0.142376
LV,C21,2016,11.9712,83.6,0.143196
LV,C21,2017,10.92062,93.6,0.116673
LV,C21,2018,11.85976,87.5,0.135540
LV,C21,2019,11.84951,144.0,0.082288
LV,C21,2020,10.73541,133.8,0.080235
LV,C21,2021,11.13161,161.1,0.069098
LV,C21,2022,10.77532,233.3,0.046187
LV,C21,2023,9.38917,274.0,0.034267
LV,C22,2012,8.78565,63.4,0.138575
LV,C22,2013,8.08188,66.3,0.121899
LV,C22,2014,9.74377,61.8,0.157666
LV,C22,2015,6.9926,66.2,0.105628
LV,C22,2016,6.77835,68.8,0.098523
LV,C22,2017,5.79649,75.5,0.076775
LV,C22,2018,8.0994,77.9,0.103972
LV,C22,2019,7.14801,82.1,0.087065
LV,C22,2020,7.21908,90.0,0.080212
LV,C22,2021,6.35435,105.0,0.060518
LV,C22,2022,6.92648,100.8,0.068715
LV,C22,2023,5.90697,106.5,0.055465
LV,C23,2012,952.19053,174.4,5.459808
LV,C23,2013,878.84577,198.9,4.418531
LV,C23,2014,915.63136,194.3,4.712462
LV,C23,2015,782.04332,173.5,4.507454
LV,C23,2016,609.58714,185.8,3.280878
LV,C23,2017,751.81414,204.0,3.685363
LV,C23,2018,944.10839,220.9,4.273918
LV,C23,2019,921.05603,242.7,3.795039
LV,C23,2020,896.6051,222.4,4.031498
LV,C23,2021,853.58971,246.1,3.468467
LV,C23,2022,835.30586,254.1,3.287312
LV,C23,2023,836.7044,273.4,3.060367
LV,C24,2012,168.20222,57.2,2.940598
LV,C24,2015,28.9893,22.5,1.288413
LV,C24,2016,6.98336,16.4,0.425815
LV,C24,2017,3.22599,2.6,1.240765
LV,C24,2018,2.64155,15.6,0.169330
LV,C24,2019,2.7435,35.0,0.078386
LV,C24,2020,1.85635,32.8,0.056596
LV,C24,2021,2.26924,23.4,0.096976
LV,C24,2022,1.55944,35.3,0.044177
LV,C24,2023,5.65105,41.2,0.137161
LV,C25,2012,15.0434,204.6,0.073526
LV,C25,2013,12.9851,218.9,0.059320
LV,C25,2014,16.64328,215.3,0.077303
LV,C25,2015,14.27422,211.6,0.067459
LV,C25,2016,15.36792,214.1,0.071779
LV,C25,2017,16.65682,255.1,0.065295
LV,C25,2018,15.31927,264.7,0.057874
LV,C25,2019,15.86541,308.5,0.051428
LV,C25,2020,12.90669,301.3,0.042837
LV,C25,2021,13.96428,341.7,0.040867
LV,C25,2022,19.73925,354.1,0.055745
LV,C25,2023,18.26095,392.2,0.046560
LV,C26,2012,0.91306,60.7,0.015042
LV,C26,2013,1.3061,94.5,0.013821
LV,C26,2014,0.85146,58.1,0.014655
LV,C26,2015,0.67286,146.0,0.004609
LV,C26,2016,1.00082,134.6,0.007436
LV,C26,2017,0.94689,149.8,0.006321
LV,C26,2018,0.94993,112.1,0.008474
LV,C26,2019,2.44136,105.2,0.023207
LV,C26,2020,0.79967,152.8,0.005233
LV,C26,2021,0.96063,217.9,0.004409
LV,C26,2022,1.22434,251.9,0.004860
LV,C26,2023,0.65286,205.0,0.003185
LV,C27,2012,4.25605,64.4,0.066088
LV,C27,2013,4.43388,76.4,0.058035
LV,C27,2014,5.01097,72.3,0.069308
LV,C27,2015,3.4266,72.1,0.047526
LV,C27,2016,5.42621,73.6,0.073726
LV,C27,2017,4.47621,88.9,0.050351
LV,C27,2018,5.4678,101.8,0.053711
LV,C27,2019,4.34923,118.6,0.036671
LV,C27,2020,3.86078,132.9,0.029050
LV,C27,2021,4.49856,153.2,0.029364
LV,C27,2022,13.08059,171.8,0.076138
LV,C27,2023,4.17346,184.5,0.022620
LV,C28,2012,7.50692,65.7,0.114261
LV,C28,2013,7.65178,74.3,0.102985
LV,C28,2014,6.15601,70.1,0.087818
LV,C28,2015,5.54769,70.9,0.078247
LV,C28,2016,5.82137,72.8,0.079964
LV,C28,2017,16.21154,83.4,0.194383
LV,C28,2018,6.86554,104.1,0.065951
LV,C28,2019,6.40589,96.5,0.066382
LV,C28,2020,4.11249,89.5,0.045950
LV,C28,2021,5.01929,105.8,0.047441
LV,C28,2022,3.51126,132.8,0.026440
LV,C28,2023,2.87073,121.6,0.023608
LV,C29,2012,3.26251,41.9,0.077864
LV,C29,2013,2.05303,48.6,0.042243
LV,C29,2014,2.52187,48.7,0.051784
LV,C29,2015,2.18243,49.4,0.044179
LV,C29,2016,3.26355,58.9,0.055408
LV,C29,2017,3.41252,66.3,0.051471
LV,C29,2018,5.64861,81.2,0.069564
LV,C29,2019,4.05298,59.3,0.068347
LV,C29,2020,2.66035,60.6,0.043900
LV,C29,2021,3.173,73.4,0.043229
LV,C29,2022,3.35327,87.6,0.038279
LV,C29,2023,3.26329,98.1,0.033265
LV,C30,2012,6.59607,32.1,0.205485
LV,C30,2013,6.34481,27.5,0.230720
LV,C30,2014,4.46693,39.6,0.112801
LV,C30,2015,3.52247,32.1,0.109734
LV,C30,2016,2.60081,32.2,0.080770
LV,C30,2017,3.13338,31.1,0.100752
LV,C30,2018,3.23861,23.4,0.138402
LV,C30,2019,2.78245,35.0,0.079499
LV,C30,2020,2.0304,35.9,0.056557
LV,C30,2021,3.24077,39.2,0.082673
LV,C30,2022,1.69824,52.8,0.032164
LV,C30,2023,2.24937,104.7,0.021484
LV,C31_C32,2012,10.93392,110.8,0.098682
LV,C31_C32,2013,12.42908,119.6,0.103922
LV,C31_C32,2014,10.10039,121.2,0.083337
LV,C31_C32,2015,11.02838,129.0,0.085491
LV,C31_C32,2016,9.39097,133.7,0.070239
LV,C31_C32,2017,11.08706,140.4,0.078968
LV,C31_C32,2018,13.28214,152.3,0.087210
LV,C31_C32,2019,12.16363,160.7,0.075692
LV,C31_C32,2020,7.97348,174.0,0.045825
LV,C31_C32,2021,14.22163,238.7,0.059580
LV,C31_C32,2022,13.0397,234.8,0.055535
LV,C31_C32,2023,12.82066,227.3,0.056404
LV,C33,2012,23.66886,176.1,0.134406
LV,C33,2013,25.40949,141.8,0.179192
LV,C33,2014,25.43239,124.6,0.204112
LV,C33,2015,25.86465,129.0,0.200501
LV,C33,2016,25.46237,122.0,0.208708
LV,C33,2017,26.13016,132.1,0.197806
LV,C33,2018,21.40307,113.9,0.187911
LV,C33,2019,22.41371,114.3,0.196095
LV,C33,2020,19.78159,128.7,0.153703
LV,C33,2021,14.42157,130.8,0.110257
LV,C33,2022,16.11453,155.9,0.103365
LV,C33,2023,18.27277,167.3,0.109222
LV,D,2012,1983.91654,596.3,3.327044
LV,D,2013,2078.01477,526.5,3.946847
LV,D,2014,1856.97355,423.2,4.387934
LV,D,2015,1907.7681,510.4,3.737790
LV,D,2016,2004.31337,639.3,3.135169
LV,D,2017,1740.49103,626.8,2.776788
LV,D,2018,2046.60033,408.3,5.012492
LV,D,2019,1965.84755,445.4,4.413668
LV,D,2020,1506.4168,529.6,2.844443
LV,D,2021,1575.1627,727.1,2.166363
LV,D,2022,1115.77717,830.5,1.343501
LV,D,2023,1119.9497,1043.8,1.072954
LV,E,2012,610.65317,173.2,3.525711
LV,E,2013,593.60186,171.4,3.463255
LV,E,2014,589.64996,177.0,3.331356
LV,E,2015,551.89612,194.1,2.843360
LV,E,2016,560.92322,188.7,2.972566
LV,E,2017,537.52711,191.2,2.811334
LV,E,2018,535.7729,216.8,2.471277
LV,E,2019,541.10806,229.7,2.355716
LV,E,2020,546.25298,238.0,2.295181
LV,E,2021,544.99095,244.7,2.227180
LV,E,2022,575.8349,292.6,1.967994
LV,E,2023,588.20625,316.2,1.860235
LV,E36,2012,4.00526,45.2,0.088612
LV,E36,2013,5.56494,46.9,0.118655
LV,E36,2014,5.86674,49.8,0.117806
LV,E36,2015,6.75297,54.8,0.123229
LV,E36,2016,7.75889,53.8,0.144217
LV,E36,2017,6.33103,50.5,0.125367
LV,E36,2018,6.99885,56.8,0.123219
LV,E36,2019,6.96835,63.5,0.109738
LV,E36,2020,7.20297,63.3,0.113791
LV,E36,2021,6.08147,61.1,0.099533
LV,E36,2022,7.53105,63.4,0.118786
LV,E36,2023,6.06379,76.3,0.079473
LV,E37-E39,2012,606.64791,128.0,4.739437
LV,E37-E39,2013,588.03692,124.5,4.723188
LV,E37-E39,2014,583.78322,127.2,4.589491
LV,E37-E39,2015,545.14315,139.4,3.910640
LV,E37-E39,2016,553.16433,134.9,4.100551
LV,E37-E39,2017,531.19608,140.8,3.772699
LV,E37-E39,2018,528.77405,160.0,3.304838
LV,E37-E39,2019,534.13971,166.2,3.213837
LV,E37-E39,2020,539.05002,174.7,3.085575
LV,E37-E39,2021,538.90948,183.6,2.935237
LV,E37-E39,2022,568.30385,229.2,2.479511
LV,E37-E39,2023,582.14247,239.9,2.426605
LV,F,2012,275.11836,1177.5,0.233646
LV,F,2013,236.73959,1245.4,0.190091
LV,F,2014,228.40183,1295.5,0.176304
LV,F,2015,252.91715,1309.1,0.193199
LV,F,2016,225.09641,1177.5,0.191165
LV,F,2017,228.63276,1379.6,0.165724
LV,F,2018,229.59921,1609.8,0.142626
LV,F,2019,236.17558,1733.4,0.136250
LV,F,2020,211.63308,1681.0,0.125897
LV,F,2021,246.36191,1552.4,0.158697
LV,F,2022,261.32239,1812.0,0.144218
LV,F,2023,262.4253,2128.4,0.123297
LV,G,2012,300.23472,2877.0,0.104357
LV,G,2013,296.67662,2889.4,0.102678
LV,G,2014,258.77045,3038.3,0.085169
LV,G,2015,312.5039,3195.5,0.097795
LV,G,2016,303.28072,3276.5,0.092562
LV,G,2017,338.05471,3448.2,0.098038
LV,G,2018,271.10564,3629.4,0.074697
LV,G,2019,257.0102,3932.4,0.065357
LV,G,2020,322.80117,3927.6,0.082188
LV,G,2021,314.75156,4123.4,0.076333
LV,G,2022,459.4388,4293.1,0.107018
LV,G,2023,411.55985,5162.9,0.079715
LV,G45,2012,41.81773,308.3,0.135640
LV,G45,2013,45.73815,327.3,0.139744
LV,G45,2014,35.31836,339.8,0.103939
LV,G45,2015,36.44195,341.3,0.106774
LV,G45,2016,39.9007,374.1,0.106658
LV,G45,2017,26.49529,394.2,0.067213
LV,G45,2018,27.90459,424.2,0.065782
LV,G45,2019,32.55081,448.1,0.072642
LV,G45,2020,42.56263,420.6,0.101195
LV,G45,2021,33.47629,463.4,0.072241
LV,G45,2022,38.02751,549.7,0.069179
LV,G45,2023,57.15525,692.7,0.082511
LV,G46,2012,167.64351,1404.9,0.119328
LV,G46,2013,165.00577,1399.5,0.117903
LV,G46,2014,161.29267,1502.9,0.107321
LV,G46,2015,217.63459,1524.8,0.142730
LV,G46,2016,191.83388,1514.9,0.126631
LV,G46,2017,244.43455,1619.2,0.150960
LV,G46,2018,188.56641,1716.7,0.109842
LV,G46,2019,168.5329,1849.2,0.091138
LV,G46,2020,234.73466,1813.0,0.129473
LV,G46,2021,237.21207,2010.5,0.117987
LV,G46,2022,373.55247,1890.0,0.197647
LV,G46,2023,252.91879,2437.3,0.103770
LV,G47,2012,90.77348,1163.8,0.077997
LV,G47,2013,85.93269,1162.7,0.073908
LV,G47,2014,62.15942,1195.5,0.051994
LV,G47,2015,58.42736,1329.3,0.043953
LV,G47,2016,71.54614,1387.5,0.051565
LV,G47,2017,67.12487,1434.8,0.046783
LV,G47,2018,54.63465,1488.5,0.036705
LV,G47,2019,55.9265,1635.1,0.034204
LV,G47,2020,45.50388,1694.0,0.026862
LV,G47,2021,44.0632,1649.4,0.026715
LV,G47,2022,47.85882,1853.4,0.025822
LV,G47,2023,101.48581,2032.8,0.049924
LV,H,2012,2618.88143,2021.2,1.295706
LV,H,2013,2512.92573,2022.3,1.242608
LV,H,2014,2687.25139,2018.0,1.331641
LV,H,2015,3061.32099,2047.7,1.495005
LV,H,2016,2917.16988,2014.9,1.447799
LV,H,2017,3207.97145,2105.4,1.523687
LV,H,2018,3085.4248,2249.5,1.371605
LV,H,2019,3239.87172,2214.9,1.462762
LV,H,2020,2109.45039,1808.1,1.166667
LV,H,2021,2356.75831,1903.3,1.238248
LV,H,2022,2516.36712,2318.1,1.085530
LV,H,2023,2740.13971,2288.2,1.197509
LV,H49,2012,1980.59862,913.4,2.168380
LV,H49,2013,1930.3533,871.8,2.214216
LV,H49,2014,2080.17875,916.4,2.269946
LV,H49,2015,2333.29421,903.3,2.583078
LV,H49,2016,2188.78479,912.9,2.397617
LV,H49,2017,2283.06021,975.0,2.341600
LV,H49,2018,2251.96491,972.1,2.316598
LV,H49,2019,2393.63541,1237.2,1.934720
LV,H49,2020,1784.25851,997.4,1.788910
LV,H49,2021,2029.05216,988.2,2.053281
LV,H49,2022,1819.2887,1210.3,1.503172
LV,H49,2023,1766.0969,1131.2,1.561260
LV,H50,2012,31.80144,70.0,0.454306
LV,H50,2013,44.17886,72.9,0.606020
LV,H50,2014,29.96226,70.4,0.425600
LV,H50,2015,135.75113,82.5,1.645468
LV,H50,2016,125.00935,87.0,1.436889
LV,H50,2017,172.10055,80.3,2.143220
LV,H50,2018,23.9933,50.8,0.472309
LV,H50,2019,32.27745,28.8,1.120745
LV,H50,2020,15.77007,27.9,0.565235
LV,H50,2021,15.7281,23.6,0.666445
LV,H50,2022,8.57897,29.5,0.290813
LV,H50,2023,7.52701,26.7,0.281910
LV,H51,2012,466.27217,33.8,13.795035
LV,H51,2013,402.29192,64.2,6.266229
LV,H51,2014,438.66098,58.0,7.563120
LV,H51,2015,451.38272,42.0,10.747208
LV,H51,2016,466.57126,71.6,6.516358
LV,H51,2017,655.30102,91.5,7.161760
LV,H51,2018,689.41781,154.0,4.476739
LV,H51,2019,696.47629,148.9,4.677477
LV,H51,2022,545.33214,47.0,11.602811
LV,H51,2023,854.8427,133.8,6.388959
LV,H52,2012,132.85567,930.5,0.142779
LV,H52,2013,130.24115,938.2,0.138820
LV,H52,2014,131.94079,897.1,0.147075
LV,H52,2015,133.81851,945.0,0.141607
LV,H52,2016,128.11051,872.5,0.146832
LV,H52,2017,88.77088,884.6,0.100351
LV,H52,2018,111.7574,989.5,0.112943
LV,H52,2019,110.07428,719.5,0.152987
LV,H52,2020,77.41143,812.1,0.095323
LV,H52,2021,61.44595,821.0,0.074843
LV,H52,2022,130.67597,939.9,0.139032
LV,H52,2023,100.26785,899.5,0.111471
LV,H53,2012,7.35353,73.4,0.100184
LV,H53,2013,5.8605,75.2,0.077932
LV,H53,2014,6.50861,76.1,0.085527
LV,H53,2015,7.07442,74.7,0.094704
LV,H53,2016,8.69396,70.8,0.122796
LV,H53,2017,8.73878,74.0,0.118092
LV,H53,2018,8.2914,83.2,0.099656
LV,H53,2019,7.40829,80.5,0.092028
LV,H53,2020,7.92478,83.1,0.095364
LV,H53,2021,12.46007,91.9,0.135583
LV,H53,2022,12.49134,91.4,0.136667
LV,H53,2023,11.40525,97.0,0.117580
LV,I,2012,12.89556,311.4,0.041412
LV,I,2013,18.39526,343.0,0.053630
LV,I,2014,20.43101,349.2,0.058508
LV,I,2015,23.63234,387.9,0.060924
LV,I,2016,18.54656,408.6,0.045391
LV,I,2017,19.2786,458.4,0.042056
LV,I,2018,14.61269,508.4,0.028743
LV,I,2019,15.36131,505.1,0.030412
LV,I,2020,14.08346,350.4,0.040193
LV,I,2021,16.57523,337.3,0.049141
LV,I,2022,13.62885,519.6,0.026230
LV,I,2023,11.81776,671.5,0.017599
LV,J,2012,13.47657,849.9,0.015857
LV,J,2013,15.19555,915.7,0.016594
LV,J,2014,8.70122,951.0,0.009150
LV,J,2015,11.89893,1016.4,0.011707
LV,J,2016,12.55165,1116.7,0.011240
LV,J,2017,10.47079,1266.2,0.008269
LV,J,2018,10.35672,1452.1,0.007132
LV,J,2019,13.63176,1594.6,0.008549
LV,J,2020,9.70604,1666.4,0.005825
LV,J,2021,9.88365,1881.4,0.005253
LV,J,2022,11.41968,2160.2,0.005286
LV,J,2023,13.20531,2366.4,0.005580
LV,J58,2012,2.15169,51.5,0.041780
LV,J58,2013,1.75255,50.9,0.034431
LV,J58,2014,0.90683,54.6,0.016609
LV,J58,2015,1.27731,50.0,0.025546
LV,J58,2016,1.19592,46.5,0.025719
LV,J58,2017,1.36053,46.9,0.029009
LV,J58,2018,1.39753,50.2,0.027839
LV,J58,2019,1.3778,49.4,0.027891
LV,J58,2020,0.91324,46.6,0.019597
LV,J58,2021,0.88573,48.2,0.018376
LV,J58,2022,1.48048,54.3,0.027265
LV,J58,2023,0.56023,51.2,0.010942
LV,J59_J60,2012,0.95085,56.1,0.016949
LV,J59_J60,2013,0.94578,57.9,0.016335
LV,J59_J60,2014,0.78641,72.3,0.010877
LV,J59_J60,2015,0.82001,68.8,0.011919
LV,J59_J60,2016,0.99257,72.2,0.013748
LV,J59_J60,2017,1.0756,79.2,0.013581
LV,J59_J60,2018,0.81825,88.6,0.009235
LV,J59_J60,2019,1.32022,88.0,0.015003
LV,J59_J60,2020,0.82129,77.5,0.010597
LV,J59_J60,2021,0.89568,89.9,0.009963
LV,J59_J60,2022,1.38279,110.4,0.012525
LV,J59_J60,2023,1.28128,119.3,0.010740
LV,J61,2012,5.18157,343.4,0.015089
LV,J61,2013,4.76038,331.8,0.014347
LV,J61,2014,4.58354,317.0,0.014459
LV,J61,2015,6.17625,326.2,0.018934
LV,J61,2016,6.191,336.3,0.018409
LV,J61,2017,5.33139,361.9,0.014732
LV,J61,2018,4.95969,421.7,0.011761
LV,J61,2019,5.2474,405.9,0.012928
LV,J61,2020,4.60883,411.5,0.011200
LV,J61,2021,4.2261,437.7,0.009655
LV,J61,2022,4.11222,487.0,0.008444
LV,J61,2023,4.13167,510.4,0.008095
LV,J62_J63,2012,5.19246,398.8,0.013020
LV,J62_J63,2013,7.73683,475.1,0.016285
LV,J62_J63,2014,2.42445,507.1,0.004781
LV,J62_J63,2015,3.62536,571.5,0.006344
LV,J62_J63,2016,4.17216,661.7,0.006305
LV,J62_J63,2017,2.70328,778.2,0.003474
LV,J62_J63,2018,3.18126,891.7,0.003568
LV,J62_J63,2019,5.68634,1051.3,0.005409
LV,J62_J63,2020,3.36267,1130.7,0.002974
LV,J62_J63,2021,3.87613,1305.7,0.002969
LV,J62_J63,2022,4.44419,1508.6,0.002946
LV,J62_J63,2023,7.23213,1685.4,0.004291
LV,K,2012,6.9476,819.2,0.008481
LV,K,2013,6.62941,870.2,0.007618
LV,K,2014,5.66176,907.3,0.006240
LV,K,2015,6.54767,1042.0,0.006284
LV,K,2016,7.07255,1049.2,0.006741
LV,K,2017,6.01896,883.6,0.006812
LV,K,2018,12.33947,903.1,0.013663
LV,K,2019,7.22475,852.2,0.008478
LV,K,2020,5.72658,816.3,0.007015
LV,K,2021,4.4952,971.0,0.004629
LV,K,2022,10.54704,1140.5,0.009248
LV,K,2023,4.76864,1531.2,0.003114
LV,K64,2012,4.03608,683.3,0.005907
LV,K64,2013,3.8201,721.8,0.005292
LV,K64,2014,3.65246,735.8,0.004964
LV,K64,2015,3.98869,837.1,0.004765
LV,K64,2016,4.48424,841.7,0.005328
LV,K64,2017,3.7775,702.1,0.005380
LV,K64,2018,10.43604,676.4,0.015429
LV,K64,2019,4.43582,626.3,0.007083
LV,K64,2020,3.71884,526.6,0.007062
LV,K64,2021,2.40417,645.1,0.003727
LV,K64,2022,7.69074,772.1,0.009961
LV,K64,2023,2.45197,1095.2,0.002239
LV,K65,2012,1.87084,64.9,0.028827
LV,K65,2013,1.60359,74.2,0.021612
LV,K65,2014,1.57809,121.0,0.013042
LV,K65,2015,1.52578,111.9,0.013635
LV,K65,2016,1.54397,104.4,0.014789
LV,K65,2017,1.45433,88.1,0.016508
LV,K65,2018,1.34198,106.5,0.012601
LV,K65,2019,1.45091,108.4,0.013385
LV,K65,2020,1.20991,144.7,0.008362
LV,K65,2021,1.15269,181.9,0.006337
LV,K65,2022,1.32158,215.9,0.006121
LV,K65,2023,0.87899,273.5,0.003214
LV,K66,2012,1.04068,71.0,0.014657
LV,K66,2013,1.20572,74.2,0.016250
LV,K66,2014,0.43121,50.4,0.008556
LV,K66,2015,1.03319,93.0,0.011110
LV,K66,2016,1.04434,103.1,0.010129
LV,K66,2017,0.78713,93.5,0.008419
LV,K66,2018,0.56145,120.2,0.004671
LV,K66,2019,1.33803,117.4,0.011397
LV,K66,2020,0.79782,145.1,0.005498
LV,K66,2021,0.93835,143.9,0.006521
LV,K66,2022,1.53472,152.5,0.010064
LV,K66,2023,1.43768,162.5,0.008847
LV,L,2012,98.89075,1714.4,0.057682
LV,L,2013,119.16336,1861.6,0.064011
LV,L,2014,118.44757,2082.2,0.056886
LV,L,2015,122.19001,1926.1,0.063439
LV,L,2016,133.57334,2012.6,0.066369
LV,L,2017,125.61472,1992.6,0.063041
LV,L,2018,156.95409,2161.5,0.072614
LV,L,2019,104.49729,2193.1,0.047648
LV,L,2020,99.43704,2224.0,0.044711
LV,L,2021,194.83255,2379.3,0.081887
LV,L,2022,116.96157,2576.4,0.045397
LV,L,2023,126.17822,2979.6,0.042347
LV,L68A,2012,0.0,773.1,0.000000
LV,L68A,2013,0.0,815.3,0.000000
LV,L68A,2014,0.0,859.7,0.000000
LV,L68A,2015,0.0,862.0,0.000000
LV,L68A,2016,0.0,898.4,0.000000
LV,L68A,2017,0.0,949.1,0.000000
LV,L68A,2018,0.0,1009.3,0.000000
LV,L68A,2019,0.0,1078.2,0.000000
LV,L68A,2020,0.0,1143.0,0.000000
LV,L68A,2021,0.0,1208.0,0.000000
LV,L68A,2022,0.0,1367.2,0.000000
LV,L68A,2023,0.0,1532.0,0.000000
LV,M,2012,37.40028,839.5,0.044551
LV,M,2013,33.0176,846.1,0.039023
LV,M,2014,25.58706,898.2,0.028487
LV,M,2015,30.55118,962.1,0.031755
LV,M,2016,37.66229,1031.4,0.036516
LV,M,2017,44.1428,1104.7,0.039959
LV,M,2018,35.07897,1169.4,0.029997
LV,M,2019,34.50227,1227.8,0.028101
LV,M,2020,23.64969,1308.7,0.018071
LV,M,2021,23.01956,1450.9,0.015866
LV,M,2022,44.23901,1619.7,0.027313
LV,M,2023,25.55931,1692.6,0.015101
LV,M69_M70,2012,6.34409,337.6,0.018792
LV,M69_M70,2013,7.74467,355.5,0.021785
LV,M69_M70,2014,6.77689,381.7,0.017754
LV,M69_M70,2015,9.57792,408.0,0.023475
LV,M69_M70,2016,11.44079,431.3,0.026526
LV,M69_M70,2017,14.7847,459.7,0.032162
LV,M69_M70,2018,9.89821,499.6,0.019812
LV,M69_M70,2019,9.56386,520.2,0.018385
LV,M69_M70,2020,4.39014,536.4,0.008184
LV,M69_M70,2021,4.73769,614.2,0.007714
LV,M69_M70,2022,7.4845,688.5,0.010871
LV,M69_M70,2023,5.24494,722.5,0.007259
LV,M71,2012,16.27715,179.3,0.090782
LV,M71,2013,12.06947,170.3,0.070872
LV,M71,2014,8.90341,185.3,0.048049
LV,M71,2015,10.85748,196.8,0.055170
LV,M71,2016,12.03379,204.7,0.058787
LV,M71,2017,13.89829,224.5,0.061908
LV,M71,2018,13.44584,244.2,0.055061
LV,M71,2019,12.54048,257.7,0.048663
LV,M71,2020,12.14636,255.4,0.047558
LV,M71,2021,9.38051,283.3,0.033112
LV,M71,2022,12.15348,292.9,0.041494
LV,M71,2023,9.85483,326.9,0.030146
LV,M72,2012,3.77504,98.3,0.038403
LV,M72,2013,0.80031,100.8,0.007940
LV,M72,2014,0.93991,86.4,0.010879
LV,M72,2015,1.11211,102.8,0.010818
LV,M72,2016,2.98727,106.9,0.027945
LV,M72,2017,1.73352,130.9,0.013243
LV,M72,2018,1.73874,139.5,0.012464
LV,M72,2019,1.87506,143.3,0.013085
LV,M72,2020,1.55683,170.3,0.009142
LV,M72,2021,1.55062,166.7,0.009302
LV,M72,2022,1.55122,166.5,0.009317
LV,M72,2023,2.68066,173.9,0.015415
LV,M73,2012,8.60655,157.5,0.054645
LV,M73,2013,10.23874,150.9,0.067851
LV,M73,2014,6.43464,156.6,0.041090
LV,M73,2015,6.42394,150.1,0.042798
LV,M73,2016,8.06439,166.1,0.048551
LV,M73,2017,10.305,178.8,0.057634
LV,M73,2018,6.53055,162.9,0.040089
LV,M73,2019,7.32047,183.5,0.039894
LV,M73,2020,3.81444,213.1,0.017900
LV,M73,2021,4.61722,245.3,0.018823
LV,M73,2022,6.94445,294.1,0.023613
LV,M73,2023,4.00852,283.0,0.014164
LV,M74_M75,2012,2.39745,66.8,0.035890
LV,M74_M75,2013,2.16441,68.5,0.031597
LV,M74_M75,2014,2.5322,88.2,0.028710
LV,M74_M75,2015,2.57973,104.4,0.024710
LV,M74_M75,2016,3.13605,122.4,0.025621
LV,M74_M75,2017,3.42129,110.7,0.030906
LV,M74_M75,2018,3.46563,123.3,0.028107
LV,M74_M75,2019,3.2024,123.1,0.026015
LV,M74_M75,2020,1.74193,133.6,0.013038
LV,M74_M75,2021,2.73353,141.3,0.019346
LV,M74_M75,2022,16.10535,177.6,0.090683
LV,M74_M75,2023,3.77035,186.3,0.020238
LV,N,2012,74.44765,539.0,0.138122
LV,N,2013,70.5894,593.2,0.118998
LV,N,2014,62.24551,589.6,0.105572
LV,N,2015,65.876,609.8,0.108029
LV,N,2016,59.26415,643.7,0.092068
LV,N,2017,50.15161,706.0,0.071036
LV,N,2018,52.73338,801.6,0.065785
LV,N,2019,61.60981,823.5,0.074815
LV,N,2020,50.96507,779.8,0.065357
LV,N,2021,53.6295,810.1,0.066201
LV,N,2022,89.68735,957.4,0.093678
LV,N,2023,52.76942,1045.5,0.050473
LV,N77,2012,30.24418,121.7,0.248514
LV,N77,2013,24.98764,134.9,0.185231
LV,N77,2014,22.37133,135.9,0.164616
LV,N77,2015,15.11023,142.2,0.106260
LV,N77,2016,16.57076,148.4,0.111663
LV,N77,2017,12.09377,173.7,0.069624
LV,N77,2018,17.28879,222.9,0.077563
LV,N77,2019,17.4197,231.4,0.075280
LV,N77,2020,13.76812,214.3,0.064247
LV,N77,2021,13.89137,217.4,0.063898
LV,N77,2022,39.18212,237.5,0.164977
LV,N77,2023,18.8229,244.8,0.076891
LV,N78,2012,0.51833,61.9,0.008374
LV,N78,2013,0.09968,68.0,0.001466
LV,N78,2014,0.16368,79.4,0.002061
LV,N78,2015,0.40327,86.8,0.004646
LV,N78,2016,1.09151,94.4,0.011563
LV,N78,2017,0.77002,105.3,0.007313
LV,N78,2018,2.22097,106.7,0.020815
LV,N78,2019,0.61156,124.5,0.004912
LV,N78,2020,0.28661,106.9,0.002681
LV,N78,2021,0.51729,117.2,0.004414
LV,N78,2022,0.57698,163.0,0.003540
LV,N78,2023,0.97721,188.4,0.005187
LV,N79,2012,0.41784,42.3,0.009878
LV,N79,2013,1.17221,49.7,0.023586
LV,N79,2014,1.7515,46.6,0.037586
LV,N79,2015,0.83127,44.4,0.018722
LV,N79,2016,0.35226,49.5,0.007116
LV,N79,2017,1.3435,54.4,0.024697
LV,N79,2018,1.35428,62.2,0.021773
LV,N79,2019,1.82001,59.1,0.030795
LV,N79,2020,0.3723,34.9,0.010668
LV,N79,2021,0.1976,44.8,0.004411
LV,N79,2022,0.79063,76.7,0.010308
LV,N79,2023,0.85732,87.7,0.009776
LV,N80-N82,2012,43.2673,313.1,0.138190
LV,N80-N82,2013,44.32987,340.5,0.130191
LV,N80-N82,2014,37.95898,327.7,0.115835
LV,N80-N82,2015,49.53123,336.4,0.147239
LV,N80-N82,2016,41.24962,351.4,0.117387
LV,N80-N82,2017,35.94431,372.6,0.096469
LV,N80-N82,2018,31.86933,409.8,0.077768
LV,N80-N82,2019,41.75855,408.6,0.102199
LV,N80-N82,2020,36.53803,423.6,0.086256
LV,N80-N82,2021,39.02325,430.7,0.090604
LV,N80-N82,2022,49.13762,480.3,0.102306
LV,N80-N82,2023,32.112,524.6,0.061212
LV,O,2012,118.41043,1407.3,0.084140
LV,O,2013,104.45671,1493.0,0.069964
LV,O,2014,108.47389,1573.0,0.068960
LV,O,2015,109.10571,1619.0,0.067391
LV,O,2016,114.92025,1692.8,0.067888
LV,O,2017,112.15037,1810.0,0.061962
LV,O,2018,126.89291,1926.8,0.065857
LV,O,2019,137.06254,2063.7,0.066416
LV,O,2020,106.3095,2147.6,0.049502
LV,O,2021,106.20597,2316.8,0.045842
LV,O,2022,123.46666,2499.3,0.049400
LV,O,2023,106.46393,2945.5,0.036145
LV,P,2012,24.52445,855.9,0.028653
LV,P,2013,23.03143,900.6,0.025573
LV,P,2014,20.87527,923.1,0.022614
LV,P,2015,18.47546,984.4,0.018768
LV,P,2016,20.9055,1015.6,0.020584
LV,P,2017,17.09639,1107.4,0.015438
LV,P,2018,19.33149,1179.0,0.016397
LV,P,2019,26.33,1244.4,0.021159
LV,P,2020,20.05422,1293.0,0.015510
LV,P,2021,15.37206,1389.7,0.011061
LV,P,2022,23.82116,1461.0,0.016305
LV,P,2023,16.08617,1697.2,0.009478
LV,Q,2012,48.81097,605.2,0.080653
LV,Q,2013,52.92252,639.7,0.082730
LV,Q,2014,53.84943,714.1,0.075409
LV,Q,2015,50.46134,767.6,0.065739
LV,Q,2016,50.73926,793.3,0.063960
LV,Q,2017,49.26905,846.1,0.058231
LV,Q,2018,42.8693,989.8,0.043311
LV,Q,2019,67.38089,1140.4,0.059085
LV,Q,2020,79.52925,1222.9,0.065033
LV,Q,2021,70.11219,1630.5,0.043000
LV,Q,2022,80.81535,1771.0,0.045633
LV,Q,2023,66.46136,1842.7,0.036067
LV,Q86,2012,39.1182,502.3,0.077878
LV,Q86,2013,43.60764,528.9,0.082450
LV,Q86,2014,45.71172,594.4,0.076904
LV,Q86,2015,43.03705,639.0,0.067351
LV,Q86,2016,43.2217,662.8,0.065211
LV,Q86,2017,41.70323,714.4,0.058375
LV,Q86,2018,35.72198,839.0,0.042577
LV,Q86,2019,58.79304,977.9,0.060122
LV,Q86,2020,72.80434,1052.3,0.069186
LV,Q86,2021,62.98519,1437.0,0.043831
LV,Q86,2022,75.45076,1535.9,0.049125
LV,Q86,2023,59.92951,1542.5,0.038852
LV,Q87_Q88,2012,9.69276,102.9,0.094196
LV,Q87_Q88,2013,9.31488,110.9,0.083994
LV,Q87_Q88,2014,8.13771,119.7,0.067984
LV,Q87_Q88,2015,7.42429,128.6,0.057732
LV,Q87_Q88,2016,7.51756,130.5,0.057606
LV,Q87_Q88,2017,7.56581,131.7,0.057447
LV,Q87_Q88,2018,7.14732,150.8,0.047396
LV,Q87_Q88,2019,8.58785,162.5,0.052848
LV,Q87_Q88,2020,6.72491,170.6,0.039419
LV,Q87_Q88,2021,7.127,193.6,0.036813
LV,Q87_Q88,2022,5.36458,235.1,0.022818
LV,Q87_Q88,2023,6.53185,300.2,0.021758
LV,R,2012,11.31662,363.7,0.031115
LV,R,2013,13.29842,395.4,0.033633
LV,R,2014,8.61076,376.5,0.022871
LV,R,2015,10.75844,419.1,0.025670
LV,R,2016,10.30742,448.0,0.023008
LV,R,2017,10.35832,486.8,0.021278
LV,R,2018,11.23412,534.3,0.021026
LV,R,2019,14.57912,563.6,0.025868
LV,R,2020,12.50033,401.9,0.031103
LV,R,2021,8.72523,436.9,0.019971
LV,R,2022,20.76355,626.0,0.033169
LV,R,2023,19.76809,689.3,0.028678
LV,R90-R92,2012,4.79724,265.4,0.018076
LV,R90-R92,2013,6.7315,284.5,0.023661
LV,R90-R92,2014,4.47008,289.1,0.015462
LV,R90-R92,2015,5.16659,325.4,0.015878
LV,R90-R92,2016,5.38046,343.4,0.015668
LV,R90-R92,2017,5.79733,374.3,0.015488
LV,R90-R92,2018,5.31938,412.6,0.012892
LV,R90-R92,2019,6.20003,437.2,0.014181
LV,R90-R92,2020,6.36097,298.8,0.021288
LV,R90-R92,2021,4.04076,328.0,0.012319
LV,R90-R92,2022,12.24901,494.7,0.024760
LV,R90-R92,2023,4.53803,555.3,0.008172
LV,R93,2012,6.51938,98.3,0.066321
LV,R93,2013,6.56692,110.8,0.059268
LV,R93,2014,4.14068,87.4,0.047376
LV,R93,2015,5.59185,93.7,0.059678
LV,R93,2016,4.92696,104.6,0.047103
LV,R93,2017,4.561,112.5,0.040542
LV,R93,2018,5.91474,121.6,0.048641
LV,R93,2019,8.37909,126.4,0.066290
LV,R93,2020,6.13936,103.1,0.059548
LV,R93,2021,4.68447,108.9,0.043016
LV,R93,2022,8.51454,131.2,0.064897
LV,R93,2023,15.23005,134.0,0.113657
LV,S,2012,59.26422,174.5,0.339623
LV,S,2013,9.67225,176.5,0.054800
LV,S,2014,8.66428,202.0,0.042892
LV,S,2015,10.30983,212.9,0.048426
LV,S,2016,11.97367,227.9,0.052539
LV,S,2017,13.05888,243.9,0.053542
LV,S,2018,12.35099,257.4,0.047984
LV,S,2019,10.7509,252.2,0.042628
LV,S,2020,10.85143,235.6,0.046059
LV,S,2021,8.94879,214.1,0.041797
LV,S,2022,10.79489,258.7,0.041727
LV,S,2023,16.61565,300.4,0.055312
LV,S94,2012,0.0596,53.9,0.001106
LV,S94,2013,0.00604,56.8,0.000106
LV,S94,2014,0.58434,64.9,0.009004
LV,S94,2015,0.94727,65.0,0.014573
LV,S94,2016,1.21203,68.9,0.017591
LV,S94,2017,1.7643,79.4,0.022220
LV,S94,2018,2.03077,85.6,0.023724
LV,S94,2019,3.30841,83.2,0.039765
LV,S94,2020,2.47839,81.6,0.030372
LV,S94,2021,4.34031,84.9,0.051123
LV,S94,2022,3.22988,93.6,0.034507
LV,S94,2023,4.11369,102.4,0.040173
LV,S95,2012,1.24343,23.5,0.052912
LV,S95,2013,1.50192,21.6,0.069533
LV,S95,2014,0.9364,21.8,0.042954
LV,S95,2015,1.12359,25.2,0.044587
LV,S95,2016,1.30589,24.1,0.054186
LV,S95,2017,0.93871,24.5,0.038315
LV,S95,2018,1.18382,24.6,0.048123
LV,S95,2019,0.1928,20.4,0.009451
LV,S95,2020,0.39293,18.8,0.020901
LV,S95,2021,0.48894,15.1,0.032380
LV,S95,2022,0.70438,18.1,0.038916
LV,S95,2023,0.70696,18.7,0.037805
LV,S96,2012,57.96119,97.1,0.596923
LV,S96,2013,8.16429,98.2,0.083139
LV,S96,2014,7.14355,115.2,0.062010
LV,S96,2015,8.23896,122.8,0.067093
LV,S96,2016,9.45574,134.8,0.070146
LV,S96,2017,10.35587,140.0,0.073970
LV,S96,2018,9.1364,147.1,0.062110
LV,S96,2019,7.24969,148.7,0.048754
LV,S96,2020,7.98011,135.2,0.059024
LV,S96,2021,4.11954,114.1,0.036105
LV,S96,2022,6.86062,146.9,0.046703
LV,S96,2023,11.795,179.2,0.065820
LV,T,2012,0.0,31.9,0.000000
LV,T,2013,0.0,30.1,0.000000
LV,T,2014,0.0,32.6,0.000000
LV,T,2015,0.0,36.7,0.000000
LV,T,2016,0.0,39.2,0.000000
LV,T,2017,0.0,41.9,0.000000
LV,T,2018,0.0,48.5,0.000000
LV,T,2019,0.0,48.5,0.000000
LV,T,2020,0.0,50.1,0.000000
LV,T,2021,0.0,50.0,0.000000
LV,T,2022,0.0,47.2,0.000000
LV,T,2023,0.0,52.7,0.000000
LV,TOTAL,2012,10477.28896,18716.7,0.559783
LV,TOTAL,2013,10228.96965,19263.5,0.531003
LV,TOTAL,2014,10137.4584,19950.5,0.508131
LV,TOTAL,2015,10530.35643,20768.5,0.507035
LV,TOTAL,2016,10380.18765,21280.0,0.487791
LV,TOTAL,2017,10589.76568,22589.7,0.468787
LV,TOTAL,2018,10884.79579,24287.9,0.448157
LV,TOTAL,2019,11041.77491,25590.5,0.431479
LV,TOTAL,2020,9427.83134,25367.0,0.371657
LV,TOTAL,2021,9805.77464,28062.2,0.349430
LV,TOTAL,2022,9721.97976,31521.4,0.308425
LV,TOTAL,2023,9715.67329,34788.2,0.279281
MT,A,2012,105.82638,81.6,1.296892
MT,A,2013,102.42541,82.9,1.235530
MT,A,2014,103.30328,89.6,1.152938
MT,A,2015,103.1868,96.2,1.072628
MT,A,2016,106.3891,109.8,0.968935
MT,A,2017,106.61217,84.7,1.258703
MT,A,2018,124.13899,85.1,1.458743
MT,A,2019,135.67664,68.9,1.969182
MT,A,2020,132.37871,112.8,1.173570
MT,A,2021,135.03004,147.8,0.913600
MT,A,2022,150.5078,149.9,1.004055
MT,A,2023,144.52225,9.3,15.540027
MT,A01,2012,90.64135,58.3,1.554740
MT,A01,2013,90.36219,58.7,1.539390
MT,A01,2014,90.03109,60.4,1.490581
MT,A01,2015,88.33799,64.4,1.371708
MT,A01,2016,94.86885,67.7,1.401312
MT,A01,2017,95.1842,66.0,1.442185
MT,A01,2018,100.69608,58.9,1.709611
MT,A01,2019,112.83847,64.5,1.749434
MT,A01,2020,115.37932,58.7,1.965576
MT,A01,2021,117.56715,55.9,2.103169
MT,A01,2022,129.17679,55.7,2.319152
MT,A01,2023,121.07452,58.3,2.076750
MT,A03,2012,15.18503,23.3,0.651718
MT,A03,2013,12.06322,24.2,0.498480
MT,A03,2014,13.27219,29.2,0.454527
MT,A03,2015,14.84881,31.8,0.466944
MT,A03,2016,11.52025,42.1,0.273640
MT,A03,2017,11.42798,18.7,0.611122
MT,A03,2018,23.44291,26.2,0.894768
MT,A03,2019,22.83817,4.4,5.190493
MT,A03,2020,16.99938,54.1,0.314221
MT,A03,2021,17.46289,91.9,0.190021
MT,A03,2022,21.33101,94.2,0.226444
MT,C,2012,63.10972,809.2,0.077990
MT,C,2013,87.34177,766.4,0.113964
MT,C,2014,94.64375,747.8,0.126563
MT,C,2015,98.76119,732.0,0.134920
MT,C,2016,94.49632,760.2,0.124305
MT,C,2017,89.29898,830.8,0.107486
MT,C,2018,84.5113,894.1,0.094521
MT,C,2019,82.13232,938.5,0.087514
MT,C,2020,84.16161,941.8,0.089363
MT,C,2021,84.84373,1028.1,0.082525
MT,C,2022,88.46319,1122.9,0.078781
MT,C,2023,80.4946,1221.6,0.065893
MT,C10-C12,2012,14.27108,103.7,0.137619
MT,C10-C12,2013,19.94376,117.7,0.169446
MT,C10-C12,2014,24.34668,133.9,0.181827
MT,C10-C12,2015,25.44945,145.1,0.175392
MT,C10-C12,2016,19.33142,140.9,0.137200
MT,C10-C12,2017,16.94565,146.5,0.115670
MT,C10-C12,2018,15.80819,144.5,0.109399
MT,C10-C12,2019,16.00392,145.8,0.109766
MT,C10-C12,2020,19.6106,127.4,0.153929
MT,C10-C12,2021,19.68622,127.5,0.154402
MT,C10-C12,2022,19.19549,152.6,0.125790
MT,C10-C12,2023,17.72284,170.2,0.104129
MT,C13-C15,2012,1.50954,30.3,0.049820
MT,C13-C15,2013,1.83593,21.3,0.086194
MT,C13-C15,2014,2.19991,17.6,0.124995
MT,C13-C15,2015,2.41567,17.5,0.138038
MT,C13-C15,2016,1.59081,16.4,0.097001
MT,C13-C15,2017,1.7342,18.4,0.094250
MT,C13-C15,2018,1.54418,19.7,0.078385
MT,C13-C15,2019,1.37585,17.6,0.078173
MT,C13-C15,2020,3.40425,17.5,0.194529
MT,C13-C15,2021,3.43824,20.7,0.166099
MT,C13-C15,2022,3.80684,19.5,0.195223
MT,C13-C15,2023,3.81595,18.6,0.205159
MT,C16,2018,0.41583,2.7,0.154011
MT,C16,2019,0.43094,3.8,0.113405
MT,C16,2020,0.20346,4.0,0.050865
MT,C16,2021,0.20841,3.0,0.069470
MT,C16,2022,0.22949,5.1,0.044998
MT,C16,2023,0.23374,5.7,0.041007
MT,C17,2018,0.6547,7.3,0.089685
MT,C17,2019,0.59573,7.9,0.075409
MT,C17,2021,0.96124,6.2,0.155039
MT,C17,2022,1.37529,7.4,0.185850
MT,C17,2023,1.39579,7.6,0.183657
MT,C18,2012,2.44881,58.8,0.041646
MT,C18,2013,3.33748,58.0,0.057543
MT,C18,2014,2.69608,58.3,0.046245
MT,C18,2015,2.52231,60.7,0.041554
MT,C18,2016,2.08166,55.4,0.037575
MT,C18,2017,3.4975,50.6,0.069121
MT,C18,2018,3.57105,70.3,0.050797
MT,C18,2019,3.97416,75.6,0.052568
MT,C18,2021,1.97775,106.5,0.018570
MT,C18,2022,2.12714,121.9,0.017450
MT,C18,2023,2.15035,148.9,0.014442
MT,C20,2012,1.48656,8.2,0.181288
MT,C20,2013,1.94437,7.7,0.252516
MT,C20,2014,2.72482,9.9,0.275234
MT,C20,2015,2.25883,10.9,0.207232
MT,C20,2016,2.27267,8.7,0.261226
MT,C20,2017,2.63602,10.3,0.255924
MT,C20,2019,1.85744,11.4,0.162933
MT,C20,2020,2.31302,12.5,0.185042
MT,C20,2021,2.13427,13.5,0.158094
MT,C20,2022,1.92097,14.4,0.133401
MT,C20,2023,1.61951,13.0,0.124578
MT,C21,2017,6.92289,65.8,0.105211
MT,C21,2018,5.02796,61.1,0.082291
MT,C21,2019,4.26267,55.0,0.077503
MT,C21,2020,8.59647,74.1,0.116012
MT,C21,2021,7.9297,80.7,0.098261
MT,C21,2022,7.28024,70.2,0.103707
MT,C21,2023,6.37741,81.8,0.077963
MT,C22,2020,1.58252,64.8,0.024422
MT,C22,2021,1.62429,63.1,0.025742
MT,C22,2022,1.55103,67.9,0.022843
MT,C22,2023,1.45416,69.6,0.020893
MT,C23,2020,27.66712,75.1,0.368404
MT,C23,2021,28.96545,97.7,0.296473
MT,C23,2022,32.39687,72.1,0.449332
MT,C23,2023,27.42273,76.0,0.360825
MT,C24,2012,0.00677,0.7,0.009671
MT,C24,2013,0.0092,0.7,0.013143
MT,C24,2014,0.01191,0.7,0.017014
MT,C24,2015,0.00537,0.5,0.010740
MT,C24,2016,0.03382,1.0,0.033820
MT,C24,2017,0.01702,1.1,0.015473
MT,C24,2018,0.04709,2.4,0.019621
MT,C24,2019,0.02712,3.5,0.007749
MT,C24,2020,0.04289,6.1,0.007031
MT,C24,2021,0.05028,7.9,0.006365
MT,C24,2022,0.06396,13.4,0.004773
MT,C24,2023,0.06424,15.1,0.004254
MT,C25,2012,3.37191,28.7,0.117488
MT,C25,2013,4.78637,26.6,0.179939
MT,C25,2014,4.32399,34.1,0.126803
MT,C25,2015,5.58085,32.2,0.173318
MT,C25,2016,5.37093,44.0,0.122067
MT,C25,2017,5.78408,38.5,0.150236
MT,C25,2018,7.26115,41.2,0.176242
MT,C25,2019,6.67155,61.0,0.109370
MT,C25,2020,4.67856,48.6,0.096267
MT,C25,2021,4.776,49.0,0.097469
MT,C25,2022,4.97033,65.3,0.076115
MT,C25,2023,5.05611,58.7,0.086135
MT,C26,2022,7.1738,131.5,0.054554
MT,C26,2023,7.13609,147.8,0.048282
MT,C27,2014,0.9991,19.7,0.050716
MT,C27,2015,0.90594,19.1,0.047431
MT,C27,2016,0.54099,19.9,0.027185
MT,C27,2017,0.87899,18.8,0.046755
MT,C27,2018,0.53445,16.5,0.032391
MT,C27,2019,0.38913,6.7,0.058079
MT,C27,2020,0.38818,17.8,0.021808
MT,C27,2021,0.24235,20.0,0.012117
MT,C27,2022,0.25347,21.4,0.011844
MT,C27,2023,0.25857,26.2,0.009869
MT,C28,2018,0.66942,21.3,0.031428
MT,C28,2019,0.59776,19.7,0.030343
MT,C28,2020,0.36917,23.1,0.015981
MT,C28,2021,0.38815,22.8,0.017024
MT,C28,2022,0.39217,23.4,0.016759
MT,C28,2023,0.38888,26.0,0.014957
MT,C29,2020,0.29057,55.1,0.005274
MT,C29,2021,0.288,66.1,0.004357
MT,C30,2021,0.04456,0.7,0.063657
MT,C31_C32,2015,6.92756,123.7,0.056003
MT,C31_C32,2016,6.2848,129.5,0.048531
MT,C31_C32,2017,6.20388,138.4,0.044826
MT,C31_C32,2019,5.23637,150.2,0.034863
MT,C31_C32,2020,3.0904,137.2,0.022525
MT,C31_C32,2021,3.10772,137.9,0.022536
MT,C31_C32,2022,3.16159,152.5,0.020732
MT,C31_C32,2023,3.11238,150.1,0.020735
MT,C33,2015,8.03349,65.1,0.123402
MT,C33,2016,2.35264,64.7,0.036362
MT,C33,2017,2.79329,70.8,0.039453
MT,C33,2019,2.37127,75.5,0.031408
MT,C33,2020,2.14877,78.4,0.027408
MT,C33,2021,2.15085,83.8,0.025666
MT,C33,2022,2.25481,106.6,0.021152
MT,C33,2023,1.99629,127.8,0.015620
MT,E,2012,135.54929,62.7,2.161871
MT,E,2013,139.02529,64.0,2.172270
MT,E,2014,157.16457,67.4,2.331819
MT,E,2015,172.03976,70.6,2.436824
MT,E,2016,184.20828,74.8,2.462678
MT,E,2017,181.60138,77.6,2.340224
MT,E,2018,176.1973,84.7,2.080251
MT,E,2019,192.55878,86.9,2.215866
MT,E,2020,192.18718,85.3,2.253074
MT,E,2021,193.81606,90.0,2.153512
MT,E,2022,197.30089,99.9,1.974984
MT,E,2023,195.7187,117.3,1.668531
MT,F,2012,38.02936,287.5,0.132276
MT,F,2013,39.46742,306.0,0.128978
MT,F,2014,40.95679,304.3,0.134593
MT,F,2015,43.15426,346.1,0.124687
MT,F,2016,45.53438,366.1,0.124377
MT,F,2017,47.42829,429.0,0.110555
MT,F,2018,64.90818,481.8,0.134720
MT,F,2019,78.1214,619.2,0.126165
MT,F,2020,88.34108,608.5,0.145178
MT,F,2021,92.91192,648.6,0.143250
MT,F,2022,111.97211,655.5,0.170819
MT,F,2023,93.85367,763.3,0.122958
MT,G,2012,84.96398,700.4,0.121308
MT,G,2013,87.98463,763.9,0.115178
MT,G,2014,97.25361,818.9,0.118761
MT,G,2015,100.45936,954.4,0.105259
MT,G,2016,99.0457,932.3,0.106238
MT,G,2017,97.46125,1045.0,0.093264
MT,G,2018,82.95203,1087.2,0.076299
MT,G,2019,82.06569,1185.5,0.069225
MT,G,2020,77.39315,1060.7,0.072964
MT,G,2021,77.16994,1215.5,0.063488
MT,G,2022,84.29899,1456.2,0.057890
MT,G,2023,85.52187,1606.6,0.053232
MT,G45,2012,7.94996,63.3,0.125592
MT,G45,2013,8.19998,64.0,0.128125
MT,G45,2014,9.48515,63.4,0.149608
MT,G45,2015,8.2395,77.1,0.106868
MT,G45,2016,6.65742,82.7,0.080501
MT,G45,2017,5.43882,93.4,0.058231
MT,G45,2018,5.14398,97.0,0.053031
MT,G45,2019,4.84827,108.6,0.044643
MT,G45,2020,4.52792,92.7,0.048845
MT,G45,2021,4.5195,88.3,0.051183
MT,G45,2022,5.02406,111.6,0.045018
MT,G45,2023,5.13986,120.6,0.042619
MT,G46,2012,43.42437,333.0,0.130404
MT,G46,2013,44.60479,354.5,0.125825
MT,G46,2014,49.03678,408.9,0.119924
MT,G46,2015,55.02023,451.2,0.121942
MT,G46,2016,46.29732,417.1,0.110998
MT,G46,2017,47.67321,484.5,0.098397
MT,G46,2018,37.88083,479.6,0.078984
MT,G46,2019,40.57688,527.8,0.076879
MT,G46,2020,37.72579,473.2,0.079725
MT,G46,2021,37.73916,582.6,0.064777
MT,G46,2022,43.5181,697.6,0.062383
MT,G46,2023,45.27968,679.5,0.066637
MT,G47,2012,33.58965,304.2,0.110420
MT,G47,2013,35.17986,345.4,0.101853
MT,G47,2014,38.73169,346.7,0.111715
MT,G47,2015,37.19963,426.1,0.087303
MT,G47,2016,46.09096,432.6,0.106544
MT,G47,2017,44.34922,467.0,0.094966
MT,G47,2018,39.92723,510.6,0.078197
MT,G47,2019,36.64054,549.0,0.066741
MT,G47,2020,35.13943,494.8,0.071017
MT,G47,2021,34.91128,544.6,0.064104
MT,G47,2022,35.75682,647.0,0.055266
MT,G47,2023,35.10233,806.5,0.043524
MT,H,2012,426.56047,363.6,1.173159
MT,H,2013,484.41442,401.4,1.206812
MT,H,2014,525.37675,426.5,1.231833
MT,H,2015,647.54895,502.4,1.288911
MT,H,2016,730.62848,537.1,1.360321
MT,H,2017,777.91721,610.9,1.273395
MT,H,2018,1015.5205,632.5,1.605566
MT,H,2019,1129.08145,705.8,1.599719
MT,H,2020,843.8245,203.3,4.150637
MT,H,2021,1367.66505,597.5,2.288979
MT,H,2022,1833.5922,801.5,2.287701
MT,H,2023,3375.6006,1052.7,3.206612
MT,H49,2012,48.28273,46.0,1.049625
MT,H49,2013,49.13231,50.0,0.982646
MT,H49,2017,88.76097,74.9,1.185060
MT,H49,2018,74.64742,84.8,0.880276
MT,H49,2019,81.55745,105.0,0.776738
MT,H49,2020,61.65294,78.6,0.784389
MT,H49,2021,62.48744,90.9,0.687431
MT,H49,2022,82.9642,127.7,0.649681
MT,H49,2023,85.40563,139.3,0.613106
MT,H50,2012,62.85762,19.6,3.207021
MT,H50,2020,77.14096,15.0,5.142731
MT,H50,2021,101.7174,18.2,5.588868
MT,H50,2022,101.2152,28.2,3.589191
MT,H50,2023,120.59768,27.9,4.322497
MT,H51,2017,554.36525,118.0,4.698011
MT,H51,2018,815.1616,117.4,6.943455
MT,H51,2019,912.87845,134.6,6.782158
MT,H51,2021,1157.84387,98.5,11.754760
MT,H51,2022,1589.90589,176.8,8.992680
MT,H51,2023,3109.76115,382.1,8.138605
MT,H52,2017,61.75578,371.9,0.166055
MT,H52,2018,53.59427,377.4,0.142009
MT,H52,2019,50.88733,397.5,0.128018
MT,H52,2020,39.23536,298.4,0.131486
MT,H52,2021,41.23979,353.1,0.116794
MT,H52,2022,53.8632,432.3,0.124597
MT,H52,2023,54.10184,461.1,0.117332
MT,H53,2020,4.28312,30.0,0.142771
MT,H53,2021,4.37653,36.8,0.118927
MT,H53,2022,5.6437,36.4,0.155047
MT,H53,2023,5.73431,42.2,0.135884
MT,I,2012,17.86381,321.8,0.055512
MT,I,2013,19.04085,378.8,0.050266
MT,I,2014,53.46457,399.4,0.133862
MT,I,2015,65.5508,453.9,0.144417
MT,I,2016,67.19443,460.5,0.145916
MT,I,2017,69.56938,558.9,0.124476
MT,I,2018,60.86125,631.1,0.096437
MT,I,2019,62.73684,637.3,0.098442
MT,I,2020,54.00796,241.3,0.223821
MT,I,2021,53.92741,357.7,0.150762
MT,I,2022,60.40657,659.4,0.091608
MT,I,2023,55.37618,830.0,0.066718
MT,J,2012,4.37083,381.8,0.011448
MT,J,2013,4.47129,402.6,0.011106
MT,J,2014,5.29388,501.6,0.010554
MT,J,2015,5.54476,606.3,0.009145
MT,J,2016,5.78094,665.6,0.008685
MT,J,2017,5.79042,788.4,0.007345
MT,J,2018,13.64055,841.3,0.016214
MT,J,2019,17.28443,1002.9,0.017234
MT,J,2020,15.16668,1269.2,0.011950
MT,J,2021,16.45966,1601.1,0.010280
MT,J,2022,20.05248,1887.4,0.010624
MT,J,2023,20.76092,2395.5,0.008667
MT,J58,2016,0.60998,42.9,0.014219
MT,J58,2017,0.48712,56.7,0.008591
MT,J58,2018,0.95959,62.9,0.015256
MT,J58,2019,1.26236,84.7,0.014904
MT,J58,2020,1.12507,67.8,0.016594
MT,J58,2021,1.21488,79.5,0.015282
MT,J58,2022,1.46057,90.4,0.016157
MT,J58,2023,1.51115,96.1,0.015725
MT,J59_J60,2016,1.17751,19.3,0.061011
MT,J59_J60,2017,1.07021,26.6,0.040233
MT,J59_J60,2018,2.27016,26.7,0.085025
MT,J59_J60,2019,2.53856,33.0,0.076926
MT,J59_J60,2020,2.2236,27.9,0.079699
MT,J59_J60,2021,2.41391,36.9,0.065418
MT,J59_J60,2022,2.94317,46.7,0.063023
MT,J59_J60,2023,3.04728,54.1,0.056327
MT,J61,2020,2.78989,228.8,0.012194
MT,J61,2021,3.02821,223.0,0.013579
MT,J61,2022,3.69073,237.2,0.015560
MT,J61,2023,3.82119,253.2,0.015092
MT,J62_J63,2020,9.02812,944.7,0.009557
MT,J62_J63,2021,9.80266,1261.8,0.007769
MT,J62_J63,2022,11.95802,1513.1,0.007903
MT,J62_J63,2023,12.3813,1992.2,0.006215
MT,K,2012,0.37412,630.9,0.000593
MT,K,2013,0.39907,686.1,0.000582
MT,K,2014,0.51283,670.1,0.000765
MT,K,2015,0.4961,785.4,0.000632
MT,K,2016,0.66327,863.2,0.000768
MT,K,2017,0.82767,956.2,0.000866
MT,K,2018,1.45877,1031.5,0.001414
MT,K,2019,1.45121,1134.6,0.001279
MT,K,2020,1.26955,1263.3,0.001005
MT,K,2021,1.2659,1477.7,0.000857
MT,K,2022,1.47184,1311.4,0.001122
MT,K,2023,1.52044,1618.3,0.000940
MT,K64,2012,0.31404,400.8,0.000784
MT,K64,2013,0.33473,442.8,0.000756
MT,K64,2014,0.43243,476.8,0.000907
MT,K64,2015,0.41404,558.4,0.000741
MT,K64,2016,0.5766,617.2,0.000934
MT,K64,2017,0.73338,619.7,0.001183
MT,K64,2018,1.30152,727.7,0.001789
MT,K64,2019,1.29469,780.9,0.001658
MT,K64,2020,1.13029,780.6,0.001448
MT,K64,2021,1.12662,896.3,0.001257
MT,K64,2022,1.31172,843.5,0.001555
MT,K64,2023,1.35515,1221.9,0.001109
MT,K65,2012,0.02324,77.9,0.000298
MT,K65,2013,0.02517,75.4,0.000334
MT,K65,2014,0.03068,72.7,0.000422
MT,K65,2015,0.03268,71.3,0.000458
MT,K65,2016,0.03635,78.3,0.000464
MT,K65,2017,0.03847,89.8,0.000428
MT,K65,2018,0.07167,78.7,0.000911
MT,K65,2019,0.04716,116.7,0.000404
MT,K65,2020,0.04669,101.5,0.000460
MT,K65,2021,0.04758,121.6,0.000391
MT,K65,2022,0.05093,96.9,0.000526
MT,K65,2023,0.05236,97.9,0.000535
MT,K66,2012,0.03684,152.1,0.000242
MT,K66,2013,0.03916,167.9,0.000233
MT,K66,2014,0.04973,120.6,0.000412
MT,K66,2015,0.04938,155.7,0.000317
MT,K66,2016,0.05032,167.8,0.000300
MT,K66,2017,0.05581,246.7,0.000226
MT,K66,2018,0.08558,225.0,0.000380
MT,K66,2019,0.10935,237.0,0.000461
MT,K66,2020,0.09257,381.2,0.000243
MT,K66,2021,0.0917,459.9,0.000199
MT,K66,2022,0.10918,371.0,0.000294
MT,K66,2023,0.11293,298.5,0.000378
MT,L,2012,3.70783,457.4,0.008106
MT,L,2013,3.84531,498.8,0.007709
MT,L,2014,9.31379,510.0,0.018262
MT,L,2015,10.72828,603.6,0.017774
MT,L,2016,9.64165,701.7,0.013740
MT,L,2017,5.25497,805.8,0.006521
MT,L,2018,10.86735,876.8,0.012394
MT,L,2019,10.78422,1014.0,0.010635
MT,L,2020,8.98217,921.0,0.009753
MT,L,2021,9.0333,1064.5,0.008486
MT,L,2022,10.76406,1087.9,0.009894
MT,L,2023,11.08976,1562.0,0.007100
MT,L68A,2012,0.0,291.1,0.000000
MT,L68A,2013,0.0,298.4,0.000000
MT,L68A,2014,0.0,304.1,0.000000
MT,L68A,2015,0.0,319.4,0.000000
MT,L68A,2016,0.0,344.6,0.000000
MT,L68A,2017,0.0,350.8,0.000000
MT,L68A,2018,0.0,351.0,0.000000
MT,L68A,2019,0.0,384.9,0.000000
MT,L68A,2020,0.0,388.1,0.000000
MT,L68A,2021,0.0,381.1,0.000000
MT,L68A,2022,0.0,335.0,0.000000
MT,L68A,2023,0.0,641.9,0.000000
MT,M,2012,34.72356,399.6,0.086896
MT,M,2013,36.40252,425.0,0.085653
MT,M,2014,37.81855,508.3,0.074402
MT,M,2015,38.37765,641.9,0.059788
MT,M,2016,39.73563,791.9,0.050178
MT,M,2017,39.56454,967.9,0.040877
MT,M,2018,53.8575,1015.5,0.053035
MT,M,2019,50.69115,1156.7,0.043824
MT,M,2020,45.03343,1286.8,0.034996
MT,M,2021,44.81933,1532.5,0.029246
MT,M,2022,48.67837,1734.7,0.028062
MT,M,2023,48.23193,1913.6,0.025205
MT,M69_M70,2012,22.95271,273.5,0.083922
MT,M69_M70,2013,24.14701,278.8,0.086611
MT,M69_M70,2017,28.94669,525.9,0.055042
MT,M69_M70,2018,36.90639,488.5,0.075550
MT,M69_M70,2019,35.79172,562.8,0.063596
MT,M69_M70,2020,32.19814,625.7,0.051459
MT,M69_M70,2021,32.01625,779.4,0.041078
MT,M69_M70,2022,34.12713,871.3,0.039168
MT,M69_M70,2023,33.56182,917.5,0.036580
MT,M71,2012,7.25215,50.8,0.142759
MT,M71,2013,7.60362,53.0,0.143465
MT,M71,2017,6.85438,108.6,0.063116
MT,M71,2018,10.1297,129.9,0.077981
MT,M71,2019,9.01074,162.7,0.055383
MT,M71,2020,7.84868,165.1,0.047539
MT,M71,2021,7.82253,180.7,0.043290
MT,M71,2022,8.74635,195.9,0.044647
MT,M71,2023,8.76392,213.5,0.041049
MT,M72,2012,0.12675,3.3,0.038409
MT,M72,2015,0.21713,11.8,0.018401
MT,M72,2016,0.04893,4.5,0.010873
MT,M72,2017,0.00494,4.9,0.001008
MT,M72,2018,0.00889,4.6,0.001933
MT,M72,2019,0.01162,5.1,0.002278
MT,M72,2020,0.00976,5.1,0.001914
MT,M72,2021,0.00976,8.0,0.001220
MT,M73,2013,1.92714,69.3,0.027809
MT,M73,2015,0.95479,120.5,0.007924
MT,M73,2016,5.94974,193.1,0.030812
MT,M73,2017,2.46952,267.7,0.009225
MT,M73,2018,4.39939,318.9,0.013796
MT,M73,2019,4.05047,337.7,0.011994
MT,M73,2020,3.39843,401.2,0.008471
MT,M73,2021,3.39688,470.6,0.007218
MT,M73,2022,4.01695,556.7,0.007216
MT,M73,2023,4.10811,643.4,0.006385
MT,M74_M75,2014,2.51409,21.7,0.115857
MT,M74_M75,2015,3.50683,31.7,0.110626
MT,M74_M75,2016,1.33499,55.7,0.023968
MT,M74_M75,2017,1.28901,60.9,0.021166
MT,M74_M75,2018,2.41313,73.6,0.032787
MT,M74_M75,2019,1.8266,88.4,0.020663
MT,M74_M75,2020,1.57843,89.7,0.017597
MT,M74_M75,2021,1.57391,93.8,0.016779
MT,N,2012,34.30753,301.2,0.113903
MT,N,2013,36.40894,365.0,0.099751
MT,N,2014,38.72961,414.5,0.093437
MT,N,2015,40.23602,506.6,0.079424
MT,N,2016,41.98713,584.9,0.071785
MT,N,2017,42.56969,755.4,0.056354
MT,N,2018,58.50206,848.7,0.068931
MT,N,2019,56.67961,969.6,0.058457
MT,N,2020,43.56907,914.7,0.047632
MT,N,2021,44.34811,1116.4,0.039724
MT,N,2022,51.26559,1327.8,0.038609
MT,N,2023,49.75707,1583.1,0.031430
MT,N77,2012,7.66851,72.4,0.105919
MT,N77,2013,8.05459,102.0,0.078967
MT,N77,2014,8.06442,123.4,0.065352
MT,N77,2015,3.44556,153.0,0.022520
MT,N77,2016,7.74298,183.9,0.042104
MT,N77,2017,5.46158,287.4,0.019003
MT,N77,2018,17.58124,310.2,0.056677
MT,N77,2019,20.22147,362.1,0.055845
MT,N77,2020,11.23871,348.8,0.032221
MT,N77,2021,12.01824,446.6,0.026911
MT,N77,2022,18.55809,524.1,0.035409
MT,N77,2023,18.9807,709.4,0.026756
MT,N78,2012,3.32185,51.1,0.065007
MT,N78,2013,3.42249,57.2,0.059834
MT,N78,2014,4.43146,84.9,0.052196
MT,N78,2015,6.18429,124.0,0.049873
MT,N78,2017,4.74102,159.5,0.029724
MT,N78,2020,4.04869,185.6,0.021814
MT,N78,2021,4.04494,210.8,0.019189
MT,N78,2022,4.06192,262.7,0.015462
MT,N78,2023,3.81491,314.4,0.012134
MT,N79,2012,12.38079,50.6,0.244680
MT,N79,2013,13.27858,51.0,0.260364
MT,N79,2014,14.45889,39.0,0.370741
MT,N79,2015,17.84105,44.7,0.399129
MT,N79,2017,6.46377,47.7,0.135509
MT,N79,2020,5.79402,13.0,0.445694
MT,N79,2021,5.81995,19.7,0.295429
MT,N79,2022,6.10149,43.8,0.139303
MT,N79,2023,5.79191,58.7,0.098670
MT,N80-N82,2012,10.93638,127.2,0.085978
MT,N80-N82,2013,11.65328,154.9,0.075231
MT,N80-N82,2014,11.77484,167.2,0.070424
MT,N80-N82,2015,12.76512,184.9,0.069038
MT,N80-N82,2016,22.19486,208.2,0.106604
MT,N80-N82,2017,25.90333,260.9,0.099285
MT,N80-N82,2018,28.11741,301.6,0.093227
MT,N80-N82,2019,25.14115,365.3,0.068823
MT,N80-N82,2020,22.48765,367.3,0.061224
MT,N80-N82,2021,22.46497,439.3,0.051138
MT,N80-N82,2022,22.54409,497.1,0.045351
MT,N80-N82,2023,21.16955,500.6,0.042288
MT,O,2012,11.41154,433.1,0.026349
MT,O,2013,11.93349,445.5,0.026787
MT,O,2014,13.57568,476.1,0.028514
MT,O,2015,14.17797,511.1,0.027740
MT,O,2016,14.01285,548.3,0.025557
MT,O,2017,12.95954,594.7,0.021792
MT,O,2018,13.67678,641.6,0.021317
MT,O,2019,14.29574,703.9,0.020309
MT,O,2020,9.59763,747.7,0.012836
MT,O,2021,8.8974,834.8,0.010658
MT,O,2022,12.62965,920.1,0.013726
MT,O,2023,13.29028,980.7,0.013552
MT,P,2012,2.0454,418.2,0.004891
MT,P,2013,2.09023,448.5,0.004660
MT,P,2014,2.7139,473.1,0.005736
MT,P,2015,2.62639,511.7,0.005133
MT,P,2016,2.7706,534.0,0.005188
MT,P,2017,3.09243,570.3,0.005422
MT,P,2018,2.88601,631.0,0.004574
MT,P,2019,3.14067,684.1,0.004591
MT,P,2020,2.71167,641.9,0.004224
MT,P,2021,2.81179,725.5,0.003876
MT,P,2022,3.37659,740.2,0.004562
MT,P,2023,3.40912,809.8,0.004210
MT,Q,2012,9.88373,403.3,0.024507
MT,Q,2013,9.76481,442.4,0.022072
MT,Q,2014,31.49808,483.6,0.065133
MT,Q,2015,34.87896,527.6,0.066109
MT,Q,2016,35.52727,570.5,0.062274
MT,Q,2017,38.09745,616.8,0.061766
MT,Q,2018,30.74183,663.4,0.046340
MT,Q,2019,27.63656,757.5,0.036484
MT,Q,2020,21.45892,792.5,0.027078
MT,Q,2021,22.12209,906.1,0.024415
MT,Q,2022,24.36875,956.8,0.025469
MT,Q,2023,20.75698,1007.1,0.020611
MT,Q86,2012,6.36036,294.3,0.021612
MT,Q86,2013,6.03009,322.6,0.018692
MT,Q86,2014,18.54239,355.2,0.052203
MT,Q86,2015,20.21741,384.3,0.052608
MT,Q86,2016,22.30695,422.2,0.052835
MT,Q86,2017,22.27439,450.7,0.049422
MT,Q86,2018,17.9454,481.0,0.037309
MT,Q86,2019,16.7049,539.4,0.030969
MT,Q86,2020,13.43568,565.7,0.023751
MT,Q86,2021,13.7542,637.8,0.021565
MT,Q86,2022,15.38392,680.7,0.022600
MT,Q86,2023,13.16052,712.4,0.018473
MT,Q87_Q88,2012,3.52337,109.0,0.032324
MT,Q87_Q88,2013,3.73472,119.8,0.031175
MT,Q87_Q88,2014,12.9557,128.4,0.100901
MT,Q87_Q88,2015,14.66155,143.3,0.102314
MT,Q87_Q88,2016,13.22032,148.2,0.089206
MT,Q87_Q88,2017,15.82305,166.1,0.095262
MT,Q87_Q88,2018,12.79644,182.4,0.070156
MT,Q87_Q88,2019,10.93166,218.1,0.050122
MT,Q87_Q88,2020,8.02324,226.8,0.035376
MT,Q87_Q88,2021,8.36789,268.3,0.031189
MT,Q87_Q88,2022,8.98483,276.1,0.032542
MT,Q87_Q88,2023,7.59646,294.7,0.025777
MT,R,2012,0.28962,486.2,0.000596
MT,R,2013,0.3125,587.2,0.000532
MT,R,2014,3.09991,873.7,0.003548
MT,R,2015,3.08066,1072.3,0.002873
MT,R,2016,2.08705,936.8,0.002228
MT,R,2017,0.66839,1320.6,0.000506
MT,R,2018,0.67188,1523.3,0.000441
MT,R,2019,0.84622,1167.8,0.000725
MT,R,2020,0.65227,1815.8,0.000359
MT,R,2021,0.86341,1711.5,0.000504
MT,R,2022,0.9516,1424.2,0.000668
MT,R,2023,0.77107,1523.3,0.000506
MT,R90-R92,2012,0.12989,464.7,0.000280
MT,R90-R92,2013,0.13933,564.2,0.000247
MT,R90-R92,2014,1.61982,848.7,0.001909
MT,R90-R92,2015,1.9788,1045.4,0.001893
MT,R90-R92,2016,1.37953,905.0,0.001524
MT,R90-R92,2017,0.43899,1284.2,0.000342
MT,R90-R92,2018,0.45232,1483.2,0.000305
MT,R90-R92,2019,0.59065,1126.4,0.000524
MT,R90-R92,2020,0.42768,1777.4,0.000241
MT,R90-R92,2021,0.60564,1666.2,0.000363
MT,R90-R92,2022,0.67631,1354.9,0.000499
MT,R90-R92,2023,0.51732,1439.5,0.000359
MT,R93,2012,0.15972,21.5,0.007429
MT,R93,2013,0.17317,23.0,0.007529
MT,R93,2014,1.4801,25.0,0.059204
MT,R93,2015,1.10187,27.0,0.040810
MT,R93,2016,0.70752,31.8,0.022249
MT,R93,2017,0.2294,36.4,0.006302
MT,R93,2018,0.21956,40.1,0.005475
MT,R93,2019,0.25557,41.4,0.006173
MT,R93,2020,0.22459,38.3,0.005864
MT,R93,2021,0.25776,45.3,0.005690
MT,R93,2022,0.27529,69.4,0.003967
MT,R93,2023,0.25375,83.8,0.003028
MT,S,2012,4.59515,78.4,0.058612
MT,S,2013,4.92476,83.6,0.058909
MT,S,2014,17.54977,90.0,0.194997
MT,S,2015,16.53398,94.9,0.174225
MT,S,2016,14.40535,98.8,0.145803
MT,S,2017,11.18982,106.0,0.105564
MT,S,2018,11.99782,112.6,0.106553
MT,S,2019,13.44866,136.6,0.098453
MT,S,2020,11.40693,110.6,0.103137
MT,S,2021,12.73718,136.9,0.093040
MT,S,2022,16.31834,165.5,0.098600
MT,S,2023,15.56284,191.0,0.081481
MT,S94,2012,1.20018,24.3,0.049390
MT,S94,2013,1.44743,24.8,0.058364
MT,S94,2014,4.02601,25.7,0.156654
MT,S94,2015,3.53211,26.2,0.134813
MT,S94,2017,3.70693,27.0,0.137294
MT,S94,2018,4.6176,28.4,0.162592
MT,S94,2019,5.0596,31.8,0.159107
MT,S94,2020,4.18744,39.6,0.105743
MT,S94,2021,4.63398,42.5,0.109035
MT,S94,2022,5.94994,43.4,0.137095
MT,S94,2023,5.64712,46.4,0.121705
MT,S95,2012,1.58278,4.3,0.368088
MT,S95,2013,1.61449,7.2,0.224235
MT,S95,2014,6.66509,9.1,0.732427
MT,S95,2015,7.1638,10.4,0.688827
MT,S95,2017,1.7786,11.1,0.160234
MT,S95,2018,1.01323,10.2,0.099336
MT,S95,2019,0.8472,15.5,0.054658
MT,S95,2020,0.60646,14.1,0.043011
MT,S95,2021,0.68084,14.1,0.048287
MT,S95,2022,0.87155,15.9,0.054814
MT,S95,2023,0.83339,16.9,0.049313
MT,S96,2012,1.81219,49.8,0.036389
MT,S96,2013,1.86284,51.6,0.036102
MT,S96,2014,6.85867,55.2,0.124251
MT,S96,2015,5.83807,58.4,0.099967
MT,S96,2016,5.40987,62.8,0.086144
MT,S96,2017,5.70428,68.0,0.083886
MT,S96,2018,6.367,74.0,0.086041
MT,S96,2019,7.54186,89.4,0.084361
MT,S96,2020,6.61302,56.9,0.116222
MT,S96,2021,7.42236,80.2,0.092548
MT,S96,2022,9.49686,106.3,0.089340
MT,S96,2023,9.08234,127.6,0.071178
MT,T,2012,0.0,7.4,0.000000
MT,T,2013,0.0,9.0,0.000000
MT,T,2014,0.0,8.0,0.000000
MT,T,2015,0.0,9.4,0.000000
MT,T,2016,0.0,9.6,0.000000
MT,T,2017,0.0,10.4,0.000000
MT,T,2018,0.03773,12.7,0.002971
MT,T,2019,0.03962,12.6,0.003144
MT,T,2020,0.04339,14.1,0.003077
MT,T,2021,0.04418,13.1,0.003373
MT,T,2022,0.04786,19.8,0.002417
MT,T,2023,0.0494,27.6,0.001790
MT,TOTAL,2012,3042.87194,6592.6,0.461559
MT,TOTAL,2013,2779.62183,7204.3,0.385828
MT,TOTAL,2014,2900.32888,7913.5,0.366504
MT,TOTAL,2015,2293.81198,9113.5,0.251694
MT,TOTAL,2016,2080.94582,9678.9,0.214998
MT,TOTAL,2017,2263.7796,11228.1,0.201617
MT,TOTAL,2018,2511.06739,12209.5,0.205665
MT,TOTAL,2019,2704.09853,13098.9,0.206437
MT,TOTAL,2020,2448.98575,13149.7,0.186239
MT,TOTAL,2021,2947.11131,15349.0,0.192007
MT,TOTAL,2022,3520.52601,16672.8,0.211154
MT,TOTAL,2023,5021.98186,19426.5,0.258512
NL,A,2012,29553.89767,11170.0,2.645828
NL,A,2013,29898.78337,12278.0,2.435151
NL,A,2014,28722.24523,12222.0,2.350045
NL,A,2015,29761.20351,12627.0,2.356950
NL,A,2016,29847.66371,13424.0,2.223455
NL,A,2017,30104.01359,14776.0,2.037359
NL,A,2018,29763.01333,13855.0,2.148179
NL,A,2019,29564.22535,14594.0,2.025779
NL,A,2020,29222.22855,14185.0,2.060080
NL,A,2021,29009.74919,14752.0,1.966496
NL,A,2022,26373.80648,16318.0,1.616240
NL,A,2023,26851.82772,18393.0,1.459894
NL,A01,2012,28919.74432,10764.0,2.686710
NL,A01,2013,29255.10683,11923.0,2.453670
NL,A01,2014,28136.48264,11855.0,2.373385
NL,A01,2015,29201.79351,12190.0,2.395553
NL,A01,2016,29289.12243,12914.0,2.268013
NL,A01,2017,29487.64986,14245.0,2.070035
NL,A01,2018,29189.74935,13316.0,2.192081
NL,A01,2019,29016.11271,14081.0,2.060657
NL,A01,2020,28629.85773,13690.0,2.091297
NL,A01,2021,28445.7818,14229.0,1.999141
NL,A01,2022,25908.51781,15770.0,1.642899
NL,A01,2023,26442.99208,17903.0,1.477015
NL,A02,2012,98.57534,123.0,0.801426
NL,A02,2013,94.72053,124.0,0.763875
NL,A02,2014,92.49027,120.0,0.770752
NL,A02,2015,89.62265,128.0,0.700177
NL,A02,2016,85.81038,131.0,0.655041
NL,A02,2017,83.74717,140.0,0.598194
NL,A02,2018,82.6952,158.0,0.523387
NL,A02,2019,81.21184,171.0,0.474923
NL,A02,2020,78.30204,169.0,0.463326
NL,A02,2021,77.74734,180.0,0.431930
NL,A02,2022,76.10997,216.0,0.352361
NL,A02,2023,74.34019,236.0,0.315001
NL,A03,2012,535.578,283.0,1.892502
NL,A03,2013,548.95601,231.0,2.376433
NL,A03,2014,493.27232,247.0,1.997054
NL,A03,2015,469.78736,309.0,1.520347
NL,A03,2016,472.7309,379.0,1.247311
NL,A03,2017,532.61656,391.0,1.362191
NL,A03,2018,490.56879,381.0,1.287582
NL,A03,2019,466.9008,342.0,1.365207
NL,A03,2020,514.06878,326.0,1.576898
NL,A03,2021,486.22006,343.0,1.417551
NL,A03,2022,389.17871,332.0,1.172225
NL,A03,2023,334.49545,254.0,1.316911
NL,B,2012,3406.13991,21691.0,0.157030
NL,B,2013,3370.0283,22612.0,0.149037
NL,B,2014,3273.20903,17022.0,0.192293
NL,B,2015,2944.64839,12746.0,0.231025
NL,B,2016,2700.55135,8128.0,0.332253
NL,B,2017,2645.82167,7710.0,0.343168
NL,B,2018,2433.23281,7519.0,0.323611
NL,B,2019,2330.17229,5927.0,0.393145
NL,B,2020,2237.71,3165.0,0.707017
NL,B,2021,2078.93785,6438.0,0.322917
NL,B,2022,1794.18442,16954.0,0.105827
NL,B,2023,1635.61253,5762.0,0.283862
NL,C,2012,45798.16745,66223.0,0.691575
NL,C,2013,45213.23451,64215.0,0.704091
NL,C,2014,44592.7997,65571.0,0.680069
NL,C,2015,45114.49838,70958.0,0.635792
NL,C,2016,46213.43038,73940.0,0.625013
NL,C,2017,47380.95062,79216.0,0.598123
NL,C,2018,47091.72588,83919.0,0.561157
NL,C,2019,46564.00464,86468.0,0.538511
NL,C,2020,45671.58362,85598.0,0.533559
NL,C,2021,46154.8268,95886.0,0.481351
NL,C,2022,42459.53959,102836.0,0.412886
NL,C,2023,39500.15891,109965.0,0.359207
NL,C10-C12,2012,4439.79184,12465.0,0.356181
NL,C10-C12,2013,4402.75806,12747.0,0.345396
NL,C10-C12,2014,4506.41585,13315.0,0.338447
NL,C10-C12,2015,4450.21391,13457.0,0.330699
NL,C10-C12,2016,4407.60926,13968.0,0.315550
NL,C10-C12,2017,4586.83018,14414.0,0.318220
NL,C10-C12,2018,4372.88798,14945.0,0.292599
NL,C10-C12,2019,4422.70665,15185.0,0.291255
NL,C10-C12,2020,4311.37986,15523.0,0.277741
NL,C10-C12,2021,4304.9276,15832.0,0.271913
NL,C10-C12,2022,4089.69633,16561.0,0.246947
NL,C10-C12,2023,3872.23759,18769.0,0.206310
NL,C13-C15,2012,208.66578,1055.0,0.197787
NL,C13-C15,2013,193.07162,1080.0,0.178770
NL,C13-C15,2014,159.55285,1084.0,0.147189
NL,C13-C15,2015,182.3773,1094.0,0.166707
NL,C13-C15,2016,180.05338,1132.0,0.159058
NL,C13-C15,2017,166.84757,1144.0,0.145846
NL,C13-C15,2018,162.24326,1152.0,0.140836
NL,C13-C15,2019,182.64516,1162.0,0.157182
NL,C13-C15,2020,151.48169,1160.0,0.130588
NL,C13-C15,2021,164.14903,1367.0,0.120080
NL,C13-C15,2022,144.7468,1272.0,0.113795
NL,C13-C15,2023,146.12834,1247.0,0.117184
NL,C16,2012,87.72895,746.0,0.117599
NL,C16,2013,68.78294,650.0,0.105820
NL,C16,2014,83.74282,679.0,0.123333
NL,C16,2015,84.91953,776.0,0.109432
NL,C16,2016,86.20137,877.0,0.098291
NL,C16,2017,90.56194,967.0,0.093652
NL,C16,2018,96.84484,1064.0,0.091020
NL,C16,2019,88.68156,1180.0,0.075154
NL,C16,2020,78.66051,1228.0,0.064056
NL,C16,2021,102.93967,1370.0,0.075138
NL,C16,2022,86.93811,1494.0,0.058192
NL,C16,2023,75.48839,1495.0,0.050494
NL,C17,2012,861.60059,1408.0,0.611932
NL,C17,2013,793.15782,1494.0,0.530895
NL,C17,2014,802.77122,1641.0,0.489196
NL,C17,2015,789.25072,1593.0,0.495449
NL,C17,2016,765.20096,1705.0,0.448798
NL,C17,2017,760.9289,1808.0,0.420868
NL,C17,2018,705.71966,2040.0,0.345941
NL,C17,2019,660.66016,2306.0,0.286496
NL,C17,2020,581.39593,2345.0,0.247930
NL,C17,2021,594.94692,1939.0,0.306832
NL,C17,2022,498.74259,2245.0,0.222157
NL,C17,2023,358.28019,2087.0,0.171672
NL,C18,2012,112.26169,1818.0,0.061750
NL,C18,2013,91.31905,1719.0,0.053123
NL,C18,2014,70.93704,1580.0,0.044897
NL,C18,2015,75.5511,1468.0,0.051465
NL,C18,2016,78.02607,1401.0,0.055693
NL,C18,2017,80.0898,1348.0,0.059414
NL,C18,2018,63.96762,1319.0,0.048497
NL,C18,2019,65.95719,1199.0,0.055010
NL,C18,2020,48.87691,1112.0,0.043954
NL,C18,2021,57.09422,1117.0,0.051114
NL,C18,2022,63.10124,1189.0,0.053071
NL,C18,2023,49.73825,1166.0,0.042657
NL,C19,2012,10591.22976,791.0,13.389671
NL,C19,2013,10353.72447,403.0,25.691624
NL,C19,2015,11226.27635,1334.0,8.415500
NL,C19,2016,10780.60651,1302.0,8.280036
NL,C19,2017,10219.08067,1392.0,7.341294
NL,C19,2018,10285.0358,1047.0,9.823339
NL,C19,2019,11107.31848,1502.0,7.395019
NL,C19,2020,10062.1557,159.0,63.283998
NL,C19,2021,10519.2477,1239.0,8.490111
NL,C19,2022,10519.74632,3582.0,2.936836
NL,C19,2023,10309.20341,2686.0,3.838125
NL,C20,2012,18628.53933,8217.0,2.267073
NL,C20,2013,18601.32462,7504.0,2.478855
NL,C20,2014,18145.98956,7339.0,2.472543
NL,C20,2015,17425.64114,8628.0,2.019662
NL,C20,2016,18844.1044,9350.0,2.015412
NL,C20,2017,19684.65702,10328.0,1.905951
NL,C20,2018,19828.48445,10972.0,1.807190
NL,C20,2019,19164.29502,9463.0,2.025182
NL,C20,2020,20432.05916,8251.0,2.476313
NL,C20,2021,19909.81001,10660.0,1.867712
NL,C20,2022,17133.9053,7890.0,2.171598
NL,C20,2023,16608.20962,7441.0,2.231986
NL,C21,2012,218.09718,3664.0,0.059524
NL,C21,2013,205.47757,2558.0,0.080327
NL,C21,2014,167.71921,2753.0,0.060922
NL,C21,2015,130.34664,3572.0,0.036491
NL,C21,2016,120.64118,4290.0,0.028121
NL,C21,2017,121.77132,4668.0,0.026086
NL,C21,2018,126.6273,4974.0,0.025458
NL,C21,2019,116.93783,5799.0,0.020165
NL,C21,2020,106.14618,6515.0,0.016293
NL,C21,2021,129.85806,7562.0,0.017172
NL,C21,2022,124.27652,8547.0,0.014540
NL,C21,2023,105.11849,9921.0,0.010596
NL,C22,2012,251.04478,2438.0,0.102972
NL,C22,2013,272.02496,2489.0,0.109291
NL,C22,2014,262.30023,2742.0,0.095660
NL,C22,2015,300.19375,2734.0,0.109800
NL,C22,2016,313.35554,2967.0,0.105614
NL,C22,2017,322.28334,3007.0,0.107178
NL,C22,2018,326.46436,3002.0,0.108749
NL,C22,2019,289.13458,3052.0,0.094736
NL,C22,2020,273.52641,3137.0,0.087194
NL,C22,2021,301.69711,3281.0,0.091953
NL,C22,2022,283.90808,3533.0,0.080359
NL,C22,2023,244.08959,3549.0,0.068777
NL,C23,2012,1797.13359,1741.0,1.032242
NL,C23,2013,1612.6611,1684.0,0.957637
NL,C23,2014,1649.26015,1616.0,1.020582
NL,C23,2015,1839.20804,1620.0,1.135314
NL,C23,2016,1882.07405,1843.0,1.021201
NL,C23,2017,1935.332,1929.0,1.003283
NL,C23,2018,1897.36549,2108.0,0.900079
NL,C23,2019,1552.89383,2202.0,0.705220
NL,C23,2020,1460.74237,2316.0,0.630718
NL,C23,2021,1487.61808,2331.0,0.638189
NL,C23,2022,1434.6856,2388.0,0.600790
NL,C23,2023,1253.73079,2493.0,0.502900
NL,C24,2012,6549.85166,1843.0,3.553908
NL,C24,2013,6710.75363,1815.0,3.697385
NL,C24,2014,6280.82863,2104.0,2.985185
NL,C24,2015,6672.80343,1829.0,3.648334
NL,C24,2016,6705.52522,2067.0,3.244086
NL,C24,2017,7331.76038,2106.0,3.481368
NL,C24,2018,7042.82622,2353.0,2.993126
NL,C24,2019,6817.93286,1964.0,3.471453
NL,C24,2020,6206.48517,1666.0,3.725381
NL,C24,2021,6434.63035,2509.0,2.564620
NL,C24,2022,6141.55668,2674.0,2.296768
NL,C24,2023,4775.71781,1886.0,2.532194
NL,C25,2012,507.38665,6250.0,0.081182
NL,C25,2013,480.02318,6068.0,0.079107
NL,C25,2014,440.65185,6362.0,0.069263
NL,C25,2015,473.59315,6617.0,0.071572
NL,C25,2016,507.74804,7012.0,0.072411
NL,C25,2017,549.80091,7082.0,0.077634
NL,C25,2018,552.77807,7582.0,0.072907
NL,C25,2019,554.24565,7964.0,0.069594
NL,C25,2020,530.3837,7655.0,0.069286
NL,C25,2021,591.70766,8019.0,0.073788
NL,C25,2022,536.94426,9224.0,0.058212
NL,C25,2023,492.82674,9765.0,0.050469
NL,C26,2012,152.59125,4499.0,0.033917
NL,C26,2013,119.6988,4560.0,0.026250
NL,C26,2014,83.31049,4630.0,0.017994
NL,C26,2015,106.18423,5268.0,0.020156
NL,C26,2016,139.98513,4526.0,0.030929
NL,C26,2017,100.94584,4703.0,0.021464
NL,C26,2018,170.94565,5396.0,0.031680
NL,C26,2019,134.77723,5451.0,0.024725
NL,C26,2020,97.21449,5219.0,0.018627
NL,C26,2021,124.36269,5504.0,0.022595
NL,C26,2022,103.30789,7008.0,0.014741
NL,C26,2023,76.54471,6768.0,0.011310
NL,C27,2012,332.73602,2209.0,0.150627
NL,C27,2013,296.78158,2241.0,0.132433
NL,C27,2014,259.58205,2210.0,0.117458
NL,C27,2015,311.75345,2483.0,0.125555
NL,C27,2016,307.78395,2718.0,0.113239
NL,C27,2017,308.15118,2796.0,0.110211
NL,C27,2018,288.36407,2737.0,0.105358
NL,C27,2019,301.24823,2947.0,0.102222
NL,C27,2020,282.90816,3175.0,0.089105
NL,C27,2021,289.90529,3245.0,0.089339
NL,C27,2022,238.77938,3397.0,0.070291
NL,C27,2023,197.3312,3768.0,0.052370
NL,C28,2012,288.30241,8396.0,0.034338
NL,C28,2013,276.96473,8777.0,0.031556
NL,C28,2014,231.85956,9555.0,0.024266
NL,C28,2015,265.86455,9598.0,0.027700
NL,C28,2016,279.90642,9730.0,0.028767
NL,C28,2017,296.4994,11327.0,0.026176
NL,C28,2018,313.27467,12382.0,0.025301
NL,C28,2019,289.90771,14033.0,0.020659
NL,C28,2020,279.73005,15371.0,0.018199
NL,C28,2021,349.67542,18585.0,0.018815
NL,C28,2022,334.05814,19308.0,0.017302
NL,C28,2023,280.47772,22576.0,0.012424
NL,C29,2012,115.70994,1766.0,0.065521
NL,C29,2013,109.06301,1718.0,0.063483
NL,C29,2014,114.20558,1676.0,0.068142
NL,C29,2015,139.41766,2026.0,0.068814
NL,C29,2016,149.11555,2213.0,0.067382
NL,C29,2017,159.45848,2564.0,0.062191
NL,C29,2018,176.09939,2901.0,0.060703
NL,C29,2019,167.47717,2935.0,0.057062
NL,C29,2020,147.06451,2613.0,0.056282
NL,C29,2021,162.40501,2787.0,0.058272
NL,C29,2022,150.06522,3080.0,0.048722
NL,C29,2023,141.41426,3906.0,0.036204
NL,C30,2012,73.0046,1437.0,0.050803
NL,C30,2013,75.91503,1566.0,0.048477
NL,C30,2014,82.75211,1510.0,0.054803
NL,C30,2015,79.48389,1423.0,0.055857
NL,C30,2016,78.75441,1329.0,0.059258
NL,C30,2017,83.65064,1546.0,0.054108
NL,C30,2018,86.0086,1391.0,0.061832
NL,C30,2019,83.22621,1531.0,0.054361
NL,C30,2020,83.0859,1622.0,0.051224
NL,C30,2021,95.66314,1546.0,0.061878
NL,C30,2022,90.90096,1797.0,0.050585
NL,C30,2023,78.63534,1801.0,0.043662
NL,C31_C32,2012,368.53191,2279.0,0.161708
NL,C31_C32,2013,341.5595,2127.0,0.160583
NL,C31_C32,2014,320.41846,2177.0,0.147183
NL,C31_C32,2015,342.28617,2266.0,0.151053
NL,C31_C32,2016,370.59858,2332.0,0.158919
NL,C31_C32,2017,361.73217,2663.0,0.135836
NL,C31_C32,2018,368.84806,2784.0,0.132489
NL,C31_C32,2019,342.53528,2888.0,0.118606
NL,C31_C32,2020,337.3809,2953.0,0.114250
NL,C31_C32,2021,313.86005,3192.0,0.098327
NL,C31_C32,2022,274.97285,3248.0,0.084659
NL,C31_C32,2023,240.27946,3394.0,0.070795
NL,C33,2012,213.95953,3201.0,0.066841
NL,C33,2013,208.17284,3015.0,0.069046
NL,C33,2014,206.32995,3099.0,0.066580
NL,C33,2015,219.13335,3172.0,0.069084
NL,C33,2016,216.14037,3178.0,0.068011
NL,C33,2017,220.56887,3424.0,0.064418
NL,C33,2018,226.9404,3770.0,0.060196
NL,C33,2019,221.42386,3705.0,0.059764
NL,C33,2020,200.90602,3578.0,0.056150
NL,C33,2021,220.32877,3801.0,0.057966
NL,C33,2022,209.2073,4399.0,0.047558
NL,C33,2023,194.70702,5247.0,0.037108
NL,D,2012,44895.20846,8203.0,5.473023
NL,D,2013,44986.01922,7963.0,5.649381
NL,D,2014,48656.06285,7424.0,6.553888
NL,D,2015,53202.98294,7708.0,6.902307
NL,D,2016,52061.37948,7735.0,6.730624
NL,D,2017,48356.52246,7406.0,6.529371
NL,D,2018,44691.63488,8019.0,5.573218
NL,D,2019,41622.52097,9129.0,4.559374
NL,D,2020,32612.11163,10178.0,3.204177
NL,D,2021,32516.14507,9560.0,3.401270
NL,D,2022,30613.0595,16474.0,1.858265
NL,D,2023,23692.57438,21408.0,1.106716
NL,E,2012,7544.98949,3888.0,1.940584
NL,E,2013,7581.71226,3987.0,1.901608
NL,E,2014,7260.45719,4149.0,1.749929
NL,E,2015,6842.11404,4220.0,1.621354
NL,E,2016,6783.31005,4188.0,1.619702
NL,E,2017,6413.36797,4257.0,1.506546
NL,E,2018,5720.74759,4302.0,1.329788
NL,E,2019,5806.30124,4225.0,1.374272
NL,E,2020,5575.31552,4290.0,1.299607
NL,E,2021,5213.0686,4643.0,1.122780
NL,E,2022,5000.63714,5166.0,0.967990
NL,E,2023,5056.33386,5127.0,0.986217
NL,E36,2012,67.46639,1069.0,0.063112
NL,E36,2013,68.21142,1085.0,0.062868
NL,E36,2014,69.07345,1079.0,0.064016
NL,E36,2015,72.38934,1080.0,0.067027
NL,E36,2016,71.81702,1050.0,0.068397
NL,E36,2017,70.96067,1051.0,0.067517
NL,E36,2018,74.72949,986.0,0.075791
NL,E36,2019,71.94619,985.0,0.073042
NL,E36,2020,73.19541,1019.0,0.071831
NL,E36,2021,72.50217,1024.0,0.070803
NL,E36,2022,69.38369,1036.0,0.066973
NL,E36,2023,68.47476,1110.0,0.061689
NL,E37-E39,2012,7477.52311,2819.0,2.652545
NL,E37-E39,2013,7513.50084,2902.0,2.589077
NL,E37-E39,2014,7191.38374,3070.0,2.342470
NL,E37-E39,2015,6769.7247,3140.0,2.155963
NL,E37-E39,2016,6711.49303,3138.0,2.138780
NL,E37-E39,2017,6342.4073,3206.0,1.978293
NL,E37-E39,2018,5646.0181,3316.0,1.702659
NL,E37-E39,2019,5734.35505,3240.0,1.769863
NL,E37-E39,2020,5502.12011,3271.0,1.682091
NL,E37-E39,2021,5140.56642,3619.0,1.420438
NL,E37-E39,2022,4931.25345,4130.0,1.194008
NL,E37-E39,2023,4987.85909,4017.0,1.241688
NL,F,2012,3684.07126,27183.0,0.135529
NL,F,2013,3599.66683,25598.0,0.140623
NL,F,2014,3505.34258,25828.0,0.135719
NL,F,2015,3478.41001,26128.0,0.133130
NL,F,2016,3664.79636,28180.0,0.130050
NL,F,2017,3605.77423,29966.0,0.120329
NL,F,2018,3618.68612,32629.0,0.110904
NL,F,2019,3527.81011,36247.0,0.097327
NL,F,2020,3404.34986,38666.0,0.088045
NL,F,2021,3415.0045,41332.0,0.082624
NL,F,2022,3423.87272,43981.0,0.077849
NL,F,2023,3509.59168,48484.0,0.072387
NL,G,2012,4544.36356,75664.0,0.060060
NL,G,2013,4524.5945,78857.0,0.057377
NL,G,2014,3986.3373,79917.0,0.049881
NL,G,2015,4172.54041,83548.0,0.049942
NL,G,2016,4202.98463,86726.0,0.048463
NL,G,2017,4318.55164,90625.0,0.047653
NL,G,2018,3982.01088,95182.0,0.041836
NL,G,2019,3723.51428,102275.0,0.036407
NL,G,2020,3289.529,103442.0,0.031801
NL,G,2021,3419.97636,117519.0,0.029101
NL,G,2022,3310.21022,121882.0,0.027159
NL,G,2023,3272.70801,124979.0,0.026186
NL,G45,2012,523.83184,7545.0,0.069428
NL,G45,2013,502.01944,7575.0,0.066273
NL,G45,2014,438.65277,7579.0,0.057877
NL,G45,2015,457.92708,7932.0,0.057732
NL,G45,2016,473.53213,8323.0,0.056894
NL,G45,2017,482.56024,8832.0,0.054638
NL,G45,2018,443.98797,9298.0,0.047751
NL,G45,2019,414.8878,9981.0,0.041568
NL,G45,2020,364.01976,9915.0,0.036714
NL,G45,2021,384.35509,10477.0,0.036686
NL,G45,2022,369.94662,11119.0,0.033272
NL,G45,2023,379.49186,11862.0,0.031992
NL,G46,2012,2455.97475,46603.0,0.052700
NL,G46,2013,2455.03168,49500.0,0.049597
NL,G46,2014,2220.29806,50538.0,0.043933
NL,G46,2015,2327.02448,52955.0,0.043943
NL,G46,2016,2355.49127,54555.0,0.043176
NL,G46,2017,2413.18342,56497.0,0.042713
NL,G46,2018,2241.64123,59397.0,0.037740
NL,G46,2019,2102.79552,64017.0,0.032847
NL,G46,2020,1822.99071,63450.0,0.028731
NL,G46,2021,1909.12347,74656.0,0.025572
NL,G46,2022,1882.04727,77603.0,0.024252
NL,G46,2023,1843.55255,76770.0,0.024014
NL,G47,2012,1564.55698,21516.0,0.072716
NL,G47,2013,1567.54338,21782.0,0.071965
NL,G47,2014,1327.38647,21800.0,0.060889
NL,G47,2015,1387.58886,22661.0,0.061232
NL,G47,2016,1373.96123,23848.0,0.057613
NL,G47,2017,1422.80798,25296.0,0.056246
NL,G47,2018,1296.38168,26487.0,0.048944
NL,G47,2019,1205.83096,28277.0,0.042644
NL,G47,2020,1102.51853,30077.0,0.036657
NL,G47,2021,1126.49781,32386.0,0.034783
NL,G47,2022,1058.21633,33160.0,0.031912
NL,G47,2023,1049.6636,36347.0,0.028879
NL,H,2012,27931.704,26418.0,1.057298
NL,H,2013,27567.97479,27247.0,1.011780
NL,H,2014,27537.94207,28688.0,0.959912
NL,H,2015,27659.64548,30824.0,0.897341
NL,H,2016,26577.78782,31135.0,0.853631
NL,H,2017,26617.89647,32437.0,0.820603
NL,H,2018,27230.94871,33015.0,0.824805
NL,H,2019,28667.70939,34710.0,0.825921
NL,H,2020,22359.05476,30329.0,0.737217
NL,H,2021,23424.74619,34289.0,0.683156
NL,H,2022,25606.29286,43945.0,0.582690
NL,H,2023,27292.65157,45597.0,0.598562
NL,H49,2012,5878.6781,10080.0,0.583202
NL,H49,2013,5727.8594,10091.0,0.567621
NL,H49,2014,5582.05153,10396.0,0.536942
NL,H49,2015,5592.43738,10692.0,0.523049
NL,H49,2016,5663.37838,11048.0,0.512616
NL,H49,2017,5674.74129,11651.0,0.487060
NL,H49,2018,5926.67593,11972.0,0.495045
NL,H49,2019,5835.14697,12970.0,0.449896
NL,H49,2020,5692.7065,10942.0,0.520262
NL,H49,2021,5771.44356,12914.0,0.446914
NL,H49,2022,5715.15132,15483.0,0.369124
NL,H49,2023,5613.75405,15894.0,0.353200
NL,H50,2012,8165.02871,2073.0,3.938750
NL,H50,2013,8040.89052,2490.0,3.229273
NL,H50,2014,8284.58867,2752.0,3.010388
NL,H50,2015,8137.66888,3100.0,2.625054
NL,H50,2016,7883.37167,2791.0,2.824569
NL,H50,2017,8035.37895,2825.0,2.844382
NL,H50,2018,8390.2921,2768.0,3.031175
NL,H50,2019,8102.28916,2864.0,2.829012
NL,H50,2020,8191.16846,2901.0,2.823567
NL,H50,2021,8999.65464,3413.0,2.636875
NL,H50,2022,9703.25735,4928.0,1.969005
NL,H50,2023,10633.49203,5084.0,2.091560
NL,H51,2012,13044.95774,2369.0,5.506525
NL,H51,2013,12972.68713,2577.0,5.034027
NL,H51,2014,12908.56899,2612.0,4.942025
NL,H51,2015,13141.36231,3651.0,3.599387
NL,H51,2016,12213.63789,4078.0,2.995007
NL,H51,2017,12075.24624,4077.0,2.961797
NL,H51,2018,12072.62903,3980.0,3.033324
NL,H51,2019,13904.2368,3785.0,3.673510
NL,H51,2020,7771.38805,1678.0,4.631340
NL,H51,2021,7925.39308,1548.0,5.119763
NL,H51,2022,9469.84034,3642.0,2.600176
NL,H51,2023,10298.41654,4028.0,2.556707
NL,H52,2012,710.57492,9543.0,0.074460
NL,H52,2013,692.41799,9817.0,0.070533
NL,H52,2014,631.87373,10600.0,0.059611
NL,H52,2015,650.91979,11237.0,0.057926
NL,H52,2016,675.74392,11086.0,0.060955
NL,H52,2017,688.5998,11787.0,0.058420
NL,H52,2018,689.99868,12249.0,0.056331
NL,H52,2019,673.53186,12932.0,0.052083
NL,H52,2020,559.0632,12478.0,0.044804
NL,H52,2021,574.45877,13950.0,0.041180
NL,H52,2022,570.44967,17429.0,0.032730
NL,H52,2023,598.553,17733.0,0.033754
NL,H53,2012,132.46453,2353.0,0.056296
NL,H53,2013,134.11974,2272.0,0.059032
NL,H53,2014,130.85915,2328.0,0.056211
NL,H53,2015,137.25711,2144.0,0.064019
NL,H53,2016,141.65596,2132.0,0.066443
NL,H53,2017,143.9302,2097.0,0.068636
NL,H53,2018,151.35296,2046.0,0.073975
NL,H53,2019,152.50461,2159.0,0.070637
NL,H53,2020,144.72857,2330.0,0.062115
NL,H53,2021,153.79615,2464.0,0.062417
NL,H53,2022,147.59418,2463.0,0.059925
NL,H53,2023,148.43595,2858.0,0.051937
NL,I,2012,1200.79999,9884.0,0.121489
NL,I,2013,1261.43219,10143.0,0.124365
NL,I,2014,1046.85908,10897.0,0.096069
NL,I,2015,1132.43581,11885.0,0.095283
NL,I,2016,1128.70109,12918.0,0.087374
NL,I,2017,1122.59437,13761.0,0.081578
NL,I,2018,1088.71301,14864.0,0.073245
NL,I,2019,1070.57122,15456.0,0.069266
NL,I,2020,952.01938,8766.0,0.108604
NL,I,2021,974.10948,10087.0,0.096571
NL,I,2022,905.37465,15941.0,0.056795
NL,I,2023,868.35396,18887.0,0.045976
NL,J,2012,332.38766,27633.0,0.012029
NL,J,2013,303.2547,27602.0,0.010987
NL,J,2014,286.68558,27924.0,0.010267
NL,J,2015,304.66578,28817.0,0.010572
NL,J,2016,289.78977,30005.0,0.009658
NL,J,2017,226.34453,31006.0,0.007300
NL,J,2018,216.85521,32358.0,0.006702
NL,J,2019,203.626,34452.0,0.005910
NL,J,2020,161.73482,36960.0,0.004376
NL,J,2021,172.27921,39019.0,0.004415
NL,J,2022,155.91348,44323.0,0.003518
NL,J,2023,145.94471,47186.0,0.003093
NL,J58,2012,22.48428,2902.0,0.007748
NL,J58,2013,25.45576,2816.0,0.009040
NL,J58,2014,18.93289,2771.0,0.006833
NL,J58,2015,28.30001,2675.0,0.010579
NL,J58,2016,24.19574,2636.0,0.009179
NL,J58,2017,11.28109,2692.0,0.004191
NL,J58,2018,14.22884,2675.0,0.005319
NL,J58,2019,11.15279,2691.0,0.004144
NL,J58,2020,14.16753,2664.0,0.005318
NL,J58,2021,15.27958,2746.0,0.005564
NL,J58,2022,12.00279,2602.0,0.004613
NL,J58,2023,13.68648,2797.0,0.004893
NL,J59_J60,2012,32.31469,1755.0,0.018413
NL,J59_J60,2013,26.69812,1781.0,0.014991
NL,J59_J60,2014,24.15802,1952.0,0.012376
NL,J59_J60,2015,22.78836,2048.0,0.011127
NL,J59_J60,2016,19.41192,2181.0,0.008900
NL,J59_J60,2017,18.46461,2362.0,0.007817
NL,J59_J60,2018,18.75049,2396.0,0.007826
NL,J59_J60,2019,17.14135,2651.0,0.006466
NL,J59_J60,2020,16.654,2446.0,0.006809
NL,J59_J60,2021,16.85358,2940.0,0.005733
NL,J59_J60,2022,17.74763,3880.0,0.004574
NL,J59_J60,2023,16.2965,3551.0,0.004589
NL,J61,2012,141.9072,8663.0,0.016381
NL,J61,2013,123.73366,8188.0,0.015112
NL,J61,2014,114.24472,7971.0,0.014333
NL,J61,2015,111.37538,7619.0,0.014618
NL,J61,2016,104.46941,7267.0,0.014376
NL,J61,2017,72.24704,7484.0,0.009654
NL,J61,2018,66.21278,7549.0,0.008771
NL,J61,2019,67.70811,7940.0,0.008527
NL,J61,2020,49.30787,7827.0,0.006300
NL,J61,2021,53.47019,7873.0,0.006792
NL,J61,2022,44.43842,7907.0,0.005620
NL,J61,2023,40.01988,7990.0,0.005009
NL,J62_J63,2012,135.68148,14313.0,0.009480
NL,J62_J63,2013,127.36716,14817.0,0.008596
NL,J62_J63,2014,129.34995,15230.0,0.008493
NL,J62_J63,2015,142.20203,16475.0,0.008631
NL,J62_J63,2016,141.71271,17921.0,0.007908
NL,J62_J63,2017,124.35179,18468.0,0.006733
NL,J62_J63,2018,117.66311,19738.0,0.005961
NL,J62_J63,2019,107.62375,21170.0,0.005084
NL,J62_J63,2020,81.60541,24023.0,0.003397
NL,J62_J63,2021,86.67586,25460.0,0.003404
NL,J62_J63,2022,81.72464,29934.0,0.002730
NL,J62_J63,2023,75.94185,32848.0,0.002312
NL,K,2012,487.35318,54017.0,0.009022
NL,K,2013,475.39981,52022.0,0.009138
NL,K,2014,418.55233,55231.0,0.007578
NL,K,2015,438.13241,54915.0,0.007978
NL,K,2016,452.43102,52353.0,0.008642
NL,K,2017,473.88471,50940.0,0.009303
NL,K,2018,452.01219,50410.0,0.008967
NL,K,2019,412.77056,51649.0,0.007992
NL,K,2020,349.00668,52838.0,0.006605
NL,K,2021,369.75935,51072.0,0.007240
NL,K,2022,336.08487,51766.0,0.006492
NL,K,2023,309.1602,48271.0,0.006405
NL,K64,2012,269.47957,36116.0,0.007462
NL,K64,2013,268.23968,37020.0,0.007246
NL,K64,2014,242.75201,39430.0,0.006157
NL,K64,2015,257.74279,40352.0,0.006387
NL,K64,2016,266.48201,39556.0,0.006737
NL,K64,2017,273.87797,37314.0,0.007340
NL,K64,2018,259.99965,34942.0,0.007441
NL,K64,2019,238.04942,34870.0,0.006827
NL,K64,2020,199.15549,33658.0,0.005917
NL,K64,2021,204.89062,32008.0,0.006401
NL,K64,2022,187.56379,30738.0,0.006102
NL,K64,2023,174.92708,28086.0,0.006228
NL,K65,2012,139.80796,12677.0,0.011028
NL,K65,2013,131.70456,9618.0,0.013694
NL,K65,2014,113.47167,10093.0,0.011243
NL,K65,2015,115.28896,8235.0,0.014000
NL,K65,2016,113.626,6542.0,0.017369
NL,K65,2017,123.5223,7140.0,0.017300
NL,K65,2018,119.21716,8434.0,0.014135
NL,K65,2019,108.77127,9086.0,0.011971
NL,K65,2020,91.59235,8355.0,0.010963
NL,K65,2021,100.72492,8812.0,0.011430
NL,K65,2022,88.43129,9325.0,0.009483
NL,K65,2023,78.37394,9161.0,0.008555
NL,K66,2012,78.06564,5224.0,0.014944
NL,K66,2013,75.45557,5384.0,0.014015
NL,K66,2014,62.32865,5708.0,0.010920
NL,K66,2015,65.10066,6328.0,0.010288
NL,K66,2016,72.32301,6255.0,0.011562
NL,K66,2017,76.48445,6486.0,0.011792
NL,K66,2018,72.79538,7034.0,0.010349
NL,K66,2019,65.94987,7693.0,0.008573
NL,K66,2020,58.25883,10825.0,0.005382
NL,K66,2021,64.14381,10252.0,0.006257
NL,K66,2022,60.0898,11703.0,0.005135
NL,K66,2023,55.85918,11024.0,0.005067
NL,L,2012,390.96113,31700.0,0.012333
NL,L,2013,362.43969,33630.0,0.010777
NL,L,2014,310.07708,35816.0,0.008658
NL,L,2015,316.17045,36277.0,0.008715
NL,L,2016,314.00613,37535.0,0.008366
NL,L,2017,344.87621,41501.0,0.008310
NL,L,2018,285.01835,45337.0,0.006287
NL,L,2019,260.0559,46104.0,0.005641
NL,L,2020,234.3341,47533.0,0.004930
NL,L,2021,259.25493,50712.0,0.005112
NL,L,2022,227.0685,61450.0,0.003695
NL,L,2023,209.18218,75564.0,0.002768
NL,M,2012,714.80417,49397.0,0.014471
NL,M,2013,700.79038,49251.0,0.014229
NL,M,2014,675.55121,51591.0,0.013094
NL,M,2015,726.5628,54992.0,0.013212
NL,M,2016,735.05002,56939.0,0.012909
NL,M,2017,777.49204,59523.0,0.013062
NL,M,2018,768.03471,62456.0,0.012297
NL,M,2019,766.72745,65436.0,0.011717
NL,M,2020,662.75445,67882.0,0.009763
NL,M,2021,695.42355,74731.0,0.009306
NL,M,2022,692.20752,81277.0,0.008517
NL,M,2023,685.54845,87475.0,0.007837
NL,M69_M70,2012,358.22036,32913.0,0.010884
NL,M69_M70,2013,353.64381,32669.0,0.010825
NL,M69_M70,2014,373.42709,34928.0,0.010691
NL,M69_M70,2015,399.51405,37948.0,0.010528
NL,M69_M70,2016,401.88618,38677.0,0.010391
NL,M69_M70,2017,428.72385,40235.0,0.010655
NL,M69_M70,2018,411.41839,42099.0,0.009773
NL,M69_M70,2019,419.01754,43857.0,0.009554
NL,M69_M70,2020,344.69545,45284.0,0.007612
NL,M69_M70,2021,360.8057,49752.0,0.007252
NL,M69_M70,2022,341.26827,54403.0,0.006273
NL,M69_M70,2023,315.10329,58504.0,0.005386
NL,M71,2012,113.35956,8354.0,0.013569
NL,M71,2013,114.06789,8286.0,0.013766
NL,M71,2014,114.29404,8411.0,0.013589
NL,M71,2015,124.62769,8683.0,0.014353
NL,M71,2016,119.11612,8943.0,0.013319
NL,M71,2017,127.63697,9525.0,0.013400
NL,M71,2018,126.94669,10159.0,0.012496
NL,M71,2019,129.27,10564.0,0.012237
NL,M71,2020,112.17239,11319.0,0.009910
NL,M71,2021,113.09296,12105.0,0.009343
NL,M71,2022,103.54017,12413.0,0.008341
NL,M71,2023,103.74255,13647.0,0.007602
NL,M72,2012,67.29619,1886.0,0.035682
NL,M72,2013,71.31033,2125.0,0.033558
NL,M72,2014,52.11538,2113.0,0.024664
NL,M72,2015,56.51127,2127.0,0.026569
NL,M72,2016,54.68651,2378.0,0.022997
NL,M72,2017,63.65116,2541.0,0.025050
NL,M72,2018,65.16734,2711.0,0.024038
NL,M72,2019,56.48727,3060.0,0.018460
NL,M72,2020,51.73664,3444.0,0.015022
NL,M72,2021,57.67298,3972.0,0.014520
NL,M72,2022,52.58814,4671.0,0.011258
NL,M72,2023,53.26072,4715.0,0.011296
NL,M73,2012,94.40464,3249.0,0.029057
NL,M73,2013,88.11519,3140.0,0.028062
NL,M73,2014,72.98108,3234.0,0.022567
NL,M73,2015,78.02672,3276.0,0.023818
NL,M73,2016,87.29047,3585.0,0.024349
NL,M73,2017,87.84888,3761.0,0.023358
NL,M73,2018,91.47668,3819.0,0.023953
NL,M73,2019,86.54962,4017.0,0.021546
NL,M73,2020,78.90232,3677.0,0.021458
NL,M73,2021,84.84789,4129.0,0.020549
NL,M73,2022,104.03825,4482.0,0.023212
NL,M73,2023,111.70448,4779.0,0.023374
NL,M74_M75,2012,81.52343,2995.0,0.027220
NL,M74_M75,2013,73.65317,3031.0,0.024300
NL,M74_M75,2014,62.73362,2905.0,0.021595
NL,M74_M75,2015,67.88307,2958.0,0.022949
NL,M74_M75,2016,72.07075,3356.0,0.021475
NL,M74_M75,2017,69.63118,3461.0,0.020119
NL,M74_M75,2018,73.02562,3668.0,0.019909
NL,M74_M75,2019,75.40302,3938.0,0.019148
NL,M74_M75,2020,75.24765,4158.0,0.018097
NL,M74_M75,2021,79.00402,4773.0,0.016552
NL,M74_M75,2022,90.77269,5308.0,0.017101
NL,M74_M75,2023,101.73741,5830.0,0.017451
NL,N,2012,2378.72061,34014.0,0.069934
NL,N,2013,2453.54062,34960.0,0.070181
NL,N,2014,2320.70419,36930.0,0.062841
NL,N,2015,2379.90873,40896.0,0.058194
NL,N,2016,2575.9662,45813.0,0.056228
NL,N,2017,2595.63334,49575.0,0.052358
NL,N,2018,2677.04348,53597.0,0.049948
NL,N,2019,2767.27836,58358.0,0.047419
NL,N,2020,2240.64512,49586.0,0.045187
NL,N,2021,2307.04301,56303.0,0.040975
NL,N,2022,2449.00295,64054.0,0.038233
NL,N,2023,2488.39225,68504.0,0.036325
NL,N77,2012,426.48922,8250.0,0.051696
NL,N77,2013,497.97572,8607.0,0.057857
NL,N77,2014,492.71896,8860.0,0.055612
NL,N77,2015,492.03019,9511.0,0.051733
NL,N77,2016,490.97266,11415.0,0.043011
NL,N77,2017,493.5932,11759.0,0.041976
NL,N77,2018,509.82348,12348.0,0.041288
NL,N77,2019,517.16713,15631.0,0.033086
NL,N77,2020,415.50709,13477.0,0.030831
NL,N77,2021,514.93667,14676.0,0.035087
NL,N77,2022,501.41,14653.0,0.034219
NL,N77,2023,465.4288,14870.0,0.031300
NL,N78,2012,925.29327,14311.0,0.064656
NL,N78,2013,929.31481,14367.0,0.064684
NL,N78,2014,821.59771,15507.0,0.052982
NL,N78,2015,815.04704,17764.0,0.045882
NL,N78,2016,937.51888,19734.0,0.047508
NL,N78,2017,924.45802,21934.0,0.042147
NL,N78,2018,953.55861,24086.0,0.039590
NL,N78,2019,1007.49453,24686.0,0.040812
NL,N78,2020,829.84671,22132.0,0.037495
NL,N78,2021,922.31308,25031.0,0.036847
NL,N78,2022,932.87669,28066.0,0.033239
NL,N78,2023,924.60781,28984.0,0.031901
NL,N79,2012,304.16089,2267.0,0.134169
NL,N79,2013,291.41704,2558.0,0.113924
NL,N79,2014,285.24674,3097.0,0.092104
NL,N79,2015,330.45527,3647.0,0.090610
NL,N79,2016,378.61635,4348.0,0.087078
NL,N79,2017,415.43873,5030.0,0.082592
NL,N79,2018,408.95626,5791.0,0.070619
NL,N79,2019,451.88068,6195.0,0.072943
NL,N79,2020,383.58419,1885.0,0.203493
NL,N79,2021,243.249,3488.0,0.069739
NL,N79,2022,397.49064,7006.0,0.056736
NL,N79,2023,457.65987,8954.0,0.051112
NL,N80-N82,2012,722.77724,9186.0,0.078682
NL,N80-N82,2013,734.83305,9428.0,0.077942
NL,N80-N82,2014,721.14078,9466.0,0.076182
NL,N80-N82,2015,742.37623,9974.0,0.074431
NL,N80-N82,2016,768.8583,10316.0,0.074531
NL,N80-N82,2017,762.14339,10852.0,0.070231
NL,N80-N82,2018,804.70513,11372.0,0.070762
NL,N80-N82,2019,790.73602,11846.0,0.066751
NL,N80-N82,2020,611.70713,12092.0,0.050588
NL,N80-N82,2021,626.54426,13108.0,0.047799
NL,N80-N82,2022,617.22562,14329.0,0.043075
NL,N80-N82,2023,640.69577,15696.0,0.040819
NL,O,2012,1906.30507,47045.0,0.040521
NL,O,2013,1708.62643,47582.0,0.035909
NL,O,2014,1578.59197,47578.0,0.033179
NL,O,2015,1593.25018,47534.0,0.033518
NL,O,2016,1557.32738,48156.0,0.032339
NL,O,2017,1576.24233,49393.0,0.031912
NL,O,2018,1470.12201,51373.0,0.028617
NL,O,2019,1446.42892,53899.0,0.026836
NL,O,2020,1359.7514,56182.0,0.024203
NL,O,2021,1405.81199,58244.0,0.024137
NL,O,2022,1429.95562,63093.0,0.022664
NL,O,2023,1454.91967,67869.0,0.021437
NL,P,2012,710.74273,29876.0,0.023790
NL,P,2013,740.9199,30178.0,0.024552
NL,P,2014,573.64597,30720.0,0.018673
NL,P,2015,591.45248,31545.0,0.018749
NL,P,2016,673.59123,32616.0,0.020652
NL,P,2017,606.66939,33531.0,0.018093
NL,P,2018,631.82484,34965.0,0.018070
NL,P,2019,597.60816,36363.0,0.016435
NL,P,2020,545.89924,37458.0,0.014574
NL,P,2021,629.48917,39389.0,0.015981
NL,P,2022,528.14328,43421.0,0.012163
NL,P,2023,493.82012,47064.0,0.010493
NL,Q,2012,1831.16923,54281.0,0.033735
NL,Q,2013,1895.71553,55317.0,0.034270
NL,Q,2014,1559.90089,56509.0,0.027604
NL,Q,2015,1659.96298,56221.0,0.029526
NL,Q,2016,1671.6919,58134.0,0.028756
NL,Q,2017,1611.59225,59384.0,0.027138
NL,Q,2018,1568.01344,62089.0,0.025254
NL,Q,2019,1431.99544,65533.0,0.021852
NL,Q,2020,1292.16928,63390.0,0.020384
NL,Q,2021,1360.66732,71444.0,0.019045
NL,Q,2022,1201.70982,75266.0,0.015966
NL,Q,2023,1142.26817,82001.0,0.013930
NL,Q86,2012,801.23252,28931.0,0.027695
NL,Q86,2013,834.21424,29528.0,0.028252
NL,Q86,2014,692.92579,30085.0,0.023032
NL,Q86,2015,741.08404,30359.0,0.024411
NL,Q86,2016,741.07556,31063.0,0.023857
NL,Q86,2017,715.12487,31583.0,0.022643
NL,Q86,2018,684.82236,32772.0,0.020897
NL,Q86,2019,626.55363,33661.0,0.018614
NL,Q86,2020,563.05562,31814.0,0.017698
NL,Q86,2021,579.68795,37635.0,0.015403
NL,Q86,2022,514.47419,39008.0,0.013189
NL,Q86,2023,492.37287,42393.0,0.011614
NL,Q87_Q88,2012,1029.93671,25350.0,0.040629
NL,Q87_Q88,2013,1061.50129,25789.0,0.041161
NL,Q87_Q88,2014,866.9751,26424.0,0.032810
NL,Q87_Q88,2015,918.87894,25862.0,0.035530
NL,Q87_Q88,2016,930.61634,27071.0,0.034377
NL,Q87_Q88,2017,896.46737,27801.0,0.032246
NL,Q87_Q88,2018,883.19108,29317.0,0.030126
NL,Q87_Q88,2019,805.4418,31872.0,0.025271
NL,Q87_Q88,2020,729.11366,31576.0,0.023091
NL,Q87_Q88,2021,780.97938,33809.0,0.023100
NL,Q87_Q88,2022,687.23563,36258.0,0.018954
NL,Q87_Q88,2023,649.8953,39608.0,0.016408
NL,R,2012,575.71975,7209.0,0.079861
NL,R,2013,632.43927,7219.0,0.087608
NL,R,2014,520.47461,7502.0,0.069378
NL,R,2015,567.43562,7925.0,0.071601
NL,R,2016,549.12048,8197.0,0.066990
NL,R,2017,515.32302,8410.0,0.061275
NL,R,2018,491.81092,8676.0,0.056686
NL,R,2019,458.84011,9102.0,0.050411
NL,R,2020,420.91494,6504.0,0.064716
NL,R,2021,446.2934,6428.0,0.069430
NL,R,2022,412.63271,9371.0,0.044033
NL,R,2023,390.71181,10656.0,0.036666
NL,R90-R92,2012,276.92863,4800.0,0.057693
NL,R90-R92,2013,301.84866,4779.0,0.063161
NL,R90-R92,2014,250.27353,4966.0,0.050397
NL,R90-R92,2015,269.25994,5315.0,0.050660
NL,R90-R92,2016,265.65911,5566.0,0.047729
NL,R90-R92,2017,248.00306,5731.0,0.043274
NL,R90-R92,2018,237.69852,5932.0,0.040071
NL,R90-R92,2019,223.4929,6323.0,0.035346
NL,R90-R92,2020,201.95022,4803.0,0.042047
NL,R90-R92,2021,217.17433,4792.0,0.045320
NL,R90-R92,2022,201.54318,6566.0,0.030695
NL,R90-R92,2023,191.5811,7423.0,0.025809
NL,R93,2012,298.79113,2409.0,0.124031
NL,R93,2013,330.59061,2440.0,0.135488
NL,R93,2014,270.20107,2536.0,0.106546
NL,R93,2015,298.17568,2610.0,0.114244
NL,R93,2016,283.46136,2631.0,0.107739
NL,R93,2017,267.31996,2679.0,0.099783
NL,R93,2018,254.1124,2744.0,0.092607
NL,R93,2019,235.34721,2779.0,0.084688
NL,R93,2020,218.96472,1701.0,0.128727
NL,R93,2021,229.11907,1636.0,0.140048
NL,R93,2022,211.08953,2805.0,0.075255
NL,R93,2023,199.13071,3233.0,0.061593
NL,S,2012,556.43501,7107.0,0.078294
NL,S,2013,559.16887,7155.0,0.078151
NL,S,2014,481.76008,7283.0,0.066149
NL,S,2015,509.99181,7302.0,0.069843
NL,S,2016,499.39056,7570.0,0.065970
NL,S,2017,474.78993,7821.0,0.060707
NL,S,2018,463.97263,8230.0,0.056376
NL,S,2019,430.85126,8734.0,0.049330
NL,S,2020,368.94984,8245.0,0.044748
NL,S,2021,389.14637,8896.0,0.043744
NL,S,2022,377.08746,9612.0,0.039231
NL,S,2023,355.9449,10469.0,0.034000
NL,S94,2012,330.51791,3465.0,0.095388
NL,S94,2013,333.9539,3481.0,0.095936
NL,S94,2014,293.33684,3548.0,0.082677
NL,S94,2015,307.1805,3462.0,0.088729
NL,S94,2016,300.90985,3567.0,0.084359
NL,S94,2017,282.8831,3624.0,0.078058
NL,S94,2018,277.0326,3720.0,0.074471
NL,S94,2019,263.05057,3955.0,0.066511
NL,S94,2020,221.91425,4014.0,0.055285
NL,S94,2021,236.13679,4354.0,0.054234
NL,S94,2022,222.04659,4306.0,0.051567
NL,S94,2023,209.73432,4718.0,0.044454
NL,S95,2012,21.85144,417.0,0.052402
NL,S95,2013,25.00952,440.0,0.056840
NL,S95,2014,21.90704,427.0,0.051305
NL,S95,2015,26.20126,435.0,0.060233
NL,S95,2016,19.96576,440.0,0.045377
NL,S95,2017,19.29719,450.0,0.042883
NL,S95,2018,21.56452,477.0,0.045209
NL,S95,2019,20.57151,490.0,0.041983
NL,S95,2020,19.78214,469.0,0.042179
NL,S95,2021,16.08892,478.0,0.033659
NL,S95,2022,16.11776,514.0,0.031358
NL,S95,2023,16.82264,530.0,0.031741
NL,S96,2012,204.06566,3225.0,0.063276
NL,S96,2013,200.20545,3234.0,0.061906
NL,S96,2014,166.5162,3308.0,0.050337
NL,S96,2015,176.61005,3405.0,0.051868
NL,S96,2016,178.51496,3563.0,0.050102
NL,S96,2017,172.60964,3747.0,0.046066
NL,S96,2018,165.37551,4033.0,0.041006
NL,S96,2019,147.22918,4289.0,0.034327
NL,S96,2020,127.25344,3762.0,0.033826
NL,S96,2021,136.92066,4064.0,0.033691
NL,S96,2022,138.92312,4792.0,0.028991
NL,S96,2023,129.38793,5221.0,0.024782
NL,T,2012,0.0,512.0,0.000000
NL,T,2013,0.0,504.0,0.000000
NL,T,2014,0.0,507.0,0.000000
NL,T,2015,0.0,558.0,0.000000
NL,T,2016,0.0,620.0,0.000000
NL,T,2017,0.0,696.0,0.000000
NL,T,2018,0.0,762.0,0.000000
NL,T,2019,0.0,847.0,0.000000
NL,T,2020,0.0,952.0,0.000000
NL,T,2021,0.0,986.0,0.000000
NL,T,2022,0.0,1044.0,0.000000
NL,T,2023,0.0,1140.0,0.000000
NL,TOTAL,2012,178443.94034,593115.0,0.300859
NL,TOTAL,2013,177835.74116,598320.0,0.297225
NL,TOTAL,2014,177307.19894,609309.0,0.290997
NL,TOTAL,2015,183396.01223,627626.0,0.292206
NL,TOTAL,2016,182498.96957,644312.0,0.283246
NL,TOTAL,2017,179768.34079,671934.0,0.267539
NL,TOTAL,2018,174645.421,703557.0,0.248232
NL,TOTAL,2019,171653.01164,739508.0,0.232118
NL,TOTAL,2020,152960.06218,726149.0,0.210646
NL,TOTAL,2021,154241.73236,791730.0,0.194816
NL,TOTAL,2022,147296.78376,888174.0,0.165842
NL,TOTAL,2023,139355.70508,944801.0,0.147497
PL,A,2012,53270.12283,11574.1,4.602528
PL,A,2013,53107.65416,12589.2,4.218509
PL,A,2014,53077.74158,12143.7,4.370805
PL,A,2015,52332.91823,10741.4,4.872076
PL,A,2016,54929.28301,11220.9,4.895265
PL,A,2017,53893.5878,14003.5,3.848580
PL,A,2018,54976.09592,12173.6,4.516010
PL,A,2019,54175.06195,12762.2,4.244963
PL,A,2020,55768.87085,13659.7,4.082730
PL,A,2021,55040.43941,13091.4,4.204320
PL,A,2022,52235.20478,18568.1,2.813169
PL,A,2023,55156.7674,20793.7,2.652571
PL,A01,2012,52260.66805,9677.4,5.400280
PL,A01,2013,52104.2951,10752.6,4.845739
PL,A01,2014,52090.06392,10006.0,5.205883
PL,A01,2015,51315.41334,8740.5,5.870993
PL,A01,2016,53299.1942,9232.9,5.772747
PL,A01,2017,52690.96038,12040.4,4.376180
PL,A01,2018,54005.80848,10558.5,5.114913
PL,A01,2019,52993.96125,10976.6,4.827903
PL,A01,2020,54654.89679,11847.2,4.613318
PL,A01,2021,53837.71864,11165.1,4.821965
PL,A01,2022,51035.66946,16385.3,3.114723
PL,A01,2023,53836.12821,18227.0,2.953647
PL,A02,2012,534.23034,1837.4,0.290753
PL,A02,2013,512.70836,1778.9,0.288217
PL,A02,2014,522.22025,2077.5,0.251370
PL,A02,2015,523.16691,1921.3,0.272298
PL,A02,2016,1068.4413,1894.9,0.563851
PL,A02,2017,822.85994,1878.1,0.438134
PL,A02,2018,593.34779,1537.3,0.385967
PL,A02,2019,792.77084,1703.0,0.465514
PL,A02,2020,737.61413,1719.6,0.428945
PL,A02,2021,840.71332,1827.3,0.460085
PL,A02,2022,877.14166,2091.5,0.419384
PL,A02,2023,994.86446,2456.2,0.405042
PL,A03,2012,475.22443,59.3,8.013903
PL,A03,2013,490.6507,57.7,8.503478
PL,A03,2014,465.45742,60.2,7.731851
PL,A03,2015,494.33798,79.6,6.210276
PL,A03,2016,561.64752,93.1,6.032734
PL,A03,2017,379.76747,85.0,4.467853
PL,A03,2018,376.93964,77.9,4.838763
PL,A03,2019,388.32985,82.6,4.701330
PL,A03,2020,376.35994,93.0,4.046881
PL,A03,2021,362.00746,99.0,3.656641
PL,A03,2022,322.39366,91.3,3.531146
PL,A03,2023,325.77473,110.5,2.948188
PL,B,2012,21937.16881,8733.0,2.511985
PL,B,2013,22476.22086,7617.9,2.950448
PL,B,2014,22566.61276,6639.3,3.398945
PL,B,2015,24441.87435,6650.7,3.675083
PL,B,2016,24137.26343,6209.7,3.887026
PL,B,2017,23877.30719,7568.2,3.154952
PL,B,2018,23340.32413,7594.7,3.073238
PL,B,2019,21485.57154,7643.6,2.810923
PL,B,2020,21570.92809,6880.0,3.135309
PL,B,2021,21222.62981,8033.8,2.641668
PL,B,2022,20394.96927,11587.7,1.760053
PL,B,2023,19764.73365,11192.2,1.765938
PL,C,2012,65177.1728,64182.9,1.015491
PL,C,2013,63749.31663,60704.5,1.050158
PL,C,2014,64220.04914,69105.9,0.929299
PL,C,2015,62965.4707,76417.4,0.823968
PL,C,2016,63501.31419,78155.5,0.812500
PL,C,2017,66646.78427,79206.7,0.841429
PL,C,2018,68390.43115,83076.9,0.823218
PL,C,2019,67816.6596,89709.4,0.755959
PL,C,2020,64971.91739,86200.5,0.753730
PL,C,2021,65992.47947,100862.8,0.654280
PL,C,2022,61361.80935,116801.0,0.525353
PL,C,2023,56275.46825,131271.2,0.428696
PL,C10-C12,2012,5845.40033,9984.0,0.585477
PL,C10-C12,2013,5647.24027,9912.3,0.569720
PL,C10-C12,2014,5646.47845,12105.5,0.466439
PL,C10-C12,2015,5351.24699,13667.9,0.391519
PL,C10-C12,2016,5529.54107,13559.3,0.407804
PL,C10-C12,2017,5756.58798,13596.2,0.423397
PL,C10-C12,2018,6086.69672,14292.4,0.425869
PL,C10-C12,2019,6016.96589,15332.5,0.392432
PL,C10-C12,2020,5735.3702,13266.5,0.432320
PL,C10-C12,2021,5672.88383,14033.6,0.404236
PL,C10-C12,2022,5748.85381,15871.8,0.362206
PL,C10-C12,2023,5751.47923,20120.2,0.285856
PL,C13-C15,2012,174.0707,2344.5,0.074246
PL,C13-C15,2013,187.00948,2027.2,0.092250
PL,C13-C15,2014,216.7309,2371.7,0.091382
PL,C13-C15,2015,183.1295,2495.9,0.073372
PL,C13-C15,2016,194.05618,2672.6,0.072610
PL,C13-C15,2017,198.61104,2612.2,0.076032
PL,C13-C15,2018,193.20481,2612.0,0.073968
PL,C13-C15,2019,192.91894,2748.3,0.070196
PL,C13-C15,2020,181.14342,2637.0,0.068693
PL,C13-C15,2021,211.83008,3077.8,0.068825
PL,C13-C15,2022,180.32393,3013.4,0.059841
PL,C16,2012,564.32852,2640.1,0.213753
PL,C16,2013,564.02572,2298.5,0.245389
PL,C16,2014,481.94789,2672.6,0.180329
PL,C16,2015,467.39406,2890.0,0.161728
PL,C16,2016,466.32435,2925.6,0.159394
PL,C16,2017,524.89966,3088.6,0.169947
PL,C16,2018,520.77361,3142.6,0.165714
PL,C16,2019,493.06274,3431.9,0.143670
PL,C16,2020,461.49948,3404.7,0.135548
PL,C16,2021,506.63409,4576.8,0.110696
PL,C16,2022,452.93423,4990.3,0.090763
PL,C16,2023,394.47855,4124.8,0.095636
PL,C17,2012,2130.22948,1898.6,1.122000
PL,C17,2013,2451.6735,1680.0,1.459329
PL,C17,2014,2418.25843,2177.9,1.110362
PL,C17,2015,2484.02679,2426.3,1.023792
PL,C17,2016,2423.34998,2437.9,0.994032
PL,C17,2017,2181.80649,2467.7,0.884146
PL,C17,2018,1987.87494,2755.1,0.721526
PL,C17,2019,2233.4163,2855.3,0.782200
PL,C17,2020,2087.62808,2879.8,0.724921
PL,C17,2021,2154.78779,3460.5,0.622681
PL,C17,2022,1944.18701,3809.8,0.510312
PL,C17,2023,1654.75836,3817.9,0.433421
PL,C18,2012,36.43087,1351.1,0.026964
PL,C18,2013,44.56455,1175.9,0.037898
PL,C18,2014,46.09067,1311.1,0.035154
PL,C18,2015,43.52717,1602.7,0.027159
PL,C18,2016,47.20051,1495.2,0.031568
PL,C18,2017,48.35519,1404.5,0.034429
PL,C18,2018,47.51725,1479.8,0.032111
PL,C18,2019,50.2764,1577.2,0.031877
PL,C18,2020,46.81535,1441.1,0.032486
PL,C18,2021,46.69682,1775.4,0.026302
PL,C18,2022,35.36485,1844.0,0.019178
PL,C18,2023,35.42148,2063.2,0.017168
PL,C19,2012,13027.88959,2607.1,4.997081
PL,C19,2013,12396.13504,2236.6,5.542401
PL,C19,2014,11753.4242,1281.2,9.173762
PL,C19,2015,12825.91405,2036.0,6.299565
PL,C19,2016,12974.00527,2400.8,5.404034
PL,C19,2017,13479.2351,2346.0,5.745625
PL,C19,2018,14275.64516,2460.2,5.802636
PL,C19,2019,14431.16889,2667.3,5.410403
PL,C19,2020,14216.18627,2021.6,7.032146
PL,C19,2021,13922.39345,3511.6,3.964687
PL,C19,2022,12815.26186,8176.7,1.567290
PL,C20,2012,14682.64462,3367.3,4.360361
PL,C20,2013,14485.35175,2942.5,4.922804
PL,C20,2014,14218.56366,3278.0,4.337573
PL,C20,2015,13917.92008,3889.2,3.578607
PL,C20,2016,13381.68545,4133.4,3.237452
PL,C20,2017,14218.86415,3731.3,3.810700
PL,C20,2018,13769.87273,3715.4,3.706162
PL,C20,2019,13720.54699,4036.0,3.399541
PL,C20,2020,13862.89791,4118.6,3.365925
PL,C20,2021,14033.60875,4889.4,2.870211
PL,C20,2022,12263.28249,5461.3,2.245488
PL,C20,2023,10205.74218,5631.2,1.812357
PL,C21,2012,102.34562,1158.0,0.088381
PL,C21,2013,121.913,1183.1,0.103045
PL,C21,2014,101.41348,1330.7,0.076211
PL,C21,2015,103.2476,1367.1,0.075523
PL,C21,2016,103.98668,1297.2,0.080162
PL,C21,2017,98.93051,1193.6,0.082884
PL,C21,2018,105.7036,1921.4,0.055014
PL,C21,2019,104.57192,1438.2,0.072710
PL,C21,2020,88.40467,1530.3,0.057770
PL,C21,2021,86.75788,1764.0,0.049182
PL,C21,2022,127.55292,1705.9,0.074772
PL,C21,2023,90.55673,2152.8,0.042065
PL,C22,2012,665.10367,4687.3,0.141895
PL,C22,2013,759.46477,4680.6,0.162258
PL,C22,2014,745.30555,5141.4,0.144962
PL,C22,2015,756.03111,5527.1,0.136786
PL,C22,2016,822.85331,5980.7,0.137585
PL,C22,2017,839.25779,6062.7,0.138430
PL,C22,2018,819.62912,6375.2,0.128565
PL,C22,2019,837.67617,7007.6,0.119538
PL,C22,2020,798.63089,7618.7,0.104825
PL,C22,2021,861.84455,8525.6,0.101089
PL,C22,2022,791.802,9141.9,0.086612
PL,C22,2023,699.23598,10616.0,0.065866
PL,C23,2012,15888.74625,3574.9,4.444529
PL,C23,2013,14889.92947,3368.9,4.419819
PL,C23,2014,15879.37827,3881.7,4.090831
PL,C23,2015,15675.24672,4349.1,3.604251
PL,C23,2016,16728.07217,4256.7,3.929822
PL,C23,2017,17844.2172,4397.5,4.057809
PL,C23,2018,19100.40853,4795.5,3.982986
PL,C23,2019,19343.64774,5025.4,3.849176
PL,C23,2020,18711.0438,4940.6,3.787201
PL,C23,2021,18848.77268,5645.3,3.338843
PL,C23,2022,18582.37315,6109.3,3.041653
PL,C23,2023,16331.33828,6244.8,2.615190
PL,C24,2012,10433.02692,1715.8,6.080561
PL,C24,2013,10566.20756,1668.9,6.331241
PL,C24,2014,11070.49255,2039.8,5.427244
PL,C24,2015,9484.81767,2219.8,4.272825
PL,C24,2016,9230.44221,2309.3,3.997074
PL,C24,2017,9837.9416,2234.9,4.401961
PL,C24,2018,9757.69115,2322.4,4.201555
PL,C24,2019,8761.57101,2186.1,4.007855
PL,C24,2020,7248.41662,1856.2,3.904976
PL,C24,2021,7995.1548,3272.4,2.443208
PL,C24,2022,6776.0734,3505.7,1.932873
PL,C24,2023,6213.28118,2456.6,2.529220
PL,C25,2012,484.49289,7185.9,0.067423
PL,C25,2013,507.22769,6281.1,0.080755
PL,C25,2014,503.36598,7711.7,0.065273
PL,C25,2015,508.81542,8750.0,0.058150
PL,C25,2016,525.29987,9294.6,0.056517
PL,C25,2017,523.66827,9266.4,0.056513
PL,C25,2018,505.06338,9700.8,0.052064
PL,C25,2019,496.67653,11012.2,0.045102
PL,C25,2020,495.33947,11046.1,0.044843
PL,C25,2021,553.7894,12966.8,0.042708
PL,C25,2022,536.87426,14887.0,0.036063
PL,C25,2023,515.4254,15407.5,0.033453
PL,C26,2012,38.97049,1694.3,0.023001
PL,C26,2013,41.97194,1512.3,0.027754
PL,C26,2014,42.16205,1643.5,0.025654
PL,C26,2015,111.20892,1584.1,0.070203
PL,C26,2016,36.67944,1674.0,0.021911
PL,C26,2017,48.24056,1681.7,0.028686
PL,C26,2018,35.13547,2010.3,0.017478
PL,C26,2019,33.87266,2139.8,0.015830
PL,C26,2020,26.51671,2226.4,0.011910
PL,C26,2021,35.80261,2546.4,0.014060
PL,C26,2022,34.44046,2951.7,0.011668
PL,C26,2023,36.81721,2261.6,0.016279
PL,C27,2012,241.83219,2563.6,0.094333
PL,C27,2013,205.39609,2348.1,0.087473
PL,C27,2014,240.57044,2721.8,0.088387
PL,C27,2015,241.08154,3151.9,0.076488
PL,C27,2016,158.42137,2880.7,0.054994
PL,C27,2017,164.6443,2824.5,0.058291
PL,C27,2018,173.21819,3188.8,0.054321
PL,C27,2019,168.22793,3089.2,0.054457
PL,C27,2020,157.37772,4278.9,0.036780
PL,C27,2021,185.63902,5241.6,0.035416
PL,C27,2022,229.70547,6917.9,0.033205
PL,C27,2023,220.1756,7231.4,0.030447
PL,C28,2012,221.5565,3366.1,0.065820
PL,C28,2013,229.13147,2930.6,0.078186
PL,C28,2014,200.93036,3202.0,0.062752
PL,C28,2015,194.19168,3493.2,0.055591
PL,C28,2016,223.17288,3348.0,0.066659
PL,C28,2017,231.11699,3731.3,0.061940
PL,C28,2018,261.49314,3996.9,0.065424
PL,C28,2019,219.57326,4495.3,0.048845
PL,C28,2020,201.96307,4166.6,0.048472
PL,C28,2021,231.26796,4799.6,0.048185
PL,C28,2022,216.00783,5227.2,0.041324
PL,C28,2023,210.80577,6068.5,0.034738
PL,C29,2012,316.95819,4943.0,0.064123
PL,C29,2013,307.91048,6027.4,0.051085
PL,C29,2014,294.04788,6162.1,0.047719
PL,C29,2015,304.5842,5933.2,0.051336
PL,C29,2016,347.48901,6806.2,0.051055
PL,C29,2017,338.56773,7412.0,0.045678
PL,C29,2018,318.23486,6457.4,0.049282
PL,C29,2019,340.72935,8102.7,0.042051
PL,C29,2020,307.35385,6754.0,0.045507
PL,C29,2021,316.5563,7571.2,0.041811
PL,C29,2022,300.82467,8227.5,0.036563
PL,C29,2023,368.0149,9238.4,0.039835
PL,C30,2012,128.70869,1392.5,0.092430
PL,C30,2013,148.6184,1494.7,0.099430
PL,C30,2014,134.76352,1806.0,0.074620
PL,C30,2015,125.87513,1584.6,0.079437
PL,C30,2016,114.41831,1509.7,0.075789
PL,C30,2017,116.95876,1726.1,0.067759
PL,C30,2018,235.24208,1791.4,0.131317
PL,C30,2019,181.51956,1988.6,0.091280
PL,C30,2020,174.0518,1495.2,0.116407
PL,C30,2021,118.07426,1864.3,0.063334
PL,C30,2022,106.88765,1984.2,0.053869
PL,C30,2023,103.95592,2184.5,0.047588
PL,C31_C32,2012,163.85653,3877.5,0.042258
PL,C31_C32,2013,165.01203,3457.1,0.047731
PL,C31_C32,2014,195.27332,4382.8,0.044554
PL,C31_C32,2015,154.12444,4690.1,0.032862
PL,C31_C32,2016,160.16139,4948.2,0.032368
PL,C31_C32,2017,164.14862,4800.6,0.034193
PL,C31_C32,2018,167.67665,5243.9,0.031976
PL,C31_C32,2019,165.86696,5669.2,0.029258
PL,C31_C32,2020,149.84731,5601.2,0.026753
PL,C31_C32,2021,166.66008,6161.6,0.027048
PL,C31_C32,2022,163.28354,6906.8,0.023641
PL,C31_C32,2023,190.00221,7658.3,0.024810
PL,C33,2012,30.58073,3831.3,0.007982
PL,C33,2013,30.53342,3478.7,0.008777
PL,C33,2014,30.85155,3884.5,0.007942
PL,C33,2015,33.08762,4759.0,0.006953
PL,C33,2016,34.15474,4225.3,0.008083
PL,C33,2017,30.73231,4629.1,0.006639
PL,C33,2018,29.34974,4815.4,0.006095
PL,C33,2019,24.37037,4906.7,0.004967
PL,C33,2020,21.43079,4917.2,0.004358
PL,C33,2021,43.32513,5179.0,0.008366
PL,C33,2022,55.77582,6068.6,0.009191
PL,C33,2023,54.27229,6703.7,0.008096
PL,D,2012,156747.69592,11539.2,13.583931
PL,D,2013,158518.37284,12153.7,13.042808
PL,D,2014,149786.18564,11965.7,12.517963
PL,D,2015,151586.23713,12396.5,12.228148
PL,D,2016,151536.15927,11740.0,12.907680
PL,D,2017,152854.44114,11711.5,13.051654
PL,D,2018,150441.66055,11995.3,12.541717
PL,D,2019,136719.13523,12468.6,10.965075
PL,D,2020,125610.31723,14571.9,8.620037
PL,D,2021,146687.25029,14777.0,9.926727
PL,D,2022,140918.61479,18784.1,7.502016
PL,D,2023,114429.23339,23932.0,4.781432
PL,E,2012,6810.12518,4001.5,1.701893
PL,E,2013,6457.61579,4119.6,1.567535
PL,E,2014,6176.9261,4404.8,1.402317
PL,E,2015,5914.88086,4726.9,1.251323
PL,E,2016,5793.1853,4836.1,1.197904
PL,E,2017,5945.97106,5216.8,1.139774
PL,E,2018,6124.70146,5601.1,1.093482
PL,E,2019,6052.14715,5883.7,1.028629
PL,E,2020,5711.69124,6413.0,0.890643
PL,E,2021,5594.95137,6841.5,0.817796
PL,E,2022,5489.25161,7277.3,0.754298
PL,E,2023,5454.54624,7783.6,0.700774
PL,E36,2012,3172.43533,1121.7,2.828239
PL,E36,2013,3096.39742,1178.1,2.628298
PL,E36,2014,3079.99357,1226.3,2.511615
PL,E36,2015,3019.9155,1248.5,2.418835
PL,E36,2016,3065.83209,1261.7,2.429922
PL,E36,2017,3044.0688,1347.7,2.258714
PL,E36,2018,3043.98886,1429.1,2.130004
PL,E36,2019,3060.37905,1442.2,2.122021
PL,E36,2020,3051.79917,1404.7,2.172563
PL,E36,2021,3064.20791,1270.0,2.412762
PL,E36,2022,2996.97938,1428.9,2.097403
PL,E36,2023,2959.89399,1381.1,2.143142
PL,E37-E39,2012,3637.68985,2879.8,1.263174
PL,E37-E39,2013,3361.21837,2941.5,1.142689
PL,E37-E39,2014,3096.93253,3178.5,0.974338
PL,E37-E39,2015,2894.96536,3478.4,0.832269
PL,E37-E39,2016,2727.35321,3574.4,0.763024
PL,E37-E39,2017,2901.90226,3869.2,0.750001
PL,E37-E39,2018,3080.7126,4172.0,0.738426
PL,E37-E39,2019,2991.7681,4441.5,0.673594
PL,E37-E39,2020,2659.89206,5008.3,0.531097
PL,E37-E39,2021,2530.74346,5571.5,0.454230
PL,E37-E39,2022,2492.27223,5848.4,0.426146
PL,E37-E39,2023,2494.65225,6402.5,0.389637
PL,F,2012,1002.93567,28726.1,0.034914
PL,F,2013,835.57655,27294.8,0.030613
PL,F,2014,762.93145,30233.5,0.025235
PL,F,2015,624.41902,33852.9,0.018445
PL,F,2016,652.1928,30236.5,0.021570
PL,F,2017,784.41315,31431.8,0.024956
PL,F,2018,791.76349,37179.6,0.021296
PL,F,2019,758.17022,39530.4,0.019179
PL,F,2020,788.52206,37861.4,0.020827
PL,F,2021,820.69631,35558.6,0.023080
PL,F,2022,801.71287,38647.5,0.020744
PL,F,2023,1147.95257,46816.6,0.024520
PL,G,2012,9846.95431,62349.5,0.157932
PL,G,2013,9167.8386,63390.4,0.144625
PL,G,2014,9382.23758,58770.4,0.159642
PL,G,2015,9269.78983,62652.7,0.147955
PL,G,2016,10742.89888,60567.9,0.177370
PL,G,2017,25734.70195,67837.0,0.379361
PL,G,2018,23758.22053,70755.4,0.335780
PL,G,2019,10630.76206,74570.7,0.142560
PL,G,2020,9900.55252,73436.6,0.134818
PL,G,2021,10540.18958,81039.4,0.130063
PL,G,2022,9544.77506,91441.9,0.104381
PL,G,2023,8645.2404,97097.3,0.089037
PL,G45,2012,733.18106,12784.9,0.057347
PL,G45,2013,689.97331,11333.4,0.060880
PL,G45,2014,665.81743,11098.2,0.059993
PL,G45,2015,710.13849,10860.2,0.065389
PL,G45,2016,956.84223,10817.5,0.088453
PL,G45,2017,3051.54555,11434.3,0.266876
PL,G45,2018,2588.19854,10918.0,0.237058
PL,G45,2019,989.13878,11645.1,0.084940
PL,G45,2020,931.44963,10597.6,0.087893
PL,G45,2021,969.94955,11263.5,0.086114
PL,G45,2022,901.83016,12330.7,0.073137
PL,G45,2023,842.12771,14123.3,0.059627
PL,G46,2012,5630.54289,25023.5,0.225010
PL,G46,2013,5240.10449,26001.9,0.201528
PL,G46,2014,5470.35095,20628.5,0.265184
PL,G46,2015,5403.87579,23524.5,0.229713
PL,G46,2016,6307.36753,22791.1,0.276747
PL,G46,2017,17755.77119,25754.3,0.689429
PL,G46,2018,16099.17992,27083.0,0.594439
PL,G46,2019,6049.99999,28472.9,0.212483
PL,G46,2020,6415.78479,28706.7,0.223494
PL,G46,2021,6758.69205,35877.3,0.188384
PL,G46,2022,6075.94083,39907.0,0.152253
PL,G46,2023,5420.23775,39447.8,0.137403
PL,G47,2012,3483.23036,24541.1,0.141935
PL,G47,2013,3237.7608,26055.0,0.124266
PL,G47,2014,3246.0692,27043.7,0.120031
PL,G47,2015,3155.77555,28268.0,0.111638
PL,G47,2016,3478.68913,26959.3,0.129035
PL,G47,2017,4927.38521,30648.3,0.160772
PL,G47,2018,5070.84207,32754.4,0.154814
PL,G47,2019,3591.62329,34452.7,0.104248
PL,G47,2020,2553.3181,34132.3,0.074807
PL,G47,2021,2811.54798,33898.6,0.082940
PL,G47,2022,2567.00407,39204.2,0.065478
PL,G47,2023,2382.87494,43526.2,0.054746
PL,H,2012,16409.87441,21470.8,0.764288
PL,H,2013,15620.47108,22032.9,0.708961
PL,H,2014,16192.44762,23618.0,0.685598
PL,H,2015,17173.47686,25489.1,0.673758
PL,H,2016,20052.6563,25170.3,0.796679
PL,H,2017,12282.74572,28660.3,0.428563
PL,H,2018,12759.30398,32726.7,0.389874
PL,H,2019,41583.17617,34091.4,1.219756
PL,H,2020,39529.41604,31578.2,1.251794
PL,H,2021,47416.2638,31635.4,1.498836
PL,H,2022,50039.57296,38468.0,1.300810
PL,H,2023,48656.17399,48276.3,1.007869
PL,H49,2012,9175.45962,13059.0,0.702616
PL,H49,2013,8805.48743,13735.3,0.641084
PL,H49,2014,9079.26144,14570.2,0.623139
PL,H49,2015,9660.444,16107.6,0.599744
PL,H49,2016,16388.0728,16295.2,1.005699
PL,H49,2017,10206.30032,18497.1,0.551778
PL,H49,2018,10214.66955,20847.6,0.489969
PL,H49,2019,36488.33538,20988.5,1.738492
PL,H49,2020,35867.46027,19996.6,1.793678
PL,H49,2021,42356.4268,18639.7,2.272377
PL,H49,2022,43295.97631,22516.0,1.922898
PL,H49,2023,41912.95188,29277.0,1.431600
PL,I,2012,471.981,3834.9,0.123075
PL,I,2013,434.79396,3706.7,0.117299
PL,I,2014,406.79739,4692.5,0.086691
PL,I,2015,418.61616,4831.9,0.086636
PL,I,2016,453.56642,4714.0,0.096217
PL,I,2017,611.44328,6065.8,0.100802
PL,I,2018,646.06958,6194.8,0.104292
PL,I,2019,372.32323,7016.5,0.053064
PL,I,2020,349.55398,5251.2,0.066566
PL,I,2021,368.46509,6748.7,0.054598
PL,I,2022,329.2246,9468.4,0.034771
PL,I,2023,292.68544,11211.6,0.026106
PL,J,2012,1373.49191,12231.7,0.112290
PL,J,2013,1293.72017,12360.7,0.104664
PL,J,2014,1318.1131,13400.3,0.098364
PL,J,2015,1433.03544,14677.9,0.097632
PL,J,2016,2076.82384,14783.9,0.140479
PL,J,2017,3293.94607,16327.7,0.201740
PL,J,2018,3247.19539,17768.4,0.182751
PL,J,2019,1186.5165,19385.9,0.061205
PL,J,2020,948.74491,20720.9,0.045787
PL,J,2021,993.83602,25135.4,0.039539
PL,J,2022,1069.70991,29587.1,0.036155
PL,J,2023,1083.66584,33532.4,0.032317
PL,J58,2012,172.20612,1539.2,0.111880
PL,J58,2013,156.48176,1384.2,0.113049
PL,J58,2014,156.04059,1327.3,0.117562
PL,J58,2015,162.68952,1276.5,0.127450
PL,J58,2016,226.26583,1277.0,0.177185
PL,J58,2017,238.63257,1464.2,0.162978
PL,J58,2018,189.39117,1520.8,0.124534
PL,J58,2019,91.53183,1572.3,0.058215
PL,J58,2020,65.28613,1690.7,0.038615
PL,J58,2021,66.58939,1941.0,0.034307
PL,J58,2022,58.01191,1974.6,0.029379
PL,J58,2023,51.70083,2246.1,0.023018
PL,J59_J60,2012,276.82309,1626.6,0.170185
PL,J59_J60,2013,258.20756,1816.6,0.142138
PL,J59_J60,2014,266.15311,1885.9,0.141128
PL,J59_J60,2015,289.17194,2119.7,0.136421
PL,J59_J60,2016,374.84771,2077.8,0.180406
PL,J59_J60,2017,555.14387,1916.1,0.289726
PL,J59_J60,2018,383.39497,2039.7,0.187966
PL,J59_J60,2019,122.84253,2080.5,0.059045
PL,J59_J60,2020,104.84918,1712.8,0.061215
PL,J59_J60,2021,122.83803,2730.4,0.044989
PL,J59_J60,2022,257.01691,2821.3,0.091099
PL,J59_J60,2023,333.3949,2869.4,0.116190
PL,J61,2012,432.02239,4371.2,0.098834
PL,J61,2013,440.58289,3999.5,0.110159
PL,J61,2014,445.41375,4258.3,0.104599
PL,J61,2015,480.6993,4285.3,0.112174
PL,J61,2016,673.46909,4132.7,0.162961
PL,J61,2017,1296.64449,4777.5,0.271406
PL,J61,2018,1067.83447,4630.1,0.230629
PL,J61,2019,376.47597,4977.0,0.075643
PL,J61,2020,324.63327,4928.4,0.065870
PL,J61,2021,314.935,5378.1,0.058559
PL,J61,2022,269.43067,5751.9,0.046842
PL,J61,2023,245.91773,6107.4,0.040266
PL,J62_J63,2012,492.44031,4694.7,0.104893
PL,J62_J63,2013,438.44796,5160.5,0.084962
PL,J62_J63,2014,450.50565,5928.8,0.075986
PL,J62_J63,2015,500.47469,6996.5,0.071532
PL,J62_J63,2016,802.24121,7296.3,0.109952
PL,J62_J63,2017,1203.52513,8169.8,0.147314
PL,J62_J63,2018,1606.57478,9577.8,0.167739
PL,J62_J63,2019,595.66617,10756.2,0.055379
PL,J62_J63,2020,453.97634,12388.9,0.036644
PL,J62_J63,2021,489.4736,15085.9,0.032446
PL,J62_J63,2022,485.25042,19039.3,0.025487
PL,J62_J63,2023,452.65237,22309.3,0.020290
PL,K,2012,711.99989,13480.5,0.052817
PL,K,2013,653.3835,14230.1,0.045916
PL,K,2014,615.79126,15792.1,0.038994
PL,K,2015,628.44002,15194.9,0.041359
PL,K,2016,959.65119,15256.7,0.062900
PL,K,2017,2177.13542,17546.4,0.124079
PL,K,2018,2281.97821,19172.4,0.119024
PL,K,2019,1016.73328,20170.6,0.050407
PL,K,2020,843.08815,19547.4,0.043130
PL,K,2021,860.36769,19332.3,0.044504
PL,K,2022,727.85359,30879.6,0.023571
PL,K,2023,626.63137,34725.7,0.018045
PL,K64,2012,490.73334,10084.4,0.048663
PL,K64,2013,449.16945,10498.4,0.042785
PL,K64,2014,423.91673,11636.1,0.036431
PL,K64,2015,425.57936,11179.7,0.038067
PL,K64,2016,691.13275,10988.5,0.062896
PL,K64,2017,1727.49538,13219.4,0.130679
PL,K64,2018,1656.38317,13682.7,0.121057
PL,K64,2019,770.20342,14963.7,0.051471
PL,K64,2020,628.73462,14551.0,0.043209
PL,K64,2021,621.69854,14760.6,0.042119
PL,K64,2022,518.02197,25543.0,0.020280
PL,K64,2023,442.27617,30993.8,0.014270
PL,K65,2012,79.0246,2026.4,0.038998
PL,K65,2013,72.86566,2494.6,0.029209
PL,K65,2014,67.39402,2257.0,0.029860
PL,K65,2015,69.47281,2057.8,0.033761
PL,K65,2016,69.41757,2107.4,0.032940
PL,K65,2017,26.57857,2079.6,0.012781
PL,K65,2018,25.43591,2872.5,0.008855
PL,K65,2019,23.4371,2524.9,0.009282
PL,K65,2020,21.9444,2431.5,0.009025
PL,K65,2021,26.39913,1774.3,0.014879
PL,K65,2022,20.77204,2624.4,0.007915
PL,K65,2023,18.76473,1203.7,0.015589
PL,K66,2012,142.24195,1369.8,0.103841
PL,K66,2013,131.34839,1237.2,0.106166
PL,K66,2014,124.48051,1899.0,0.065551
PL,K66,2015,133.38785,1957.4,0.068145
PL,K66,2016,199.10086,2160.8,0.092142
PL,K66,2017,423.06147,2247.4,0.188245
PL,K66,2018,600.15913,2617.2,0.229313
PL,K66,2019,223.09276,2682.0,0.083181
PL,K66,2020,192.40914,2564.9,0.075016
PL,K66,2021,212.27002,2797.5,0.075878
PL,K66,2022,189.05958,2712.3,0.069705
PL,K66,2023,165.59047,2528.2,0.065497
PL,L,2012,686.68694,20233.0,0.033939
PL,L,2013,642.53833,20061.9,0.032028
PL,L,2014,632.91908,21211.0,0.029839
PL,L,2015,669.63714,21841.3,0.030659
PL,L,2016,791.87529,22619.2,0.035009
PL,L,2017,1525.55564,23804.1,0.064088
PL,L,2018,1310.56357,25039.1,0.052341
PL,L,2019,465.5291,30685.3,0.015171
PL,L,2020,442.43564,30977.0,0.014283
PL,L,2021,521.96875,32032.6,0.016295
PL,L,2022,367.36035,35187.3,0.010440
PL,L,2023,482.59094,39695.5,0.012157
PL,L68A,2012,2.17912,11874.0,0.000184
PL,L68A,2013,1.89469,12160.6,0.000156
PL,L68A,2014,1.95012,12464.0,0.000156
PL,L68A,2015,2.12527,12521.9,0.000170
PL,L68A,2016,2.53907,12193.3,0.000208
PL,L68A,2017,2.94713,12658.2,0.000233
PL,L68A,2018,2.97348,13102.7,0.000227
PL,L68A,2019,3.01809,13419.1,0.000225
PL,L68A,2020,2.90213,13371.8,0.000217
PL,L68A,2021,3.1719,13800.1,0.000230
PL,L68A,2022,2.27818,14625.0,0.000156
PL,L68A,2023,2.43328,17923.2,0.000136
PL,M,2012,3724.37567,16695.6,0.223075
PL,M,2013,3495.7478,18267.3,0.191366
PL,M,2014,3537.19722,19452.5,0.181838
PL,M,2015,3809.28788,21954.8,0.173506
PL,M,2016,4209.69701,20600.2,0.204352
PL,M,2017,3222.62379,23883.7,0.134930
PL,M,2018,3429.24727,26223.6,0.130770
PL,M,2019,1260.2408,27117.2,0.046474
PL,M,2020,1176.32437,27153.0,0.043322
PL,M,2021,1340.13662,28697.8,0.046698
PL,M,2022,1202.96791,30885.2,0.038950
PL,M,2023,1091.00646,38394.1,0.028416
PL,M69_M70,2012,1672.21953,6156.7,0.271610
PL,M69_M70,2013,1592.20866,7834.2,0.203238
PL,M69_M70,2014,1617.38309,8838.0,0.183003
PL,M69_M70,2015,1735.45805,9909.7,0.175127
PL,M69_M70,2016,1881.09022,9400.4,0.200107
PL,M69_M70,2017,821.89418,11459.7,0.071720
PL,M69_M70,2018,837.09407,13023.1,0.064278
PL,M69_M70,2019,442.5072,13009.4,0.034014
PL,M69_M70,2020,405.74063,13534.5,0.029978
PL,M69_M70,2021,489.60645,14597.6,0.033540
PL,M69_M70,2022,435.84694,15685.8,0.027786
PL,M69_M70,2023,380.49008,19466.8,0.019546
PL,M71,2012,855.08914,3658.6,0.233720
PL,M71,2013,791.641,3685.3,0.214810
PL,M71,2014,798.70295,4024.8,0.198445
PL,M71,2015,856.23266,4521.2,0.189382
PL,M71,2016,956.44149,3924.2,0.243729
PL,M71,2017,877.16315,4074.2,0.215297
PL,M71,2018,813.45329,4743.2,0.171499
PL,M71,2019,273.79265,5281.6,0.051839
PL,M71,2020,290.99242,5498.1,0.052926
PL,M71,2021,319.15499,5026.7,0.063492
PL,M71,2022,272.0415,5234.8,0.051968
PL,M71,2023,271.7385,6806.0,0.039926
PL,M72,2012,325.94238,1836.2,0.177509
PL,M72,2013,305.11935,1655.5,0.184306
PL,M72,2014,303.00731,1987.2,0.152480
PL,M72,2015,324.83108,2041.1,0.159145
PL,M72,2016,372.57651,2008.4,0.185509
PL,M72,2017,481.30075,2248.8,0.214026
PL,M72,2018,476.32936,2347.3,0.202926
PL,M72,2019,177.93769,2402.5,0.074064
PL,M72,2020,155.9362,2486.8,0.062706
PL,M72,2021,173.31873,2643.7,0.065559
PL,M72,2022,147.02057,2994.0,0.049105
PL,M72,2023,141.05571,3575.5,0.039451
PL,M73,2012,489.49047,3582.3,0.136641
PL,M73,2013,454.58978,3249.8,0.139882
PL,M73,2014,460.15832,2983.1,0.154255
PL,M73,2015,501.40147,3558.7,0.140895
PL,M73,2016,584.53219,3265.5,0.179002
PL,M73,2017,948.51515,3846.8,0.246573
PL,M73,2018,1189.09737,3606.7,0.329691
PL,M73,2019,291.80813,3581.3,0.081481
PL,M73,2020,239.19408,3138.0,0.076225
PL,M73,2021,261.99174,3526.7,0.074288
PL,M73,2022,271.38112,3930.1,0.069052
PL,M73,2023,226.14128,4641.3,0.048724
PL,M74_M75,2012,381.63416,1461.8,0.261071
PL,M74_M75,2013,352.18901,1842.5,0.191147
PL,M74_M75,2014,357.94554,1619.4,0.221036
PL,M74_M75,2015,391.36462,1924.2,0.203391
PL,M74_M75,2016,415.05658,2001.7,0.207352
PL,M74_M75,2017,93.75056,2254.2,0.041589
PL,M74_M75,2018,113.27318,2503.3,0.045250
PL,M74_M75,2019,74.19511,2842.5,0.026102
PL,M74_M75,2020,84.46105,2495.6,0.033844
PL,M74_M75,2021,96.06471,2903.0,0.033092
PL,M74_M75,2022,76.67778,3040.5,0.025219
PL,M74_M75,2023,71.5809,3904.4,0.018333
PL,N,2012,850.80513,8030.4,0.105948
PL,N,2013,805.91581,8144.4,0.098953
PL,N,2014,776.29685,8697.5,0.089255
PL,N,2015,831.68162,9582.0,0.086796
PL,N,2016,1437.63946,9917.7,0.144957
PL,N,2017,3731.11417,11917.3,0.313084
PL,N,2018,6140.89592,12876.9,0.476892
PL,N,2019,1788.78769,15071.0,0.118691
PL,N,2020,1790.17296,14590.6,0.122694
PL,N,2021,1818.43231,15888.5,0.114450
PL,N,2022,1525.28357,16827.4,0.090643
PL,N,2023,1379.20293,20624.4,0.066872
PL,N77,2012,166.58602,1625.9,0.102458
PL,N77,2013,153.67334,1794.9,0.085617
PL,N77,2014,157.54727,1599.8,0.098479
PL,N77,2015,171.73803,1766.4,0.097225
PL,N77,2016,450.49115,1807.8,0.249193
PL,N77,2017,647.59389,1968.3,0.329012
PL,N77,2018,1797.79968,2607.8,0.689393
PL,N77,2019,601.70097,3056.8,0.196840
PL,N77,2020,708.64568,3021.4,0.234542
PL,N77,2021,583.86781,3262.9,0.178941
PL,N77,2022,433.25624,3752.4,0.115461
PL,N77,2023,433.38762,4254.1,0.101875
PL,N78,2012,171.31636,1099.0,0.155884
PL,N78,2013,177.65851,1622.2,0.109517
PL,N78,2014,187.7502,1997.2,0.094007
PL,N78,2015,207.86442,2253.1,0.092257
PL,N78,2016,283.75594,2563.3,0.110699
PL,N78,2017,595.75639,3066.5,0.194279
PL,N78,2018,394.71853,3087.4,0.127848
PL,N78,2019,210.81136,3510.3,0.060055
PL,N78,2020,209.46978,3413.9,0.061358
PL,N78,2021,235.40631,3917.5,0.060091
PL,N78,2022,237.40056,3906.4,0.060772
PL,N78,2023,190.39839,5603.5,0.033978
PL,N79,2012,52.06408,578.5,0.089998
PL,N79,2013,44.57785,501.3,0.088924
PL,N79,2014,44.0138,415.4,0.105955
PL,N79,2015,46.80844,560.9,0.083452
PL,N79,2016,57.60804,452.6,0.127282
PL,N79,2017,86.76944,736.2,0.117861
PL,N79,2018,87.02594,731.0,0.119051
PL,N79,2019,44.62846,858.9,0.051960
PL,N79,2020,32.72353,331.3,0.098773
PL,N79,2021,38.16831,517.4,0.073769
PL,N79,2022,34.60509,494.0,0.070051
PL,N79,2023,34.69496,247.2,0.140352
PL,N80-N82,2012,460.83867,4727.0,0.097491
PL,N80-N82,2013,430.00611,4226.1,0.101750
PL,N80-N82,2014,386.98558,4685.1,0.082599
PL,N80-N82,2015,405.27073,5001.6,0.081028
PL,N80-N82,2016,645.78433,5094.0,0.126774
PL,N80-N82,2017,2400.99445,6146.3,0.390641
PL,N80-N82,2018,3861.35178,6450.8,0.598585
PL,N80-N82,2019,931.6469,7645.0,0.121864
PL,N80-N82,2020,839.33397,7824.0,0.107277
PL,N80-N82,2021,960.98987,8190.7,0.117327
PL,N80-N82,2022,820.02167,8674.6,0.094531
PL,N80-N82,2023,720.72196,10519.6,0.068512
PL,O,2012,2065.53743,19769.6,0.104480
PL,O,2013,1911.87731,20349.7,0.093951
PL,O,2014,1816.66551,20779.8,0.087425
PL,O,2015,1882.36275,21338.9,0.088213
PL,O,2016,2660.12637,21288.0,0.124959
PL,O,2017,4686.92628,22897.8,0.204689
PL,O,2018,3965.72917,23855.4,0.166240
PL,O,2019,1916.7137,25819.5,0.074235
PL,O,2020,1797.19044,26901.6,0.066806
PL,O,2021,2051.63539,27940.9,0.073428
PL,O,2022,1817.06865,30834.8,0.058929
PL,O,2023,1638.21649,36762.7,0.044562
PL,P,2012,1449.9148,16622.9,0.087224
PL,P,2013,1347.40739,16912.4,0.079670
PL,P,2014,1219.18065,17543.4,0.069495
PL,P,2015,1231.68654,18112.4,0.068002
PL,P,2016,1331.61503,17493.6,0.076120
PL,P,2017,1281.99554,18664.1,0.068688
PL,P,2018,1194.05604,20111.0,0.059373
PL,P,2019,1002.86998,21884.8,0.045825
PL,P,2020,928.39527,22806.9,0.040707
PL,P,2021,1165.38978,24094.9,0.048367
PL,P,2022,906.206,25632.6,0.035354
PL,P,2023,823.41087,29713.8,0.027711
PL,Q,2012,1485.19854,13380.6,0.110996
PL,Q,2013,1393.98692,15353.2,0.090795
PL,Q,2014,1308.93152,16825.5,0.077795
PL,Q,2015,1344.94487,16246.0,0.082786
PL,Q,2016,1392.21175,16082.0,0.086570
PL,Q,2017,3243.45136,17775.0,0.182473
PL,Q,2018,2992.42677,21220.9,0.141013
PL,Q,2019,1307.23703,21704.7,0.060228
PL,Q,2020,1324.6026,22083.1,0.059983
PL,Q,2021,1724.22256,28093.2,0.061375
PL,Q,2022,1473.90703,29454.3,0.050040
PL,Q,2023,1317.85497,34985.2,0.037669
PL,Q86,2012,1160.08094,11338.2,0.102316
PL,Q86,2013,1091.53184,13216.0,0.082592
PL,Q86,2014,1023.74984,14476.7,0.070717
PL,Q86,2015,1048.00432,13818.0,0.075843
PL,Q86,2016,1091.79435,13651.7,0.079975
PL,Q86,2017,3036.0612,15021.8,0.202110
PL,Q86,2018,2791.83212,18088.5,0.154343
PL,Q86,2019,1140.88281,18226.2,0.062596
PL,Q86,2020,1168.13022,18427.0,0.063392
PL,Q86,2021,1533.10504,24115.3,0.063574
PL,Q86,2022,1309.75454,25115.8,0.052149
PL,Q86,2023,1172.21963,29942.3,0.039149
PL,Q87_Q88,2012,325.11759,2042.4,0.159184
PL,Q87_Q88,2013,302.45509,2137.2,0.141519
PL,Q87_Q88,2014,285.18168,2348.8,0.121416
PL,Q87_Q88,2015,296.94055,2428.0,0.122298
PL,Q87_Q88,2016,300.4174,2430.3,0.123613
PL,Q87_Q88,2017,207.39016,2753.1,0.075330
PL,Q87_Q88,2018,200.59465,3132.5,0.064037
PL,Q87_Q88,2019,166.35422,3478.5,0.047824
PL,Q87_Q88,2020,156.47238,3656.1,0.042798
PL,Q87_Q88,2021,191.11753,3977.9,0.048045
PL,Q87_Q88,2022,164.15249,4338.6,0.037835
PL,Q87_Q88,2023,145.63533,5042.9,0.028879
PL,R,2012,956.92817,2742.1,0.348976
PL,R,2013,884.25905,2681.4,0.329775
PL,R,2014,901.32773,2738.1,0.329180
PL,R,2015,970.99788,2993.5,0.324369
PL,R,2016,1175.7948,3127.1,0.376002
PL,R,2017,576.16857,3165.4,0.182021
PL,R,2018,536.86636,3662.1,0.146601
PL,R,2019,260.5213,3685.8,0.070682
PL,R,2020,241.73929,3731.5,0.064783
PL,R,2021,301.11485,3891.4,0.077380
PL,R,2022,268.64098,4413.1,0.060874
PL,R,2023,276.4424,5671.7,0.048741
PL,R90-R92,2012,546.92231,1819.7,0.300556
PL,R90-R92,2013,497.1402,1800.8,0.276066
PL,R90-R92,2014,506.00973,1827.8,0.276841
PL,R90-R92,2015,543.37658,1982.5,0.274087
PL,R90-R92,2016,658.41197,2018.0,0.326270
PL,R90-R92,2017,392.54758,1976.3,0.198628
PL,R90-R92,2018,362.94842,2219.9,0.163498
PL,R90-R92,2019,164.98654,2232.6,0.073899
PL,R90-R92,2020,156.94763,2395.7,0.065512
PL,R90-R92,2021,180.44932,2469.8,0.073062
PL,R90-R92,2022,166.73041,2792.7,0.059702
PL,R90-R92,2023,157.88563,3269.7,0.048287
PL,R93,2012,410.00586,922.4,0.444499
PL,R93,2013,387.11885,880.5,0.439658
PL,R93,2014,395.318,910.3,0.434272
PL,R93,2015,427.62129,1011.0,0.422969
PL,R93,2016,517.38283,1109.0,0.466531
PL,R93,2017,183.62099,1189.1,0.154420
PL,R93,2018,173.91794,1442.2,0.120592
PL,R93,2019,95.53476,1453.1,0.065745
PL,R93,2020,84.79166,1335.8,0.063476
PL,R93,2021,120.66553,1421.6,0.084880
PL,R93,2022,101.91057,1620.3,0.062896
PL,R93,2023,118.55676,2402.0,0.049358
PL,S,2012,1170.91786,3619.4,0.323512
PL,S,2013,1139.44779,3844.0,0.296422
PL,S,2014,1140.92667,4099.4,0.278316
PL,S,2015,1226.82235,4191.8,0.292672
PL,S,2016,1448.78671,3804.1,0.380849
PL,S,2017,941.18115,4408.7,0.213483
PL,S,2018,889.35789,4686.1,0.189786
PL,S,2019,444.35767,4677.0,0.095009
PL,S,2020,403.48385,4798.3,0.084089
PL,S,2021,468.96302,4528.4,0.103560
PL,S,2022,454.11638,5495.0,0.082642
PL,S,2023,430.92578,6868.6,0.062739
PL,S94,2012,448.27098,707.8,0.633330
PL,S94,2013,461.40491,734.0,0.628617
PL,S94,2014,459.02739,775.8,0.591683
PL,S94,2015,489.74107,850.1,0.576098
PL,S94,2016,575.2092,768.9,0.748094
PL,S94,2017,128.57752,774.7,0.165971
PL,S94,2018,123.78679,965.2,0.128250
PL,S94,2019,113.98896,974.3,0.116996
PL,S94,2020,104.56464,1005.6,0.103982
PL,S94,2021,132.27847,1044.2,0.126679
PL,S94,2022,107.83554,1134.0,0.095093
PL,S94,2023,109.34943,1597.5,0.068450
PL,S95,2012,153.59814,740.3,0.207481
PL,S95,2013,145.68526,891.2,0.163471
PL,S95,2014,147.22726,704.5,0.208981
PL,S95,2015,155.17954,1210.8,0.128163
PL,S95,2016,185.47381,642.4,0.288720
PL,S95,2017,245.34736,1186.3,0.206817
PL,S95,2018,233.5711,1178.7,0.198160
PL,S95,2019,89.95077,1247.4,0.072111
PL,S95,2020,88.94778,1166.3,0.076265
PL,S95,2021,82.49234,514.5,0.160335
PL,S95,2022,97.11393,775.9,0.125163
PL,S95,2023,91.32494,878.5,0.103956
PL,S96,2012,569.04874,2171.2,0.262090
PL,S96,2013,532.35762,2218.7,0.239941
PL,S96,2014,534.67202,2619.1,0.204143
PL,S96,2015,581.90174,2130.9,0.273078
PL,S96,2016,688.1037,2392.7,0.287585
PL,S96,2017,567.25627,2447.7,0.231751
PL,S96,2018,532.00001,2542.3,0.209259
PL,S96,2019,240.41794,2455.3,0.097918
PL,S96,2020,209.97143,2626.4,0.079946
PL,S96,2021,254.19221,2969.6,0.085598
PL,S96,2022,249.16691,3585.1,0.069501
PL,S96,2023,230.25141,4392.6,0.052418
PL,T,2012,0.0,50.2,0.000000
PL,T,2013,0.0,55.5,0.000000
PL,T,2014,0.0,55.0,0.000000
PL,T,2015,0.0,55.9,0.000000
PL,T,2016,0.0,55.2,0.000000
PL,T,2017,0.0,59.0,0.000000
PL,T,2018,0.0,69.7,0.000000
PL,T,2019,0.0,77.5,0.000000
PL,T,2020,0.0,76.1,0.000000
PL,T,2021,0.0,58.3,0.000000
PL,T,2022,0.0,68.5,0.000000
PL,T,2023,0.0,73.5,0.000000
PL,TOTAL,2012,346149.88725,343268.1,1.008395
PL,TOTAL,2013,343936.14455,345870.2,0.994408
PL,TOTAL,2014,335839.27886,362168.6,0.927301
PL,TOTAL,2015,338756.57961,383948.8,0.882296
PL,TOTAL,2016,349282.74105,377878.6,0.924325
PL,TOTAL,2017,367311.49354,412150.8,0.891207
PL,TOTAL,2018,367216.88739,441983.8,0.830838
PL,TOTAL,2019,350242.51422,473955.7,0.738977
PL,TOTAL,2020,334097.94687,469239.0,0.712000
PL,TOTAL,2021,364929.43213,508282.2,0.717966
PL,TOTAL,2022,350928.24966,590308.8,0.594482
PL,TOTAL,2023,318972.74937,679422.1,0.469477
PT,A,2012,8460.0161,3236.0,2.614344
PT,A,2013,8512.0845,3485.0,2.442492
PT,A,2014,8571.4532,3423.2,2.503930
PT,A,2015,8622.4299,3543.7,2.433172
PT,A,2016,8674.0623,3582.9,2.420961
PT,A,2017,8796.4928,3839.2,2.291231
PT,A,2018,8863.5154,3932.2,2.254086
PT,A,2019,8995.5064,4289.6,2.097050
PT,A,2020,9148.3629,4303.9,2.125598
PT,A,2021,9210.6694,4680.7,1.967797
PT,A,2022,8796.4667,4648.4,1.892364
PT,A,2023,8819.3646,5778.0,1.526370
PT,A01,2012,8062.0984,2155.2,3.740766
PT,A01,2013,8097.2109,2426.4,3.337129
PT,A01,2014,8183.0113,2451.5,3.337961
PT,A01,2015,8208.953,2588.7,3.171072
PT,A01,2016,8267.7256,2590.5,3.191556
PT,A01,2017,8406.7117,2875.2,2.923870
PT,A01,2018,8481.2634,2915.3,2.909225
PT,A01,2019,8592.0063,3218.6,2.669486
PT,A01,2020,8733.4176,3155.6,2.767593
PT,A01,2021,8786.8738,3338.1,2.632298
PT,A01,2022,8424.1481,3088.9,2.727232
PT,A01,2023,8432.0914,4206.4,2.004586
PT,A02,2012,38.6061,790.0,0.048868
PT,A02,2013,43.3375,774.8,0.055934
PT,A02,2014,45.9086,696.9,0.065875
PT,A02,2015,45.7205,685.2,0.066726
PT,A02,2016,49.6966,687.0,0.072339
PT,A02,2017,50.0589,629.5,0.079522
PT,A02,2018,45.5026,674.9,0.067421
PT,A02,2019,45.1249,695.3,0.064900
PT,A02,2020,46.3622,813.8,0.056970
PT,A02,2021,54.4641,920.8,0.059149
PT,A02,2022,45.737,1080.5,0.042329
PT,A02,2023,45.7652,1142.3,0.040064
PT,A03,2012,359.3116,290.8,1.235597
PT,A03,2013,371.5361,283.8,1.309148
PT,A03,2014,342.5333,274.8,1.246482
PT,A03,2015,367.7564,269.9,1.362565
PT,A03,2016,356.6401,305.4,1.167780
PT,A03,2017,339.7222,334.4,1.015916
PT,A03,2018,336.7494,342.1,0.984360
PT,A03,2019,358.3752,375.6,0.954141
PT,A03,2020,368.5831,334.5,1.101893
PT,A03,2021,369.3315,421.8,0.875608
PT,A03,2022,326.5816,479.1,0.681656
PT,A03,2023,341.508,429.3,0.795500
PT,B,2012,281.2216,635.7,0.442381
PT,B,2013,258.7795,569.9,0.454079
PT,B,2014,262.4631,529.7,0.495494
PT,B,2015,279.0403,500.5,0.557523
PT,B,2016,266.9272,533.4,0.500426
PT,B,2017,284.3376,603.9,0.470836
PT,B,2018,294.2816,593.1,0.496175
PT,B,2019,297.7367,561.6,0.530158
PT,B,2020,290.968,524.8,0.554436
PT,B,2021,310.7312,752.7,0.412822
PT,B,2022,287.0148,678.8,0.422827
PT,B,2023,280.041,719.2,0.389378
PT,C,2012,14343.165,19171.8,0.748139
PT,C,2013,15642.4347,19739.0,0.792463
PT,C,2014,15460.7492,20507.9,0.753892
PT,C,2015,15891.2796,21978.0,0.723054
PT,C,2016,14709.025,22819.6,0.644579
PT,C,2017,15463.16,24303.6,0.636250
PT,C,2018,14753.6333,25260.1,0.584069
PT,C,2019,15194.2125,25605.3,0.593401
PT,C,2020,14731.1871,24304.9,0.606099
PT,C,2021,14236.4295,26938.2,0.528485
PT,C,2022,13554.5621,30402.6,0.445836
PT,C,2023,10968.3953,32661.2,0.335823
PT,C10-C12,2012,1154.9912,3354.5,0.344311
PT,C10-C12,2013,1114.3035,3508.5,0.317601
PT,C10-C12,2014,1096.2117,3743.7,0.292815
PT,C10-C12,2015,1108.1638,3854.2,0.287521
PT,C10-C12,2016,1102.4069,4082.9,0.270006
PT,C10-C12,2017,1111.4779,4095.9,0.271364
PT,C10-C12,2018,1075.2741,4235.0,0.253902
PT,C10-C12,2019,1087.5567,4283.5,0.253894
PT,C10-C12,2020,1064.9294,4163.9,0.255753
PT,C10-C12,2021,1072.8769,4320.2,0.248340
PT,C10-C12,2022,975.5236,4647.9,0.209885
PT,C10-C12,2023,983.2065,5505.3,0.178593
PT,C13-C15,2012,802.7879,3374.5,0.237898
PT,C13-C15,2013,757.2178,3563.5,0.212493
PT,C13-C15,2014,733.4327,3765.1,0.194798
PT,C13-C15,2015,754.9145,3940.0,0.191603
PT,C13-C15,2016,740.8358,4110.7,0.180221
PT,C13-C15,2017,752.4333,4159.1,0.180913
PT,C13-C15,2018,763.1819,4195.8,0.181892
PT,C13-C15,2019,744.7177,4047.3,0.184004
PT,C13-C15,2020,749.2139,3819.4,0.196160
PT,C13-C15,2021,815.1752,4066.8,0.200446
PT,C13-C15,2022,543.4898,4360.4,0.124642
PT,C13-C15,2023,475.1274,4423.0,0.107422
PT,C16,2012,195.6209,867.3,0.225552
PT,C16,2013,190.8307,927.4,0.205770
PT,C16,2014,196.376,1006.6,0.195088
PT,C16,2015,211.236,1114.8,0.189483
PT,C16,2016,181.6017,1121.9,0.161870
PT,C16,2017,176.33,1117.3,0.157818
PT,C16,2018,188.6957,1166.8,0.161721
PT,C16,2019,174.9024,1195.9,0.146252
PT,C16,2020,164.881,1225.0,0.134597
PT,C16,2021,186.0447,1158.8,0.160549
PT,C16,2022,198.2137,1381.4,0.143488
PT,C16,2023,166.0866,1466.3,0.113269
PT,C17,2012,1226.6193,811.3,1.511918
PT,C17,2013,1197.2695,821.0,1.458306
PT,C17,2014,1211.1416,751.8,1.610989
PT,C17,2015,1290.9654,896.6,1.439845
PT,C17,2016,1252.6956,891.3,1.405470
PT,C17,2017,1385.5505,881.2,1.572345
PT,C17,2018,1467.5124,1117.8,1.312858
PT,C17,2019,1604.7,1056.3,1.519171
PT,C17,2020,1456.9543,877.7,1.659968
PT,C17,2021,1323.9324,1109.5,1.193269
PT,C17,2022,1173.6224,1537.3,0.763431
PT,C17,2023,994.4127,1226.5,0.810773
PT,C18,2012,42.4785,419.2,0.101332
PT,C18,2013,41.5648,404.6,0.102731
PT,C18,2014,43.144,416.4,0.103612
PT,C18,2015,44.4616,424.8,0.104665
PT,C18,2016,44.9945,410.4,0.109636
PT,C18,2017,44.7162,446.6,0.100126
PT,C18,2018,44.8072,430.1,0.104179
PT,C18,2019,44.1558,441.0,0.100127
PT,C18,2020,37.3398,367.8,0.101522
PT,C18,2021,39.8758,399.2,0.099889
PT,C18,2022,38.8982,454.1,0.085660
PT,C18,2023,37.5753,468.1,0.080272
PT,C19,2012,2749.6296,255.5,10.761760
PT,C19,2013,3727.4816,201.2,18.526250
PT,C19,2014,3127.6581,188.0,16.636479
PT,C19,2015,3495.049,589.3,5.930848
PT,C19,2016,3452.1323,415.1,8.316387
PT,C19,2017,3608.7377,823.7,4.381131
PT,C19,2018,3248.269,554.6,5.856958
PT,C19,2019,3290.2344,420.6,7.822716
PT,C19,2021,2705.1964,162.9,16.606485
PT,C19,2022,2709.7467,840.6,3.223586
PT,C19,2023,2400.5684,746.4,3.216196
PT,C20,2012,1234.4112,671.4,1.838563
PT,C20,2013,1340.3546,708.7,1.891286
PT,C20,2014,1269.7248,704.4,1.802562
PT,C20,2015,1285.782,878.7,1.463278
PT,C20,2016,1269.2252,955.5,1.328336
PT,C20,2017,1300.3679,945.8,1.374887
PT,C20,2018,1188.1808,833.2,1.426045
PT,C20,2019,1501.1801,878.4,1.708994
PT,C20,2020,1380.6796,965.8,1.429571
PT,C20,2021,1512.3666,1200.9,1.259361
PT,C20,2022,1313.2069,1333.1,0.985078
PT,C20,2023,673.6048,1189.6,0.566245
PT,C21,2012,16.946,449.1,0.037733
PT,C21,2013,16.9691,487.1,0.034837
PT,C21,2014,16.9669,454.1,0.037364
PT,C21,2015,18.5918,505.2,0.036801
PT,C21,2016,18.916,515.7,0.036680
PT,C21,2017,21.4548,590.0,0.036364
PT,C21,2018,23.3154,601.8,0.038743
PT,C21,2019,25.0726,618.2,0.040557
PT,C21,2020,29.2067,737.0,0.039629
PT,C21,2021,33.4764,772.7,0.043324
PT,C21,2022,32.5061,833.8,0.038985
PT,C21,2023,35.2005,990.3,0.035545
PT,C22,2012,108.4898,980.4,0.110659
PT,C22,2013,107.3139,1025.8,0.104615
PT,C22,2014,105.0525,1071.6,0.098033
PT,C22,2015,106.3109,1186.9,0.089570
PT,C22,2016,107.0899,1200.2,0.089227
PT,C22,2017,110.4392,1249.8,0.088365
PT,C22,2018,104.1451,1292.4,0.080583
PT,C22,2019,106.9647,1369.8,0.078088
PT,C22,2020,111.0575,1416.8,0.078386
PT,C22,2021,112.8442,1526.6,0.073919
PT,C22,2022,91.2347,1713.0,0.053260
PT,C22,2023,86.5567,1797.1,0.048165
PT,C23,2012,6025.7904,1279.4,4.709856
PT,C23,2013,6331.872,1231.7,5.140758
PT,C23,2014,6808.7113,1220.1,5.580453
PT,C23,2015,6640.6215,1262.5,5.259898
PT,C23,2016,5615.6322,1331.4,4.217840
PT,C23,2017,6003.3211,1456.9,4.120613
PT,C23,2018,5648.7293,1557.1,3.627724
PT,C23,2019,5595.6113,1683.7,3.323402
PT,C23,2020,5660.5279,1727.1,3.277475
PT,C23,2021,5393.0,1855.1,2.907121
PT,C23,2022,5452.7306,2002.1,2.723506
PT,C23,2023,4026.428,2372.5,1.697125
PT,C24,2012,198.6066,321.9,0.616982
PT,C24,2013,201.6713,337.8,0.597014
PT,C24,2014,197.5078,362.5,0.544849
PT,C24,2015,250.8406,302.5,0.829225
PT,C24,2016,223.1259,394.0,0.566309
PT,C24,2017,199.9344,467.7,0.427484
PT,C24,2018,215.4841,489.3,0.440393
PT,C24,2019,243.5438,452.8,0.537862
PT,C24,2020,240.046,424.7,0.565213
PT,C24,2021,205.3709,754.7,0.272123
PT,C24,2022,208.6528,746.5,0.279508
PT,C24,2023,213.4147,528.0,0.404195
PT,C25,2012,165.7316,1835.6,0.090287
PT,C25,2013,195.2175,1860.7,0.104916
PT,C25,2014,205.9238,1981.3,0.103934
PT,C25,2015,205.7195,1995.2,0.103107
PT,C25,2016,217.1195,2158.0,0.100611
PT,C25,2017,231.453,2367.1,0.097779
PT,C25,2018,239.0715,2527.1,0.094603
PT,C25,2019,228.7675,2629.3,0.087007
PT,C25,2020,226.8919,2555.5,0.088786
PT,C25,2021,263.676,2808.6,0.093882
PT,C25,2022,243.2652,3213.7,0.075696
PT,C25,2023,280.5415,3580.1,0.078361
PT,C26,2012,11.6993,399.2,0.029307
PT,C26,2013,10.3796,426.3,0.024348
PT,C26,2014,10.8391,407.0,0.026632
PT,C26,2015,11.4245,418.5,0.027299
PT,C26,2016,12.9217,496.1,0.026047
PT,C26,2017,15.7742,519.8,0.030347
PT,C26,2018,16.8401,570.1,0.029539
PT,C26,2019,17.332,527.8,0.032838
PT,C26,2020,16.1802,459.9,0.035182
PT,C26,2021,20.5942,497.2,0.041420
PT,C26,2022,22.1493,578.7,0.038274
PT,C26,2023,23.6597,626.7,0.037753
PT,C27,2012,15.4233,556.5,0.027715
PT,C27,2013,16.1541,579.4,0.027881
PT,C27,2014,18.8151,580.8,0.032395
PT,C27,2015,19.8336,591.6,0.033525
PT,C27,2016,23.4042,600.0,0.039007
PT,C27,2017,26.1777,646.5,0.040491
PT,C27,2018,26.0666,647.8,0.040239
PT,C27,2019,25.8263,689.6,0.037451
PT,C27,2020,23.0087,656.2,0.035064
PT,C27,2021,30.6939,744.2,0.041244
PT,C27,2022,35.6563,806.7,0.044200
PT,C27,2023,43.464,966.4,0.044975
PT,C28,2012,255.4573,701.1,0.364366
PT,C28,2013,258.0001,737.7,0.349736
PT,C28,2014,269.8681,826.1,0.326677
PT,C28,2015,286.3071,833.5,0.343500
PT,C28,2016,279.4371,857.4,0.325912
PT,C28,2017,286.0076,896.2,0.319134
PT,C28,2018,299.8998,923.6,0.324707
PT,C28,2019,295.7859,946.1,0.312637
PT,C28,2020,278.8231,920.4,0.302937
PT,C28,2021,297.1723,1008.8,0.294580
PT,C28,2022,290.233,1083.6,0.267841
PT,C28,2023,277.3524,1251.4,0.221634
PT,C29,2012,41.1238,1205.9,0.034102
PT,C29,2013,39.6057,1202.2,0.032944
PT,C29,2014,46.3629,1290.4,0.035929
PT,C29,2015,50.4633,1341.4,0.037620
PT,C29,2016,53.3998,1361.5,0.039221
PT,C29,2017,68.5452,1505.8,0.045521
PT,C29,2018,78.1583,1783.5,0.043823
PT,C29,2019,79.8261,1863.8,0.042830
PT,C29,2020,70.9297,1647.7,0.043048
PT,C29,2021,84.2445,1820.2,0.046283
PT,C29,2022,95.0898,1907.3,0.049856
PT,C29,2023,105.3785,2150.8,0.048995
PT,C30,2012,2.8437,93.1,0.030545
PT,C30,2013,2.7868,132.7,0.021001
PT,C30,2014,3.1187,95.9,0.032520
PT,C30,2015,3.398,117.4,0.028944
PT,C30,2016,3.7872,157.1,0.024107
PT,C30,2017,4.0526,185.6,0.021835
PT,C30,2018,4.3215,201.7,0.021425
PT,C30,2019,4.5922,212.2,0.021641
PT,C30,2020,4.9629,216.0,0.022976
PT,C30,2021,5.9116,285.3,0.020721
PT,C30,2022,5.8155,358.1,0.016240
PT,C30,2023,5.5407,326.3,0.016980
PT,C31_C32,2012,52.9058,901.6,0.058680
PT,C31_C32,2013,52.5909,922.4,0.057015
PT,C31_C32,2014,58.2985,966.4,0.060325
PT,C31_C32,2015,61.0173,1022.7,0.059663
PT,C31_C32,2016,62.7647,1038.4,0.060444
PT,C31_C32,2017,67.0268,1146.4,0.058467
PT,C31_C32,2018,69.7447,1237.5,0.056359
PT,C31_C32,2019,70.4132,1314.0,0.053587
PT,C31_C32,2020,69.3126,1259.7,0.055023
PT,C31_C32,2021,78.2895,1431.5,0.054691
PT,C31_C32,2022,70.3979,1541.1,0.045680
PT,C31_C32,2023,78.1478,1788.8,0.043687
PT,C33,2012,41.6088,694.3,0.059929
PT,C33,2013,40.8512,660.3,0.061868
PT,C33,2014,41.5956,675.7,0.061559
PT,C33,2015,46.1792,702.1,0.065773
PT,C33,2016,47.5348,721.9,0.065847
PT,C33,2017,49.3599,802.3,0.061523
PT,C33,2018,51.9358,894.9,0.058035
PT,C33,2019,53.0298,975.0,0.054390
PT,C33,2020,53.0947,927.5,0.057245
PT,C33,2021,55.688,1015.1,0.054860
PT,C33,2022,54.1296,1063.3,0.050907
PT,C33,2023,62.1291,1257.8,0.049395
PT,D,2012,15161.3476,3391.5,4.470396
PT,D,2013,12491.7182,3384.0,3.691406
PT,D,2014,12204.7077,3790.1,3.220155
PT,D,2015,15784.0793,4553.2,3.466590
PT,D,2016,14691.1413,4650.7,3.158910
PT,D,2017,18520.3346,4121.0,4.494136
PT,D,2018,15371.7797,4660.1,3.298594
PT,D,2019,10553.0576,4426.8,2.383902
PT,D,2020,7962.0013,3959.1,2.011063
PT,D,2021,6170.6948,3445.7,1.790839
PT,D,2022,6552.9441,1767.1,3.708304
PT,D,2023,4236.8006,3604.2,1.175518
PT,E,2012,7253.6553,1795.6,4.039683
PT,E,2013,7189.6563,1763.0,4.078081
PT,E,2014,7076.8291,1747.4,4.049919
PT,E,2015,6900.115,1720.1,4.011462
PT,E,2016,7039.4795,1720.2,4.092245
PT,E,2017,7161.4368,1685.5,4.248850
PT,E,2018,7172.0657,1678.4,4.273156
PT,E,2019,7271.4574,1763.4,4.123544
PT,E,2020,7049.7111,1848.3,3.814160
PT,E,2021,7156.2079,1978.9,3.616255
PT,E,2022,7024.0993,1999.3,3.513279
PT,E,2023,7054.8643,2055.8,3.431688
PT,E36,2012,25.5868,795.8,0.032152
PT,E36,2013,25.3131,780.4,0.032436
PT,E36,2014,25.5082,789.1,0.032326
PT,E36,2015,26.2542,777.9,0.033750
PT,E36,2016,43.5256,793.4,0.054860
PT,E36,2017,43.4417,783.7,0.055432
PT,E36,2018,40.0279,738.8,0.054180
PT,E36,2019,41.332,802.3,0.051517
PT,E36,2020,46.4797,808.9,0.057460
PT,E36,2021,41.3085,828.7,0.049847
PT,E36,2022,34.9753,869.6,0.040220
PT,E36,2023,37.342,906.4,0.041198
PT,E37-E39,2012,7228.0685,999.8,7.229514
PT,E37-E39,2013,7164.3432,982.6,7.291210
PT,E37-E39,2014,7051.3209,958.3,7.358156
PT,E37-E39,2015,6873.8608,942.2,7.295543
PT,E37-E39,2016,6995.9539,926.8,7.548504
PT,E37-E39,2017,7117.9951,901.8,7.893097
PT,E37-E39,2018,7132.0378,939.6,7.590504
PT,E37-E39,2019,7230.1254,961.1,7.522761
PT,E37-E39,2020,7003.2314,1039.4,6.737764
PT,E37-E39,2021,7114.8994,1150.1,6.186331
PT,E37-E39,2022,6989.124,1129.7,6.186708
PT,E37-E39,2023,7017.5223,1149.5,6.104848
PT,F,2012,1435.5696,7173.9,0.200110
PT,F,2013,1192.8485,6773.0,0.176118
PT,F,2014,1193.4295,6304.4,0.189301
PT,F,2015,1305.8945,6398.1,0.204107
PT,F,2016,1265.4113,6523.8,0.193968
PT,F,2017,1278.5571,6920.3,0.184755
PT,F,2018,1280.3509,7541.1,0.169783
PT,F,2019,1303.3621,8151.7,0.159888
PT,F,2020,1283.5566,8352.2,0.153679
PT,F,2021,1391.6127,8695.7,0.160035
PT,F,2022,1276.8581,10048.2,0.127073
PT,F,2023,1344.1326,11547.6,0.116399
PT,G,2012,1722.8615,21635.3,0.079632
PT,G,2013,1595.7082,22266.2,0.071665
PT,G,2014,1738.3118,22431.1,0.077496
PT,G,2015,1741.3352,23004.4,0.075696
PT,G,2016,1726.3909,23554.9,0.073292
PT,G,2017,1764.4066,23541.3,0.074949
PT,G,2018,1846.2944,23863.8,0.077368
PT,G,2019,1875.8128,24675.1,0.076020
PT,G,2020,1543.9541,23154.7,0.066680
PT,G,2021,1635.7336,23942.5,0.068319
PT,G,2022,1543.6975,26047.1,0.059266
PT,G,2023,1675.5794,28298.9,0.059210
PT,G45,2012,178.865,1943.8,0.092018
PT,G45,2013,179.9163,1936.4,0.092913
PT,G45,2014,189.5916,1973.0,0.096093
PT,G45,2015,195.2875,2162.4,0.090311
PT,G45,2016,196.2393,2240.5,0.087587
PT,G45,2017,199.7814,2292.5,0.087146
PT,G45,2018,203.3264,2467.3,0.082408
PT,G45,2019,202.9286,2526.6,0.080317
PT,G45,2020,178.159,2286.2,0.077928
PT,G45,2021,190.438,2432.9,0.078276
PT,G45,2022,185.4893,2693.8,0.068858
PT,G45,2023,207.332,3444.0,0.060201
PT,G46,2012,1035.6293,11193.3,0.092522
PT,G46,2013,942.5726,11647.4,0.080926
PT,G46,2014,1015.1782,11654.4,0.087107
PT,G46,2015,1004.7121,11587.0,0.086710
PT,G46,2016,986.2313,12213.5,0.080749
PT,G46,2017,1013.9071,12091.5,0.083853
PT,G46,2018,1071.4839,12105.1,0.088515
PT,G46,2019,1097.2786,11989.6,0.091519
PT,G46,2020,849.739,11633.6,0.073042
PT,G46,2021,916.1958,11675.4,0.078472
PT,G46,2022,865.6998,12605.7,0.068675
PT,G46,2023,925.2059,12970.5,0.071332
PT,G47,2012,508.3672,8498.3,0.059820
PT,G47,2013,473.2193,8682.3,0.054504
PT,G47,2014,533.542,8803.7,0.060604
PT,G47,2015,541.3356,9255.0,0.058491
PT,G47,2016,543.9203,9100.9,0.059766
PT,G47,2017,550.7181,9157.3,0.060140
PT,G47,2018,571.4841,9291.4,0.061507
PT,G47,2019,575.6056,10158.8,0.056661
PT,G47,2020,516.0561,9235.0,0.055880
PT,G47,2021,529.0998,9834.1,0.053803
PT,G47,2022,492.5084,10747.6,0.045825
PT,G47,2023,543.0415,11884.4,0.045694
PT,H,2012,8201.60458,6951.1,1.179900
PT,H,2013,8021.51945,7211.2,1.112370
PT,H,2014,8294.63151,7152.2,1.159731
PT,H,2015,8282.63491,7666.6,1.080353
PT,H,2016,8308.13213,7768.9,1.069409
PT,H,2017,8765.8579,8454.1,1.036877
PT,H,2018,8937.32051,8786.0,1.017223
PT,H,2019,9473.90027,9452.0,1.002317
PT,H,2020,5691.84397,6989.4,0.814354
PT,H,2021,7268.30238,7775.4,0.934782
PT,H,2022,9004.65247,9767.7,0.921881
PT,H,2023,9536.10469,11645.7,0.818852
PT,H49,2012,4076.9835,2723.6,1.496910
PT,H49,2013,3965.3903,2840.2,1.396166
PT,H49,2014,4101.3218,2852.9,1.437597
PT,H49,2015,4020.9517,3100.4,1.296914
PT,H49,2016,4121.8792,3140.9,1.312324
PT,H49,2017,4158.0371,3380.4,1.230043
PT,H49,2018,3996.5892,3536.8,1.130001
PT,H49,2019,3961.2463,3814.2,1.038552
PT,H49,2020,3220.3754,3619.1,0.889828
PT,H49,2021,3915.1916,3673.3,1.065851
PT,H49,2022,3947.069,4300.9,0.917731
PT,H49,2023,4059.868,5014.3,0.809658
PT,H50,2012,614.0743,99.2,6.190265
PT,H50,2013,553.0274,113.1,4.889721
PT,H50,2014,557.7718,132.7,4.203254
PT,H50,2015,596.6698,132.5,4.503168
PT,H50,2016,595.762,129.2,4.611161
PT,H50,2017,613.2054,131.0,4.680957
PT,H50,2018,622.9818,120.1,5.187192
PT,H50,2019,594.3173,155.7,3.817067
PT,H50,2020,449.4617,125.3,3.587085
PT,H50,2021,484.2343,173.6,2.789368
PT,H50,2022,578.0129,240.5,2.403380
PT,H50,2023,566.7965,235.1,2.410874
PT,H51,2012,3391.71408,833.2,4.070708
PT,H51,2013,3382.62305,1002.9,3.372842
PT,H51,2014,3513.27191,874.2,4.018842
PT,H51,2015,3525.74631,903.2,3.903616
PT,H51,2016,3449.87963,835.1,4.131098
PT,H51,2017,3872.486,983.6,3.937054
PT,H51,2018,4191.51871,1018.5,4.115384
PT,H51,2019,4787.72327,1100.1,4.352080
PT,H51,2021,2746.06858,184.7,14.867724
PT,H51,2022,4361.44497,639.1,6.824355
PT,H51,2023,4788.51449,1304.7,3.670203
PT,H52,2012,95.6539,2837.8,0.033707
PT,H52,2013,95.6573,2797.5,0.034194
PT,H52,2014,97.5372,2805.3,0.034769
PT,H52,2015,115.5812,3008.8,0.038414
PT,H52,2016,117.3246,3158.4,0.037147
PT,H52,2017,100.0674,3472.1,0.028820
PT,H52,2018,102.2152,3602.5,0.028373
PT,H52,2019,105.0029,3860.5,0.027199
PT,H52,2020,82.7106,2877.7,0.028742
PT,H52,2021,89.9039,3232.0,0.027817
PT,H52,2022,89.6776,4072.0,0.022023
PT,H52,2023,92.3806,4547.7,0.020314
PT,H53,2012,23.1788,457.3,0.050686
PT,H53,2013,24.8214,457.4,0.054266
PT,H53,2014,24.7288,487.1,0.050767
PT,H53,2015,23.6859,521.7,0.045401
PT,H53,2016,23.2867,505.3,0.046085
PT,H53,2017,22.062,487.0,0.045302
PT,H53,2018,24.0156,508.1,0.047265
PT,H53,2019,25.6105,521.5,0.049109
PT,H53,2020,24.2693,494.9,0.049039
PT,H53,2021,32.904,511.8,0.064291
PT,H53,2022,28.448,515.2,0.055217
PT,H53,2023,28.5451,543.9,0.052482
PT,I,2012,204.172,7532.5,0.027105
PT,I,2013,205.724,7471.3,0.027535
PT,I,2014,268.7524,7718.8,0.034818
PT,I,2015,288.0535,8088.0,0.035615
PT,I,2016,298.6673,8739.5,0.034174
PT,I,2017,293.5358,9998.8,0.029357
PT,I,2018,342.2767,10725.2,0.031913
PT,I,2019,308.3679,11315.4,0.027252
PT,I,2020,226.7226,6388.7,0.035488
PT,I,2021,226.4019,7913.7,0.028609
PT,I,2022,281.5229,12959.9,0.021723
PT,I,2023,409.1471,14861.4,0.027531
PT,J,2012,64.3126,5374.5,0.011966
PT,J,2013,65.1657,5197.8,0.012537
PT,J,2014,63.1769,5160.8,0.012242
PT,J,2015,62.382,5317.1,0.011732
PT,J,2016,62.0124,5660.3,0.010956
PT,J,2017,59.8111,5946.9,0.010058
PT,J,2018,65.9431,6375.7,0.010343
PT,J,2019,68.9252,7140.6,0.009653
PT,J,2020,70.4536,7782.4,0.009053
PT,J,2021,86.6914,8499.8,0.010199
PT,J,2022,78.0665,10019.8,0.007791
PT,J,2023,74.304,11230.9,0.006616
PT,J58,2012,9.5041,366.5,0.025932
PT,J58,2013,8.8385,361.5,0.024450
PT,J58,2014,8.3017,342.9,0.024210
PT,J58,2015,7.9888,326.4,0.024475
PT,J58,2016,7.7591,340.4,0.022794
PT,J58,2017,7.3127,365.8,0.019991
PT,J58,2018,7.8748,391.9,0.020094
PT,J58,2019,8.2941,440.9,0.018812
PT,J58,2020,7.4552,503.1,0.014819
PT,J58,2021,9.0287,533.4,0.016927
PT,J58,2022,8.2946,578.1,0.014348
PT,J58,2023,8.9832,708.0,0.012688
PT,J59_J60,2012,9.6752,512.9,0.018864
PT,J59_J60,2013,9.1694,527.4,0.017386
PT,J59_J60,2014,9.7989,546.9,0.017917
PT,J59_J60,2015,10.0989,560.2,0.018027
PT,J59_J60,2016,10.526,585.6,0.017975
PT,J59_J60,2017,10.468,637.4,0.016423
PT,J59_J60,2018,11.1645,692.2,0.016129
PT,J59_J60,2019,10.8175,713.5,0.015161
PT,J59_J60,2020,9.456,647.4,0.014606
PT,J59_J60,2021,11.1408,692.4,0.016090
PT,J59_J60,2022,10.7646,688.9,0.015626
PT,J59_J60,2023,10.4785,649.5,0.016133
PT,J61,2012,22.0028,2827.8,0.007781
PT,J61,2013,21.0076,2559.0,0.008209
PT,J61,2014,19.8581,2409.5,0.008242
PT,J61,2015,19.2394,2506.1,0.007677
PT,J61,2016,18.7017,2555.8,0.007317
PT,J61,2017,17.9504,2425.9,0.007399
PT,J61,2018,18.4923,2317.6,0.007979
PT,J61,2019,19.0358,2427.5,0.007842
PT,J61,2020,17.736,2495.2,0.007108
PT,J61,2021,20.9601,2508.0,0.008357
PT,J61,2022,18.3049,2725.2,0.006717
PT,J61,2023,17.735,2937.0,0.006038
PT,J62_J63,2012,23.1305,1667.3,0.013873
PT,J62_J63,2013,26.1502,1749.9,0.014944
PT,J62_J63,2014,25.2182,1861.5,0.013547
PT,J62_J63,2015,25.0549,1924.4,0.013020
PT,J62_J63,2016,25.0256,2178.5,0.011488
PT,J62_J63,2017,24.08,2517.8,0.009564
PT,J62_J63,2018,28.4115,2974.1,0.009553
PT,J62_J63,2019,30.7778,3558.8,0.008648
PT,J62_J63,2020,35.8064,4136.8,0.008656
PT,J62_J63,2021,45.5618,4766.0,0.009560
PT,J62_J63,2022,40.7024,6027.6,0.006753
PT,J62_J63,2023,37.1073,6936.4,0.005350
PT,K,2012,111.1529,9214.2,0.012063
PT,K,2013,115.7506,8203.3,0.014110
PT,K,2014,108.06,7948.2,0.013596
PT,K,2015,99.6889,7861.2,0.012681
PT,K,2016,96.4391,8084.5,0.011929
PT,K,2017,84.7565,7968.0,0.010637
PT,K,2018,62.516,8363.7,0.007475
PT,K,2019,64.2142,8909.7,0.007207
PT,K,2020,61.8446,9255.8,0.006682
PT,K,2021,64.8004,9604.2,0.006747
PT,K,2022,68.0781,11430.9,0.005956
PT,K,2023,66.338,16582.6,0.004000
PT,K64,2012,73.7093,6414.1,0.011492
PT,K64,2013,77.9204,5537.6,0.014071
PT,K64,2014,70.8352,5511.0,0.012853
PT,K64,2015,63.3819,5953.2,0.010647
PT,K64,2016,60.1347,6174.2,0.009740
PT,K64,2017,49.6991,6328.3,0.007853
PT,K64,2018,34.6926,6362.4,0.005453
PT,K64,2019,36.1804,6677.0,0.005419
PT,K64,2020,31.9006,6723.5,0.004745
PT,K64,2021,29.8737,6895.9,0.004332
PT,K64,2022,32.8104,8196.0,0.004003
PT,K64,2023,32.1726,13010.2,0.002473
PT,K65,2012,15.6545,2044.6,0.007657
PT,K65,2013,14.9849,1870.9,0.008009
PT,K65,2014,16.4023,1810.6,0.009059
PT,K65,2015,17.3627,1320.0,0.013154
PT,K65,2016,18.3985,1280.1,0.014373
PT,K65,2017,17.2809,964.6,0.017915
PT,K65,2018,13.6692,1334.6,0.010242
PT,K65,2019,13.7967,1537.2,0.008975
PT,K65,2020,17.9134,1713.1,0.010457
PT,K65,2021,20.2534,1826.5,0.011089
PT,K65,2022,21.0131,2278.8,0.009221
PT,K65,2023,24.0508,2474.6,0.009719
PT,K66,2012,21.7891,755.5,0.028841
PT,K66,2013,22.8453,794.7,0.028747
PT,K66,2014,20.8225,626.7,0.033226
PT,K66,2015,18.9443,588.1,0.032213
PT,K66,2016,17.9059,630.2,0.028413
PT,K66,2017,17.7765,675.0,0.026336
PT,K66,2018,14.1542,666.8,0.021227
PT,K66,2019,14.2371,695.5,0.020470
PT,K66,2020,12.0306,819.2,0.014686
PT,K66,2021,14.6733,881.8,0.016640
PT,K66,2022,14.2546,956.1,0.014909
PT,K66,2023,10.1146,1097.9,0.009213
PT,L,2012,16.0068,17376.0,0.000921
PT,L,2013,16.8516,18578.3,0.000907
PT,L,2014,16.1044,18862.5,0.000854
PT,L,2015,15.6229,19100.2,0.000818
PT,L,2016,15.6851,20173.9,0.000777
PT,L,2017,15.5772,21214.2,0.000734
PT,L,2018,17.3508,22163.3,0.000783
PT,L,2019,18.0894,23260.5,0.000778
PT,L,2020,14.8915,23562.4,0.000632
PT,L,2021,20.7706,24399.8,0.000851
PT,L,2022,16.2746,25585.5,0.000636
PT,L,2023,15.8181,24767.1,0.000639
PT,L68A,2012,0.0,11837.9,0.000000
PT,L68A,2013,0.0,12590.1,0.000000
PT,L68A,2014,0.0,12630.8,0.000000
PT,L68A,2015,0.0,12437.4,0.000000
PT,L68A,2016,0.0,12638.4,0.000000
PT,L68A,2017,0.0,12781.2,0.000000
PT,L68A,2018,0.0,12998.0,0.000000
PT,L68A,2019,0.0,13371.3,0.000000
PT,L68A,2020,0.0,13714.7,0.000000
PT,L68A,2021,0.0,14040.1,0.000000
PT,L68A,2022,0.0,14430.9,0.000000
PT,L68A,2023,0.0,13363.9,0.000000
PT,M,2012,127.8882,5296.6,0.024145
PT,M,2013,128.6461,5435.3,0.023669
PT,M,2014,136.6623,5878.0,0.023250
PT,M,2015,139.1272,5780.5,0.024068
PT,M,2016,140.6281,6028.4,0.023328
PT,M,2017,143.71,6473.7,0.022199
PT,M,2018,155.3865,7255.8,0.021415
PT,M,2019,159.1247,7972.0,0.019960
PT,M,2020,161.4048,8142.7,0.019822
PT,M,2021,187.1133,8888.9,0.021050
PT,M,2022,171.6817,10628.5,0.016153
PT,M,2023,180.9255,12067.4,0.014993
PT,M69_M70,2012,50.6784,2905.9,0.017440
PT,M69_M70,2013,51.4545,3008.5,0.017103
PT,M69_M70,2014,54.971,3291.7,0.016700
PT,M69_M70,2015,54.1701,3130.3,0.017305
PT,M69_M70,2016,54.4517,3214.1,0.016942
PT,M69_M70,2017,55.0236,3481.1,0.015806
PT,M69_M70,2018,59.1641,3921.3,0.015088
PT,M69_M70,2019,59.943,4297.2,0.013949
PT,M69_M70,2020,61.1209,4514.6,0.013538
PT,M69_M70,2021,70.9127,4719.8,0.015025
PT,M69_M70,2022,63.3687,5758.9,0.011004
PT,M69_M70,2023,64.067,6415.3,0.009987
PT,M71,2012,49.464,1127.1,0.043886
PT,M71,2013,49.3489,1101.0,0.044822
PT,M71,2014,51.8342,1140.1,0.045465
PT,M71,2015,52.6828,1161.5,0.045358
PT,M71,2016,52.5112,1182.2,0.044418
PT,M71,2017,54.2375,1302.8,0.041631
PT,M71,2018,58.4418,1458.4,0.040073
PT,M71,2019,59.714,1596.7,0.037398
PT,M71,2020,57.9454,1570.3,0.036901
PT,M71,2021,66.4513,1831.7,0.036278
PT,M71,2022,63.5175,2167.8,0.029300
PT,M71,2023,68.9643,2604.6,0.026478
PT,M72,2012,5.8771,454.3,0.012937
PT,M72,2013,6.1651,505.1,0.012206
PT,M72,2014,6.0918,602.8,0.010106
PT,M72,2015,8.0555,565.7,0.014240
PT,M72,2016,8.91,610.3,0.014599
PT,M72,2017,8.7256,583.6,0.014951
PT,M72,2018,9.2352,628.4,0.014696
PT,M72,2019,10.15,665.8,0.015245
PT,M72,2020,12.0822,669.5,0.018047
PT,M72,2021,13.7333,832.4,0.016498
PT,M72,2022,11.8956,890.1,0.013364
PT,M72,2023,13.9962,1003.0,0.013954
PT,M73,2012,9.8301,480.7,0.020450
PT,M73,2013,9.1547,460.0,0.019902
PT,M73,2014,9.6401,441.1,0.021855
PT,M73,2015,9.6407,461.3,0.020899
PT,M73,2016,9.7408,478.9,0.020340
PT,M73,2017,9.6781,481.2,0.020112
PT,M73,2018,10.1483,523.7,0.019378
PT,M73,2019,10.1503,548.8,0.018495
PT,M73,2020,8.258,504.1,0.016382
PT,M73,2021,10.0762,561.5,0.017945
PT,M73,2022,8.8587,706.8,0.012534
PT,M73,2023,8.7389,777.4,0.011241
PT,M74_M75,2012,12.0386,328.7,0.036625
PT,M74_M75,2013,12.5229,360.7,0.034718
PT,M74_M75,2014,14.1252,402.4,0.035102
PT,M74_M75,2015,14.5781,461.8,0.031568
PT,M74_M75,2016,15.0144,542.8,0.027661
PT,M74_M75,2017,16.0452,625.1,0.025668
PT,M74_M75,2018,18.3971,724.0,0.025410
PT,M74_M75,2019,19.1674,863.5,0.022197
PT,M74_M75,2020,21.9983,884.3,0.024877
PT,M74_M75,2021,25.9398,943.5,0.027493
PT,M74_M75,2022,24.0412,1104.8,0.021761
PT,M74_M75,2023,25.1591,1267.1,0.019856
PT,N,2012,328.0163,4877.0,0.067258
PT,N,2013,321.9841,4880.4,0.065975
PT,N,2014,334.6014,5195.1,0.064407
PT,N,2015,338.3055,5422.9,0.062385
PT,N,2016,342.4511,5918.8,0.057858
PT,N,2017,354.2905,6611.2,0.053589
PT,N,2018,373.412,7149.3,0.052231
PT,N,2019,376.5238,7453.6,0.050516
PT,N,2020,324.7005,6644.3,0.048869
PT,N,2021,352.6793,7646.9,0.046121
PT,N,2022,356.8133,9469.2,0.037681
PT,N,2023,371.6832,10450.9,0.035565
PT,N77,2012,170.7224,861.2,0.198238
PT,N77,2013,165.7503,820.2,0.202085
PT,N77,2014,169.7682,812.2,0.209023
PT,N77,2015,173.2673,856.3,0.202344
PT,N77,2016,178.5696,939.4,0.190089
PT,N77,2017,182.168,1077.0,0.169144
PT,N77,2018,191.0028,1153.3,0.165614
PT,N77,2019,189.0918,1185.2,0.159544
PT,N77,2020,168.6207,884.6,0.190618
PT,N77,2021,175.1821,1070.8,0.163599
PT,N77,2022,174.2618,1523.0,0.114420
PT,N77,2023,178.8368,1656.7,0.107948
PT,N78,2012,6.0879,1035.9,0.005877
PT,N78,2013,6.1075,1075.1,0.005681
PT,N78,2014,6.7055,1238.5,0.005414
PT,N78,2015,6.8065,1289.7,0.005278
PT,N78,2016,6.9157,1351.6,0.005117
PT,N78,2017,7.0909,1512.1,0.004689
PT,N78,2018,7.5314,1653.9,0.004554
PT,N78,2019,7.6327,1635.3,0.004667
PT,N78,2020,6.8025,1367.9,0.004973
PT,N78,2021,8.1473,1597.2,0.005101
PT,N78,2022,7.857,1931.5,0.004068
PT,N78,2023,7.8453,2116.6,0.003707
PT,N79,2012,34.6101,232.0,0.149181
PT,N79,2013,33.4452,234.3,0.142745
PT,N79,2014,36.7633,243.7,0.150855
PT,N79,2015,37.6907,269.7,0.139750
PT,N79,2016,39.0338,293.0,0.133221
PT,N79,2017,41.2207,332.2,0.124084
PT,N79,2018,43.9267,357.0,0.123044
PT,N79,2019,45.4659,368.0,0.123549
PT,N79,2020,17.1945,92.4,0.186088
PT,N79,2021,20.9346,141.7,0.147739
PT,N79,2022,33.5163,395.9,0.084658
PT,N79,2023,37.2198,500.8,0.074321
PT,N80-N82,2012,116.5959,2747.9,0.042431
PT,N80-N82,2013,116.6811,2750.8,0.042417
PT,N80-N82,2014,121.3644,2900.7,0.041840
PT,N80-N82,2015,120.541,3007.1,0.040085
PT,N80-N82,2016,117.932,3334.7,0.035365
PT,N80-N82,2017,123.8109,3690.0,0.033553
PT,N80-N82,2018,130.9511,3985.0,0.032861
PT,N80-N82,2019,134.3334,4264.9,0.031497
PT,N80-N82,2020,132.0828,4299.4,0.030721
PT,N80-N82,2021,148.4153,4837.2,0.030682
PT,N80-N82,2022,141.1782,5618.7,0.025126
PT,N80-N82,2023,147.7813,6176.8,0.023925
PT,O,2012,554.91694,11145.1,0.049790
PT,O,2013,569.97406,12003.2,0.047485
PT,O,2014,602.11848,11392.8,0.052851
PT,O,2015,657.13759,11608.5,0.056608
PT,O,2016,600.16056,11758.4,0.051041
PT,O,2017,575.27012,11987.4,0.047990
PT,O,2018,602.3637,12278.5,0.049058
PT,O,2019,583.13171,12762.6,0.045691
PT,O,2020,586.09179,12907.9,0.045406
PT,O,2021,557.70212,13462.9,0.041425
PT,O,2022,598.85824,14102.6,0.042464
PT,O,2023,544.73583,15126.4,0.036012
PT,P,2012,79.1553,8984.1,0.008811
PT,P,2013,86.6898,9379.4,0.009243
PT,P,2014,78.9309,9375.9,0.008418
PT,P,2015,77.972,9338.3,0.008350
PT,P,2016,77.88,9405.6,0.008280
PT,P,2017,70.7304,9691.8,0.007298
PT,P,2018,63.6623,9939.5,0.006405
PT,P,2019,62.897,10198.6,0.006167
PT,P,2020,55.1438,10311.9,0.005348
PT,P,2021,54.4327,10553.5,0.005158
PT,P,2022,56.3575,11195.4,0.005034
PT,P,2023,63.1012,11896.6,0.005304
PT,Q,2012,410.2409,9168.7,0.044744
PT,Q,2013,462.1767,9264.6,0.049886
PT,Q,2014,460.9441,9370.6,0.049190
PT,Q,2015,468.4452,9685.8,0.048364
PT,Q,2016,478.5952,10227.8,0.046794
PT,Q,2017,443.5345,10811.5,0.041024
PT,Q,2018,468.7447,11532.5,0.040646
PT,Q,2019,467.9104,12208.7,0.038326
PT,Q,2020,455.1763,12168.7,0.037405
PT,Q,2021,433.6847,13493.0,0.032141
PT,Q,2022,434.9139,14398.2,0.030206
PT,Q,2023,457.3944,15580.8,0.029356
PT,Q86,2012,129.0273,6819.1,0.018921
PT,Q86,2013,139.3494,6873.2,0.020274
PT,Q86,2014,155.0391,6960.6,0.022274
PT,Q86,2015,155.2995,7118.7,0.021816
PT,Q86,2016,144.9535,7531.8,0.019246
PT,Q86,2017,137.8206,7954.1,0.017327
PT,Q86,2018,151.5116,8501.1,0.017823
PT,Q86,2019,151.0297,9089.3,0.016616
PT,Q86,2020,157.9253,9040.7,0.017468
PT,Q86,2021,145.8322,10324.0,0.014126
PT,Q86,2022,136.9364,10929.2,0.012529
PT,Q86,2023,148.1975,11776.8,0.012584
PT,Q87_Q88,2012,281.2136,2349.6,0.119686
PT,Q87_Q88,2013,322.8273,2391.4,0.134995
PT,Q87_Q88,2014,305.905,2410.0,0.126932
PT,Q87_Q88,2015,313.1457,2567.1,0.121984
PT,Q87_Q88,2016,333.6417,2696.1,0.123750
PT,Q87_Q88,2017,305.7139,2857.4,0.106990
PT,Q87_Q88,2018,317.2331,3031.4,0.104649
PT,Q87_Q88,2019,316.8807,3119.5,0.101581
PT,Q87_Q88,2020,297.251,3128.0,0.095029
PT,Q87_Q88,2021,287.8525,3169.0,0.090834
PT,Q87_Q88,2022,297.9775,3469.0,0.085897
PT,Q87_Q88,2023,309.1969,3804.0,0.081282
PT,R,2012,58.0579,1086.6,0.053431
PT,R,2013,60.7065,1037.0,0.058541
PT,R,2014,61.9306,1107.4,0.055924
PT,R,2015,64.4725,1241.0,0.051952
PT,R,2016,68.5328,1296.7,0.052852
PT,R,2017,66.6281,1513.3,0.044028
PT,R,2018,69.6398,1580.6,0.044059
PT,R,2019,73.7129,1697.8,0.043417
PT,R,2020,63.7287,1237.1,0.051515
PT,R,2021,68.8762,1467.1,0.046947
PT,R,2022,81.5181,2147.8,0.037954
PT,R,2023,99.3472,2508.2,0.039609
PT,R90-R92,2012,13.1751,572.8,0.023001
PT,R90-R92,2013,13.8887,522.8,0.026566
PT,R90-R92,2014,15.1658,582.6,0.026031
PT,R90-R92,2015,16.1788,636.2,0.025430
PT,R90-R92,2016,17.9104,672.9,0.026617
PT,R90-R92,2017,17.2639,736.2,0.023450
PT,R90-R92,2018,17.7152,738.7,0.023982
PT,R90-R92,2019,18.0027,808.0,0.022281
PT,R90-R92,2020,16.2811,668.9,0.024340
PT,R90-R92,2021,16.9914,799.3,0.021258
PT,R90-R92,2022,20.9821,1157.7,0.018124
PT,R90-R92,2023,24.3045,1343.7,0.018088
PT,R93,2012,44.8828,513.7,0.087372
PT,R93,2013,46.8178,514.2,0.091050
PT,R93,2014,46.7648,524.7,0.089127
PT,R93,2015,48.2937,604.7,0.079864
PT,R93,2016,50.6224,623.8,0.081152
PT,R93,2017,49.3642,777.2,0.063515
PT,R93,2018,51.9246,841.9,0.061675
PT,R93,2019,55.7102,889.8,0.062610
PT,R93,2020,47.4476,568.2,0.083505
PT,R93,2021,51.8848,667.9,0.077683
PT,R93,2022,60.536,990.2,0.061135
PT,R93,2023,75.0427,1164.5,0.064442
PT,S,2012,58.7188,2103.7,0.027912
PT,S,2013,60.2905,2103.8,0.028658
PT,S,2014,59.729,2130.3,0.028038
PT,S,2015,59.996,2187.4,0.027428
PT,S,2016,58.5289,2200.4,0.026599
PT,S,2017,56.838,2290.3,0.024817
PT,S,2018,58.9692,2358.3,0.025005
PT,S,2019,60.3023,2459.7,0.024516
PT,S,2020,56.2534,2158.5,0.026061
PT,S,2021,56.8753,2188.8,0.025985
PT,S,2022,56.8002,2520.3,0.022537
PT,S,2023,65.7052,2853.1,0.023029
PT,S94,2012,26.7279,584.6,0.045720
PT,S94,2013,28.7092,628.9,0.045650
PT,S94,2014,27.8066,632.4,0.043970
PT,S94,2015,28.8752,710.6,0.040635
PT,S94,2016,29.7702,702.1,0.042402
PT,S94,2017,28.0934,700.8,0.040088
PT,S94,2018,26.2416,670.9,0.039114
PT,S94,2019,27.404,691.1,0.039653
PT,S94,2020,27.398,726.5,0.037712
PT,S94,2021,24.6417,674.5,0.036533
PT,S94,2022,26.8544,753.9,0.035621
PT,S94,2023,37.056,843.9,0.043910
PT,S95,2012,7.9157,185.6,0.042649
PT,S95,2013,7.5825,191.2,0.039657
PT,S95,2014,8.6671,209.6,0.041351
PT,S95,2015,8.6734,209.9,0.041322
PT,S95,2016,8.8079,197.2,0.044665
PT,S95,2017,9.4933,230.2,0.041239
PT,S95,2018,9.6588,226.2,0.042700
PT,S95,2019,9.103,223.2,0.040784
PT,S95,2020,8.6283,204.8,0.042130
PT,S95,2021,9.1049,240.7,0.037827
PT,S95,2022,8.2813,260.5,0.031790
PT,S95,2023,9.0603,303.3,0.029872
PT,S96,2012,24.0752,1333.5,0.018054
PT,S96,2013,23.9988,1283.7,0.018695
PT,S96,2014,23.2553,1288.3,0.018051
PT,S96,2015,22.4474,1267.0,0.017717
PT,S96,2016,19.9508,1301.0,0.015335
PT,S96,2017,19.2513,1359.3,0.014163
PT,S96,2018,23.0688,1461.2,0.015788
PT,S96,2019,23.7953,1545.4,0.015398
PT,S96,2020,20.2271,1227.3,0.016481
PT,S96,2021,23.1287,1273.5,0.018162
PT,S96,2022,21.6645,1505.9,0.014386
PT,S96,2023,19.5889,1705.9,0.011483
PT,T,2012,0.0,1150.6,0.000000
PT,T,2013,0.0,1106.0,0.000000
PT,T,2014,0.0,1112.7,0.000000
PT,T,2015,0.0,1085.2,0.000000
PT,T,2016,0.0,1096.4,0.000000
PT,T,2017,0.0,1095.4,0.000000
PT,T,2018,0.0,1120.3,0.000000
PT,T,2019,0.0,1169.3,0.000000
PT,T,2020,0.0,1106.3,0.000000
PT,T,2021,0.0,1033.3,0.000000
PT,T,2022,0.0,1210.6,0.000000
PT,T,2023,0.0,1353.1,0.000000
PT,TOTAL,2012,58872.07992,147300.5,0.399673
PT,TOTAL,2013,56998.70901,149851.5,0.380368
PT,TOTAL,2014,56993.5856,151138.9,0.377094
PT,TOTAL,2015,61078.012,156080.7,0.391323
PT,TOTAL,2016,58920.15019,161745.0,0.364278
PT,TOTAL,2017,64199.26562,169071.4,0.379717
PT,TOTAL,2018,60799.50631,177157.3,0.343195
PT,TOTAL,2019,57208.24528,185473.9,0.308444
PT,TOTAL,2020,49777.99666,175104.3,0.284276
PT,TOTAL,2021,49490.4094,187361.5,0.264144
PT,TOTAL,2022,50241.18011,211027.9,0.238078
PT,TOTAL,2023,46263.78223,235589.3,0.196375
RO,A,2012,19364.64415,6325.7,3.061265
RO,A,2013,19765.87359,7875.4,2.509825
RO,A,2014,19905.04361,7448.7,2.672284
RO,A,2015,20271.17604,7094.3,2.857389
RO,A,2016,20244.31444,7189.3,2.815895
RO,A,2017,20526.68315,8274.0,2.480866
RO,A,2018,21373.5883,9228.7,2.315991
RO,A,2019,21060.56315,9629.3,2.187133
RO,A,2020,20567.50777,8951.5,2.297660
RO,A,2021,21080.14693,11124.8,1.894879
RO,A,2022,20128.30425,10720.2,1.877605
RO,A,2023,19986.95525,10689.8,1.869722
RO,A01,2012,19249.3937,5667.9,3.396213
RO,A01,2013,19656.13588,7055.3,2.786010
RO,A01,2014,19793.3448,6443.1,3.072022
RO,A01,2015,20150.10461,5913.9,3.407245
RO,A01,2016,20113.85524,6023.9,3.339009
RO,A01,2017,20384.62129,7088.3,2.875812
RO,A01,2018,21215.65733,7611.1,2.787463
RO,A01,2019,20904.1059,7956.2,2.627398
RO,A01,2020,20412.19159,6778.0,3.011536
RO,A01,2021,20914.26158,9269.8,2.256172
RO,A01,2022,19957.35316,8702.7,2.293237
RO,A01,2023,19817.04804,8228.0,2.408489
RO,A02,2012,45.44507,618.2,0.073512
RO,A02,2013,41.49758,754.1,0.055029
RO,A02,2014,41.53769,901.9,0.046056
RO,A02,2015,44.74545,1023.8,0.043705
RO,A02,2016,47.56354,975.9,0.048738
RO,A02,2017,51.46999,995.2,0.051718
RO,A02,2018,58.60585,1395.8,0.041987
RO,A02,2019,57.76435,1434.0,0.040282
RO,A02,2020,56.35544,1868.5,0.030161
RO,A02,2021,60.84963,1674.5,0.036339
RO,A02,2022,62.46283,1816.1,0.034394
RO,A02,2023,61.74116,1983.5,0.031127
RO,A03,2012,69.80538,39.6,1.762762
RO,A03,2013,68.24014,66.0,1.033942
RO,A03,2014,70.16111,103.7,0.676578
RO,A03,2015,76.32597,156.6,0.487394
RO,A03,2016,82.89566,189.4,0.437675
RO,A03,2017,90.59186,190.5,0.475548
RO,A03,2018,99.32511,221.8,0.447814
RO,A03,2019,98.69289,239.1,0.412768
RO,A03,2020,98.96074,305.1,0.324355
RO,A03,2021,105.03572,180.5,0.581915
RO,A03,2022,108.48826,201.4,0.538671
RO,A03,2023,108.16606,478.3,0.226147
RO,B,2012,7937.16191,2226.1,3.565501
RO,B,2013,7499.09358,1548.8,4.841873
RO,B,2014,7148.38089,1220.0,5.859329
RO,B,2015,7045.03771,1478.0,4.766602
RO,B,2016,6631.56048,1119.3,5.924739
RO,B,2017,6458.89729,1228.3,5.258404
RO,B,2018,6308.62005,1512.4,4.171264
RO,B,2019,6404.34741,2015.1,3.178178
RO,B,2020,6025.2413,1834.0,3.285301
RO,B,2021,5877.5112,1543.1,3.808898
RO,B,2022,5833.995,5027.3,1.160463
RO,B,2023,5643.37903,3682.9,1.532319
RO,C,2012,30326.8835,29642.4,1.023091
RO,C,2013,25753.46284,28894.9,0.891281
RO,C,2014,26559.41243,32383.7,0.820148
RO,C,2015,24468.35211,32391.2,0.755401
RO,C,2016,24564.98597,33707.6,0.728767
RO,C,2017,24858.55406,36964.4,0.672500
RO,C,2018,25485.30511,39051.5,0.652608
RO,C,2019,25629.81966,38509.9,0.665538
RO,C,2020,26433.61702,34990.8,0.755445
RO,C,2021,26695.04518,37860.1,0.705097
RO,C,2022,22168.02076,38811.1,0.571177
RO,C,2023,18641.10437,44620.6,0.417769
RO,C10-C12,2012,1410.58336,8475.5,0.166431
RO,C10-C12,2013,1277.23254,7175.6,0.177997
RO,C10-C12,2014,1316.47553,7105.8,0.185268
RO,C10-C12,2015,1310.48882,7688.7,0.170443
RO,C10-C12,2016,1354.60612,7172.2,0.188869
RO,C10-C12,2017,1350.2954,8516.1,0.158558
RO,C10-C12,2018,1218.82148,9979.4,0.122134
RO,C10-C12,2019,1305.49598,10089.7,0.129389
RO,C10-C12,2020,1276.10949,9641.2,0.132360
RO,C10-C12,2021,1294.41981,8044.5,0.160907
RO,C10-C12,2022,1452.87974,7944.2,0.182886
RO,C10-C12,2023,1258.46978,10779.4,0.116748
RO,C13-C15,2012,159.4335,3075.9,0.051833
RO,C13-C15,2013,157.99712,3060.4,0.051626
RO,C13-C15,2014,150.47934,2955.6,0.050913
RO,C13-C15,2015,158.65745,3039.1,0.052205
RO,C13-C15,2016,147.22348,3060.9,0.048098
RO,C13-C15,2017,148.56667,3197.8,0.046459
RO,C13-C15,2018,156.95055,3177.4,0.049396
RO,C13-C15,2019,149.14804,3198.1,0.046636
RO,C13-C15,2020,152.35181,2805.0,0.054314
RO,C13-C15,2021,152.7138,2812.2,0.054304
RO,C13-C15,2022,168.75526,3273.3,0.051555
RO,C13-C15,2023,168.81025,4169.3,0.040489
RO,C16,2012,160.30703,1012.6,0.158312
RO,C16,2013,156.13981,1044.5,0.149488
RO,C16,2014,147.747,953.6,0.154936
RO,C16,2015,153.05555,971.7,0.157513
RO,C16,2016,139.40837,869.2,0.160387
RO,C16,2017,140.3601,1044.1,0.134432
RO,C16,2018,142.19366,1149.7,0.123679
RO,C16,2019,132.45653,1045.5,0.126692
RO,C16,2020,135.69121,1090.5,0.124430
RO,C16,2021,137.79513,1504.2,0.091607
RO,C16,2022,145.64385,1212.5,0.120119
RO,C16,2023,144.41994,1165.4,0.123923
RO,C17,2012,198.59137,194.2,1.022613
RO,C17,2013,194.06034,198.6,0.977142
RO,C17,2014,218.24146,194.0,1.124956
RO,C17,2015,256.72618,251.0,1.022813
RO,C17,2016,272.83242,302.4,0.902224
RO,C17,2017,334.13446,353.6,0.944950
RO,C17,2018,252.69602,329.2,0.767606
RO,C17,2019,302.56836,353.4,0.856164
RO,C17,2020,277.63588,352.3,0.788067
RO,C17,2021,422.19778,424.3,0.995045
RO,C17,2022,383.56392,453.2,0.846346
RO,C17,2023,261.06285,590.7,0.441955
RO,C18,2012,210.79513,450.5,0.467914
RO,C18,2013,199.3688,435.2,0.458108
RO,C18,2014,192.90104,357.4,0.539734
RO,C18,2015,195.85587,429.5,0.456009
RO,C18,2016,184.06655,452.1,0.407137
RO,C18,2017,187.79041,517.9,0.362600
RO,C18,2018,182.38219,573.2,0.318182
RO,C18,2019,169.47279,652.0,0.259928
RO,C18,2020,173.0645,557.6,0.310374
RO,C18,2021,181.14193,387.9,0.466981
RO,C18,2022,181.60681,499.6,0.363504
RO,C18,2023,181.07129,510.2,0.354903
RO,C19,2012,4982.33323,914.0,5.451130
RO,C19,2013,4700.9936,2298.0,2.045689
RO,C19,2014,4716.36352,4951.0,0.952608
RO,C19,2015,4359.55403,2740.2,1.590962
RO,C19,2016,4203.22553,3258.5,1.289927
RO,C19,2017,4259.82655,2224.1,1.915304
RO,C19,2018,4088.4164,2097.0,1.949650
RO,C19,2019,4311.07775,1061.7,4.060542
RO,C19,2020,4174.71252,561.9,7.429636
RO,C19,2021,4068.65951,1811.9,2.245521
RO,C19,2022,4163.5301,1284.4,3.241615
RO,C19,2023,4038.97749,14.3,282.445978
RO,C20,2012,9456.63675,1000.9,9.448133
RO,C20,2013,6370.65626,733.2,8.688838
RO,C20,2014,6640.6065,945.5,7.023381
RO,C20,2015,4619.29406,1164.2,3.967784
RO,C20,2016,4237.47221,839.1,5.050021
RO,C20,2017,4530.83156,1054.0,4.298702
RO,C20,2018,4915.47449,1049.2,4.684974
RO,C20,2019,4749.81563,1000.4,4.747916
RO,C20,2020,5800.56454,1036.8,5.594680
RO,C20,2021,4866.37383,1178.5,4.129295
RO,C20,2022,2403.98758,1297.2,1.853213
RO,C20,2023,2009.06472,1200.0,1.674221
RO,C21,2012,207.17844,268.9,0.770466
RO,C21,2013,204.67026,271.7,0.753295
RO,C21,2014,191.52863,341.3,0.561174
RO,C21,2015,202.56877,273.2,0.741467
RO,C21,2016,182.30318,279.2,0.652948
RO,C21,2017,181.78319,360.7,0.503973
RO,C21,2018,193.16708,270.0,0.715434
RO,C21,2019,181.09938,294.7,0.614521
RO,C21,2020,187.05679,333.2,0.561395
RO,C21,2021,185.23887,303.7,0.609940
RO,C21,2022,205.90443,501.6,0.410495
RO,C21,2023,205.51616,600.9,0.342014
RO,C22,2012,363.09791,782.1,0.464260
RO,C22,2013,352.25657,1263.2,0.278860
RO,C22,2014,329.65795,1085.7,0.303636
RO,C22,2015,342.79794,1278.1,0.268209
RO,C22,2016,306.24441,1409.2,0.217318
RO,C22,2017,306.0069,1573.4,0.194488
RO,C22,2018,312.69322,1727.2,0.181041
RO,C22,2019,288.38862,1935.6,0.148992
RO,C22,2020,297.59108,1480.6,0.200994
RO,C22,2021,299.36107,2360.4,0.126826
RO,C22,2022,319.19939,2671.1,0.119501
RO,C22,2023,315.89097,2828.7,0.111674
RO,C23,2012,6622.81115,1204.3,5.499303
RO,C23,2013,5588.02999,957.5,5.836063
RO,C23,2014,6122.0642,1168.0,5.241493
RO,C23,2015,5741.04424,1197.6,4.793791
RO,C23,2016,6436.98997,1367.0,4.708844
RO,C23,2017,6606.41399,1361.4,4.852662
RO,C23,2018,7239.40357,1419.8,5.098890
RO,C23,2019,7374.68621,1400.7,5.265001
RO,C23,2020,7567.71643,1366.9,5.536408
RO,C23,2021,8038.6591,1643.4,4.891481
RO,C23,2022,7169.85236,1804.2,3.973979
RO,C23,2023,6581.5233,2104.2,3.127803
RO,C24,2012,4656.256,1555.3,2.993799
RO,C24,2013,4681.6105,1302.1,3.595431
RO,C24,2014,4746.05952,1125.5,4.216845
RO,C24,2015,5329.71286,1236.2,4.311368
RO,C24,2016,5403.97019,1191.5,4.535434
RO,C24,2017,5091.9312,1520.2,3.349514
RO,C24,2018,5218.02537,1633.3,3.194775
RO,C24,2019,5214.77928,1275.9,4.087138
RO,C24,2020,4927.10602,776.4,6.346092
RO,C24,2021,5518.29032,1825.8,3.022396
RO,C24,2022,4066.71162,1522.7,2.670724
RO,C24,2023,2139.53302,1068.2,2.002933
RO,C25,2012,1162.78914,1565.7,0.742664
RO,C25,2013,1170.77394,1548.7,0.755972
RO,C25,2014,1098.72042,1629.6,0.674227
RO,C25,2015,1107.18143,1500.5,0.737875
RO,C25,2016,1026.99328,1489.0,0.689720
RO,C25,2017,1022.33298,1777.3,0.575217
RO,C25,2018,900.63937,1851.1,0.486543
RO,C25,2019,821.01139,2072.7,0.396107
RO,C25,2020,830.37284,1659.7,0.500315
RO,C25,2021,859.19157,2355.7,0.364729
RO,C25,2022,856.01778,2448.9,0.349552
RO,C25,2023,691.82504,2932.4,0.235925
RO,C26,2012,211.2478,630.2,0.335208
RO,C26,2013,198.4817,983.6,0.201791
RO,C26,2014,199.26697,891.0,0.223644
RO,C26,2015,198.96955,775.8,0.256470
RO,C26,2016,198.41163,873.5,0.227146
RO,C26,2017,206.50306,839.5,0.245983
RO,C26,2018,198.14727,944.5,0.209791
RO,C26,2019,190.44435,929.5,0.204889
RO,C26,2020,188.07429,1031.6,0.182313
RO,C26,2021,201.11191,1040.9,0.193210
RO,C26,2022,199.17401,973.5,0.204596
RO,C26,2023,199.78645,1292.5,0.154574
RO,C27,2012,68.38163,1997.9,0.034227
RO,C27,2013,68.53533,1204.5,0.056899
RO,C27,2014,65.52976,1441.5,0.045459
RO,C27,2015,67.26955,2087.0,0.032233
RO,C27,2016,64.43434,2108.5,0.030559
RO,C27,2017,66.48296,2043.7,0.032531
RO,C27,2018,70.91964,2015.6,0.035185
RO,C27,2019,73.11355,2276.9,0.032111
RO,C27,2020,72.92275,2384.6,0.030581
RO,C27,2021,70.70931,2359.5,0.029968
RO,C27,2022,76.74565,2493.9,0.030773
RO,C27,2023,78.5141,3045.9,0.025777
RO,C28,2012,200.71065,1334.8,0.150368
RO,C28,2013,190.32087,1188.1,0.160189
RO,C28,2014,182.28098,1689.6,0.107884
RO,C28,2015,183.50012,1329.7,0.138001
RO,C28,2016,169.18244,1661.8,0.101807
RO,C28,2017,175.45802,1645.0,0.106661
RO,C28,2018,161.52578,1799.9,0.089742
RO,C28,2019,146.06701,1776.3,0.082231
RO,C28,2020,152.48316,1695.1,0.089955
RO,C28,2021,161.61036,2041.4,0.079166
RO,C28,2022,147.86766,1672.2,0.088427
RO,C28,2023,143.50073,1763.7,0.081363
RO,C29,2012,40.25904,2397.5,0.016792
RO,C29,2013,39.2916,2231.2,0.017610
RO,C29,2014,37.247,2524.3,0.014755
RO,C29,2015,38.98939,3267.6,0.011932
RO,C29,2016,35.88168,4089.7,0.008774
RO,C29,2017,35.8513,5307.1,0.006755
RO,C29,2018,37.80041,5357.8,0.007055
RO,C29,2019,35.84077,5235.6,0.006846
RO,C29,2020,36.35454,4663.7,0.007795
RO,C29,2021,36.32659,4016.7,0.009044
RO,C29,2022,40.24224,4568.1,0.008809
RO,C29,2023,40.04133,6098.5,0.006566
RO,C30,2012,91.27952,614.9,0.148446
RO,C30,2013,87.29572,684.3,0.127569
RO,C30,2014,83.47989,756.0,0.110423
RO,C30,2015,85.32817,681.9,0.125133
RO,C30,2016,78.6512,725.7,0.108380
RO,C30,2017,80.53111,678.4,0.118707
RO,C30,2018,77.97904,799.7,0.097510
RO,C30,2019,71.5653,874.9,0.081798
RO,C30,2020,73.50209,723.9,0.101536
RO,C30,2021,76.51746,914.5,0.083671
RO,C30,2022,75.84441,878.3,0.086354
RO,C30,2023,74.37239,1220.4,0.060941
RO,C31_C32,2012,64.85282,738.3,0.087841
RO,C31_C32,2013,60.86628,1000.2,0.060854
RO,C31_C32,2014,63.45536,1105.5,0.057400
RO,C31_C32,2015,61.87155,1214.0,0.050965
RO,C31_C32,2016,64.95438,1274.0,0.050985
RO,C31_C32,2017,70.26739,1400.3,0.050180
RO,C31_C32,2018,62.86568,1425.4,0.044104
RO,C31_C32,2019,60.61401,1678.9,0.036103
RO,C31_C32,2020,59.36092,1552.2,0.038243
RO,C31_C32,2021,66.59816,1695.7,0.039275
RO,C31_C32,2022,60.21938,1777.3,0.033883
RO,C31_C32,2023,59.69894,2083.3,0.028656
RO,C33,2012,59.33901,1428.7,0.041534
RO,C33,2013,54.88161,1314.6,0.041748
RO,C33,2014,57.30737,1162.8,0.049284
RO,C33,2015,55.48659,1265.3,0.043853
RO,C33,2016,58.1346,1284.2,0.045269
RO,C33,2017,63.18683,1549.9,0.040768
RO,C33,2018,55.20387,1452.1,0.038017
RO,C33,2019,52.17469,1357.6,0.038432
RO,C33,2020,50.94618,1277.6,0.039876
RO,C33,2021,58.12865,1138.8,0.051044
RO,C33,2022,50.27457,1535.2,0.032748
RO,C33,2023,49.02563,1152.7,0.042531
RO,D,2012,36084.32885,4328.9,8.335681
RO,D,2013,29598.3777,4249.0,6.965963
RO,D,2014,29336.40207,4508.7,6.506621
RO,D,2015,29433.18988,4660.0,6.316135
RO,D,2016,26894.47025,4122.8,6.523351
RO,D,2017,27649.01654,4575.1,6.043369
RO,D,2018,26241.89304,5255.8,4.992940
RO,D,2019,22684.03141,5528.0,4.103479
RO,D,2020,19125.57832,5526.1,3.460954
RO,D,2021,19821.05066,6002.0,3.302408
RO,D,2022,19150.2257,12205.5,1.568983
RO,D,2023,16523.59214,10085.9,1.638286
RO,E,2012,6888.22811,1246.0,5.528273
RO,E,2013,7166.0703,1330.0,5.388023
RO,E,2014,7096.56857,1317.5,5.386390
RO,E,2015,7121.44063,1366.0,5.213353
RO,E,2016,7077.39525,1402.5,5.046271
RO,E,2017,7136.66231,1393.1,5.122864
RO,E,2018,7132.94857,1561.7,4.567426
RO,E,2019,7171.99418,1824.5,3.930937
RO,E,2020,7200.63046,1912.0,3.766020
RO,E,2021,7151.80209,2270.1,3.150435
RO,E,2022,7164.50601,2308.5,3.103533
RO,E,2023,7142.2867,2853.6,2.502904
RO,E36,2012,4.37704,440.5,0.009937
RO,E36,2013,4.37143,463.1,0.009439
RO,E36,2014,4.62479,537.1,0.008611
RO,E36,2015,4.82626,499.9,0.009654
RO,E36,2016,5.27699,507.3,0.010402
RO,E36,2017,5.62725,515.0,0.010927
RO,E36,2018,5.81465,506.3,0.011485
RO,E36,2019,5.81545,611.8,0.009505
RO,E36,2020,5.66903,596.0,0.009512
RO,E36,2021,5.97092,617.2,0.009674
RO,E36,2022,6.37379,620.8,0.010267
RO,E36,2023,6.29797,796.3,0.007909
RO,E37-E39,2012,6883.85107,805.4,8.547121
RO,E37-E39,2013,7161.69887,866.9,8.261275
RO,E37-E39,2014,7091.94378,780.4,9.087575
RO,E37-E39,2015,7116.61436,866.1,8.216851
RO,E37-E39,2016,7072.11826,895.2,7.900043
RO,E37-E39,2017,7131.03506,878.1,8.120983
RO,E37-E39,2018,7127.13392,1055.4,6.753017
RO,E37-E39,2019,7166.17873,1212.7,5.909276
RO,E37-E39,2020,7194.96143,1316.0,5.467296
RO,E37-E39,2021,7145.83118,1652.9,4.323208
RO,E37-E39,2022,7158.13223,1687.7,4.241353
RO,E37-E39,2023,7135.98873,2057.2,3.468787
RO,F,2012,3374.6423,10517.0,0.320875
RO,F,2013,3238.88853,9820.7,0.329802
RO,F,2014,3124.95687,9597.4,0.325605
RO,F,2015,3216.86973,9492.7,0.338878
RO,F,2016,3020.9295,10100.3,0.299093
RO,F,2017,3057.2121,10105.7,0.302524
RO,F,2018,3100.41707,12225.1,0.253611
RO,F,2019,2920.48818,14154.6,0.206328
RO,F,2020,2900.16898,14262.6,0.203341
RO,F,2021,2990.52113,15475.1,0.193247
RO,F,2022,3193.99382,19139.8,0.166877
RO,F,2023,3161.00379,25863.5,0.122219
RO,G,2012,1452.15235,12152.1,0.119498
RO,G,2013,1404.94689,8573.2,0.163877
RO,G,2014,1458.82015,10346.0,0.141003
RO,G,2015,1456.32969,12829.3,0.113516
RO,G,2016,1543.73146,15226.3,0.101386
RO,G,2017,1632.20132,17771.3,0.091845
RO,G,2018,1651.78033,20211.4,0.081725
RO,G,2019,1657.94577,21297.7,0.077846
RO,G,2020,1578.94544,24391.6,0.064733
RO,G,2021,1699.0922,30955.6,0.054888
RO,G,2022,1795.74417,35180.7,0.051043
RO,G,2023,1855.53235,39125.7,0.047425
RO,G45,2012,528.78794,1376.6,0.384126
RO,G45,2013,494.57084,707.3,0.699238
RO,G45,2014,515.1918,1539.1,0.334736
RO,G45,2015,507.83801,2014.1,0.252141
RO,G45,2016,537.18634,2526.8,0.212596
RO,G45,2017,563.05271,2693.4,0.209049
RO,G45,2018,547.31118,2901.6,0.188624
RO,G45,2019,542.53329,3376.2,0.160693
RO,G45,2020,522.69283,2615.0,0.199883
RO,G45,2021,568.94986,4529.1,0.125621
RO,G45,2022,579.8718,6200.8,0.093516
RO,G45,2023,597.8418,6977.8,0.085678
RO,G46,2012,728.62082,5717.5,0.127437
RO,G46,2013,719.20321,3717.7,0.193454
RO,G46,2014,745.1968,3708.7,0.200932
RO,G46,2015,747.52029,5654.8,0.132192
RO,G46,2016,793.04059,5464.7,0.145121
RO,G46,2017,840.56292,6214.0,0.135269
RO,G46,2018,869.6014,6945.1,0.125211
RO,G46,2019,879.29437,7164.8,0.122724
RO,G46,2020,834.22758,9054.4,0.092135
RO,G46,2021,892.02473,11091.6,0.080423
RO,G46,2022,960.34896,11260.0,0.085289
RO,G46,2023,995.54822,15532.9,0.064093
RO,G47,2012,194.74359,5057.9,0.038503
RO,G47,2013,191.17285,4148.2,0.046086
RO,G47,2014,198.43154,5098.2,0.038922
RO,G47,2015,200.9714,5160.4,0.038945
RO,G47,2016,213.50453,7234.8,0.029511
RO,G47,2017,228.58569,8863.9,0.025788
RO,G47,2018,234.86774,10364.7,0.022660
RO,G47,2019,236.11812,10756.7,0.021951
RO,G47,2020,222.02503,12722.3,0.017452
RO,G47,2021,238.11762,15334.9,0.015528
RO,G47,2022,255.52341,17719.8,0.014420
RO,G47,2023,262.14233,16615.0,0.015777
RO,H,2012,5040.67992,8693.7,0.579808
RO,H,2013,5366.10306,9482.2,0.565913
RO,H,2014,5232.18385,9236.7,0.566456
RO,H,2015,5488.03515,10337.2,0.530902
RO,H,2016,6054.50744,10615.5,0.570346
RO,H,2017,6503.68171,11786.9,0.551772
RO,H,2018,6444.79391,11829.2,0.544821
RO,H,2019,6796.64046,12908.6,0.526520
RO,H,2020,6017.8855,12805.2,0.469956
RO,H,2021,6379.41043,13743.0,0.464193
RO,H,2022,6675.10706,18569.7,0.359462
RO,H,2023,6730.48695,21650.8,0.310866
RO,H49,2012,4398.49035,5567.6,0.790016
RO,H49,2013,4639.75329,6364.4,0.729017
RO,H49,2014,4538.52222,6502.2,0.697998
RO,H49,2015,4775.21766,7588.3,0.629287
RO,H49,2016,5331.70087,7676.4,0.694557
RO,H49,2017,5654.99028,8625.2,0.655636
RO,H49,2018,5762.03683,8469.1,0.680360
RO,H49,2019,6003.09447,8934.2,0.671923
RO,H49,2020,5534.55707,9032.7,0.612725
RO,H49,2021,5843.91784,9499.1,0.615208
RO,H49,2022,6044.83983,13505.1,0.447597
RO,H49,2023,6191.52229,15765.1,0.392736
RO,H50,2012,83.79059,645.4,0.129827
RO,H50,2013,122.40233,604.9,0.202351
RO,H50,2014,148.28448,349.8,0.423912
RO,H50,2015,125.87553,382.4,0.329172
RO,H50,2016,109.69994,348.9,0.314417
RO,H50,2017,121.50685,369.6,0.328752
RO,H50,2018,114.87759,381.5,0.301121
RO,H50,2019,134.1528,439.7,0.305101
RO,H50,2020,132.21608,568.8,0.232447
RO,H50,2021,100.87612,357.5,0.282171
RO,H50,2022,116.05037,576.7,0.201232
RO,H50,2023,108.0964,714.3,0.151332
RO,H51,2012,414.93064,514.9,0.805847
RO,H51,2013,459.10071,297.4,1.543715
RO,H51,2014,397.04436,107.2,3.703772
RO,H51,2015,437.66767,159.3,2.747443
RO,H51,2016,455.99459,95.6,4.769818
RO,H51,2017,561.20259,131.6,4.264457
RO,H51,2018,396.65852,173.2,2.290176
RO,H51,2019,485.0156,510.1,0.950825
RO,H51,2020,185.33553,208.9,0.887197
RO,H51,2021,258.47221,283.2,0.912684
RO,H51,2022,325.69895,111.6,2.918449
RO,H51,2023,235.61014,179.4,1.313323
RO,H52,2012,86.62259,1603.7,0.054014
RO,H52,2013,88.5381,1818.1,0.048698
RO,H52,2014,90.27068,1850.3,0.048787
RO,H52,2015,90.76125,1798.0,0.050479
RO,H52,2016,95.34381,2063.4,0.046207
RO,H52,2017,99.88626,2272.7,0.043950
RO,H52,2018,103.39631,2332.7,0.044325
RO,H52,2019,106.11288,2516.8,0.042162
RO,H52,2020,101.63691,2321.5,0.043781
RO,H52,2021,107.29602,2801.6,0.038298
RO,H52,2022,114.79613,3575.8,0.032104
RO,H52,2023,119.16251,4075.6,0.029238
RO,H53,2012,56.84574,362.1,0.156989
RO,H53,2013,56.30863,397.4,0.141693
RO,H53,2014,58.06212,427.2,0.135913
RO,H53,2015,58.51303,409.1,0.143029
RO,H53,2016,61.76823,431.2,0.143247
RO,H53,2017,66.09572,387.8,0.170438
RO,H53,2018,67.82465,472.7,0.143483
RO,H53,2019,68.2647,507.9,0.134406
RO,H53,2020,64.13992,673.4,0.095248
RO,H53,2021,68.84825,801.7,0.085878
RO,H53,2022,73.72178,800.4,0.092106
RO,H53,2023,76.0956,916.4,0.083038
RO,I,2012,166.17653,1894.4,0.087720
RO,I,2013,161.59885,2147.3,0.075257
RO,I,2014,165.26364,1614.3,0.102375
RO,I,2015,165.99256,2330.2,0.071235
RO,I,2016,173.98687,2849.9,0.061050
RO,I,2017,187.69486,3237.2,0.057981
RO,I,2018,192.50792,3725.8,0.051669
RO,I,2019,193.58827,4821.8,0.040149
RO,I,2020,181.30522,2866.4,0.063252
RO,I,2021,194.92596,2838.6,0.068670
RO,I,2022,207.29262,3897.5,0.053186
RO,I,2023,215.14627,4544.2,0.047345
RO,J,2012,290.15135,5948.6,0.048776
RO,J,2013,285.87133,7340.6,0.038944
RO,J,2014,294.29399,7323.3,0.040186
RO,J,2015,296.10974,8081.3,0.036641
RO,J,2016,312.49006,8691.7,0.035953
RO,J,2017,333.6841,10334.5,0.032288
RO,J,2018,342.53306,10987.0,0.031176
RO,J,2019,344.76726,12746.1,0.027049
RO,J,2020,328.33905,13968.6,0.023506
RO,J,2021,351.50035,15484.7,0.022700
RO,J,2022,374.94119,19497.3,0.019230
RO,J,2023,390.60049,22479.8,0.017376
RO,J58,2012,38.48489,345.5,0.111389
RO,J58,2013,38.08385,427.9,0.089002
RO,J58,2014,39.12351,435.6,0.089815
RO,J58,2015,39.22124,449.8,0.087197
RO,J58,2016,41.23945,482.9,0.085400
RO,J58,2017,44.53478,566.1,0.078669
RO,J58,2018,45.90203,738.7,0.062139
RO,J58,2019,46.17765,664.9,0.069451
RO,J58,2020,43.99228,1001.4,0.043931
RO,J58,2021,47.15157,1120.4,0.042085
RO,J58,2022,50.17703,1026.9,0.048863
RO,J58,2023,52.63472,1459.1,0.036073
RO,J59_J60,2012,143.3121,424.8,0.337364
RO,J59_J60,2013,139.04847,544.4,0.255416
RO,J59_J60,2014,142.67931,525.3,0.271615
RO,J59_J60,2015,142.36354,676.3,0.210504
RO,J59_J60,2016,149.52938,732.9,0.204024
RO,J59_J60,2017,157.89369,752.5,0.209826
RO,J59_J60,2018,161.41203,893.2,0.180712
RO,J59_J60,2019,162.47619,1349.5,0.120397
RO,J59_J60,2020,153.74097,778.6,0.197458
RO,J59_J60,2021,165.03753,845.1,0.195288
RO,J59_J60,2022,176.54011,1017.4,0.173521
RO,J59_J60,2023,184.65942,1079.4,0.171076
RO,J61,2012,69.85739,2210.1,0.031608
RO,J61,2013,70.64281,2445.2,0.028890
RO,J61,2014,73.35336,2704.1,0.027127
RO,J61,2015,75.28983,2543.4,0.029602
RO,J61,2016,80.46735,2572.2,0.031283
RO,J61,2017,86.70657,2779.2,0.031198
RO,J61,2018,89.26001,2722.3,0.032788
RO,J61,2019,89.87864,2512.0,0.035780
RO,J61,2020,86.56512,2463.6,0.035138
RO,J61,2021,92.10744,2604.0,0.035372
RO,J61,2022,97.99984,2932.9,0.033414
RO,J61,2023,100.62509,3549.5,0.028349
RO,J62_J63,2012,38.49696,2968.2,0.012970
RO,J62_J63,2013,38.0962,3923.2,0.009710
RO,J62_J63,2014,39.13781,3658.3,0.010698
RO,J62_J63,2015,39.23512,4411.8,0.008893
RO,J62_J63,2016,41.25388,4903.7,0.008413
RO,J62_J63,2017,44.54905,6236.7,0.007143
RO,J62_J63,2018,45.959,6632.9,0.006929
RO,J62_J63,2019,46.23478,8219.8,0.005625
RO,J62_J63,2020,44.04067,9725.1,0.004529
RO,J62_J63,2021,47.2038,10915.1,0.004325
RO,J62_J63,2022,50.22421,14520.1,0.003459
RO,J62_J63,2023,52.68125,16391.8,0.003214
RO,K,2012,206.93435,3724.8,0.055556
RO,K,2013,206.02386,5315.6,0.038758
RO,K,2014,207.24616,4917.3,0.042146
RO,K,2015,206.32358,4877.2,0.042304
RO,K,2016,213.06484,5497.0,0.038760
RO,K,2017,231.39985,4617.3,0.050116
RO,K,2018,236.98707,5009.4,0.047308
RO,K,2019,237.81213,5111.2,0.046528
RO,K,2020,223.85866,6566.4,0.034092
RO,K,2021,241.24975,6808.7,0.035433
RO,K,2022,253.59047,8180.0,0.031001
RO,K,2023,267.92535,10802.2,0.024803
RO,K64,2012,133.87414,3081.2,0.043449
RO,K64,2013,132.66886,3793.6,0.034972
RO,K64,2014,133.19005,3851.0,0.034586
RO,K64,2015,132.28653,3872.9,0.034157
RO,K64,2016,136.27146,4388.6,0.031051
RO,K64,2017,148.14761,3504.3,0.042276
RO,K64,2018,151.37563,3829.7,0.039527
RO,K64,2019,151.66772,4145.4,0.036587
RO,K64,2020,142.19717,5287.6,0.026893
RO,K64,2021,153.56061,5569.2,0.027573
RO,K64,2022,161.33923,6174.9,0.026128
RO,K64,2023,170.6863,8310.9,0.020538
RO,K65,2012,38.74704,359.5,0.107780
RO,K65,2013,38.84734,234.8,0.165449
RO,K65,2014,39.2154,417.6,0.093907
RO,K65,2015,39.17888,423.6,0.092490
RO,K65,2016,40.62429,501.8,0.080957
RO,K65,2017,44.06623,582.7,0.075624
RO,K65,2018,45.3269,458.3,0.098902
RO,K65,2019,45.59327,218.6,0.208569
RO,K65,2020,43.22158,543.8,0.079481
RO,K65,2021,46.42503,342.8,0.135429
RO,K65,2022,48.83313,1018.2,0.047960
RO,K65,2023,51.52102,1412.7,0.036470
RO,K66,2012,34.31317,284.0,0.120821
RO,K66,2013,34.50766,1287.2,0.026808
RO,K66,2014,34.84071,648.7,0.053709
RO,K66,2015,34.85817,580.6,0.060038
RO,K66,2016,36.16909,606.6,0.059626
RO,K66,2017,39.18601,530.3,0.073894
RO,K66,2018,40.28454,721.5,0.055834
RO,K66,2019,40.55113,747.3,0.054264
RO,K66,2020,38.43991,735.0,0.052299
RO,K66,2021,41.26412,896.7,0.046018
RO,K66,2022,43.41812,986.8,0.043999
RO,K66,2023,45.71803,1078.7,0.042383
RO,L,2012,443.20523,11492.3,0.038565
RO,L,2013,438.07032,11590.9,0.037794
RO,L,2014,441.092,12424.7,0.035501
RO,L,2015,438.83549,13739.5,0.031940
RO,L,2016,453.39559,14016.2,0.032348
RO,L,2017,492.13507,15410.0,0.031936
RO,L,2018,502.1183,15831.6,0.031716
RO,L,2019,502.94601,17847.9,0.028180
RO,L,2020,470.41203,17114.5,0.027486
RO,L,2021,508.09493,18643.9,0.027253
RO,L,2022,535.25779,21053.9,0.025423
RO,L,2023,563.72336,23324.7,0.024169
RO,L68A,2012,0.0,9415.3,0.000000
RO,L68A,2013,0.0,9456.9,0.000000
RO,L68A,2014,0.0,9996.2,0.000000
RO,L68A,2015,0.0,11149.5,0.000000
RO,L68A,2016,0.0,11347.1,0.000000
RO,L68A,2017,0.0,11940.8,0.000000
RO,L68A,2018,0.0,12027.0,0.000000
RO,L68A,2019,0.0,13459.8,0.000000
RO,L68A,2020,0.0,13733.2,0.000000
RO,L68A,2021,0.0,14769.9,0.000000
RO,L68A,2022,0.0,16450.5,0.000000
RO,L68A,2023,0.0,18102.7,0.000000
RO,M,2012,524.22889,4821.7,0.108723
RO,M,2013,513.9866,6393.1,0.080397
RO,M,2014,528.71906,6390.2,0.082739
RO,M,2015,531.54582,7959.8,0.066779
RO,M,2016,560.49011,8071.4,0.069441
RO,M,2017,597.45298,9420.6,0.063420
RO,M,2018,611.6894,9712.4,0.062980
RO,M,2019,614.92858,11479.3,0.053568
RO,M,2020,583.55185,10894.9,0.053562
RO,M,2021,625.5362,11289.4,0.055409
RO,M,2022,667.60581,14940.5,0.044684
RO,M,2023,694.76928,17282.2,0.040201
RO,M69_M70,2012,152.12262,2325.3,0.065421
RO,M69_M70,2013,145.9734,3054.5,0.047790
RO,M69_M70,2014,150.321,3009.3,0.049952
RO,M69_M70,2015,150.00589,3789.4,0.039586
RO,M69_M70,2016,157.93808,3895.7,0.040542
RO,M69_M70,2017,166.66239,4108.6,0.040564
RO,M69_M70,2018,170.55797,4427.8,0.038520
RO,M69_M70,2019,171.17422,5228.1,0.032741
RO,M69_M70,2020,161.22864,4936.5,0.032661
RO,M69_M70,2021,173.43451,4953.1,0.035015
RO,M69_M70,2022,185.91033,6595.2,0.028189
RO,M69_M70,2023,193.83586,7126.3,0.027200
RO,M71,2012,68.89416,1305.1,0.052788
RO,M71,2013,67.72391,1613.1,0.041984
RO,M71,2014,69.78544,1670.9,0.041765
RO,M71,2015,70.02052,1718.0,0.040757
RO,M71,2016,73.75838,1610.9,0.045787
RO,M71,2017,79.10635,1985.9,0.039834
RO,M71,2018,81.31619,2163.3,0.037589
RO,M71,2019,81.72579,2578.2,0.031699
RO,M71,2020,76.73555,2479.7,0.030945
RO,M71,2021,82.50416,2652.4,0.031105
RO,M71,2022,88.31027,3476.3,0.025404
RO,M71,2023,91.6312,4214.6,0.021741
RO,M72,2012,59.82452,343.2,0.174314
RO,M72,2013,62.62409,280.5,0.223259
RO,M72,2014,65.07504,378.5,0.171929
RO,M72,2015,68.15724,686.9,0.099224
RO,M72,2016,73.5026,700.0,0.105004
RO,M72,2017,80.22497,839.9,0.095517
RO,M72,2018,82.89872,864.6,0.095881
RO,M72,2019,83.55736,959.5,0.087084
RO,M72,2020,83.15026,1100.1,0.075584
RO,M72,2021,87.57478,1198.2,0.073089
RO,M72,2022,91.96218,1559.5,0.058969
RO,M72,2023,94.5798,1956.5,0.048341
RO,M73,2012,68.88488,440.3,0.156450
RO,M73,2013,67.71441,587.7,0.115219
RO,M73,2014,69.77444,542.1,0.128711
RO,M73,2015,70.00984,882.3,0.079349
RO,M73,2016,73.74728,904.4,0.081543
RO,M73,2017,79.09538,1032.3,0.076621
RO,M73,2018,81.27238,926.6,0.087710
RO,M73,2019,81.68185,1033.2,0.079057
RO,M73,2020,76.69833,944.9,0.081171
RO,M73,2021,82.464,1104.6,0.074655
RO,M73,2022,88.27398,1352.8,0.065253
RO,M73,2023,91.59542,1725.8,0.053074
RO,M74_M75,2012,174.50271,407.8,0.427912
RO,M74_M75,2013,169.95078,857.2,0.198263
RO,M74_M75,2014,173.76314,789.4,0.220121
RO,M74_M75,2015,173.35234,883.3,0.196255
RO,M74_M75,2016,181.54376,960.4,0.189029
RO,M74_M75,2017,192.36388,1453.9,0.132309
RO,M74_M75,2018,195.64413,1330.1,0.147090
RO,M74_M75,2019,196.78936,1680.2,0.117123
RO,M74_M75,2020,185.73906,1433.8,0.129543
RO,M74_M75,2021,199.55876,1381.2,0.144482
RO,M74_M75,2022,213.14906,1956.7,0.108933
RO,M74_M75,2023,223.12701,2259.0,0.098772
RO,N,2012,352.00488,2119.7,0.166064
RO,N,2013,346.46185,2671.6,0.129683
RO,N,2014,355.42594,2972.7,0.119563
RO,N,2015,355.80176,3356.3,0.106010
RO,N,2016,374.19089,3462.3,0.108076
RO,N,2017,396.51523,4716.5,0.084070
RO,N,2018,405.26819,5187.2,0.078129
RO,N,2019,408.93732,5869.6,0.069670
RO,N,2020,386.84598,5291.3,0.073110
RO,N,2021,414.62424,5897.1,0.070310
RO,N,2022,443.94263,6842.7,0.064878
RO,N,2023,462.48273,8493.8,0.054449
RO,N77,2012,48.54415,364.2,0.133290
RO,N77,2013,48.70766,355.8,0.136896
RO,N77,2014,49.45524,397.2,0.124510
RO,N77,2015,49.49124,496.1,0.099761
RO,N77,2016,51.57428,482.6,0.106868
RO,N77,2017,55.649,591.2,0.094129
RO,N77,2018,57.22828,620.1,0.092289
RO,N77,2019,57.72364,745.9,0.077388
RO,N77,2020,54.74058,644.8,0.084895
RO,N77,2021,58.70427,717.9,0.081772
RO,N77,2022,62.1184,879.9,0.070597
RO,N77,2023,65.2446,1083.3,0.060228
RO,N78,2012,68.88336,264.2,0.260724
RO,N78,2013,67.71286,334.5,0.202430
RO,N78,2014,69.77265,415.1,0.168086
RO,N78,2015,70.0081,487.5,0.143606
RO,N78,2016,73.74547,527.9,0.139696
RO,N78,2017,79.09359,646.6,0.122322
RO,N78,2018,81.26523,691.7,0.117486
RO,N78,2019,81.67468,711.4,0.114808
RO,N78,2020,76.69226,627.7,0.122180
RO,N78,2021,82.45744,741.3,0.111234
RO,N78,2022,88.26806,805.9,0.109527
RO,N78,2023,91.58957,1038.7,0.088177
RO,N79,2012,82.62896,147.4,0.560576
RO,N79,2013,84.23705,272.8,0.308787
RO,N79,2014,86.04465,228.5,0.376563
RO,N79,2015,86.46158,213.2,0.405542
RO,N79,2016,91.11097,196.4,0.463905
RO,N79,2017,95.31805,296.3,0.321694
RO,N79,2018,96.45022,315.6,0.305609
RO,N79,2019,98.61317,363.4,0.271363
RO,N79,2020,94.43259,209.7,0.450322
RO,N79,2021,100.29182,241.8,0.414772
RO,N79,2022,107.93492,365.7,0.295146
RO,N79,2023,112.09602,499.8,0.224282
RO,N80-N82,2012,151.94841,1343.9,0.113065
RO,N80-N82,2013,145.80427,1708.4,0.085346
RO,N80-N82,2014,150.1534,1931.9,0.077723
RO,N80-N82,2015,149.84084,2159.6,0.069384
RO,N80-N82,2016,157.76017,2255.4,0.069948
RO,N80-N82,2017,166.45459,3182.5,0.052303
RO,N80-N82,2018,170.32446,3559.8,0.047847
RO,N80-N82,2019,170.92582,4048.8,0.042216
RO,N80-N82,2020,160.98055,3809.1,0.042262
RO,N80-N82,2021,173.17071,4196.0,0.041270
RO,N80-N82,2022,185.62125,4791.2,0.038742
RO,N80-N82,2023,193.55253,5872.0,0.032962
RO,O,2012,414.68529,5593.3,0.074140
RO,O,2013,402.85318,6201.2,0.064964
RO,O,2014,411.81613,5666.4,0.072677
RO,O,2015,411.33059,6374.5,0.064528
RO,O,2016,431.98622,8065.7,0.053558
RO,O,2017,456.50186,9487.3,0.048117
RO,O,2018,466.71163,11104.7,0.042028
RO,O,2019,469.26722,12021.2,0.039037
RO,O,2020,448.28364,12557.7,0.035698
RO,O,2021,480.04204,13048.3,0.036790
RO,O,2022,510.67751,14046.2,0.036357
RO,O,2023,536.19934,15569.2,0.034440
RO,P,2012,238.87403,4753.9,0.050248
RO,P,2013,239.93,5580.1,0.042997
RO,P,2014,243.13125,5076.7,0.047892
RO,P,2015,244.39037,4986.7,0.049008
RO,P,2016,255.18422,5515.7,0.046265
RO,P,2017,275.41562,6513.0,0.042287
RO,P,2018,281.20065,7209.1,0.039006
RO,P,2019,283.10885,9000.8,0.031454
RO,P,2020,269.94932,8631.8,0.031274
RO,P,2021,289.06963,7152.7,0.040414
RO,P,2022,305.16202,8005.8,0.038118
RO,P,2023,319.89584,9848.3,0.032482
RO,Q,2012,333.80912,3675.1,0.090830
RO,Q,2013,334.48698,3427.4,0.097592
RO,Q,2014,342.5422,6572.8,0.052115
RO,Q,2015,346.88932,4371.6,0.079351
RO,Q,2016,365.68814,5317.8,0.068767
RO,Q,2017,392.27202,6947.9,0.056459
RO,Q,2018,401.04034,8749.2,0.045837
RO,Q,2019,404.30145,10069.2,0.040152
RO,Q,2020,388.23129,10948.3,0.035460
RO,Q,2021,414.06951,11370.5,0.036416
RO,Q,2022,438.98265,12021.3,0.036517
RO,Q,2023,457.29472,13100.5,0.034907
RO,Q86,2012,115.13046,3578.4,0.032174
RO,Q86,2013,116.99739,3356.1,0.034861
RO,Q86,2014,120.1858,5255.3,0.022869
RO,Q86,2015,122.65671,4250.2,0.028859
RO,Q86,2016,129.87769,5180.4,0.025071
RO,Q86,2017,140.34342,6733.3,0.020843
RO,Q86,2018,144.34909,8443.3,0.017096
RO,Q86,2019,145.60914,9563.6,0.015225
RO,Q86,2020,140.56929,10354.3,0.013576
RO,Q86,2021,149.52914,11076.2,0.013500
RO,Q86,2022,158.13867,11745.6,0.013464
RO,Q86,2023,164.04395,12831.6,0.012784
RO,Q87_Q88,2012,218.67866,96.7,2.261413
RO,Q87_Q88,2013,217.48958,71.3,3.050345
RO,Q87_Q88,2014,222.35641,1317.5,0.168771
RO,Q87_Q88,2015,224.23261,121.3,1.848579
RO,Q87_Q88,2016,235.81046,137.4,1.716233
RO,Q87_Q88,2017,251.9286,214.6,1.173945
RO,Q87_Q88,2018,256.69125,306.0,0.838860
RO,Q87_Q88,2019,258.69231,505.6,0.511654
RO,Q87_Q88,2020,247.662,594.1,0.416869
RO,Q87_Q88,2021,264.54037,294.3,0.898880
RO,Q87_Q88,2022,280.84398,275.7,1.018658
RO,Q87_Q88,2023,293.25077,268.9,1.090557
RO,R,2012,112.3491,1919.8,0.058521
RO,R,2013,116.80186,2084.4,0.056036
RO,R,2014,120.74753,2303.7,0.052415
RO,R,2015,124.32656,2582.9,0.048134
RO,R,2016,132.73532,2869.5,0.046257
RO,R,2017,143.02885,3119.8,0.045846
RO,R,2018,147.00163,3706.6,0.039659
RO,R,2019,149.04979,4304.6,0.034626
RO,R,2020,145.8308,2957.5,0.049309
RO,R,2021,154.17136,3386.8,0.045521
RO,R,2022,163.431,4001.8,0.040839
RO,R,2023,168.80635,4769.4,0.035394
RO,R90-R92,2012,61.46375,1791.6,0.034307
RO,R90-R92,2013,62.49609,1857.6,0.033643
RO,R90-R92,2014,63.87695,2090.8,0.030551
RO,R90-R92,2015,64.16704,2323.1,0.027621
RO,R90-R92,2016,67.28384,2494.8,0.026970
RO,R90-R92,2017,71.86787,2603.4,0.027605
RO,R90-R92,2018,73.55258,3119.6,0.023578
RO,R90-R92,2019,74.68366,3669.1,0.020355
RO,R90-R92,2020,71.05279,2389.1,0.029740
RO,R90-R92,2021,75.8539,2621.3,0.028938
RO,R90-R92,2022,80.93937,3045.8,0.026574
RO,R90-R92,2023,84.46173,3470.4,0.024338
RO,R93,2012,50.88534,128.2,0.396922
RO,R93,2013,54.30576,226.8,0.239443
RO,R93,2014,56.87058,212.9,0.267123
RO,R93,2015,60.15952,259.8,0.231561
RO,R93,2016,65.45148,374.7,0.174677
RO,R93,2017,71.16098,516.4,0.137802
RO,R93,2018,73.44905,587.0,0.125126
RO,R93,2019,74.36613,635.5,0.117020
RO,R93,2020,74.77801,568.4,0.131559
RO,R93,2021,78.31747,765.4,0.102322
RO,R93,2022,82.49164,956.0,0.086288
RO,R93,2023,84.34463,1299.0,0.064930
RO,S,2012,301.73142,2076.6,0.145301
RO,S,2013,297.3095,1450.8,0.204928
RO,S,2014,307.004,1798.7,0.170681
RO,S,2015,309.60731,2495.2,0.124081
RO,S,2016,327.61105,2117.6,0.154709
RO,S,2017,348.1222,2720.9,0.127944
RO,S,2018,355.36699,3004.5,0.118278
RO,S,2019,357.97942,2867.9,0.124823
RO,S,2020,338.57379,2730.6,0.123992
RO,S,2021,362.69047,2825.7,0.128354
RO,S,2022,388.92976,3334.9,0.116624
RO,S,2023,401.97749,4882.7,0.082327
RO,S94,2012,32.1277,1295.4,0.024801
RO,S94,2013,32.40446,573.6,0.056493
RO,S94,2014,33.10042,805.4,0.041098
RO,S94,2015,33.28129,880.9,0.037781
RO,S94,2016,34.89426,825.3,0.042281
RO,S94,2017,37.50831,878.7,0.042686
RO,S94,2018,38.50888,1049.0,0.036710
RO,S94,2019,38.9185,1114.2,0.034930
RO,S94,2020,37.04564,1199.2,0.030892
RO,S94,2021,39.61703,1180.1,0.033571
RO,S94,2022,42.09301,1261.1,0.033378
RO,S94,2023,43.98087,2231.9,0.019706
RO,S95,2012,195.34757,330.0,0.591962
RO,S95,2013,188.63551,352.7,0.534833
RO,S95,2014,195.10635,365.1,0.534392
RO,S95,2015,195.52823,421.4,0.463997
RO,S95,2016,206.65868,366.5,0.563871
RO,S95,2017,218.03515,401.4,0.543187
RO,S95,2018,221.88273,503.1,0.441031
RO,S95,2019,222.92718,355.6,0.626904
RO,S95,2020,208.2543,443.1,0.469994
RO,S95,2021,224.13622,469.6,0.477292
RO,S95,2022,241.73251,492.0,0.491326
RO,S95,2023,249.38911,434.6,0.573836
RO,S96,2012,74.25615,451.3,0.164538
RO,S96,2013,76.26953,524.6,0.145386
RO,S96,2014,78.79723,628.2,0.125433
RO,S96,2015,80.79779,1193.0,0.067727
RO,S96,2016,86.05812,925.8,0.092955
RO,S96,2017,92.57874,1440.8,0.064255
RO,S96,2018,94.97538,1452.4,0.065392
RO,S96,2019,96.13374,1398.1,0.068760
RO,S96,2020,93.27386,1088.3,0.085706
RO,S96,2021,98.93722,1176.0,0.084130
RO,S96,2022,105.10425,1581.8,0.066446
RO,S96,2023,108.60752,2216.2,0.049006
RO,TOTAL,2012,113852.87127,123151.9,0.924491
RO,TOTAL,2013,103136.21081,125977.2,0.818689
RO,TOTAL,2014,103279.05034,133119.6,0.775837
RO,TOTAL,2015,101931.58404,140803.8,0.723926
RO,TOTAL,2016,99632.71812,149958.4,0.664402
RO,TOTAL,2017,101677.13113,168623.9,0.602982
RO,TOTAL,2018,101681.77156,185103.4,0.549324
RO,TOTAL,2019,98292.51653,202007.4,0.486579
RO,TOTAL,2020,93614.75641,199201.9,0.469949
RO,TOTAL,2021,95730.55427,217720.0,0.439696
RO,TOTAL,2022,90399.7102,257784.6,0.350679
RO,TOTAL,2023,84163.16181,293669.9,0.286591
SE,A,2012,8606.95163,5359.7,1.605864
SE,A,2013,8583.76736,5412.4,1.585945
SE,A,2014,8564.15164,5452.4,1.570712
SE,A,2015,8550.32991,5894.5,1.450561
SE,A,2016,8383.95461,5943.7,1.410562
SE,A,2017,8436.60338,6272.7,1.344972
SE,A,2018,8062.35496,5822.3,1.384737
SE,A,2019,8114.88821,5961.6,1.361193
SE,A,2020,8143.85527,5719.2,1.423950
SE,A,2021,8024.13874,6190.8,1.296139
SE,A,2022,7941.19958,6778.4,1.171545
SE,A,2023,7862.89494,6862.5,1.145777
SE,A01,2012,7484.76391,2960.7,2.528039
SE,A01,2013,7516.45599,2873.0,2.616239
SE,A01,2014,7532.335,2862.2,2.631659
SE,A01,2015,7529.8837,2912.2,2.585634
SE,A01,2016,7439.49156,2908.8,2.557581
SE,A01,2017,7530.25356,3279.3,2.296299
SE,A01,2018,7213.41828,2831.2,2.547831
SE,A01,2019,7256.46236,2978.9,2.435954
SE,A01,2020,7312.18245,2981.6,2.452436
SE,A01,2021,7193.56583,3331.7,2.159128
SE,A01,2022,7215.78636,3805.1,1.896346
SE,A01,2023,7127.30695,3470.0,2.053979
SE,A02,2012,1015.21801,2292.0,0.442940
SE,A02,2013,963.16154,2425.9,0.397033
SE,A02,2014,932.16085,2490.6,0.374272
SE,A02,2015,925.4206,2859.4,0.323642
SE,A02,2016,855.9633,2904.4,0.294713
SE,A02,2017,826.26594,2857.5,0.289157
SE,A02,2018,776.68296,2864.4,0.271150
SE,A02,2019,792.76047,2867.8,0.276435
SE,A02,2020,770.84425,2626.9,0.293443
SE,A02,2021,768.16598,2767.0,0.277617
SE,A02,2022,663.5544,2878.8,0.230497
SE,A02,2023,676.62449,3332.3,0.203050
SE,A03,2012,106.9697,107.0,0.999717
SE,A03,2013,104.14983,113.4,0.918429
SE,A03,2014,99.65579,99.6,1.000560
SE,A03,2015,95.02561,122.9,0.773195
SE,A03,2016,88.49975,130.5,0.678159
SE,A03,2017,80.08387,136.0,0.588852
SE,A03,2018,72.25372,126.7,0.570274
SE,A03,2019,65.66539,114.9,0.571500
SE,A03,2020,60.82856,110.7,0.549490
SE,A03,2021,62.40693,92.2,0.676865
SE,A03,2022,61.85882,94.5,0.654591
SE,A03,2023,58.9635,60.1,0.981090
SE,B,2012,910.09451,2747.3,0.331269
SE,B,2013,882.28744,2202.0,0.400675
SE,B,2014,938.01471,1918.4,0.488957
SE,B,2015,921.62056,1674.1,0.550517
SE,B,2016,924.40839,1766.7,0.523240
SE,B,2017,935.22398,2697.2,0.346739
SE,B,2018,885.29456,2725.3,0.324843
SE,B,2019,901.2227,3361.9,0.268069
SE,B,2020,898.74508,2959.6,0.303671
SE,B,2021,888.81679,5176.9,0.171689
SE,B,2022,827.72815,3929.8,0.210629
SE,B,2023,802.79221,3290.5,0.243973
SE,C,2012,15779.6514,60230.5,0.261988
SE,C,2013,14809.34642,58767.0,0.252001
SE,C,2014,14665.70063,56824.5,0.258088
SE,C,2015,14929.61387,62230.3,0.239909
SE,C,2016,15217.44658,62685.3,0.242759
SE,C,2017,15016.82169,63390.8,0.236893
SE,C,2018,15025.15441,62541.0,0.240245
SE,C,2019,15037.06471,62522.0,0.240508
SE,C,2020,13045.66795,60505.1,0.215613
SE,C,2021,14223.03787,68875.9,0.206502
SE,C,2022,13905.37671,74889.6,0.185678
SE,C,2023,13648.51817,71682.3,0.190403
SE,C10-C12,2012,837.0308,4517.6,0.185282
SE,C10-C12,2013,794.76163,4818.6,0.164936
SE,C10-C12,2014,767.35339,4556.6,0.168405
SE,C10-C12,2015,702.94901,4649.6,0.151185
SE,C10-C12,2016,734.26804,4756.3,0.154378
SE,C10-C12,2017,691.7937,4658.3,0.148508
SE,C10-C12,2018,655.64918,4650.3,0.140991
SE,C10-C12,2019,636.07875,4505.4,0.141181
SE,C10-C12,2020,627.27584,4826.0,0.129978
SE,C10-C12,2021,570.08691,4930.8,0.115618
SE,C10-C12,2022,550.68402,4149.2,0.132721
SE,C10-C12,2023,510.53573,4827.2,0.105762
SE,C13-C15,2012,41.90631,465.3,0.090063
SE,C13-C15,2013,38.71512,462.9,0.083636
SE,C13-C15,2014,34.088,459.2,0.074233
SE,C13-C15,2015,29.82906,490.2,0.060851
SE,C13-C15,2016,28.5869,486.9,0.058712
SE,C13-C15,2017,26.17018,496.5,0.052709
SE,C13-C15,2018,20.86286,460.0,0.045354
SE,C13-C15,2019,20.32801,467.5,0.043482
SE,C13-C15,2020,18.25558,437.7,0.041708
SE,C13-C15,2021,17.6782,469.8,0.037629
SE,C13-C15,2022,19.32678,506.0,0.038195
SE,C13-C15,2023,19.65751,496.2,0.039616
SE,C16,2012,233.03213,1912.8,0.121828
SE,C16,2013,213.09302,2015.7,0.105717
SE,C16,2014,203.51911,2303.3,0.088360
SE,C16,2015,206.95402,2489.8,0.083121
SE,C16,2016,279.60741,2259.3,0.123758
SE,C16,2017,289.34135,2587.9,0.111805
SE,C16,2018,300.78648,2472.5,0.121653
SE,C16,2019,303.33597,2237.7,0.135557
SE,C16,2020,298.38138,2295.9,0.129963
SE,C16,2021,302.35041,4201.6,0.071961
SE,C16,2022,291.06212,3954.5,0.073603
SE,C16,2023,266.26129,2189.0,0.121636
SE,C17,2012,1392.8821,3935.4,0.353937
SE,C17,2013,1151.30537,3800.4,0.302943
SE,C17,2014,992.72904,3953.2,0.251120
SE,C17,2015,925.41005,3959.7,0.233707
SE,C17,2016,1062.62301,3892.3,0.273006
SE,C17,2017,1042.7317,3958.8,0.263396
SE,C17,2018,1105.06896,4437.6,0.249024
SE,C17,2019,1051.40966,4086.3,0.257301
SE,C17,2020,989.39204,3821.8,0.258881
SE,C17,2021,1023.19922,4390.3,0.233059
SE,C17,2022,936.9164,5769.5,0.162391
SE,C17,2023,1096.73664,3472.0,0.315880
SE,C18,2012,24.42827,1075.7,0.022709
SE,C18,2013,21.26925,950.0,0.022389
SE,C18,2014,19.77145,928.8,0.021287
SE,C18,2015,18.78281,872.4,0.021530
SE,C18,2016,14.90049,855.7,0.017413
SE,C18,2017,14.80155,707.5,0.020921
SE,C18,2018,14.41267,737.1,0.019553
SE,C18,2019,14.47913,598.6,0.024188
SE,C18,2020,11.61041,556.7,0.020856
SE,C18,2021,11.07762,600.2,0.018457
SE,C18,2022,9.58144,572.1,0.016748
SE,C18,2023,8.4249,529.1,0.015923
SE,C19,2012,3106.68058,964.7,3.220359
SE,C19,2013,2687.95308,1150.6,2.336132
SE,C19,2014,2877.32934,1234.7,2.330387
SE,C19,2015,2950.11255,847.6,3.480548
SE,C19,2016,2890.78155,735.6,3.929828
SE,C19,2017,2967.83474,918.4,3.231527
SE,C19,2018,3107.20103,689.5,4.506455
SE,C19,2019,2496.65716,601.8,4.148649
SE,C19,2020,2393.81397,19.5,122.759691
SE,C19,2021,2834.9542,492.2,5.759761
SE,C19,2022,2782.25278,1538.3,1.808654
SE,C19,2023,2757.9466,1431.0,1.927286
SE,C22,2012,97.63398,1677.9,0.058188
SE,C22,2013,92.72327,1640.2,0.056532
SE,C22,2014,88.91416,1647.3,0.053976
SE,C22,2015,88.27797,1742.2,0.050670
SE,C22,2016,85.94238,1675.2,0.051303
SE,C22,2017,77.90475,1714.0,0.045452
SE,C22,2018,74.78694,1596.1,0.046856
SE,C22,2019,75.21642,1589.7,0.047315
SE,C22,2020,78.07222,1696.2,0.046028
SE,C22,2021,61.94385,1582.5,0.039143
SE,C22,2022,58.81458,1639.4,0.035876
SE,C22,2023,49.27703,1728.5,0.028509
SE,C23,2012,3465.12804,1803.9,1.920909
SE,C23,2013,3157.07996,1568.6,2.012674
SE,C23,2014,3100.48728,1505.6,2.059303
SE,C23,2015,3255.16691,1541.9,2.111140
SE,C23,2016,3337.33976,1569.3,2.126642
SE,C23,2017,3303.99164,1675.0,1.972532
SE,C23,2018,3381.99494,1496.6,2.259785
SE,C23,2019,2929.91508,1561.8,1.875986
SE,C23,2020,2760.26655,1593.2,1.732530
SE,C23,2021,2751.943,1552.6,1.772474
SE,C23,2022,2647.17196,1622.0,1.632042
SE,C23,2023,2570.0268,1431.2,1.795715
SE,C24,2012,4482.92558,2759.2,1.624719
SE,C24,2013,4561.59385,3031.6,1.504682
SE,C24,2014,4629.16817,3063.4,1.511121
SE,C24,2015,4842.69667,2959.5,1.636323
SE,C24,2016,4854.56117,3090.0,1.571055
SE,C24,2017,4668.48391,2850.8,1.637605
SE,C24,2018,4465.61433,3457.0,1.291760
SE,C24,2019,5668.36945,3418.1,1.658339
SE,C24,2020,4425.09387,3838.5,1.152819
SE,C24,2021,4786.84996,2904.6,1.648024
SE,C24,2022,4993.54279,3687.0,1.354365
SE,C24,2023,4721.60436,2804.9,1.683341
SE,C25,2012,222.83569,5764.8,0.038655
SE,C25,2013,211.47284,5822.1,0.036322
SE,C25,2014,205.30451,5534.5,0.037095
SE,C25,2015,189.51379,5462.0,0.034697
SE,C25,2016,179.54203,5611.7,0.031994
SE,C25,2017,186.40884,6009.6,0.031019
SE,C25,2018,171.28228,5611.9,0.030521
SE,C25,2019,172.35047,5567.9,0.030954
SE,C25,2020,142.30586,5116.4,0.027814
SE,C25,2021,142.33726,5370.4,0.026504
SE,C25,2022,131.2593,6756.3,0.019428
SE,C25,2023,130.31518,6012.9,0.021673
SE,C26,2012,18.60148,2998.7,0.006203
SE,C26,2013,16.82667,2868.5,0.005866
SE,C26,2014,14.09456,2488.5,0.005664
SE,C26,2015,11.69881,2348.9,0.004981
SE,C26,2016,11.61229,2254.3,0.005151
SE,C26,2017,10.034,2208.3,0.004544
SE,C26,2018,9.75952,1954.7,0.004993
SE,C26,2019,9.12125,2242.7,0.004067
SE,C26,2020,9.02184,2410.3,0.003743
SE,C26,2021,8.72346,2945.5,0.002962
SE,C26,2022,8.24012,2851.9,0.002889
SE,C26,2023,6.21026,3021.2,0.002056
SE,C27,2012,33.92272,2275.4,0.014908
SE,C27,2013,33.25304,2191.8,0.015172
SE,C27,2014,29.29254,1764.2,0.016604
SE,C27,2015,32.16192,2459.0,0.013079
SE,C27,2016,34.28202,2277.1,0.015055
SE,C27,2017,27.47608,2352.5,0.011680
SE,C27,2018,25.54253,2244.9,0.011378
SE,C27,2019,23.90346,2078.5,0.011500
SE,C27,2020,18.32103,1859.2,0.009854
SE,C27,2021,19.98612,1952.0,0.010239
SE,C27,2022,19.75716,2119.3,0.009322
SE,C27,2023,17.15044,1313.9,0.013053
SE,C28,2012,134.31085,8785.2,0.015288
SE,C28,2013,128.68643,7276.7,0.017685
SE,C28,2014,137.4443,7410.6,0.018547
SE,C28,2015,141.1272,8004.7,0.017631
SE,C28,2016,144.48446,8089.2,0.017861
SE,C28,2017,138.80596,9197.5,0.015092
SE,C28,2018,129.60541,8991.5,0.014414
SE,C28,2019,116.26586,8844.6,0.013145
SE,C28,2020,99.53553,8187.0,0.012158
SE,C28,2021,113.0886,10439.4,0.010833
SE,C28,2022,108.56311,11662.3,0.009309
SE,C28,2023,105.73202,11517.5,0.009180
SE,C29,2012,211.60525,6628.3,0.031925
SE,C29,2013,220.41699,6742.5,0.032691
SE,C29,2014,176.71767,6999.0,0.025249
SE,C29,2015,181.05588,10096.6,0.017932
SE,C29,2016,149.71936,11083.8,0.013508
SE,C29,2017,178.96599,10898.5,0.016421
SE,C29,2018,183.10222,11028.1,0.016603
SE,C29,2019,169.26301,10599.2,0.015969
SE,C29,2020,133.2161,9099.5,0.014640
SE,C29,2021,143.26956,11573.8,0.012379
SE,C29,2022,124.60042,10772.8,0.011566
SE,C29,2023,143.74341,14261.0,0.010079
SE,C30,2012,18.33864,1505.5,0.012181
SE,C30,2013,18.04634,2438.2,0.007402
SE,C30,2014,16.85508,2470.4,0.006823
SE,C30,2015,16.81028,2653.0,0.006336
SE,C30,2016,18.98335,2557.8,0.007422
SE,C30,2017,16.32335,2622.6,0.006224
SE,C30,2018,15.39624,2267.9,0.006789
SE,C30,2019,15.82785,2411.6,0.006563
SE,C30,2020,19.69804,2145.3,0.009182
SE,C30,2021,12.7565,2928.5,0.004356
SE,C30,2022,10.76768,2155.9,0.004995
SE,C30,2023,9.48075,2997.6,0.003163
SE,C31_C32,2012,62.19697,2398.9,0.025927
SE,C31_C32,2013,62.88625,2164.7,0.029051
SE,C31_C32,2014,56.70485,2203.6,0.025733
SE,C31_C32,2015,50.68518,2106.1,0.024066
SE,C31_C32,2016,47.14905,2319.0,0.020332
SE,C31_C32,2017,43.87888,1984.9,0.022106
SE,C31_C32,2018,38.88015,1800.1,0.021599
SE,C31_C32,2019,40.27639,1872.4,0.021511
SE,C31_C32,2020,36.42135,2169.4,0.016789
SE,C31_C32,2021,42.26529,2219.5,0.019043
SE,C31_C32,2022,35.75327,1893.8,0.018879
SE,C31_C32,2023,36.3736,1852.6,0.019634
SE,C33,2012,82.23508,1346.8,0.061060
SE,C33,2013,81.43272,1275.8,0.063829
SE,C33,2014,75.41162,1211.6,0.062241
SE,C33,2015,72.13367,1164.6,0.061939
SE,C33,2016,74.2552,1348.6,0.055061
SE,C33,2017,71.53374,1224.8,0.058404
SE,C33,2018,70.34292,1254.5,0.056072
SE,C33,2019,68.81997,1269.0,0.054232
SE,C33,2020,71.03976,1213.4,0.058546
SE,C33,2021,71.54624,1555.8,0.045987
SE,C33,2022,68.41955,1491.3,0.045879
SE,C33,2023,66.50609,1619.4,0.041068
SE,D,2012,7813.24391,11561.9,0.675775
SE,D,2013,7449.72567,10988.4,0.677963
SE,D,2014,6478.75113,10451.9,0.619863
SE,D,2015,6305.77345,9638.2,0.654248
SE,D,2016,6889.26099,9318.4,0.739318
SE,D,2017,6518.18766,9568.2,0.681234
SE,D,2018,6744.81813,8928.3,0.755443
SE,D,2019,5676.25727,10297.4,0.551232
SE,D,2020,5322.51996,9986.9,0.532950
SE,D,2021,6013.13046,12112.1,0.496456
SE,D,2022,5706.93251,15233.4,0.374633
SE,D,2023,5314.4829,11856.6,0.448230
SE,E,2012,2306.66429,2268.7,1.016734
SE,E,2013,2180.31498,2421.3,0.900473
SE,E,2014,2046.81685,2263.7,0.904191
SE,E,2015,1932.77175,2582.2,0.748498
SE,E,2016,1849.05741,2479.3,0.745798
SE,E,2017,1775.30056,2465.5,0.720057
SE,E,2018,1661.03918,2444.1,0.679612
SE,E,2019,1543.94347,2433.0,0.634584
SE,E,2020,1458.91341,2616.3,0.557625
SE,E,2021,1415.72369,3052.4,0.463807
SE,E,2022,1351.78422,3312.0,0.408147
SE,E,2023,1303.57084,3196.1,0.407863
SE,E36,2012,15.69083,421.9,0.037191
SE,E36,2013,15.9237,459.3,0.034669
SE,E36,2014,17.31763,465.5,0.037202
SE,E36,2015,17.04639,484.1,0.035213
SE,E36,2016,15.66232,496.3,0.031558
SE,E36,2017,15.64735,473.1,0.033074
SE,E36,2018,14.34581,443.9,0.032318
SE,E36,2019,15.40634,444.0,0.034699
SE,E36,2020,16.28278,503.7,0.032326
SE,E36,2021,17.11506,550.7,0.031079
SE,E36,2022,14.04764,538.1,0.026106
SE,E36,2023,15.72954,556.9,0.028245
SE,E37-E39,2012,2290.97346,1846.8,1.240510
SE,E37-E39,2013,2164.39128,1962.0,1.103156
SE,E37-E39,2014,2029.49922,1798.2,1.128628
SE,E37-E39,2015,1915.72536,2098.1,0.913076
SE,E37-E39,2016,1833.39509,1983.0,0.924556
SE,E37-E39,2017,1759.65321,1992.4,0.883183
SE,E37-E39,2018,1646.69337,2000.1,0.823306
SE,E37-E39,2019,1528.53712,1988.9,0.768534
SE,E37-E39,2020,1442.63063,2112.6,0.682870
SE,E37-E39,2021,1398.60862,2501.7,0.559063
SE,E37-E39,2022,1337.73658,2773.9,0.482258
SE,E37-E39,2023,1287.84131,2639.1,0.487985
SE,F,2012,1919.88157,22058.8,0.087035
SE,F,2013,1891.20885,22311.0,0.084766
SE,F,2014,1819.47702,22676.4,0.080237
SE,F,2015,1869.88072,24630.4,0.075918
SE,F,2016,1871.99144,25840.6,0.072444
SE,F,2017,1775.50118,27215.9,0.065238
SE,F,2018,1749.93805,27098.5,0.064577
SE,F,2019,1818.04899,27493.6,0.066126
SE,F,2020,1818.33429,28247.5,0.064372
SE,F,2021,1897.09762,31335.7,0.060541
SE,F,2022,1708.00725,32643.3,0.052323
SE,F,2023,1615.98091,30856.3,0.052371
SE,G,2012,1890.13386,42647.4,0.044320
SE,G,2013,1876.32098,44292.3,0.042362
SE,G,2014,1743.3208,44884.0,0.038841
SE,G,2015,1685.46417,45413.6,0.037114
SE,G,2016,1675.86303,45932.6,0.036485
SE,G,2017,1643.96585,47559.4,0.034567
SE,G,2018,1622.10031,44523.3,0.036433
SE,G,2019,1660.95237,45791.6,0.036272
SE,G,2020,1496.53802,47593.9,0.031444
SE,G,2021,1468.4936,53716.3,0.027338
SE,G,2022,1321.93603,49392.1,0.026764
SE,G,2023,1344.15454,48726.7,0.027586
SE,G45,2012,762.69146,5440.7,0.140183
SE,G45,2013,785.13379,5682.8,0.138160
SE,G45,2014,688.72693,5804.4,0.118656
SE,G45,2015,669.50188,6230.6,0.107454
SE,G45,2016,658.55308,6539.8,0.100699
SE,G45,2017,665.72079,6895.1,0.096550
SE,G45,2018,675.40017,6809.3,0.099188
SE,G45,2019,723.26611,6961.1,0.103901
SE,G45,2020,620.86356,7199.9,0.086232
SE,G45,2021,616.85919,7867.8,0.078403
SE,G45,2022,584.0215,6394.5,0.091332
SE,G45,2023,659.43338,6990.3,0.094335
SE,G46,2012,751.76776,22234.0,0.033812
SE,G46,2013,714.34147,22627.5,0.031570
SE,G46,2014,692.23248,23261.4,0.029759
SE,G46,2015,653.06706,23275.6,0.028058
SE,G46,2016,655.71738,23256.8,0.028195
SE,G46,2017,624.04207,24597.3,0.025370
SE,G46,2018,606.84776,22460.1,0.027019
SE,G46,2019,610.76614,23755.7,0.025710
SE,G46,2020,564.03194,24976.3,0.022583
SE,G46,2021,546.42502,28478.3,0.019187
SE,G46,2022,472.65732,27088.4,0.017449
SE,G46,2023,444.30197,26306.1,0.016890
SE,G47,2012,375.67464,14972.7,0.025091
SE,G47,2013,376.84573,15982.0,0.023579
SE,G47,2014,362.36139,15818.2,0.022908
SE,G47,2015,362.89523,15907.4,0.022813
SE,G47,2016,361.59258,16136.0,0.022409
SE,G47,2017,354.20299,16067.1,0.022045
SE,G47,2018,339.85238,15253.9,0.022280
SE,G47,2019,326.92012,15074.7,0.021687
SE,G47,2020,311.64252,15417.8,0.020213
SE,G47,2021,305.20938,17370.1,0.017571
SE,G47,2022,265.25721,15909.2,0.016673
SE,G47,2023,240.41919,15430.3,0.015581
SE,H,2012,7574.2526,21195.5,0.357352
SE,H,2013,7685.15325,21487.5,0.357657
SE,H,2014,7711.1467,21030.4,0.366667
SE,H,2015,8382.71935,21046.1,0.398303
SE,H,2016,9018.98946,21538.7,0.418734
SE,H,2017,8510.16248,22233.4,0.382765
SE,H,2018,8429.16725,21520.1,0.391688
SE,H,2019,8291.15671,21828.3,0.379835
SE,H,2020,6059.88554,20128.0,0.301067
SE,H,2021,6366.48998,22795.9,0.279282
SE,H,2022,7520.29301,25152.7,0.298986
SE,H,2023,7828.41251,24339.6,0.321633
SE,H49,2012,3049.81888,9389.1,0.324825
SE,H49,2013,2773.28895,9471.4,0.292807
SE,H49,2014,2650.71965,9342.1,0.283739
SE,H49,2015,2558.92748,9425.3,0.271496
SE,H49,2016,2263.83639,9736.3,0.232515
SE,H49,2017,2110.39456,10072.1,0.209529
SE,H49,2018,1964.34569,9564.9,0.205370
SE,H49,2019,1930.98338,9784.4,0.197353
SE,H49,2020,1770.67991,8931.5,0.198251
SE,H49,2021,1826.04747,9977.7,0.183013
SE,H49,2022,1606.80701,10555.1,0.152230
SE,H49,2023,1580.959,10312.9,0.153299
SE,H50,2012,1837.2665,751.1,2.446101
SE,H50,2013,2193.29072,700.3,3.131930
SE,H50,2014,2316.44213,744.2,3.112661
SE,H50,2015,3039.53149,917.6,3.312480
SE,H50,2016,3590.52094,797.9,4.499964
SE,H50,2017,3204.92178,800.6,4.003150
SE,H50,2018,3386.41601,737.0,4.594866
SE,H50,2019,3399.25871,859.7,3.954006
SE,H50,2020,2824.61986,637.1,4.433558
SE,H50,2021,2853.99255,816.6,3.494970
SE,H50,2022,3080.94929,1307.6,2.356186
SE,H50,2023,3076.91553,1201.9,2.560043
SE,H51,2012,2041.55595,1007.0,2.027364
SE,H51,2013,2094.59452,983.2,2.130385
SE,H51,2014,2126.91231,671.5,3.167405
SE,H51,2015,2105.9191,739.8,2.846606
SE,H51,2016,2550.90064,746.2,3.418521
SE,H51,2017,2615.06931,785.0,3.331298
SE,H51,2018,2500.7175,725.9,3.444989
SE,H51,2019,2369.88184,539.7,4.391110
SE,H51,2020,864.35585,23.1,37.418002
SE,H51,2021,1050.16344,58.4,17.982251
SE,H51,2022,2237.15671,172.5,12.969024
SE,H51,2023,2570.25261,179.8,14.295065
SE,I,2012,83.26421,6199.1,0.013432
SE,I,2013,83.29092,6611.8,0.012597
SE,I,2014,81.08978,6674.2,0.012150
SE,I,2015,80.52243,7165.9,0.011237
SE,I,2016,79.15299,7720.5,0.010252
SE,I,2017,78.89461,7903.5,0.009982
SE,I,2018,75.46965,7758.4,0.009727
SE,I,2019,72.39389,7749.1,0.009342
SE,I,2020,66.57814,4999.7,0.013316
SE,I,2021,67.52774,5995.4,0.011263
SE,I,2022,60.44366,8014.6,0.007542
SE,I,2023,60.23516,8165.1,0.007377
SE,J,2012,146.14406,25143.7,0.005812
SE,J,2013,140.12509,26680.6,0.005252
SE,J,2014,132.70577,26759.5,0.004959
SE,J,2015,117.03606,29744.8,0.003935
SE,J,2016,109.51219,28275.6,0.003873
SE,J,2017,106.71582,25949.0,0.004113
SE,J,2018,102.96041,28061.3,0.003669
SE,J,2019,97.97866,31357.2,0.003125
SE,J,2020,88.93583,33831.5,0.002629
SE,J,2021,85.04648,38970.0,0.002182
SE,J,2022,72.49626,37963.0,0.001910
SE,J,2023,68.14063,34986.7,0.001948
SE,J58,2012,16.11251,3167.1,0.005087
SE,J58,2013,15.37195,3248.8,0.004732
SE,J58,2014,13.53347,3189.5,0.004243
SE,J58,2015,12.16083,3420.4,0.003555
SE,J58,2016,10.78327,3572.7,0.003018
SE,J58,2017,10.31859,3868.8,0.002667
SE,J58,2018,9.71297,3661.2,0.002653
SE,J58,2019,9.0721,4106.7,0.002209
SE,J58,2020,7.94808,4276.1,0.001859
SE,J58,2021,7.43539,5327.5,0.001396
SE,J58,2022,6.46631,5264.5,0.001228
SE,J58,2023,5.96757,5211.1,0.001145
SE,J59_J60,2012,20.24934,1756.6,0.011528
SE,J59_J60,2013,18.74904,1722.0,0.010888
SE,J59_J60,2014,19.01007,1761.3,0.010793
SE,J59_J60,2015,16.25957,1709.1,0.009514
SE,J59_J60,2016,14.99562,1727.6,0.008680
SE,J59_J60,2017,14.16267,1848.4,0.007662
SE,J59_J60,2018,13.45831,1879.5,0.007161
SE,J59_J60,2019,13.46898,1942.5,0.006934
SE,J59_J60,2020,13.14444,1804.1,0.007286
SE,J59_J60,2021,13.16182,2109.4,0.006240
SE,J59_J60,2022,11.95324,2277.4,0.005249
SE,J59_J60,2023,13.45575,1241.6,0.010837
SE,J61,2012,27.37586,5606.2,0.004883
SE,J61,2013,26.26287,5614.5,0.004678
SE,J61,2014,25.34647,5566.7,0.004553
SE,J61,2015,15.85651,5655.3,0.002804
SE,J61,2016,15.06568,5771.9,0.002610
SE,J61,2017,14.40592,5720.9,0.002518
SE,J61,2018,14.06171,5133.3,0.002739
SE,J61,2019,13.195,5439.7,0.002426
SE,J61,2020,12.97708,5433.9,0.002388
SE,J61,2021,13.84945,5825.0,0.002378
SE,J61,2022,12.05981,4574.6,0.002636
SE,J61,2023,10.58317,4826.6,0.002193
SE,J62_J63,2012,82.40634,14613.7,0.005639
SE,J62_J63,2013,79.74123,16095.2,0.004954
SE,J62_J63,2014,74.81576,16241.9,0.004606
SE,J62_J63,2015,72.75915,18960.0,0.003838
SE,J62_J63,2016,68.66761,17203.4,0.003992
SE,J62_J63,2017,67.82865,14510.9,0.004674
SE,J62_J63,2018,65.72742,17387.3,0.003780
SE,J62_J63,2019,62.24258,19868.3,0.003133
SE,J62_J63,2020,54.86623,22317.5,0.002458
SE,J62_J63,2021,50.59983,25708.2,0.001968
SE,J62_J63,2022,42.0169,25846.4,0.001626
SE,J62_J63,2023,38.13414,23707.4,0.001609
SE,K,2012,91.50808,16820.9,0.005440
SE,K,2013,88.08912,17833.0,0.004940
SE,K,2014,84.61515,18044.3,0.004689
SE,K,2015,86.89979,19077.0,0.004555
SE,K,2016,86.0366,18102.2,0.004753
SE,K,2017,89.15133,17011.6,0.005241
SE,K,2018,82.3506,16008.5,0.005144
SE,K,2019,80.85354,15685.7,0.005155
SE,K,2020,76.66975,18123.2,0.004230
SE,K,2021,102.77414,20459.0,0.005023
SE,K,2022,96.48141,21026.3,0.004589
SE,K,2023,91.73086,21481.5,0.004270
SE,K64,2012,71.66641,11353.6,0.006312
SE,K64,2013,69.00784,12138.1,0.005685
SE,K64,2014,65.71529,12547.2,0.005237
SE,K64,2015,69.26981,13190.1,0.005252
SE,K64,2016,68.93272,12085.5,0.005704
SE,K64,2017,72.36778,11417.7,0.006338
SE,K64,2018,68.58508,10157.0,0.006752
SE,K64,2019,68.72122,9831.0,0.006990
SE,K64,2020,65.21522,11754.6,0.005548
SE,K64,2021,92.3371,12738.6,0.007249
SE,K64,2022,87.19959,13129.3,0.006642
SE,K64,2023,83.06474,14279.7,0.005817
SE,K65,2012,10.46338,4004.8,0.002613
SE,K65,2013,9.99778,4034.8,0.002478
SE,K65,2014,10.0838,3815.1,0.002643
SE,K65,2015,8.63855,4103.5,0.002105
SE,K65,2016,8.75584,4262.1,0.002054
SE,K65,2017,8.63409,3925.8,0.002199
SE,K65,2018,6.39603,4239.6,0.001509
SE,K65,2019,4.95073,4175.1,0.001186
SE,K65,2020,4.77553,4545.5,0.001051
SE,K65,2021,4.4232,5482.6,0.000807
SE,K65,2022,3.88171,5608.5,0.000692
SE,K65,2023,4.04507,4736.0,0.000854
SE,K66,2012,9.3783,1462.5,0.006413
SE,K66,2013,9.0835,1660.1,0.005472
SE,K66,2014,8.81606,1681.9,0.005242
SE,K66,2015,8.99142,1783.4,0.005042
SE,K66,2016,8.34804,1754.7,0.004758
SE,K66,2017,8.14947,1668.1,0.004885
SE,K66,2018,7.3695,1611.9,0.004572
SE,K66,2019,7.18159,1679.6,0.004276
SE,K66,2020,6.679,1823.0,0.003664
SE,K66,2021,6.01384,2237.8,0.002687
SE,K66,2022,5.40011,2288.5,0.002360
SE,K66,2023,4.62105,2465.8,0.001874
SE,L,2012,239.67782,33157.9,0.007228
SE,L,2013,215.93563,34521.6,0.006255
SE,L,2014,224.9334,34374.2,0.006544
SE,L,2015,178.62857,33247.8,0.005373
SE,L,2016,184.8704,34404.3,0.005373
SE,L,2017,166.8423,36203.7,0.004608
SE,L,2018,162.30283,36015.3,0.004506
SE,L,2019,155.74188,37105.5,0.004197
SE,L,2020,175.62479,38159.0,0.004602
SE,L,2021,168.30068,39473.9,0.004264
SE,L,2022,148.90263,37719.3,0.003948
SE,L,2023,147.16167,41553.7,0.003541
SE,L68A,2012,0.97392,11406.9,0.000085
SE,L68A,2013,0.97159,11602.6,0.000084
SE,L68A,2014,0.78668,11483.2,0.000069
SE,L68A,2015,0.55868,9814.9,0.000057
SE,L68A,2016,0.56398,10300.8,0.000055
SE,L68A,2017,0.55198,11093.8,0.000050
SE,L68A,2018,0.55217,10743.2,0.000051
SE,L68A,2019,0.52753,11069.4,0.000048
SE,L68A,2020,0.4873,11206.5,0.000043
SE,L68A,2021,0.96004,10317.3,0.000093
SE,L68A,2022,0.83867,9897.4,0.000085
SE,L68A,2023,0.81687,11950.0,0.000068
SE,M,2012,497.22703,26771.3,0.018573
SE,M,2013,486.37059,28954.6,0.016798
SE,M,2014,470.85331,28978.2,0.016249
SE,M,2015,442.97639,29865.0,0.014833
SE,M,2016,416.82214,31301.1,0.013317
SE,M,2017,406.94458,33031.5,0.012320
SE,M,2018,391.53099,32401.7,0.012084
SE,M,2019,391.21511,33038.6,0.011841
SE,M,2020,360.20793,34321.7,0.010495
SE,M,2021,307.93706,37003.2,0.008322
SE,M,2022,267.35228,39540.2,0.006762
SE,M,2023,256.57934,39278.1,0.006532
SE,M69_M70,2012,263.8012,9208.4,0.028648
SE,M69_M70,2013,258.91346,9519.6,0.027198
SE,M69_M70,2014,252.08896,9706.7,0.025971
SE,M69_M70,2015,225.25557,10148.0,0.022197
SE,M69_M70,2016,210.26492,10659.4,0.019726
SE,M69_M70,2017,202.79477,11453.9,0.017705
SE,M69_M70,2018,191.25134,11251.6,0.016998
SE,M69_M70,2019,193.37021,11540.4,0.016756
SE,M69_M70,2020,174.70978,12116.8,0.014419
SE,M69_M70,2021,131.26185,13781.4,0.009525
SE,M69_M70,2022,113.46185,14881.7,0.007624
SE,M69_M70,2023,107.30115,15269.1,0.007027
SE,M73,2012,30.25797,1993.1,0.015181
SE,M73,2013,27.69009,1967.6,0.014073
SE,M73,2014,25.71009,1818.2,0.014140
SE,M73,2015,24.6882,1837.7,0.013434
SE,M73,2016,22.50509,1826.8,0.012319
SE,M73,2017,21.12117,1907.6,0.011072
SE,M73,2018,20.35641,1790.3,0.011370
SE,M73,2019,19.26905,1662.7,0.011589
SE,M73,2020,17.08089,1601.2,0.010668
SE,M73,2021,15.49651,1827.8,0.008478
SE,M73,2022,13.19534,1888.4,0.006988
SE,M73,2023,12.39974,1770.9,0.007002
SE,M74_M75,2012,52.41441,1787.9,0.029316
SE,M74_M75,2013,51.56897,2064.4,0.024980
SE,M74_M75,2014,51.39247,2168.0,0.023705
SE,M74_M75,2015,51.49414,2319.2,0.022203
SE,M74_M75,2016,49.41577,2673.7,0.018482
SE,M74_M75,2017,48.64812,2805.9,0.017338
SE,M74_M75,2018,47.1145,2657.0,0.017732
SE,M74_M75,2019,46.34134,2748.7,0.016859
SE,M74_M75,2020,43.0225,2921.8,0.014725
SE,M74_M75,2021,42.47832,3329.4,0.012759
SE,M74_M75,2022,36.87445,3580.1,0.010300
SE,M74_M75,2023,35.23718,3276.1,0.010756
SE,N,2012,511.55321,12763.4,0.040080
SE,N,2013,546.83151,13065.4,0.041853
SE,N,2014,481.59542,12972.6,0.037124
SE,N,2015,492.82671,13840.6,0.035607
SE,N,2016,480.05685,14811.8,0.032410
SE,N,2017,472.65088,15492.3,0.030509
SE,N,2018,485.17991,15375.8,0.031555
SE,N,2019,499.38656,14995.8,0.033302
SE,N,2020,471.29736,14074.6,0.033486
SE,N,2021,483.64178,15874.8,0.030466
SE,N,2022,444.62996,17525.4,0.025371
SE,N,2023,438.59517,18467.5,0.023750
SE,N77,2012,259.17629,2348.7,0.110349
SE,N77,2013,292.42019,2310.1,0.126583
SE,N77,2014,239.78829,2277.6,0.105281
SE,N77,2015,250.44258,2399.6,0.104368
SE,N77,2016,252.14568,2687.9,0.093808
SE,N77,2017,245.1325,2824.7,0.086782
SE,N77,2018,261.05235,2895.9,0.090145
SE,N77,2019,271.19579,2728.3,0.099401
SE,N77,2020,249.39614,2922.3,0.085342
SE,N77,2021,258.95955,3002.8,0.086239
SE,N77,2022,243.74727,3300.8,0.073845
SE,N77,2023,237.32227,4395.4,0.053993
SE,N78,2012,22.38417,3302.7,0.006778
SE,N78,2013,25.17352,3339.0,0.007539
SE,N78,2014,22.90778,3469.1,0.006603
SE,N78,2015,21.96127,4075.6,0.005388
SE,N78,2016,22.28586,4428.7,0.005032
SE,N78,2017,24.08974,4794.7,0.005024
SE,N78,2018,22.83526,4844.1,0.004714
SE,N78,2019,23.1487,4593.3,0.005040
SE,N78,2020,22.3053,4021.4,0.005547
SE,N78,2021,24.46254,5074.0,0.004821
SE,N78,2022,23.57802,5833.5,0.004042
SE,N78,2023,23.62687,5487.3,0.004306
SE,N79,2012,17.05742,818.8,0.020832
SE,N79,2013,15.29242,898.6,0.017018
SE,N79,2014,14.22309,793.8,0.017918
SE,N79,2015,13.41125,705.4,0.019012
SE,N79,2016,11.53114,679.7,0.016965
SE,N79,2017,10.89536,829.6,0.013133
SE,N79,2018,10.69506,768.4,0.013919
SE,N79,2019,10.44362,654.3,0.015962
SE,N79,2020,8.52764,188.3,0.045288
SE,N79,2021,8.49379,114.5,0.074182
SE,N79,2022,8.55756,476.8,0.017948
SE,N79,2023,8.55535,868.1,0.009855
SE,N80-N82,2012,212.93533,6293.2,0.033836
SE,N80-N82,2013,213.94539,6517.7,0.032825
SE,N80-N82,2014,204.67626,6432.0,0.031822
SE,N80-N82,2015,207.01161,6660.0,0.031083
SE,N80-N82,2016,194.09417,7015.5,0.027666
SE,N80-N82,2017,192.53329,7043.4,0.027335
SE,N80-N82,2018,190.59723,6867.5,0.027754
SE,N80-N82,2019,194.59846,7020.0,0.027721
SE,N80-N82,2020,191.06829,6942.5,0.027522
SE,N80-N82,2021,191.72591,7683.5,0.024953
SE,N80-N82,2022,168.74711,7914.3,0.021322
SE,N80-N82,2023,169.09069,7716.7,0.021912
SE,O,2012,174.60216,16636.8,0.010495
SE,O,2013,137.00619,17225.6,0.007954
SE,O,2014,127.3992,16965.1,0.007509
SE,O,2015,135.04578,16884.8,0.007998
SE,O,2016,131.34817,17315.8,0.007585
SE,O,2017,127.12216,17877.3,0.007111
SE,O,2018,123.39691,17693.0,0.006974
SE,O,2019,143.75448,17677.0,0.008132
SE,O,2020,141.85748,18372.6,0.007721
SE,O,2021,100.03716,20199.5,0.004952
SE,O,2022,90.38194,20630.0,0.004381
SE,O,2023,92.28541,20750.2,0.004447
SE,P,2012,131.94055,21634.7,0.006099
SE,P,2013,126.95386,22335.4,0.005684
SE,P,2014,116.33735,22120.2,0.005259
SE,P,2015,111.16845,22627.1,0.004913
SE,P,2016,105.14926,23868.2,0.004405
SE,P,2017,99.07963,25015.3,0.003961
SE,P,2018,97.55214,24645.3,0.003958
SE,P,2019,101.93096,24878.6,0.004097
SE,P,2020,89.37841,25483.8,0.003507
SE,P,2021,85.74529,27652.4,0.003101
SE,P,2022,74.7007,27522.4,0.002714
SE,P,2023,73.00537,27383.4,0.002666
SE,Q,2012,412.5363,41057.0,0.010048
SE,Q,2013,383.35711,43014.4,0.008912
SE,Q,2014,380.93682,42902.5,0.008879
SE,Q,2015,375.47342,44315.3,0.008473
SE,Q,2016,358.65564,47012.2,0.007629
SE,Q,2017,384.19581,47733.2,0.008049
SE,Q,2018,343.3294,46221.7,0.007428
SE,Q,2019,332.94897,45899.8,0.007254
SE,Q,2020,317.93904,47022.1,0.006761
SE,Q,2021,341.33165,51420.7,0.006638
SE,Q,2022,306.21288,50267.3,0.006092
SE,Q,2023,303.18144,51240.4,0.005917
SE,Q86,2012,184.01192,20049.9,0.009178
SE,Q86,2013,163.43023,20799.7,0.007857
SE,Q86,2014,164.22166,20793.3,0.007898
SE,Q86,2015,163.55434,21145.3,0.007735
SE,Q86,2016,149.96636,21875.7,0.006855
SE,Q86,2017,181.51148,22678.5,0.008004
SE,Q86,2018,152.51796,22367.6,0.006819
SE,Q86,2019,147.2148,22553.6,0.006527
SE,Q86,2020,137.66588,23251.7,0.005921
SE,Q86,2021,131.22116,26286.5,0.004992
SE,Q86,2022,119.84173,25232.7,0.004749
SE,Q86,2023,116.02694,25926.5,0.004475
SE,Q87_Q88,2012,228.52438,21007.1,0.010878
SE,Q87_Q88,2013,219.92688,22214.6,0.009900
SE,Q87_Q88,2014,216.71517,22109.1,0.009802
SE,Q87_Q88,2015,211.91908,23169.9,0.009146
SE,Q87_Q88,2016,208.68928,25136.5,0.008302
SE,Q87_Q88,2017,202.68432,25054.6,0.008090
SE,Q87_Q88,2018,190.81143,23854.0,0.007999
SE,Q87_Q88,2019,185.73417,23346.3,0.007956
SE,Q87_Q88,2020,180.27315,23770.4,0.007584
SE,Q87_Q88,2021,210.11049,25134.2,0.008360
SE,Q87_Q88,2022,186.37114,25034.5,0.007445
SE,Q87_Q88,2023,187.1545,25313.9,0.007393
SE,R,2012,173.05094,5035.7,0.034365
SE,R,2013,163.88426,5364.7,0.030549
SE,R,2014,159.2524,5185.1,0.030713
SE,R,2015,154.55092,5247.9,0.029450
SE,R,2016,147.16956,5345.6,0.027531
SE,R,2017,144.66681,5624.9,0.025719
SE,R,2018,136.976,5465.8,0.025061
SE,R,2019,141.07432,5887.8,0.023960
SE,R,2020,132.79602,5335.4,0.024890
SE,R,2021,137.08868,5880.6,0.023312
SE,R,2022,127.13271,6678.8,0.019035
SE,R,2023,135.78141,6823.6,0.019899
SE,R90-R92,2012,62.25091,2676.8,0.023256
SE,R90-R92,2013,61.88994,2880.1,0.021489
SE,R90-R92,2014,62.15139,2740.0,0.022683
SE,R90-R92,2015,63.10057,2741.3,0.023018
SE,R90-R92,2016,61.61421,2754.4,0.022369
SE,R90-R92,2017,61.3983,2820.9,0.021766
SE,R90-R92,2018,57.76635,2719.7,0.021240
SE,R90-R92,2019,58.54696,3059.5,0.019136
SE,R90-R92,2020,54.04754,2889.0,0.018708
SE,R90-R92,2021,54.96673,3139.1,0.017510
SE,R90-R92,2022,50.02914,3636.1,0.013759
SE,R90-R92,2023,49.92326,3618.1,0.013798
SE,R93,2012,110.80003,2358.9,0.046971
SE,R93,2013,101.99431,2484.7,0.041049
SE,R93,2014,97.10101,2445.1,0.039712
SE,R93,2015,91.45034,2506.5,0.036485
SE,R93,2016,85.55536,2591.2,0.033018
SE,R93,2017,83.26851,2803.9,0.029697
SE,R93,2018,79.20964,2746.1,0.028844
SE,R93,2019,82.52736,2828.3,0.029179
SE,R93,2020,78.74848,2446.4,0.032190
SE,R93,2021,82.12195,2741.5,0.029955
SE,R93,2022,77.10357,3042.7,0.025341
SE,R93,2023,85.85815,3205.6,0.026784
SE,S,2012,135.15364,5940.2,0.022752
SE,S,2013,130.32868,6179.6,0.021090
SE,S,2014,131.28198,6071.3,0.021623
SE,S,2015,111.09694,6269.3,0.017721
SE,S,2016,107.87256,6455.7,0.016710
SE,S,2017,104.50932,6572.4,0.015901
SE,S,2018,99.85131,6338.5,0.015753
SE,S,2019,98.27257,6287.2,0.015631
SE,S,2020,92.8568,6169.6,0.015051
SE,S,2021,90.35588,6808.2,0.013272
SE,S,2022,79.02852,6797.5,0.011626
SE,S,2023,76.17115,6882.9,0.011067
SE,S94,2012,26.57786,3099.1,0.008576
SE,S94,2013,25.51496,3280.5,0.007778
SE,S94,2014,27.03725,3237.3,0.008352
SE,S94,2015,13.99054,3452.5,0.004052
SE,S94,2016,13.18313,3409.7,0.003866
SE,S94,2017,12.57609,3417.3,0.003680
SE,S94,2018,12.1364,3347.3,0.003626
SE,S94,2019,12.83592,3208.6,0.004000
SE,S94,2020,11.54114,3282.2,0.003516
SE,S94,2021,10.80798,3631.3,0.002976
SE,S94,2022,9.69998,3594.3,0.002699
SE,S94,2023,9.57304,3689.1,0.002595
SE,S95,2012,20.78498,433.5,0.047947
SE,S95,2013,19.69849,435.6,0.045222
SE,S95,2014,18.9069,400.2,0.047244
SE,S95,2015,20.80327,388.8,0.053506
SE,S95,2016,19.97443,406.1,0.049186
SE,S95,2017,18.81978,410.7,0.045824
SE,S95,2018,17.57785,343.1,0.051232
SE,S95,2019,16.334,335.8,0.048642
SE,S95,2020,15.37567,302.2,0.050879
SE,S95,2021,14.31179,299.1,0.047850
SE,S95,2022,11.02888,322.6,0.034187
SE,S95,2023,10.48794,325.1,0.032261
SE,S96,2012,87.7908,2407.6,0.036464
SE,S96,2013,85.11523,2463.5,0.034551
SE,S96,2014,85.33783,2433.8,0.035064
SE,S96,2015,76.30313,2428.0,0.031426
SE,S96,2016,74.71499,2639.9,0.028302
SE,S96,2017,73.11345,2744.4,0.026641
SE,S96,2018,70.13706,2648.0,0.026487
SE,S96,2019,69.10265,2742.8,0.025194
SE,S96,2020,65.93999,2585.2,0.025507
SE,S96,2021,65.23611,2877.7,0.022670
SE,S96,2022,58.29965,2880.6,0.020239
SE,S96,2023,56.11017,2868.7,0.019559
SE,T,2012,0.02123,144.5,0.000147
SE,T,2013,0.0129,173.8,0.000074
SE,T,2014,0.00686,194.3,0.000035
SE,T,2015,0.00783,172.3,0.000045
SE,T,2016,0.01546,212.1,0.000073
SE,T,2017,0.016,209.9,0.000076
SE,T,2018,0.01554,239.0,0.000065
SE,T,2019,0.00465,239.0,0.000019
SE,T,2020,0.02048,250.6,0.000082
SE,T,2021,0.02017,280.6,0.000072
SE,T,2022,0.01428,250.9,0.000057
SE,T,2023,0.01943,272.4,0.000071
SE,TOTAL,2012,49397.55824,379375.0,0.130208
SE,TOTAL,2013,47860.318,389842.6,0.122768
SE,TOTAL,2014,46358.3964,386743.3,0.119869
SE,TOTAL,2015,46864.42612,401567.2,0.116704
SE,TOTAL,2016,48037.6584,410330.5,0.117071
SE,TOTAL,2017,46792.58553,420027.7,0.111404
SE,TOTAL,2018,46280.81446,411827.2,0.112379
SE,TOTAL,2019,45159.44444,420490.7,0.107397
SE,TOTAL,2020,40258.93697,423900.4,0.094973
SE,TOTAL,2021,42267.02709,473274.1,0.089308
SE,TOTAL,2022,42051.30285,485266.9,0.086656
SE,TOTAL,2023,41463.98299,478096.0,0.086727
SI,A,2012,1923.2719,656.2,2.930923
SI,A,2013,1903.90888,659.8,2.885585
SI,A,2014,1959.487,678.8,2.886693
SI,A,2015,1997.58044,759.7,2.629433
SI,A,2016,2013.54545,740.8,2.718069
SI,A,2017,1976.63866,721.7,2.738865
SI,A,2018,1972.95323,905.3,2.179336
SI,A,2019,1986.27373,852.6,2.329667
SI,A,2020,1983.53063,886.8,2.236728
SI,A,2021,1986.32976,786.5,2.525531
SI,A,2022,1922.9543,924.2,2.080669
SI,A,2023,1894.03929,981.2,1.930329
SI,A01,2012,1896.48566,430.4,4.406333
SI,A01,2013,1880.23422,423.2,4.442897
SI,A01,2014,1923.48287,511.3,3.761946
SI,A01,2015,1960.38768,567.4,3.455036
SI,A01,2016,1977.40942,533.5,3.706484
SI,A01,2017,1941.50191,471.7,4.115968
SI,A01,2018,1935.40934,652.1,2.967964
SI,A01,2019,1951.86105,583.1,3.347386
SI,A01,2020,1956.72923,634.4,3.084378
SI,A01,2021,1956.3289,451.6,4.331995
SI,A01,2022,1888.88279,552.0,3.421889
SI,A01,2023,1861.45022,611.2,3.045566
SI,A02,2012,24.39153,221.6,0.110070
SI,A02,2013,21.29689,231.9,0.091837
SI,A02,2014,33.7312,163.1,0.206813
SI,A02,2015,34.74945,187.4,0.185429
SI,A02,2016,33.65848,203.1,0.165724
SI,A02,2017,32.51361,244.8,0.132817
SI,A02,2018,34.853,248.7,0.140141
SI,A02,2019,31.6039,264.0,0.119712
SI,A02,2020,24.11,247.8,0.097296
SI,A02,2021,27.21559,329.7,0.082547
SI,A02,2022,31.2135,367.6,0.084912
SI,A02,2023,29.75015,365.9,0.081307
SI,A03,2012,2.3947,4.2,0.570167
SI,A03,2013,2.37777,4.7,0.505909
SI,A03,2014,2.27293,4.4,0.516575
SI,A03,2015,2.44332,4.9,0.498637
SI,A03,2016,2.47755,4.2,0.589893
SI,A03,2017,2.62314,5.1,0.514341
SI,A03,2018,2.69089,4.5,0.597976
SI,A03,2019,2.80878,5.5,0.510687
SI,A03,2020,2.69139,4.5,0.598087
SI,A03,2021,2.78527,5.2,0.535629
SI,A03,2022,2.85801,4.7,0.608087
SI,A03,2023,2.83892,4.2,0.675933
SI,B,2012,426.71982,142.7,2.990328
SI,B,2013,398.81847,126.0,3.165226
SI,B,2014,325.97353,127.7,2.552651
SI,B,2015,333.20333,124.3,2.680638
SI,B,2016,341.27177,130.1,2.623150
SI,B,2017,343.46334,138.1,2.487063
SI,B,2018,340.28715,143.0,2.379630
SI,B,2019,326.0958,138.5,2.354482
SI,B,2020,329.47472,130.0,2.534421
SI,B,2021,271.19112,120.5,2.250549
SI,B,2022,247.28005,165.4,1.495043
SI,B,2023,270.29617,133.7,2.021662
SI,C,2012,2495.1998,6725.7,0.370995
SI,C,2013,2577.21725,6908.8,0.373034
SI,C,2014,2638.35854,7321.0,0.360382
SI,C,2015,2551.27296,7692.5,0.331657
SI,C,2016,2569.61802,8095.0,0.317433
SI,C,2017,2741.55905,8798.2,0.311605
SI,C,2018,2888.04153,9277.2,0.311305
SI,C,2019,2830.35602,9907.9,0.285667
SI,C,2020,2693.3651,9589.7,0.280860
SI,C,2021,2757.69427,10366.4,0.266022
SI,C,2022,2604.50003,11339.2,0.229690
SI,C,2023,2385.87389,12502.5,0.190832
SI,C10-C12,2012,156.07187,451.1,0.345981
SI,C10-C12,2013,157.9211,464.5,0.339981
SI,C10-C12,2014,189.54034,495.5,0.382523
SI,C10-C12,2015,179.26729,518.9,0.345476
SI,C10-C12,2016,181.83086,544.7,0.333818
SI,C10-C12,2017,191.0313,564.7,0.338288
SI,C10-C12,2018,210.38686,629.6,0.334160
SI,C10-C12,2019,196.26891,666.0,0.294698
SI,C10-C12,2020,184.98646,668.0,0.276926
SI,C10-C12,2021,192.6312,697.5,0.276174
SI,C10-C12,2022,208.32514,724.4,0.287583
SI,C10-C12,2023,190.89241,843.8,0.226229
SI,C13-C15,2012,38.86923,250.3,0.155291
SI,C13-C15,2013,39.8258,230.7,0.172630
SI,C13-C15,2014,35.80391,252.4,0.141854
SI,C13-C15,2015,34.07359,235.4,0.144748
SI,C13-C15,2016,34.80932,250.4,0.139015
SI,C13-C15,2017,35.24879,269.2,0.130939
SI,C13-C15,2018,29.13253,275.2,0.105859
SI,C13-C15,2019,27.99837,272.6,0.102709
SI,C13-C15,2020,25.2021,236.6,0.106518
SI,C13-C15,2021,27.85033,250.6,0.111135
SI,C13-C15,2022,28.91588,261.5,0.110577
SI,C13-C15,2023,28.16945,297.6,0.094655
SI,C16,2012,32.91885,219.8,0.149767
SI,C16,2013,29.30805,217.4,0.134812
SI,C16,2014,32.48369,247.7,0.131141
SI,C16,2015,33.00803,240.5,0.137248
SI,C16,2016,30.51811,253.2,0.120530
SI,C16,2017,32.64569,270.9,0.120508
SI,C16,2018,42.47205,291.3,0.145802
SI,C16,2019,38.35026,306.3,0.125205
SI,C16,2020,34.36973,307.6,0.111735
SI,C16,2021,37.52952,346.8,0.108217
SI,C16,2022,36.06678,433.4,0.083218
SI,C16,2023,35.74863,412.6,0.086642
SI,C17,2012,342.26789,157.2,2.177277
SI,C17,2013,336.26559,162.4,2.070601
SI,C17,2014,327.89778,188.1,1.743210
SI,C17,2015,316.14878,181.5,1.741867
SI,C17,2016,312.979,187.7,1.667443
SI,C17,2017,314.4076,190.0,1.654777
SI,C17,2018,315.16822,184.8,1.705456
SI,C17,2019,320.82402,217.9,1.472345
SI,C17,2020,281.96611,227.6,1.238867
SI,C17,2021,241.25087,185.1,1.303354
SI,C17,2022,245.99289,215.5,1.141498
SI,C17,2023,202.31351,256.8,0.787825
SI,C18,2012,15.11338,138.3,0.109280
SI,C18,2013,15.34393,134.9,0.113743
SI,C18,2014,14.87699,142.4,0.104473
SI,C18,2015,16.83324,148.3,0.113508
SI,C18,2016,15.1382,150.6,0.100519
SI,C18,2017,14.66998,153.8,0.095383
SI,C18,2018,17.5001,153.8,0.113785
SI,C18,2019,16.13597,158.3,0.101933
SI,C18,2020,14.61814,142.3,0.102728
SI,C18,2021,23.10805,157.0,0.147185
SI,C18,2022,16.21235,183.3,0.088447
SI,C18,2023,14.8298,204.7,0.072447
SI,C19,2012,0.03484,0.5,0.069680
SI,C19,2013,0.0,0.6,0.000000
SI,C19,2014,0.0,0.8,0.000000
SI,C19,2015,0.0,1.2,0.000000
SI,C19,2016,0.0,0.1,0.000000
SI,C19,2017,0.0,0.3,0.000000
SI,C19,2018,0.0,1.0,0.000000
SI,C19,2019,0.0,0.2,0.000000
SI,C19,2020,0.0,0.5,0.000000
SI,C19,2021,0.0,0.2,0.000000
SI,C19,2022,0.0,0.5,0.000000
SI,C19,2023,0.0,0.9,0.000000
SI,C20,2012,135.36153,361.1,0.374859
SI,C20,2013,144.98639,371.4,0.390378
SI,C20,2014,144.98874,405.5,0.357555
SI,C20,2015,143.13061,370.5,0.386317
SI,C20,2016,145.66101,360.1,0.404502
SI,C20,2017,145.90107,389.1,0.374971
SI,C20,2018,134.62008,387.3,0.347586
SI,C20,2019,134.45653,409.8,0.328103
SI,C20,2020,138.48964,444.7,0.311423
SI,C20,2021,150.07947,483.6,0.310338
SI,C20,2022,149.51961,445.4,0.335697
SI,C20,2023,128.36954,447.6,0.286795
SI,C21,2012,63.51784,823.5,0.077132
SI,C21,2013,63.68612,892.9,0.071325
SI,C21,2014,62.26439,879.7,0.070779
SI,C21,2015,65.01167,861.3,0.075481
SI,C21,2016,64.77982,785.0,0.082522
SI,C21,2017,64.30007,962.7,0.066791
SI,C21,2018,56.25467,1050.9,0.053530
SI,C21,2019,56.56667,1239.4,0.045640
SI,C21,2020,72.34816,1386.7,0.052173
SI,C21,2021,69.08405,1324.2,0.052170
SI,C21,2022,66.926,1445.7,0.046293
SI,C21,2023,67.08437,1591.1,0.042162
SI,C22,2012,72.91622,431.4,0.169022
SI,C22,2013,74.45423,470.7,0.158178
SI,C22,2014,74.51432,508.5,0.146538
SI,C22,2015,74.94823,542.6,0.138128
SI,C22,2016,74.11596,604.5,0.122607
SI,C22,2017,79.9407,655.5,0.121954
SI,C22,2018,65.69207,693.1,0.094780
SI,C22,2019,77.25967,732.2,0.105517
SI,C22,2020,84.82615,711.5,0.119222
SI,C22,2021,92.38825,783.8,0.117872
SI,C22,2022,53.38732,813.0,0.065667
SI,C22,2023,76.08305,902.1,0.084340
SI,C23,2012,819.93928,240.6,3.407894
SI,C23,2013,913.42988,252.3,3.620412
SI,C23,2014,957.86739,270.3,3.543720
SI,C23,2015,874.40957,298.0,2.934260
SI,C23,2016,864.57282,308.1,2.806144
SI,C23,2017,964.31506,315.3,3.058405
SI,C23,2018,1060.4673,345.6,3.068482
SI,C23,2019,1059.13529,365.8,2.895394
SI,C23,2020,1020.92668,346.2,2.948951
SI,C23,2021,1050.37083,384.3,2.733205
SI,C23,2022,1042.31014,405.3,2.571700
SI,C23,2023,961.05724,472.0,2.036138
SI,C24,2012,500.55851,276.7,1.809030
SI,C24,2013,507.07717,284.5,1.782345
SI,C24,2014,505.03537,342.2,1.475849
SI,C24,2015,512.96068,426.5,1.202721
SI,C24,2016,530.41999,438.0,1.211005
SI,C24,2017,573.43293,476.1,1.204438
SI,C24,2018,559.62854,480.2,1.165407
SI,C24,2019,514.52249,523.6,0.982663
SI,C24,2020,463.55034,418.7,1.107118
SI,C24,2021,486.60122,433.6,1.122235
SI,C24,2022,420.07273,630.6,0.666148
SI,C24,2023,343.76342,621.8,0.552852
SI,C25,2012,117.01866,911.5,0.128380
SI,C25,2013,110.52656,960.8,0.115036
SI,C25,2014,116.84822,999.4,0.116918
SI,C25,2015,119.70835,1065.8,0.112318
SI,C25,2016,123.11764,1169.0,0.105319
SI,C25,2017,130.26534,1208.0,0.107836
SI,C25,2018,181.07943,1324.7,0.136695
SI,C25,2019,147.98951,1363.6,0.108529
SI,C25,2020,146.91199,1270.5,0.115633
SI,C25,2021,161.13159,1464.4,0.110032
SI,C25,2022,147.33881,1701.3,0.086604
SI,C25,2023,151.02922,1877.2,0.080455
SI,C26,2012,7.23574,240.4,0.030099
SI,C26,2013,5.47337,239.0,0.022901
SI,C26,2014,4.54897,241.9,0.018805
SI,C26,2015,4.96214,229.9,0.021584
SI,C26,2016,4.98955,243.5,0.020491
SI,C26,2017,4.86984,287.4,0.016944
SI,C26,2018,9.65125,294.3,0.032794
SI,C26,2019,8.65794,331.5,0.026117
SI,C26,2020,5.12938,331.2,0.015487
SI,C26,2021,5.16402,395.3,0.013064
SI,C26,2022,5.89127,459.0,0.012835
SI,C26,2023,4.87071,452.2,0.010771
SI,C27,2012,60.39879,664.1,0.090948
SI,C27,2013,44.22518,664.1,0.066594
SI,C27,2014,46.88586,680.0,0.068950
SI,C27,2015,43.73201,813.2,0.053778
SI,C27,2016,41.97802,885.1,0.047427
SI,C27,2017,43.82785,939.2,0.046665
SI,C27,2018,44.82045,921.8,0.048623
SI,C27,2019,59.99868,969.0,0.061918
SI,C27,2020,44.60811,910.4,0.048998
SI,C27,2021,50.72303,1041.8,0.048688
SI,C27,2022,44.21346,1082.1,0.040859
SI,C27,2023,44.57058,1218.9,0.036566
SI,C28,2012,48.64512,446.8,0.108874
SI,C28,2013,50.71186,455.3,0.111381
SI,C28,2014,42.83634,484.1,0.088487
SI,C28,2015,46.058,539.0,0.085451
SI,C28,2016,49.39337,590.5,0.083647
SI,C28,2017,48.55154,636.5,0.076279
SI,C28,2018,62.36172,673.1,0.092649
SI,C28,2019,53.1272,733.4,0.072440
SI,C28,2020,82.54479,771.3,0.107020
SI,C28,2021,76.81159,840.9,0.091344
SI,C28,2022,44.55246,912.8,0.048809
SI,C28,2023,49.46127,1073.2,0.046088
SI,C29,2012,34.79553,589.5,0.059025
SI,C29,2013,33.60258,550.4,0.061051
SI,C29,2014,32.57963,589.1,0.055304
SI,C29,2015,33.71911,590.2,0.057132
SI,C29,2016,33.95716,603.8,0.056239
SI,C29,2017,38.76584,699.9,0.055388
SI,C29,2018,29.59134,756.3,0.039126
SI,C29,2019,38.45505,756.3,0.050846
SI,C29,2020,32.31665,682.9,0.047323
SI,C29,2021,29.86981,732.4,0.040783
SI,C29,2022,27.84183,700.1,0.039768
SI,C29,2023,25.37364,812.0,0.031248
SI,C30,2012,1.74739,22.8,0.076640
SI,C30,2013,1.43722,27.3,0.052645
SI,C30,2014,0.98544,25.9,0.038048
SI,C30,2015,1.33436,26.0,0.051322
SI,C30,2016,1.15094,27.2,0.042314
SI,C30,2017,1.23802,34.0,0.036412
SI,C30,2018,1.76554,31.3,0.056407
SI,C30,2019,1.72011,33.9,0.050741
SI,C30,2020,1.70361,42.5,0.040085
SI,C30,2021,1.95255,49.5,0.039445
SI,C30,2022,4.90082,41.5,0.118092
SI,C30,2023,1.72427,63.0,0.027369
SI,C31_C32,2012,23.09929,239.7,0.096368
SI,C31_C32,2013,24.61007,247.0,0.099636
SI,C31_C32,2014,23.99641,260.9,0.091976
SI,C31_C32,2015,25.44689,287.2,0.088603
SI,C31_C32,2016,32.0235,344.4,0.092983
SI,C31_C32,2017,26.13019,377.6,0.069201
SI,C31_C32,2018,29.69336,382.6,0.077609
SI,C31_C32,2019,38.14443,405.2,0.094137
SI,C31_C32,2020,27.05692,340.7,0.079416
SI,C31_C32,2021,28.74294,394.6,0.072841
SI,C31_C32,2022,29.03241,446.7,0.064993
SI,C31_C32,2023,28.39007,461.1,0.061570
SI,C33,2012,24.68986,260.2,0.094888
SI,C33,2013,24.33215,282.7,0.086071
SI,C33,2014,24.40476,306.6,0.079598
SI,C33,2015,26.52042,316.4,0.083819
SI,C33,2016,28.18273,349.2,0.080707
SI,C33,2017,32.01723,368.0,0.087003
SI,C33,2018,37.75602,400.2,0.094343
SI,C33,2019,40.74492,422.8,0.096369
SI,C33,2020,31.81016,349.8,0.090938
SI,C33,2021,32.40495,400.8,0.080851
SI,C33,2022,33.00012,437.1,0.075498
SI,C33,2023,32.14272,493.9,0.065079
SI,D,2012,6235.42271,766.3,8.137052
SI,D,2013,5923.30525,804.4,7.363632
SI,D,2014,4564.20468,756.4,6.034115
SI,D,2015,4688.31645,724.4,6.472000
SI,D,2016,5075.25213,727.8,6.973416
SI,D,2017,5076.6995,728.6,6.967746
SI,D,2018,4951.18511,764.8,6.473830
SI,D,2019,4720.22258,863.7,5.465118
SI,D,2020,4655.01083,949.2,4.904141
SI,D,2021,4340.03058,913.7,4.749951
SI,D,2022,3532.9204,585.2,6.037116
SI,D,2023,3428.76382,1873.6,1.830040
SI,E,2012,610.68779,313.4,1.948589
SI,E,2013,588.7746,328.4,1.792858
SI,E,2014,558.42735,338.9,1.647764
SI,E,2015,574.60099,337.3,1.703531
SI,E,2016,585.05499,330.8,1.768606
SI,E,2017,571.17896,337.7,1.691380
SI,E,2018,535.58896,349.3,1.533321
SI,E,2019,519.56212,365.6,1.421122
SI,E,2020,497.02043,408.0,1.218187
SI,E,2021,481.31493,476.5,1.010105
SI,E,2022,447.85652,454.1,0.986251
SI,E,2023,451.69519,492.3,0.917520
SI,E36,2012,9.6835,127.6,0.075889
SI,E36,2013,9.56292,136.6,0.070007
SI,E36,2014,9.96631,148.6,0.067068
SI,E36,2015,10.68784,143.3,0.074584
SI,E36,2016,11.12345,140.4,0.079227
SI,E36,2017,11.99029,145.5,0.082407
SI,E36,2018,12.60287,150.1,0.083963
SI,E36,2019,12.92035,158.4,0.081568
SI,E36,2020,12.14833,173.9,0.069858
SI,E36,2021,12.9734,192.2,0.067499
SI,E36,2022,13.1488,174.0,0.075568
SI,E36,2023,12.59399,211.3,0.059602
SI,E37-E39,2012,601.0043,185.8,3.234684
SI,E37-E39,2013,579.21168,191.8,3.019873
SI,E37-E39,2014,548.46104,190.4,2.880573
SI,E37-E39,2015,563.91316,194.0,2.906769
SI,E37-E39,2016,573.93154,190.4,3.014346
SI,E37-E39,2017,559.18866,192.2,2.909410
SI,E37-E39,2018,522.98609,199.2,2.625432
SI,E37-E39,2019,506.64176,207.3,2.444003
SI,E37-E39,2020,484.8721,234.1,2.071218
SI,E37-E39,2021,468.34153,284.3,1.647350
SI,E37-E39,2022,434.70773,280.1,1.551973
SI,E37-E39,2023,439.10121,281.0,1.562638
SI,F,2012,416.51124,1780.0,0.233995
SI,F,2013,392.38754,1612.6,0.243326
SI,F,2014,399.23641,1807.4,0.220890
SI,F,2015,431.99654,1756.3,0.245970
SI,F,2016,448.04784,1759.9,0.254587
SI,F,2017,484.28694,1945.8,0.248888
SI,F,2018,506.85166,2227.9,0.227502
SI,F,2019,519.32885,2475.9,0.209754
SI,F,2020,514.86891,2451.5,0.210022
SI,F,2021,532.39654,2770.5,0.192166
SI,F,2022,547.23293,3378.0,0.161999
SI,F,2023,528.74315,3947.1,0.133957
SI,G,2012,304.08443,3651.5,0.083277
SI,G,2013,300.51028,3715.8,0.080874
SI,G,2014,311.63483,3766.6,0.082736
SI,G,2015,335.70751,3940.8,0.085188
SI,G,2016,352.3757,4125.5,0.085414
SI,G,2017,378.216,4426.4,0.085446
SI,G,2018,394.62477,4794.9,0.082301
SI,G,2019,404.06353,5008.3,0.080679
SI,G,2020,374.6052,4887.1,0.076652
SI,G,2021,400.38396,5523.4,0.072489
SI,G,2022,408.73955,5742.5,0.071178
SI,G,2023,394.83282,6580.9,0.059997
SI,G45,2012,63.15071,448.5,0.140804
SI,G45,2013,62.48972,452.8,0.138007
SI,G45,2014,64.20887,464.9,0.138113
SI,G45,2015,69.75039,496.5,0.140484
SI,G45,2016,73.86471,541.5,0.136408
SI,G45,2017,78.42228,583.0,0.134515
SI,G45,2018,81.02584,640.0,0.126603
SI,G45,2019,82.79698,654.8,0.126446
SI,G45,2020,74.6496,563.7,0.132428
SI,G45,2021,79.90596,657.7,0.121493
SI,G45,2022,82.6771,775.2,0.106653
SI,G45,2023,81.10778,924.1,0.087769
SI,G46,2012,164.90825,1647.9,0.100072
SI,G46,2013,162.91309,1654.5,0.098467
SI,G46,2014,169.35962,1691.6,0.100118
SI,G46,2015,182.03515,1760.1,0.103423
SI,G46,2016,190.87823,1858.2,0.102722
SI,G46,2017,205.40747,1999.3,0.102740
SI,G46,2018,214.8257,2183.8,0.098372
SI,G46,2019,220.08565,2279.9,0.096533
SI,G46,2020,205.51518,2317.1,0.088695
SI,G46,2021,219.56725,2604.7,0.084297
SI,G46,2022,223.39026,2684.4,0.083218
SI,G46,2023,214.93429,3076.7,0.069859
SI,G47,2012,76.02547,1555.2,0.048885
SI,G47,2013,75.10747,1608.5,0.046694
SI,G47,2014,78.06634,1610.2,0.048482
SI,G47,2015,83.92197,1684.2,0.049829
SI,G47,2016,87.63276,1725.8,0.050778
SI,G47,2017,94.38625,1844.2,0.051180
SI,G47,2018,98.77323,1971.0,0.050113
SI,G47,2019,101.1809,2073.7,0.048792
SI,G47,2020,94.44042,2006.3,0.047072
SI,G47,2021,100.91075,2260.9,0.044633
SI,G47,2022,102.67219,2282.8,0.044976
SI,G47,2023,98.79075,2580.1,0.038290
SI,H,2012,845.1687,1849.4,0.456996
SI,H,2013,858.34419,1846.5,0.464849
SI,H,2014,859.76037,1967.6,0.436959
SI,H,2015,902.83698,2125.0,0.424864
SI,H,2016,896.45913,2260.8,0.396523
SI,H,2017,886.42269,2452.9,0.361377
SI,H,2018,1001.70878,2595.5,0.385941
SI,H,2019,1010.02233,2690.0,0.375473
SI,H,2020,755.06578,2439.8,0.309479
SI,H,2021,819.60561,2750.5,0.297984
SI,H,2022,771.79328,3204.1,0.240877
SI,H,2023,736.63508,3384.2,0.217669
SI,H49,2012,492.26739,961.3,0.512085
SI,H49,2013,487.33092,965.3,0.504849
SI,H49,2014,518.49597,1041.8,0.497692
SI,H49,2015,547.77461,1177.4,0.465241
SI,H49,2016,559.79428,1268.4,0.441339
SI,H49,2017,602.0193,1344.7,0.447698
SI,H49,2018,629.78793,1358.3,0.463659
SI,H49,2019,643.06446,1434.0,0.448441
SI,H49,2020,604.03999,1320.0,0.457606
SI,H49,2021,647.55368,1473.8,0.439377
SI,H49,2022,654.01183,1726.1,0.378896
SI,H49,2023,624.7072,1845.0,0.338595
SI,H50,2012,79.1007,37.1,2.132094
SI,H50,2013,81.67032,35.1,2.326790
SI,H50,2014,88.27402,36.5,2.418466
SI,H50,2015,84.90785,29.0,2.927857
SI,H50,2016,63.54995,27.3,2.327837
SI,H50,2017,5.32585,30.0,0.177528
SI,H50,2018,61.93351,25.3,2.447965
SI,H50,2019,89.76727,17.6,5.100413
SI,H50,2020,28.14028,13.5,2.084465
SI,H50,2021,38.26479,11.7,3.270495
SI,H50,2022,0.45393,16.1,0.028194
SI,H50,2023,0.45137,17.8,0.025358
SI,H51,2012,129.92884,36.2,3.589194
SI,H51,2013,131.28718,38.9,3.374992
SI,H51,2014,155.69646,31.8,4.896115
SI,H51,2015,162.54835,25.2,6.450331
SI,H51,2016,152.35807,29.0,5.253727
SI,H51,2017,161.93603,30.4,5.326843
SI,H51,2018,191.13418,25.0,7.645367
SI,H51,2019,157.92497,24.7,6.393723
SI,H51,2020,16.95346,19.2,0.882993
SI,H51,2021,35.67214,25.7,1.388021
SI,H51,2022,17.3227,31.3,0.553441
SI,H51,2023,12.78369,39.2,0.326115
SI,H52,2012,102.73049,618.6,0.166069
SI,H52,2013,116.6179,623.0,0.187188
SI,H52,2014,56.81789,671.1,0.084664
SI,H52,2015,64.20385,710.6,0.090352
SI,H52,2016,75.14905,753.4,0.099747
SI,H52,2017,68.92601,869.4,0.079280
SI,H52,2018,67.69924,999.5,0.067733
SI,H52,2019,66.44303,1019.3,0.065185
SI,H52,2020,57.32333,881.6,0.065022
SI,H52,2021,47.4345,1015.7,0.046701
SI,H52,2022,48.01223,1193.9,0.040215
SI,H52,2023,48.67909,1235.2,0.039410
SI,H53,2012,41.14128,196.1,0.209797
SI,H53,2013,41.43787,184.3,0.224839
SI,H53,2014,40.47602,186.5,0.217030
SI,H53,2015,43.40233,182.8,0.237431
SI,H53,2016,45.60777,182.7,0.249632
SI,H53,2017,48.21551,178.3,0.270418
SI,H53,2018,51.15392,187.3,0.273112
SI,H53,2019,52.8226,194.4,0.271721
SI,H53,2020,48.60872,205.5,0.236539
SI,H53,2021,50.68049,223.6,0.226657
SI,H53,2022,51.9926,236.7,0.219656
SI,H53,2023,50.01374,247.0,0.202485
SI,I,2012,114.08652,690.8,0.165151
SI,I,2013,126.76094,696.0,0.182128
SI,I,2014,87.23391,714.2,0.122142
SI,I,2015,98.13686,736.9,0.133175
SI,I,2016,111.97382,816.1,0.137206
SI,I,2017,103.09787,886.4,0.116311
SI,I,2018,104.80087,976.7,0.107301
SI,I,2019,105.26654,1068.3,0.098536
SI,I,2020,83.6139,628.0,0.133143
SI,I,2021,83.98478,828.4,0.101382
SI,I,2022,97.96401,1239.0,0.079067
SI,I,2023,102.97642,1392.5,0.073951
SI,J,2012,36.09633,1328.7,0.027167
SI,J,2013,36.82227,1297.8,0.028373
SI,J,2014,38.53133,1365.5,0.028218
SI,J,2015,42.16133,1328.0,0.031748
SI,J,2016,46.22599,1356.2,0.034085
SI,J,2017,46.11767,1453.9,0.031720
SI,J,2018,47.00971,1509.5,0.031143
SI,J,2019,49.11756,1721.2,0.028537
SI,J,2020,41.3174,1795.9,0.023007
SI,J,2021,41.92992,2021.2,0.020745
SI,J,2022,44.26746,2209.2,0.020038
SI,J,2023,44.41728,2482.8,0.017890
SI,J58,2012,3.71333,111.5,0.033303
SI,J58,2013,3.94727,108.9,0.036247
SI,J58,2014,4.07595,114.0,0.035754
SI,J58,2015,4.47764,101.0,0.044333
SI,J58,2016,4.13927,96.3,0.042983
SI,J58,2017,3.95471,93.8,0.042161
SI,J58,2018,4.15193,94.0,0.044169
SI,J58,2019,4.19213,100.3,0.041796
SI,J58,2020,2.26937,96.1,0.023615
SI,J58,2021,2.5353,104.1,0.024354
SI,J58,2022,2.90053,93.0,0.031188
SI,J58,2023,2.90303,107.1,0.027106
SI,J59_J60,2012,5.37484,146.2,0.036764
SI,J59_J60,2013,5.46141,117.3,0.046559
SI,J59_J60,2014,4.51428,118.7,0.038031
SI,J59_J60,2015,4.95313,116.5,0.042516
SI,J59_J60,2016,5.31452,120.9,0.043958
SI,J59_J60,2017,5.57353,140.7,0.039613
SI,J59_J60,2018,5.69052,162.1,0.035105
SI,J59_J60,2019,5.80353,172.9,0.033566
SI,J59_J60,2020,5.8674,159.9,0.036694
SI,J59_J60,2021,5.87982,190.9,0.030801
SI,J59_J60,2022,6.50354,204.4,0.031818
SI,J59_J60,2023,6.59707,223.0,0.029583
SI,J61,2012,11.05055,541.6,0.020404
SI,J61,2013,11.19001,530.2,0.021105
SI,J61,2014,13.76816,526.5,0.026150
SI,J61,2015,14.14007,508.5,0.027807
SI,J61,2016,16.28639,480.9,0.033866
SI,J61,2017,16.1585,486.5,0.033214
SI,J61,2018,15.95774,454.2,0.035134
SI,J61,2019,17.03512,490.9,0.034702
SI,J61,2020,15.40764,502.6,0.030656
SI,J61,2021,15.26105,529.4,0.028827
SI,J61,2022,15.39582,535.9,0.028729
SI,J61,2023,15.17141,569.3,0.026649
SI,J62_J63,2012,15.95761,529.4,0.030143
SI,J62_J63,2013,16.22357,541.5,0.029960
SI,J62_J63,2014,16.17294,606.2,0.026679
SI,J62_J63,2015,18.59049,601.9,0.030886
SI,J62_J63,2016,20.48581,658.2,0.031124
SI,J62_J63,2017,20.43093,732.9,0.027877
SI,J62_J63,2018,21.20951,799.3,0.026535
SI,J62_J63,2019,22.08677,957.0,0.023079
SI,J62_J63,2020,17.77298,1037.3,0.017134
SI,J62_J63,2021,18.25375,1196.8,0.015252
SI,J62_J63,2022,19.46758,1375.9,0.014149
SI,J62_J63,2023,19.74577,1583.4,0.012470
SI,K,2012,41.82197,1336.4,0.031295
SI,K,2013,43.40993,1241.3,0.034971
SI,K,2014,50.67553,1287.6,0.039357
SI,K,2015,55.74862,1347.8,0.041363
SI,K,2016,57.18757,1324.4,0.043180
SI,K,2017,56.89514,1394.1,0.040811
SI,K,2018,57.74276,1501.0,0.038470
SI,K,2019,57.87434,1573.3,0.036785
SI,K,2020,49.23864,1594.4,0.030882
SI,K,2021,48.65265,1928.8,0.025224
SI,K,2022,52.12149,2087.3,0.024971
SI,K,2023,52.87303,2809.9,0.018817
SI,K64,2012,34.17883,783.9,0.043601
SI,K64,2013,34.39917,699.4,0.049184
SI,K64,2014,42.21898,843.0,0.050082
SI,K64,2015,45.56072,868.2,0.052477
SI,K64,2016,47.41593,856.5,0.055360
SI,K64,2017,47.41422,870.8,0.054449
SI,K64,2018,47.97537,917.1,0.052312
SI,K64,2019,48.06223,985.5,0.048769
SI,K64,2020,40.64683,994.1,0.040888
SI,K64,2021,41.50547,1198.4,0.034634
SI,K64,2022,43.97204,1287.4,0.034156
SI,K64,2023,44.28731,1922.7,0.023034
SI,K65,2012,3.19965,479.1,0.006678
SI,K65,2013,4.46455,470.8,0.009483
SI,K65,2014,4.9295,368.7,0.013370
SI,K65,2015,6.2609,405.6,0.015436
SI,K65,2016,5.47871,392.0,0.013976
SI,K65,2017,4.88736,442.2,0.011052
SI,K65,2018,5.15783,499.9,0.010318
SI,K65,2019,5.1233,487.4,0.010511
SI,K65,2020,4.63271,508.8,0.009105
SI,K65,2021,2.88651,624.2,0.004624
SI,K65,2022,3.53472,676.6,0.005224
SI,K65,2023,3.82921,756.8,0.005060
SI,K66,2012,4.44348,73.5,0.060456
SI,K66,2013,4.54621,71.1,0.063941
SI,K66,2014,3.52705,75.9,0.046470
SI,K66,2015,3.927,73.9,0.053139
SI,K66,2016,4.29292,75.9,0.056560
SI,K66,2017,4.59356,81.2,0.056571
SI,K66,2018,4.60955,84.1,0.054810
SI,K66,2019,4.68881,100.4,0.046701
SI,K66,2020,3.95911,91.5,0.043269
SI,K66,2021,4.26068,106.2,0.040119
SI,K66,2022,4.61473,123.4,0.037397
SI,K66,2023,4.75651,130.4,0.036476
SI,L,2012,61.48007,2468.1,0.024910
SI,L,2013,61.72371,2498.5,0.024704
SI,L,2014,39.35559,2524.9,0.015587
SI,L,2015,40.24962,2600.8,0.015476
SI,L,2016,50.62527,2679.3,0.018895
SI,L,2017,44.4957,2766.0,0.016087
SI,L,2018,44.47241,2900.0,0.015335
SI,L,2019,44.6687,3016.4,0.014809
SI,L,2020,36.59734,3058.4,0.011966
SI,L,2021,33.45024,3268.9,0.010233
SI,L,2022,36.27354,3783.7,0.009587
SI,L,2023,38.98893,4098.8,0.009512
SI,L68A,2012,0.0,2082.4,0.000000
SI,L68A,2013,0.0,2109.3,0.000000
SI,L68A,2014,0.0,2124.5,0.000000
SI,L68A,2015,0.0,2173.7,0.000000
SI,L68A,2016,0.0,2248.8,0.000000
SI,L68A,2017,0.0,2290.9,0.000000
SI,L68A,2018,0.0,2354.9,0.000000
SI,L68A,2019,0.0,2411.3,0.000000
SI,L68A,2020,0.0,2466.4,0.000000
SI,L68A,2021,0.0,2609.1,0.000000
SI,L68A,2022,0.0,2974.2,0.000000
SI,L68A,2023,0.0,3184.8,0.000000
SI,M,2012,146.88641,2104.2,0.069806
SI,M,2013,150.26637,2149.1,0.069921
SI,M,2014,168.13445,2250.6,0.074707
SI,M,2015,183.54373,2303.0,0.079698
SI,M,2016,188.70978,2332.1,0.080918
SI,M,2017,178.30614,2523.7,0.070653
SI,M,2018,174.6059,2723.2,0.064118
SI,M,2019,180.89477,2910.2,0.062159
SI,M,2020,180.02768,2837.1,0.063455
SI,M,2021,172.70503,3215.7,0.053707
SI,M,2022,181.63451,3632.1,0.050008
SI,M,2023,189.89794,3977.2,0.047747
SI,M69_M70,2012,50.56972,738.4,0.068486
SI,M69_M70,2013,50.64332,764.2,0.066270
SI,M69_M70,2014,74.81362,815.3,0.091762
SI,M69_M70,2015,84.88758,816.0,0.104029
SI,M69_M70,2016,83.44758,864.0,0.096583
SI,M69_M70,2017,77.98535,934.7,0.083434
SI,M69_M70,2018,76.77199,986.4,0.077830
SI,M69_M70,2019,78.08038,1014.2,0.076987
SI,M69_M70,2020,60.3422,1022.0,0.059043
SI,M69_M70,2021,57.98396,1169.9,0.049563
SI,M69_M70,2022,61.51477,1320.0,0.046602
SI,M69_M70,2023,63.83072,1381.1,0.046217
SI,M71,2012,62.97827,492.7,0.127823
SI,M71,2013,65.31448,492.0,0.132753
SI,M71,2014,60.12547,533.3,0.112742
SI,M71,2015,62.03496,600.0,0.103392
SI,M71,2016,66.00238,551.7,0.119635
SI,M71,2017,62.92688,608.0,0.103498
SI,M71,2018,61.78566,675.4,0.091480
SI,M71,2019,65.57338,754.8,0.086875
SI,M71,2020,80.95058,722.6,0.112027
SI,M71,2021,77.17609,799.5,0.096530
SI,M71,2022,80.11864,909.8,0.088062
SI,M71,2023,84.24716,1056.5,0.079742
SI,M72,2012,16.00909,387.9,0.041271
SI,M72,2013,16.73477,401.4,0.041691
SI,M72,2014,16.28994,401.0,0.040623
SI,M72,2015,17.3012,380.2,0.045506
SI,M72,2016,18.18292,385.8,0.047130
SI,M72,2017,16.05958,404.9,0.039663
SI,M72,2018,15.14861,446.3,0.033943
SI,M72,2019,15.59964,483.4,0.032271
SI,M72,2020,19.2802,488.4,0.039476
SI,M72,2021,16.17681,538.5,0.030041
SI,M72,2022,17.93981,596.9,0.030055
SI,M72,2023,19.47164,660.0,0.029502
SI,M73,2012,6.46284,104.1,0.062083
SI,M73,2013,6.53705,113.4,0.057646
SI,M73,2014,6.3336,117.4,0.053949
SI,M73,2015,6.93718,139.3,0.049800
SI,M73,2016,7.51488,143.2,0.052478
SI,M73,2017,7.70079,160.4,0.048010
SI,M73,2018,7.66312,172.1,0.044527
SI,M73,2019,7.79982,189.2,0.041225
SI,M73,2020,7.19549,183.5,0.039212
SI,M73,2021,7.73677,216.8,0.035686
SI,M73,2022,7.70212,248.0,0.031057
SI,M73,2023,7.72256,259.8,0.029725
SI,M74_M75,2012,10.86649,381.1,0.028513
SI,M74_M75,2013,11.03674,378.1,0.029190
SI,M74_M75,2014,10.57182,383.7,0.027552
SI,M74_M75,2015,12.38281,367.4,0.033704
SI,M74_M75,2016,13.56201,387.4,0.035008
SI,M74_M75,2017,13.63354,415.6,0.032804
SI,M74_M75,2018,13.23652,443.1,0.029873
SI,M74_M75,2019,13.84155,468.6,0.029538
SI,M74_M75,2020,12.25921,420.7,0.029140
SI,M74_M75,2021,13.6314,491.0,0.027763
SI,M74_M75,2022,14.35917,557.5,0.025756
SI,M74_M75,2023,14.62585,619.8,0.023598
SI,N,2012,78.32905,824.4,0.095013
SI,N,2013,79.08991,804.2,0.098346
SI,N,2014,88.15955,915.3,0.096318
SI,N,2015,96.57737,982.6,0.098288
SI,N,2016,105.16943,1058.0,0.099404
SI,N,2017,106.33705,1194.6,0.089015
SI,N,2018,109.19496,1289.9,0.084654
SI,N,2019,113.1038,1280.7,0.088314
SI,N,2020,90.81628,1061.3,0.085571
SI,N,2021,95.78949,1219.0,0.078580
SI,N,2022,100.75963,1454.2,0.069289
SI,N,2023,99.44144,1633.6,0.060873
SI,N77,2012,21.13168,54.0,0.391327
SI,N77,2013,20.9176,44.2,0.473249
SI,N77,2014,24.97634,47.0,0.531411
SI,N77,2015,27.25655,47.8,0.570221
SI,N77,2016,30.78088,53.3,0.577502
SI,N77,2017,31.34341,69.1,0.453595
SI,N77,2018,31.98586,103.3,0.309640
SI,N77,2019,32.49806,81.7,0.397773
SI,N77,2020,25.15343,61.0,0.412351
SI,N77,2021,27.37594,77.7,0.352329
SI,N77,2022,28.51997,98.6,0.289249
SI,N77,2023,28.19601,120.7,0.233604
SI,N78,2012,1.81182,425.9,0.004254
SI,N78,2013,1.79241,406.6,0.004408
SI,N78,2014,3.25898,516.4,0.006311
SI,N78,2015,3.56645,571.3,0.006243
SI,N78,2016,3.99051,606.4,0.006581
SI,N78,2017,3.82356,687.7,0.005560
SI,N78,2018,3.46579,710.3,0.004879
SI,N78,2019,4.05007,697.5,0.005807
SI,N78,2020,3.75779,580.4,0.006474
SI,N78,2021,3.63521,655.7,0.005544
SI,N78,2022,3.68753,756.2,0.004876
SI,N78,2023,3.78925,818.1,0.004632
SI,N79,2012,3.01456,54.3,0.055517
SI,N79,2013,3.12401,56.3,0.055489
SI,N79,2014,3.53997,54.6,0.064835
SI,N79,2015,3.91092,57.6,0.067898
SI,N79,2016,4.41044,64.5,0.068379
SI,N79,2017,4.20123,75.7,0.055498
SI,N79,2018,4.36554,81.8,0.053368
SI,N79,2019,4.98813,84.4,0.059101
SI,N79,2020,2.82858,15.3,0.184875
SI,N79,2021,3.47633,34.8,0.099895
SI,N79,2022,4.02378,84.6,0.047562
SI,N79,2023,4.17225,112.1,0.037219
SI,N80-N82,2012,52.371,290.3,0.180403
SI,N80-N82,2013,53.25589,297.0,0.179313
SI,N80-N82,2014,56.38426,297.4,0.189591
SI,N80-N82,2015,61.84346,305.9,0.202169
SI,N80-N82,2016,65.9876,333.7,0.197745
SI,N80-N82,2017,66.96885,362.1,0.184946
SI,N80-N82,2018,69.37777,394.4,0.175907
SI,N80-N82,2019,71.56754,417.1,0.171584
SI,N80-N82,2020,59.07649,404.6,0.146012
SI,N80-N82,2021,61.30201,450.8,0.135985
SI,N80-N82,2022,64.52836,514.8,0.125346
SI,N80-N82,2023,63.28393,582.7,0.108605
SI,O,2012,15.24829,2041.2,0.007470
SI,O,2013,15.52347,1954.8,0.007941
SI,O,2014,57.15526,1934.4,0.029547
SI,O,2015,63.20601,1950.3,0.032408
SI,O,2016,72.20111,2087.9,0.034581
SI,O,2017,63.75398,2184.4,0.029186
SI,O,2018,58.5628,2286.0,0.025618
SI,O,2019,55.89476,2456.2,0.022757
SI,O,2020,79.37393,2620.6,0.030288
SI,O,2021,68.72185,2859.1,0.024036
SI,O,2022,68.90756,3022.9,0.022795
SI,O,2023,75.30666,3300.0,0.022820
SI,P,2012,88.27361,1877.2,0.047024
SI,P,2013,97.64589,1812.8,0.053865
SI,P,2014,87.76275,1796.9,0.048841
SI,P,2015,97.0647,1812.8,0.053544
SI,P,2016,111.07221,1898.0,0.058521
SI,P,2017,96.11533,1989.7,0.048306
SI,P,2018,85.27675,2082.3,0.040953
SI,P,2019,84.1811,2237.3,0.037626
SI,P,2020,81.43401,2341.5,0.034779
SI,P,2021,73.5512,2653.3,0.027721
SI,P,2022,82.55162,2676.9,0.030839
SI,P,2023,90.28745,2956.0,0.030544
SI,Q,2012,152.90845,1702.2,0.089830
SI,Q,2013,142.02453,1669.9,0.085050
SI,Q,2014,127.25427,1656.7,0.076812
SI,Q,2015,153.54942,1699.2,0.090366
SI,Q,2016,176.73242,1821.6,0.097020
SI,Q,2017,140.31317,1917.3,0.073183
SI,Q,2018,135.60265,2057.0,0.065923
SI,Q,2019,167.75734,2209.8,0.075915
SI,Q,2020,144.49551,2580.8,0.055989
SI,Q,2021,104.06808,2870.7,0.036252
SI,Q,2022,125.94414,2855.2,0.044110
SI,Q,2023,135.32356,3175.5,0.042615
SI,Q86,2012,128.31045,1334.8,0.096127
SI,Q86,2013,114.41419,1305.0,0.087674
SI,Q86,2014,97.20053,1293.3,0.075157
SI,Q86,2015,119.51919,1331.4,0.089770
SI,Q86,2016,136.382,1431.2,0.095292
SI,Q86,2017,105.91971,1514.6,0.069932
SI,Q86,2018,106.80493,1628.8,0.065573
SI,Q86,2019,139.33286,1749.0,0.079664
SI,Q86,2020,117.83048,2030.1,0.058042
SI,Q86,2021,83.08641,2265.3,0.036678
SI,Q86,2022,104.517,2216.9,0.047146
SI,Q86,2023,111.82017,2476.4,0.045154
SI,Q87_Q88,2012,24.598,367.4,0.066952
SI,Q87_Q88,2013,27.61034,364.9,0.075665
SI,Q87_Q88,2014,30.05374,363.4,0.082702
SI,Q87_Q88,2015,34.03023,367.8,0.092524
SI,Q87_Q88,2016,40.35041,390.4,0.103357
SI,Q87_Q88,2017,34.39346,402.7,0.085407
SI,Q87_Q88,2018,28.79772,428.1,0.067269
SI,Q87_Q88,2019,28.42448,460.8,0.061685
SI,Q87_Q88,2020,26.66504,550.8,0.048411
SI,Q87_Q88,2021,20.98167,605.3,0.034663
SI,Q87_Q88,2022,21.42714,638.3,0.033569
SI,Q87_Q88,2023,23.50339,699.1,0.033619
SI,R,2012,52.99294,479.5,0.110517
SI,R,2013,54.50232,471.9,0.115495
SI,R,2014,32.68898,463.3,0.070557
SI,R,2015,35.29757,456.4,0.077339
SI,R,2016,41.48601,492.5,0.084236
SI,R,2017,37.99303,507.5,0.074863
SI,R,2018,36.03689,525.5,0.068576
SI,R,2019,36.57042,552.1,0.066239
SI,R,2020,43.51411,435.5,0.099918
SI,R,2021,40.58772,478.1,0.084894
SI,R,2022,46.91523,623.5,0.075245
SI,R,2023,50.54681,673.0,0.075107
SI,R90-R92,2012,23.69018,395.8,0.059854
SI,R90-R92,2013,22.84326,377.1,0.060576
SI,R90-R92,2014,18.28015,375.8,0.048643
SI,R90-R92,2015,20.1611,374.5,0.053835
SI,R90-R92,2016,23.10312,395.5,0.058415
SI,R90-R92,2017,21.18188,404.6,0.052353
SI,R90-R92,2018,20.07754,415.9,0.048275
SI,R90-R92,2019,20.09082,434.5,0.046239
SI,R90-R92,2020,18.37861,341.2,0.053865
SI,R90-R92,2021,17.3735,363.1,0.047848
SI,R90-R92,2022,19.80884,483.4,0.040978
SI,R90-R92,2023,20.98679,519.3,0.040414
SI,R93,2012,29.30276,83.7,0.350093
SI,R93,2013,31.65906,94.8,0.333956
SI,R93,2014,14.40883,87.4,0.164861
SI,R93,2015,15.13647,81.9,0.184816
SI,R93,2016,18.38289,97.0,0.189514
SI,R93,2017,16.81115,102.9,0.163374
SI,R93,2018,15.95935,109.6,0.145615
SI,R93,2019,16.4796,117.6,0.140133
SI,R93,2020,25.1355,94.3,0.266548
SI,R93,2021,23.21423,115.1,0.201687
SI,R93,2022,27.1064,140.1,0.193479
SI,R93,2023,29.56002,153.7,0.192323
SI,S,2012,51.13812,348.6,0.146696
SI,S,2013,53.83062,349.1,0.154198
SI,S,2014,45.57521,348.1,0.130926
SI,S,2015,49.40662,352.0,0.140360
SI,S,2016,56.84935,373.1,0.152370
SI,S,2017,53.41894,393.5,0.135753
SI,S,2018,49.96829,415.6,0.120232
SI,S,2019,49.64987,461.7,0.107537
SI,S,2020,60.7214,410.7,0.147849
SI,S,2021,56.07978,453.4,0.123687
SI,S,2022,58.06607,519.4,0.111795
SI,S,2023,61.33483,557.9,0.109939
SI,S94,2012,10.19764,122.1,0.083519
SI,S94,2013,11.32084,116.7,0.097008
SI,S94,2014,3.57515,111.6,0.032035
SI,S94,2015,3.17327,111.1,0.028562
SI,S94,2016,3.52988,119.6,0.029514
SI,S94,2017,3.47202,128.2,0.027083
SI,S94,2018,3.91986,136.0,0.028823
SI,S94,2019,3.94999,156.6,0.025223
SI,S94,2020,7.17288,164.3,0.043657
SI,S94,2021,6.52817,183.1,0.035654
SI,S94,2022,7.92691,205.1,0.038649
SI,S94,2023,8.5872,223.9,0.038353
SI,S95,2012,7.98523,30.3,0.263539
SI,S95,2013,8.1725,28.8,0.283767
SI,S95,2014,6.31064,29.5,0.213920
SI,S95,2015,6.84702,33.5,0.204389
SI,S95,2016,7.2393,35.8,0.202215
SI,S95,2017,7.74844,37.2,0.208291
SI,S95,2018,8.01286,38.5,0.208126
SI,S95,2019,8.19259,42.5,0.192767
SI,S95,2020,7.42579,37.9,0.195931
SI,S95,2021,7.94729,41.4,0.191964
SI,S95,2022,8.21042,47.7,0.172126
SI,S95,2023,8.04069,51.5,0.156130
SI,S96,2012,32.95525,196.1,0.168053
SI,S96,2013,34.33728,203.6,0.168651
SI,S96,2014,35.68943,207.1,0.172329
SI,S96,2015,39.38633,207.4,0.189905
SI,S96,2016,46.08017,217.7,0.211668
SI,S96,2017,42.19849,228.1,0.185000
SI,S96,2018,38.03556,241.1,0.157758
SI,S96,2019,37.5073,262.6,0.142831
SI,S96,2020,46.12273,208.5,0.221212
SI,S96,2021,41.60432,228.9,0.181758
SI,S96,2022,41.92874,266.7,0.157213
SI,S96,2023,44.70694,282.6,0.158199
SI,T,2012,0.0,27.3,0.000000
SI,T,2013,0.0,27.5,0.000000
SI,T,2014,0.0,28.2,0.000000
SI,T,2015,0.0,28.4,0.000000
SI,T,2016,0.0,28.7,0.000000
SI,T,2017,0.0,29.2,0.000000
SI,T,2018,0.0,30.6,0.000000
SI,T,2019,0.0,31.4,0.000000
SI,T,2020,0.0,33.0,0.000000
SI,T,2021,0.0,35.0,0.000000
SI,T,2022,0.0,38.2,0.000000
SI,T,2023,0.0,42.5,0.000000
SI,TOTAL,2012,14096.32813,31113.8,0.453057
SI,TOTAL,2013,13804.86642,30975.3,0.445673
SI,TOTAL,2014,12439.60956,32050.3,0.388128
SI,TOTAL,2015,12730.45705,33058.5,0.385089
SI,TOTAL,2016,13299.858,34438.5,0.386192
SI,TOTAL,2017,13385.30915,36789.8,0.363832
SI,TOTAL,2018,13494.51517,39355.4,0.342889
SI,TOTAL,2019,13260.90416,41821.1,0.317086
SI,TOTAL,2020,12694.09182,41139.2,0.308564
SI,TOTAL,2021,12408.4675,45539.5,0.272477
SI,TOTAL,2022,11378.68233,49934.2,0.227874
SI,TOTAL,2023,11032.27378,56995.1,0.193565
SK,A,2012,1945.45207,1323.1,1.470374
SK,A,2013,2043.04177,1548.3,1.319539
SK,A,2014,2117.69458,2002.0,1.057790
SK,A,2015,1999.13586,1644.5,1.215650
SK,A,2016,2091.418,1683.6,1.242230
SK,A,2017,2023.12146,1570.2,1.288448
SK,A,2018,2002.60862,1813.9,1.104035
SK,A,2019,2022.05356,1528.8,1.322641
SK,A,2020,2041.31011,1631.0,1.251570
SK,A,2021,1945.06078,1906.8,1.020065
SK,A,2022,1876.60426,2122.7,0.884065
SK,A,2023,1998.16236,2626.1,0.760886
SK,A01,2012,1878.85294,835.6,2.248508
SK,A01,2013,1969.19406,1004.8,1.959787
SK,A01,2014,2035.2582,1388.2,1.466113
SK,A01,2015,1894.8347,1025.8,1.847178
SK,A01,2016,1996.45306,1077.2,1.853373
SK,A01,2017,1921.20022,960.9,1.999376
SK,A01,2018,1897.05097,1219.8,1.555215
SK,A01,2019,1919.02889,922.7,2.079797
SK,A01,2020,1928.96971,1002.0,1.925119
SK,A01,2021,1828.30936,1199.6,1.524099
SK,A01,2022,1748.63464,1282.8,1.363139
SK,A01,2023,1881.5347,1806.7,1.041421
SK,A02,2012,64.60819,484.3,0.133405
SK,A02,2013,71.55909,531.9,0.134535
SK,A02,2014,80.40976,575.5,0.139722
SK,A02,2015,101.87097,581.5,0.175187
SK,A02,2016,92.51303,582.7,0.158766
SK,A02,2017,99.20599,595.0,0.166733
SK,A02,2018,103.15611,589.9,0.174871
SK,A02,2019,100.68118,601.4,0.167411
SK,A02,2020,109.98376,625.1,0.175946
SK,A02,2021,114.28402,703.2,0.162520
SK,A02,2022,126.27701,836.1,0.151031
SK,A02,2023,114.97316,814.0,0.141245
SK,A03,2012,1.99095,3.2,0.622172
SK,A03,2013,2.28861,11.6,0.197294
SK,A03,2014,2.02662,38.3,0.052914
SK,A03,2015,2.43019,37.2,0.065328
SK,A03,2016,2.45192,23.7,0.103457
SK,A03,2017,2.71525,14.3,0.189878
SK,A03,2018,2.40154,4.2,0.571795
SK,A03,2019,2.3435,4.8,0.488229
SK,A03,2020,2.35664,3.8,0.620168
SK,A03,2021,2.4674,3.9,0.632667
SK,A03,2022,1.69261,3.8,0.445424
SK,A03,2023,1.65449,5.4,0.306387
SK,B,2012,318.30402,159.5,1.995636
SK,B,2013,307.80911,168.0,1.832197
SK,B,2014,298.13158,150.3,1.983577
SK,B,2015,264.0195,166.4,1.586656
SK,B,2016,310.89188,174.6,1.780595
SK,B,2017,306.90884,171.6,1.788513
SK,B,2018,299.56544,186.0,1.610567
SK,B,2019,271.53083,171.9,1.579586
SK,B,2020,242.68444,161.8,1.499904
SK,B,2021,263.52434,158.6,1.661566
SK,B,2022,267.87993,147.8,1.812449
SK,B,2023,254.32591,205.0,1.240614
SK,C,2012,16759.88766,12736.1,1.315936
SK,C,2013,15820.13761,12441.4,1.271572
SK,C,2014,15719.00735,14190.2,1.107737
SK,C,2015,15642.10732,15133.9,1.033581
SK,C,2016,15845.92253,14502.1,1.092664
SK,C,2017,16335.28972,14545.1,1.123079
SK,C,2018,16726.07004,16346.3,1.023233
SK,C,2019,14532.87288,17682.3,0.821888
SK,C,2020,13506.35121,16544.4,0.816370
SK,C,2021,15894.82121,16941.9,0.938196
SK,C,2022,13116.00665,19078.7,0.687469
SK,C,2023,12974.01486,20812.5,0.623376
SK,C10-C12,2012,664.89978,995.3,0.668040
SK,C10-C12,2013,720.72212,892.5,0.807532
SK,C10-C12,2014,747.77769,893.5,0.836908
SK,C10-C12,2015,694.90873,960.9,0.723185
SK,C10-C12,2016,731.68356,832.3,0.879110
SK,C10-C12,2017,722.63001,884.5,0.816993
SK,C10-C12,2018,734.57372,1105.4,0.664532
SK,C10-C12,2019,704.8072,1180.3,0.597142
SK,C10-C12,2020,688.62035,1246.4,0.552487
SK,C10-C12,2021,709.50374,1259.8,0.563188
SK,C10-C12,2022,644.80607,1352.9,0.476610
SK,C10-C12,2023,675.56861,1616.9,0.417817
SK,C13-C15,2012,53.67467,577.6,0.092927
SK,C13-C15,2013,70.99334,553.0,0.128379
SK,C13-C15,2014,73.28971,645.2,0.113592
SK,C13-C15,2015,71.70465,647.2,0.110792
SK,C13-C15,2016,71.19819,592.6,0.120145
SK,C13-C15,2017,74.50269,526.8,0.141425
SK,C13-C15,2018,79.51566,648.5,0.122615
SK,C13-C15,2019,70.33231,623.8,0.112748
SK,C13-C15,2020,67.15232,567.2,0.118393
SK,C13-C15,2021,75.02896,540.4,0.138840
SK,C13-C15,2022,65.30213,595.1,0.109733
SK,C13-C15,2023,63.16532,592.8,0.106554
SK,C16,2012,75.71827,360.9,0.209804
SK,C16,2013,81.16102,361.8,0.224326
SK,C16,2014,85.52301,483.7,0.176810
SK,C16,2015,92.47678,493.7,0.187314
SK,C16,2016,92.91398,430.6,0.215778
SK,C16,2017,97.01643,475.1,0.204202
SK,C16,2018,104.53634,459.5,0.227500
SK,C16,2019,96.28207,495.0,0.194509
SK,C16,2020,87.94615,536.6,0.163895
SK,C16,2021,102.58012,557.9,0.183868
SK,C16,2022,96.75268,618.3,0.156482
SK,C16,2023,92.82935,597.0,0.155493
SK,C17,2012,141.19171,331.0,0.426561
SK,C17,2013,136.07185,305.2,0.445845
SK,C17,2014,138.75006,307.0,0.451955
SK,C17,2015,132.02987,347.7,0.379724
SK,C17,2016,128.01721,365.7,0.350061
SK,C17,2017,136.06663,318.9,0.426675
SK,C17,2018,143.96358,335.7,0.428846
SK,C17,2019,122.62018,348.0,0.352357
SK,C17,2020,116.50552,294.0,0.396277
SK,C17,2021,133.77016,262.1,0.510378
SK,C17,2022,115.99809,350.2,0.331234
SK,C17,2023,108.28729,409.0,0.264761
SK,C18,2012,14.27877,167.6,0.085196
SK,C18,2013,16.31024,154.4,0.105636
SK,C18,2014,16.64393,157.2,0.105877
SK,C18,2015,16.74846,152.0,0.110187
SK,C18,2016,16.73229,144.5,0.115794
SK,C18,2017,17.63085,151.8,0.116145
SK,C18,2018,18.69246,175.0,0.106814
SK,C18,2019,16.9052,144.0,0.117397
SK,C18,2020,16.6866,131.4,0.126991
SK,C18,2021,18.9781,141.2,0.134406
SK,C18,2022,17.14384,133.8,0.128130
SK,C18,2023,16.50973,139.3,0.118519
SK,C19,2012,1819.97385,367.1,4.957706
SK,C19,2013,1636.9343,261.3,6.264578
SK,C19,2014,1428.95064,297.4,4.804810
SK,C19,2015,1506.08114,328.1,4.590311
SK,C19,2016,1513.02965,41.5,36.458546
SK,C19,2017,1506.81225,334.6,4.503324
SK,C19,2018,1462.65123,298.4,4.901646
SK,C19,2019,1317.04175,390.5,3.372706
SK,C19,2020,1205.1053,289.4,4.164151
SK,C19,2021,1304.52559,384.4,3.393667
SK,C19,2022,1156.10001,1237.8,0.933996
SK,C19,2023,1152.27127,1057.1,1.090031
SK,C20,2012,1048.07581,311.5,3.364609
SK,C20,2013,1020.44174,266.7,3.826178
SK,C20,2014,892.01254,348.9,2.556642
SK,C20,2015,964.84602,479.0,2.014292
SK,C20,2016,921.4167,401.3,2.296079
SK,C20,2017,980.05128,376.9,2.600295
SK,C20,2018,1122.34396,323.1,3.473674
SK,C20,2019,967.37351,386.2,2.504851
SK,C20,2020,965.96704,367.0,2.632063
SK,C20,2021,1051.71125,356.2,2.952586
SK,C20,2022,887.99736,454.6,1.953360
SK,C20,2023,813.20508,445.6,1.824967
SK,C21,2012,38.94679,142.6,0.273119
SK,C21,2013,34.85267,22.6,1.542154
SK,C21,2014,35.19491,76.1,0.462482
SK,C21,2015,33.06256,57.8,0.572017
SK,C21,2016,32.65369,81.7,0.399678
SK,C21,2017,34.46297,70.7,0.487454
SK,C21,2018,36.86579,71.5,0.515605
SK,C21,2019,42.81823,74.1,0.577844
SK,C21,2020,40.37189,80.2,0.503390
SK,C21,2021,47.33872,87.2,0.542875
SK,C21,2022,40.06196,93.5,0.428470
SK,C21,2023,38.42518,126.6,0.303516
SK,C22,2012,647.07419,1009.1,0.641239
SK,C22,2013,633.0416,1122.9,0.563756
SK,C22,2014,549.1802,1193.2,0.460258
SK,C22,2015,606.7587,1265.7,0.479386
SK,C22,2016,576.99952,1349.7,0.427502
SK,C22,2017,609.99463,1320.3,0.462012
SK,C22,2018,704.156,1341.3,0.524980
SK,C22,2019,624.67788,1458.9,0.428184
SK,C22,2020,625.99209,1302.9,0.480461
SK,C22,2021,673.75461,1312.8,0.513220
SK,C22,2022,573.60991,1353.7,0.423735
SK,C22,2023,524.96013,1432.2,0.366541
SK,C23,2012,1703.43388,488.5,3.487070
SK,C23,2013,1774.48207,460.7,3.851708
SK,C23,2014,1831.42526,509.7,3.593144
SK,C23,2015,1734.1364,518.0,3.347754
SK,C23,2016,1728.31119,561.0,3.080769
SK,C23,2017,1826.78432,603.2,3.028489
SK,C23,2018,1922.26535,613.5,3.133277
SK,C23,2019,1678.37289,690.8,2.429608
SK,C23,2020,1587.08065,671.6,2.363134
SK,C23,2021,1820.28087,696.7,2.612718
SK,C23,2022,1605.35807,758.3,2.117049
SK,C23,2023,1482.51597,800.3,1.852450
SK,C24,2012,8034.71862,846.4,9.492815
SK,C24,2013,6957.19761,789.7,8.809925
SK,C24,2014,7023.65417,750.3,9.361128
SK,C24,2015,6888.56416,863.7,7.975645
SK,C24,2016,7035.57073,940.3,7.482262
SK,C24,2017,7240.09005,952.5,7.601144
SK,C24,2018,7320.64352,1099.2,6.659974
SK,C24,2019,6168.73358,787.2,7.836298
SK,C24,2020,5628.00432,754.0,7.464197
SK,C24,2021,6877.57277,1425.3,4.825351
SK,C24,2022,5519.58273,1719.8,3.209433
SK,C24,2023,5556.6655,1183.8,4.693923
SK,C25,2012,1893.1276,1822.4,1.038810
SK,C25,2013,1826.57518,1682.1,1.085890
SK,C25,2014,1974.19364,2019.5,0.977566
SK,C25,2015,1986.52388,2028.7,0.979210
SK,C25,2016,2102.93374,1993.5,1.054895
SK,C25,2017,2134.42378,2126.9,1.003537
SK,C25,2018,2082.43479,2193.3,0.949453
SK,C25,2019,1805.31578,2238.0,0.806665
SK,C25,2020,1614.00486,2128.4,0.758318
SK,C25,2021,2102.10889,2139.3,0.982615
SK,C25,2022,1574.75087,2513.7,0.626467
SK,C25,2023,1660.16611,2801.7,0.592557
SK,C26,2012,13.9807,649.4,0.021529
SK,C26,2013,19.35485,524.1,0.036930
SK,C26,2014,19.48721,717.3,0.027167
SK,C26,2015,19.03832,622.6,0.030579
SK,C26,2016,18.95202,648.6,0.029220
SK,C26,2017,20.18116,543.8,0.037111
SK,C26,2018,21.86936,560.4,0.039025
SK,C26,2019,25.88589,572.6,0.045208
SK,C26,2020,24.94589,509.6,0.048952
SK,C26,2021,27.95426,438.3,0.063779
SK,C26,2022,24.32418,456.9,0.053237
SK,C26,2023,23.4313,616.9,0.037982
SK,C27,2012,48.25362,662.1,0.072880
SK,C27,2013,82.0568,745.9,0.110010
SK,C27,2014,81.17339,710.6,0.114232
SK,C27,2015,78.47473,876.1,0.089573
SK,C27,2016,75.57753,872.2,0.086652
SK,C27,2017,80.16738,948.6,0.084511
SK,C27,2018,86.41417,1010.2,0.085542
SK,C27,2019,76.08014,1157.4,0.065734
SK,C27,2020,74.80535,929.6,0.080470
SK,C27,2021,84.98726,1020.1,0.083313
SK,C27,2022,74.04878,1027.6,0.072060
SK,C27,2023,71.14111,1117.7,0.063650
SK,C28,2012,280.92444,1029.4,0.272901
SK,C28,2013,335.52955,1085.7,0.309044
SK,C28,2014,338.93335,1335.0,0.253883
SK,C28,2015,356.01157,1497.3,0.237769
SK,C28,2016,341.11496,1292.8,0.263857
SK,C28,2017,368.04428,1094.1,0.336390
SK,C28,2018,368.19761,1511.5,0.243597
SK,C28,2019,350.32567,1621.0,0.216117
SK,C28,2020,326.30809,1376.8,0.237005
SK,C28,2021,354.63323,1616.1,0.219438
SK,C28,2022,275.24247,1493.2,0.184331
SK,C28,2023,259.20387,1833.2,0.141394
SK,C29,2012,164.53049,2016.6,0.081588
SK,C29,2013,268.76455,2181.7,0.123190
SK,C29,2014,271.74976,2716.4,0.100040
SK,C29,2015,254.45522,2940.1,0.086546
SK,C29,2016,252.76979,2907.4,0.086940
SK,C29,2017,268.7365,2710.1,0.099161
SK,C29,2018,286.75219,3394.8,0.084468
SK,C29,2019,257.69567,4275.8,0.060268
SK,C29,2020,239.30767,4156.9,0.057569
SK,C29,2021,287.35585,3473.7,0.082723
SK,C29,2022,249.57198,3578.8,0.069736
SK,C29,2023,245.82194,4577.7,0.053700
SK,C30,2012,22.70246,110.7,0.205081
SK,C30,2013,75.38043,108.3,0.696034
SK,C30,2014,76.05118,124.1,0.612822
SK,C30,2015,71.12667,143.5,0.495656
SK,C30,2016,70.60668,99.6,0.708902
SK,C30,2017,75.13995,92.9,0.808826
SK,C30,2018,79.94755,111.6,0.716376
SK,C30,2019,68.62512,129.4,0.530333
SK,C30,2020,64.43855,132.6,0.485962
SK,C30,2021,76.82667,162.4,0.473071
SK,C30,2022,65.13342,166.0,0.392370
SK,C30,2023,63.67585,183.9,0.346253
SK,C31_C32,2012,64.84426,387.2,0.167470
SK,C31_C32,2013,94.94568,422.3,0.224830
SK,C31_C32,2014,97.27353,420.9,0.231108
SK,C31_C32,2015,93.59221,432.7,0.216298
SK,C31_C32,2016,93.17034,449.6,0.207229
SK,C31_C32,2017,98.72641,462.5,0.213463
SK,C31_C32,2018,104.80993,492.5,0.212812
SK,C31_C32,2019,93.32213,503.2,0.185457
SK,C31_C32,2020,88.29282,513.7,0.171876
SK,C31_C32,2021,100.80503,515.1,0.195700
SK,C31_C32,2022,87.30527,510.6,0.170986
SK,C31_C32,2023,83.21826,467.0,0.178198
SK,C33,2012,29.53775,460.8,0.064101
SK,C33,2013,35.32202,500.4,0.070588
SK,C33,2014,37.74318,484.3,0.077933
SK,C33,2015,41.56724,478.9,0.086797
SK,C33,2016,42.27078,497.2,0.085018
SK,C33,2017,43.82814,551.0,0.079543
SK,C33,2018,45.43683,601.0,0.075602
SK,C33,2019,45.65768,605.9,0.075355
SK,C33,2020,44.81574,556.1,0.080589
SK,C33,2021,45.10511,552.9,0.081579
SK,C33,2022,42.91683,664.1,0.064624
SK,C33,2023,42.95298,813.8,0.052781
SK,D,2012,6806.87364,2634.2,2.584038
SK,D,2013,7186.86164,2270.1,3.165879
SK,D,2014,6411.55565,2400.7,2.670703
SK,D,2015,6649.92119,2128.9,3.123642
SK,D,2016,6605.42608,2145.7,3.078448
SK,D,2017,6658.44442,1957.6,3.401330
SK,D,2018,6561.28139,1808.2,3.628626
SK,D,2019,6260.65539,2612.4,2.396515
SK,D,2020,5785.31094,2770.0,2.088560
SK,D,2021,6345.53957,1957.2,3.242152
SK,D,2022,5533.26137,613.0,9.026528
SK,D,2023,5506.37857,4354.9,1.264410
SK,E,2012,1878.74363,723.6,2.596384
SK,E,2013,1932.26605,843.6,2.290500
SK,E,2014,1914.47335,709.5,2.698342
SK,E,2015,2006.46137,760.1,2.639733
SK,E,2016,1969.67597,718.6,2.740991
SK,E,2017,1993.48764,756.6,2.634797
SK,E,2018,2011.99729,810.7,2.481803
SK,E,2019,2013.23363,857.8,2.346973
SK,E,2020,2003.95844,845.2,2.370987
SK,E,2021,1971.66748,936.4,2.105583
SK,E,2022,1869.90723,945.5,1.977691
SK,E,2023,1824.27363,1018.2,1.791665
SK,E36,2012,120.20736,354.2,0.339377
SK,E36,2013,133.84498,346.9,0.385832
SK,E36,2014,148.35186,346.7,0.427897
SK,E36,2015,128.39875,353.4,0.363324
SK,E36,2016,147.5357,350.3,0.421170
SK,E36,2017,134.09629,366.6,0.365784
SK,E36,2018,138.40304,371.2,0.372853
SK,E36,2019,142.63412,395.4,0.360734
SK,E36,2020,140.63274,377.4,0.372636
SK,E36,2021,127.56686,414.6,0.307687
SK,E36,2022,116.16179,383.1,0.303215
SK,E36,2023,137.33555,441.5,0.311066
SK,E37-E39,2012,1758.53627,369.5,4.759232
SK,E37-E39,2013,1798.42107,496.7,3.620739
SK,E37-E39,2014,1766.12149,362.8,4.868031
SK,E37-E39,2015,1878.06262,406.6,4.618944
SK,E37-E39,2016,1822.14026,368.3,4.947435
SK,E37-E39,2017,1859.39135,390.0,4.767670
SK,E37-E39,2018,1873.59424,439.5,4.263013
SK,E37-E39,2019,1870.59951,462.5,4.044539
SK,E37-E39,2020,1863.32569,467.8,3.983167
SK,E37-E39,2021,1844.10062,521.8,3.534114
SK,E37-E39,2022,1753.74544,562.4,3.118324
SK,E37-E39,2023,1686.93807,576.7,2.925157
SK,F,2012,1836.50766,5917.3,0.310362
SK,F,2013,1858.83582,5144.2,0.361346
SK,F,2014,2002.00955,5437.6,0.368179
SK,F,2015,2048.26092,5869.0,0.348997
SK,F,2016,2077.29456,5860.3,0.354469
SK,F,2017,2164.01948,6423.2,0.336907
SK,F,2018,2190.19532,6661.3,0.328794
SK,F,2019,2189.25964,6233.2,0.351226
SK,F,2020,2129.45078,6595.4,0.322869
SK,F,2021,2226.85399,7937.5,0.280549
SK,F,2022,2220.48942,8405.2,0.264180
SK,F,2023,1929.59164,9692.8,0.199075
SK,G,2012,315.8454,8688.9,0.036350
SK,G,2013,343.79576,7850.2,0.043795
SK,G,2014,405.36162,7724.2,0.052479
SK,G,2015,566.4694,7605.8,0.074479
SK,G,2016,600.47405,7200.1,0.083398
SK,G,2017,621.74629,7756.5,0.080158
SK,G,2018,651.42513,7744.6,0.084113
SK,G,2019,725.3857,9134.0,0.079416
SK,G,2020,612.9956,9914.5,0.061828
SK,G,2021,646.84141,9632.4,0.067153
SK,G,2022,642.75283,11080.4,0.058008
SK,G,2023,617.06293,13525.6,0.045622
SK,G45,2012,34.83659,984.9,0.035371
SK,G45,2013,55.6478,646.3,0.086102
SK,G45,2014,67.7752,616.3,0.109971
SK,G45,2015,99.47516,690.5,0.144063
SK,G45,2016,112.69259,754.3,0.149400
SK,G45,2017,114.97099,807.7,0.142344
SK,G45,2018,125.60604,870.5,0.144292
SK,G45,2019,168.73931,1070.7,0.157597
SK,G45,2020,121.03677,1090.4,0.111002
SK,G45,2021,130.73021,1014.7,0.128836
SK,G45,2022,136.99667,1002.0,0.136723
SK,G45,2023,144.61431,1483.8,0.097462
SK,G46,2012,145.78103,3393.9,0.042954
SK,G46,2013,146.26597,3973.7,0.036809
SK,G46,2014,172.3836,4113.1,0.041911
SK,G46,2015,240.22902,3917.3,0.061325
SK,G46,2016,251.47022,3358.6,0.074874
SK,G46,2017,260.40445,3607.7,0.072180
SK,G46,2018,272.54892,3279.3,0.083112
SK,G46,2019,288.35736,3953.9,0.072930
SK,G46,2020,258.82609,4470.8,0.057893
SK,G46,2021,271.51023,4428.0,0.061317
SK,G46,2022,269.47723,4869.1,0.055344
SK,G46,2023,251.52461,5692.9,0.044182
SK,G47,2012,135.22778,4310.1,0.031375
SK,G47,2013,141.88199,3230.2,0.043924
SK,G47,2014,165.20282,2994.8,0.055163
SK,G47,2015,226.76522,2998.0,0.075639
SK,G47,2016,236.31124,3087.2,0.076545
SK,G47,2017,246.37085,3341.1,0.073739
SK,G47,2018,253.27018,3594.8,0.070455
SK,G47,2019,268.28902,4109.4,0.065287
SK,G47,2020,233.13273,4353.3,0.053553
SK,G47,2021,244.60097,4189.6,0.058383
SK,G47,2022,236.27894,5209.3,0.045357
SK,G47,2023,220.92401,6348.9,0.034797
SK,H,2012,2739.4674,3430.0,0.798679
SK,H,2013,1812.3308,3729.0,0.486010
SK,H,2014,1593.36579,4767.1,0.334242
SK,H,2015,2144.48119,5079.4,0.422192
SK,H,2016,2379.56444,4689.9,0.507381
SK,H,2017,2488.18214,4979.9,0.499645
SK,H,2018,2510.8512,5188.2,0.483954
SK,H,2019,2651.08003,5561.2,0.476710
SK,H,2020,1632.49453,5507.2,0.296429
SK,H,2021,2296.29672,5632.8,0.407665
SK,H,2022,2169.58076,6599.2,0.328764
SK,H,2023,2099.89484,6335.1,0.331470
SK,H49,2012,2090.23303,1803.3,1.159116
SK,H49,2013,1210.14808,2129.1,0.568385
SK,H49,2014,1060.74619,2310.5,0.459098
SK,H49,2015,1551.19584,2545.8,0.609316
SK,H49,2016,1769.12039,2697.7,0.655788
SK,H49,2017,1835.12968,2845.8,0.644855
SK,H49,2018,1886.76557,2967.5,0.635810
SK,H49,2019,2028.05998,3175.3,0.638699
SK,H49,2020,1114.69575,3086.5,0.361152
SK,H49,2021,1672.0316,3118.4,0.536183
SK,H49,2022,1580.93002,3651.2,0.432989
SK,H49,2023,1551.19007,3274.9,0.473660
SK,H50,2012,6.67561,14.5,0.460387
SK,H50,2013,8.50427,12.3,0.691404
SK,H50,2014,8.71511,15.3,0.569615
SK,H50,2015,13.30738,17.0,0.782787
SK,H50,2016,12.12571,17.0,0.713277
SK,H50,2017,11.99574,17.0,0.705632
SK,H50,2018,8.8278,13.3,0.663744
SK,H50,2019,10.88381,18.7,0.582022
SK,H50,2020,10.0722,17.3,0.582208
SK,H50,2021,10.97859,15.7,0.699273
SK,H50,2022,9.80436,19.8,0.495170
SK,H50,2023,9.49565,27.6,0.344045
SK,H51,2012,37.4031,36.7,1.019158
SK,H51,2013,34.89558,19.4,1.798741
SK,H51,2014,36.71418,42.5,0.863863
SK,H51,2015,44.54408,41.9,1.063105
SK,H51,2016,47.3911,45.6,1.039279
SK,H51,2017,50.66241,42.5,1.192057
SK,H51,2018,56.33335,32.0,1.760417
SK,H51,2019,56.35592,33.3,1.692370
SK,H51,2020,16.78781,15.8,1.062520
SK,H51,2021,20.06376,26.3,0.762881
SK,H51,2022,20.06275,35.0,0.573221
SK,H51,2023,20.0621,34.0,0.590062
SK,H52,2012,257.80879,1325.7,0.194470
SK,H52,2013,195.83098,1310.9,0.149387
SK,H52,2014,181.84192,2122.4,0.085677
SK,H52,2015,220.84617,2208.2,0.100012
SK,H52,2016,231.27902,1653.0,0.139915
SK,H52,2017,244.98291,1791.1,0.136778
SK,H52,2018,234.19151,1895.7,0.123538
SK,H52,2019,233.00356,1999.9,0.116508
SK,H52,2020,185.3582,2047.6,0.090525
SK,H52,2021,249.2891,2090.4,0.119254
SK,H52,2022,239.73063,2489.1,0.096312
SK,H52,2023,223.38754,2579.9,0.086588
SK,H53,2012,347.34687,249.8,1.390500
SK,H53,2013,362.95188,257.1,1.411715
SK,H53,2014,305.34839,276.4,1.104734
SK,H53,2015,314.58773,266.5,1.180442
SK,H53,2016,319.64822,276.7,1.155216
SK,H53,2017,345.4114,283.5,1.218382
SK,H53,2018,324.73298,279.6,1.161420
SK,H53,2019,322.77676,334.0,0.966397
SK,H53,2020,305.58056,340.0,0.898766
SK,H53,2021,343.93367,382.1,0.900114
SK,H53,2022,319.05301,404.1,0.789540
SK,H53,2023,295.75948,418.7,0.706376
SK,I,2012,174.97274,1004.7,0.174154
SK,I,2013,186.32828,1023.7,0.182015
SK,I,2014,168.4034,944.1,0.178375
SK,I,2015,185.79245,1005.7,0.184739
SK,I,2016,186.97184,1042.1,0.179418
SK,I,2017,201.47755,1078.1,0.186882
SK,I,2018,191.20974,1199.4,0.159421
SK,I,2019,192.17081,1337.7,0.143658
SK,I,2020,184.76363,1219.4,0.151520
SK,I,2021,195.50093,1349.2,0.144901
SK,I,2022,174.52956,1810.7,0.096388
SK,I,2023,162.47709,2209.5,0.073536
SK,J,2012,26.90071,3686.6,0.007297
SK,J,2013,29.83679,3468.4,0.008602
SK,J,2014,34.35167,3362.8,0.010215
SK,J,2015,44.09749,3577.0,0.012328
SK,J,2016,48.54855,3933.6,0.012342
SK,J,2017,53.2168,4093.0,0.013002
SK,J,2018,57.25673,4105.4,0.013947
SK,J,2019,63.7642,4240.2,0.015038
SK,J,2020,65.33148,4199.0,0.015559
SK,J,2021,61.09116,4650.2,0.013137
SK,J,2022,59.76413,5167.3,0.011566
SK,J,2023,56.24697,5800.2,0.009697
SK,J58,2012,2.704,299.3,0.009034
SK,J58,2013,3.30115,206.2,0.016009
SK,J58,2014,3.54898,196.6,0.018052
SK,J58,2015,4.48476,227.3,0.019731
SK,J58,2016,4.70462,213.1,0.022077
SK,J58,2017,5.04949,194.5,0.025961
SK,J58,2018,5.32045,210.5,0.025275
SK,J58,2019,5.58777,178.9,0.031234
SK,J58,2020,5.54708,170.5,0.032534
SK,J58,2021,5.01606,204.5,0.024528
SK,J58,2022,5.09386,208.6,0.024419
SK,J58,2023,4.98264,224.2,0.022224
SK,J59_J60,2012,5.87719,299.0,0.019656
SK,J59_J60,2013,7.55859,237.8,0.031785
SK,J59_J60,2014,6.44677,270.0,0.023877
SK,J59_J60,2015,6.9996,315.3,0.022200
SK,J59_J60,2016,7.28394,347.3,0.020973
SK,J59_J60,2017,7.87686,369.5,0.021318
SK,J59_J60,2018,8.13418,314.2,0.025889
SK,J59_J60,2019,8.43125,281.9,0.029909
SK,J59_J60,2020,8.53488,250.5,0.034071
SK,J59_J60,2021,7.90417,291.8,0.027088
SK,J59_J60,2022,7.9944,335.1,0.023857
SK,J59_J60,2023,7.80237,398.6,0.019574
SK,J61,2012,2.6089,1163.2,0.002243
SK,J61,2013,3.09311,1139.5,0.002714
SK,J61,2014,3.85165,1144.8,0.003364
SK,J61,2015,4.99418,1112.0,0.004491
SK,J61,2016,5.31868,1101.0,0.004831
SK,J61,2017,5.53568,1156.6,0.004786
SK,J61,2018,5.86146,1166.3,0.005026
SK,J61,2019,6.61394,1297.7,0.005097
SK,J61,2020,6.69283,1246.3,0.005370
SK,J61,2021,5.57433,1182.0,0.004716
SK,J61,2022,5.30196,1274.6,0.004160
SK,J61,2023,4.79551,1322.3,0.003627
SK,J62_J63,2012,15.71062,1925.0,0.008161
SK,J62_J63,2013,15.88394,1884.9,0.008427
SK,J62_J63,2014,20.50426,1751.4,0.011707
SK,J62_J63,2015,27.61895,1922.3,0.014368
SK,J62_J63,2016,31.24131,2272.2,0.013749
SK,J62_J63,2017,34.75476,2372.4,0.014650
SK,J62_J63,2018,37.94064,2414.3,0.015715
SK,J62_J63,2019,43.13124,2481.7,0.017380
SK,J62_J63,2020,44.55669,2531.7,0.017600
SK,J62_J63,2021,42.59659,2971.9,0.014333
SK,J62_J63,2022,41.37391,3349.0,0.012354
SK,J62_J63,2023,38.66645,3855.2,0.010030
SK,K,2012,8.66262,2260.0,0.003833
SK,K,2013,10.16327,2336.9,0.004349
SK,K,2014,12.00728,2471.7,0.004858
SK,K,2015,15.29903,2498.9,0.006122
SK,K,2016,25.23847,2284.2,0.011049
SK,K,2017,40.22572,2073.8,0.019397
SK,K,2018,45.44057,2426.0,0.018731
SK,K,2019,71.57787,2640.7,0.027106
SK,K,2020,61.06785,2554.4,0.023907
SK,K,2021,49.75074,2917.3,0.017054
SK,K,2022,51.90905,2680.7,0.019364
SK,K,2023,41.61124,3149.5,0.013212
SK,K64,2012,4.32281,1767.7,0.002445
SK,K64,2013,5.81423,1767.1,0.003290
SK,K64,2014,7.38357,1828.3,0.004038
SK,K64,2015,9.70095,1870.7,0.005186
SK,K64,2016,19.07592,1635.7,0.011662
SK,K64,2017,33.67769,1484.0,0.022694
SK,K64,2018,38.8924,1817.2,0.021402
SK,K64,2019,62.8985,1970.5,0.031920
SK,K64,2020,52.25171,1721.5,0.030352
SK,K64,2021,42.69838,1989.9,0.021458
SK,K64,2022,45.00408,1618.3,0.027809
SK,K64,2023,35.07729,2208.7,0.015881
SK,K65,2012,1.04608,272.1,0.003844
SK,K65,2013,1.14262,365.0,0.003130
SK,K65,2014,1.05444,389.9,0.002704
SK,K65,2015,1.14281,391.6,0.002918
SK,K65,2016,1.28287,388.6,0.003301
SK,K65,2017,1.39899,319.2,0.004383
SK,K65,2018,1.25796,327.5,0.003841
SK,K65,2019,2.76948,316.6,0.008748
SK,K65,2020,2.66763,529.8,0.005035
SK,K65,2021,1.50607,518.6,0.002904
SK,K65,2022,1.31176,656.7,0.001998
SK,K65,2023,1.25295,543.3,0.002306
SK,K66,2012,3.29373,220.3,0.014951
SK,K66,2013,3.20642,204.7,0.015664
SK,K66,2014,3.56927,253.5,0.014080
SK,K66,2015,4.45527,236.5,0.018838
SK,K66,2016,4.87968,260.0,0.018768
SK,K66,2017,5.14904,270.6,0.019028
SK,K66,2018,5.29021,281.3,0.018806
SK,K66,2019,5.90988,353.6,0.016713
SK,K66,2020,6.14852,303.1,0.020285
SK,K66,2021,5.54629,408.7,0.013571
SK,K66,2022,5.59322,405.7,0.013787
SK,K66,2023,5.28099,397.6,0.013282
SK,L,2012,229.07078,6620.4,0.034601
SK,L,2013,243.33758,8145.2,0.029875
SK,L,2014,212.04113,6108.0,0.034715
SK,L,2015,230.75263,6334.2,0.036430
SK,L,2016,237.08691,7302.2,0.032468
SK,L,2017,254.30831,7615.0,0.033396
SK,L,2018,238.84271,8090.0,0.029523
SK,L,2019,244.79488,8147.1,0.030047
SK,L,2020,236.2747,8833.1,0.026749
SK,L,2021,261.14793,10027.6,0.026043
SK,L,2022,244.24725,11239.4,0.021731
SK,L,2023,228.49626,11611.0,0.019679
SK,L68A,2012,229.07078,4930.2,0.046463
SK,L68A,2013,243.33758,4927.7,0.049382
SK,L68A,2014,212.04113,4861.6,0.043616
SK,L68A,2015,230.75263,4973.0,0.046401
SK,L68A,2016,237.08691,5283.3,0.044875
SK,L68A,2017,254.30831,5630.3,0.045168
SK,L68A,2018,238.84271,5957.1,0.040094
SK,L68A,2019,244.79488,6345.6,0.038577
SK,L68A,2020,236.2747,7015.4,0.033679
SK,L68A,2021,261.14793,7966.9,0.032779
SK,L68A,2022,244.24725,9065.2,0.026943
SK,L68A,2023,228.49626,9061.2,0.025217
SK,M,2012,460.4433,3950.2,0.116562
SK,M,2013,487.35079,3984.7,0.122306
SK,M,2014,444.34741,4545.9,0.097747
SK,M,2015,502.10304,5053.3,0.099361
SK,M,2016,521.5725,5628.5,0.092666
SK,M,2017,562.8618,5630.6,0.099965
SK,M,2018,535.70213,5851.1,0.091556
SK,M,2019,552.96896,5088.8,0.108664
SK,M,2020,527.57121,4808.7,0.109712
SK,M,2021,572.98762,5553.5,0.103176
SK,M,2022,543.89442,5927.1,0.091764
SK,M,2023,502.93219,6648.2,0.075649
SK,M69_M70,2012,415.63265,1770.7,0.234728
SK,M69_M70,2013,434.04577,1596.7,0.271839
SK,M69_M70,2014,382.20269,2062.7,0.185292
SK,M69_M70,2015,417.69089,2294.1,0.182072
SK,M69_M70,2016,432.16302,2661.0,0.162406
SK,M69_M70,2017,467.0317,2792.4,0.167251
SK,M69_M70,2018,433.46472,2890.7,0.149951
SK,M69_M70,2019,440.54813,2573.3,0.171200
SK,M69_M70,2020,419.07592,2503.6,0.167389
SK,M69_M70,2021,463.75242,2751.6,0.168539
SK,M69_M70,2022,433.31044,3006.3,0.144134
SK,M69_M70,2023,398.80763,3330.6,0.119740
SK,M71,2012,17.93324,968.2,0.018522
SK,M71,2013,23.47471,1201.2,0.019543
SK,M71,2014,27.90644,986.3,0.028294
SK,M71,2015,38.03078,1154.4,0.032944
SK,M71,2016,39.84011,1229.2,0.032411
SK,M71,2017,41.86744,1289.6,0.032465
SK,M71,2018,43.5083,1338.5,0.032505
SK,M71,2019,47.58008,1113.9,0.042715
SK,M71,2020,48.09847,1014.0,0.047434
SK,M71,2021,45.11392,1175.3,0.038385
SK,M71,2022,45.17111,1294.5,0.034895
SK,M71,2023,42.2566,1458.2,0.028979
SK,M72,2012,1.32742,152.8,0.008687
SK,M72,2013,1.80371,230.0,0.007842
SK,M72,2014,1.85517,215.8,0.008597
SK,M72,2015,2.20737,242.4,0.009106
SK,M72,2016,2.30944,280.3,0.008239
SK,M72,2017,2.33944,272.4,0.008588
SK,M72,2018,2.50903,309.3,0.008112
SK,M72,2019,2.98958,287.9,0.010384
SK,M72,2020,3.22267,289.0,0.011151
SK,M72,2021,3.02504,344.2,0.008789
SK,M72,2022,3.14318,347.4,0.009048
SK,M72,2023,3.44367,391.0,0.008807
SK,M73,2012,12.90558,706.3,0.018272
SK,M73,2013,14.60858,609.7,0.023960
SK,M73,2014,17.30887,763.7,0.022664
SK,M73,2015,23.75339,842.5,0.028194
SK,M73,2016,25.52541,888.6,0.028725
SK,M73,2017,28.62276,848.9,0.033717
SK,M73,2018,31.7909,855.5,0.037161
SK,M73,2019,35.00877,659.5,0.053084
SK,M73,2020,32.42313,607.8,0.053345
SK,M73,2021,34.85889,708.9,0.049173
SK,M73,2022,35.98797,756.2,0.047591
SK,M73,2023,33.84331,882.3,0.038358
SK,M74_M75,2012,12.6444,352.1,0.035911
SK,M74_M75,2013,13.41801,347.2,0.038646
SK,M74_M75,2014,15.07424,517.4,0.029135
SK,M74_M75,2015,20.42061,520.0,0.039270
SK,M74_M75,2016,21.73452,569.3,0.038178
SK,M74_M75,2017,23.00048,427.4,0.053815
SK,M74_M75,2018,24.42918,457.0,0.053456
SK,M74_M75,2019,26.84239,454.2,0.059098
SK,M74_M75,2020,24.75102,394.2,0.062788
SK,M74_M75,2021,26.23735,573.5,0.045750
SK,M74_M75,2022,26.28172,522.7,0.050281
SK,M74_M75,2023,24.58097,586.0,0.041947
SK,N,2012,189.13311,2146.1,0.088129
SK,N,2013,209.5352,2459.3,0.085201
SK,N,2014,213.16955,2364.4,0.090158
SK,N,2015,263.06402,2759.2,0.095341
SK,N,2016,302.69053,2441.1,0.123998
SK,N,2017,350.75549,2909.1,0.120572
SK,N,2018,374.3308,3200.6,0.116956
SK,N,2019,447.9021,2686.9,0.166698
SK,N,2020,410.80298,2632.9,0.156027
SK,N,2021,416.57152,3069.2,0.135726
SK,N,2022,417.51757,3470.9,0.120291
SK,N,2023,410.6175,4045.6,0.101497
SK,N77,2012,145.18333,426.9,0.340087
SK,N77,2013,154.23091,648.1,0.237974
SK,N77,2014,145.37286,369.8,0.393112
SK,N77,2015,166.04131,403.3,0.411707
SK,N77,2016,193.99564,457.2,0.424312
SK,N77,2017,232.18959,433.0,0.536235
SK,N77,2018,244.40808,463.1,0.527765
SK,N77,2019,308.98845,408.9,0.755658
SK,N77,2020,287.05931,399.3,0.718906
SK,N77,2021,276.81704,403.1,0.686721
SK,N77,2022,270.52979,478.1,0.565844
SK,N77,2023,265.8351,539.8,0.492470
SK,N78,2012,2.8088,259.4,0.010828
SK,N78,2013,3.02641,267.4,0.011318
SK,N78,2014,3.12316,282.1,0.011071
SK,N78,2015,4.07703,326.1,0.012502
SK,N78,2016,4.42912,323.1,0.013708
SK,N78,2017,4.97179,332.2,0.014966
SK,N78,2018,5.2145,311.6,0.016735
SK,N78,2019,5.74777,299.7,0.019178
SK,N78,2020,5.31743,274.3,0.019385
SK,N78,2021,4.82527,314.8,0.015328
SK,N78,2022,5.52404,316.6,0.017448
SK,N78,2023,5.31365,389.3,0.013649
SK,N79,2012,5.84414,243.1,0.024040
SK,N79,2013,4.18414,276.4,0.015138
SK,N79,2014,4.92104,290.3,0.016952
SK,N79,2015,7.42924,237.0,0.031347
SK,N79,2016,8.20771,237.5,0.034559
SK,N79,2017,8.23076,279.3,0.029469
SK,N79,2018,8.65165,276.0,0.031347
SK,N79,2019,9.24083,146.2,0.063207
SK,N79,2020,6.75894,97.9,0.069039
SK,N79,2021,7.29006,79.0,0.092279
SK,N79,2022,5.93429,157.9,0.037583
SK,N79,2023,5.82879,196.9,0.029603
SK,N80-N82,2012,35.29683,1216.7,0.029010
SK,N80-N82,2013,48.09374,1267.4,0.037947
SK,N80-N82,2014,59.75249,1422.2,0.042014
SK,N80-N82,2015,85.51645,1792.8,0.047700
SK,N80-N82,2016,96.05806,1423.4,0.067485
SK,N80-N82,2017,105.36336,1864.6,0.056507
SK,N80-N82,2018,116.05658,2149.8,0.053985
SK,N80-N82,2019,123.92506,1832.2,0.067637
SK,N80-N82,2020,111.66731,1861.4,0.059991
SK,N80-N82,2021,127.63914,2272.3,0.056172
SK,N80-N82,2022,135.52945,2518.3,0.053818
SK,N80-N82,2023,133.63997,2919.6,0.045773
SK,O,2012,291.99311,4703.5,0.062080
SK,O,2013,309.56205,4851.1,0.063813
SK,O,2014,258.13844,4357.8,0.059236
SK,O,2015,265.41307,4342.0,0.061127
SK,O,2016,268.9087,5174.1,0.051972
SK,O,2017,290.06206,5401.9,0.053696
SK,O,2018,262.066,5840.0,0.044874
SK,O,2019,281.15956,6470.4,0.043453
SK,O,2020,275.5393,6912.6,0.039860
SK,O,2021,304.20003,7200.9,0.042245
SK,O,2022,281.81777,7499.8,0.037577
SK,O,2023,264.804,8099.6,0.032693
SK,P,2012,100.41029,2338.4,0.042940
SK,P,2013,106.83298,2468.9,0.043271
SK,P,2014,91.0556,2567.2,0.035469
SK,P,2015,96.20716,2663.6,0.036119
SK,P,2016,97.82671,2789.4,0.035071
SK,P,2017,106.13559,2915.7,0.036401
SK,P,2018,98.02292,3150.6,0.031112
SK,P,2019,101.46174,3320.3,0.030558
SK,P,2020,99.75159,3522.9,0.028315
SK,P,2021,109.00474,3734.0,0.029192
SK,P,2022,100.9827,4044.3,0.024969
SK,P,2023,93.08165,4537.4,0.020514
SK,Q,2012,169.35623,2181.0,0.077651
SK,Q,2013,174.28309,2277.2,0.076534
SK,Q,2014,153.08599,2378.8,0.064354
SK,Q,2015,163.80513,2658.5,0.061616
SK,Q,2016,167.99912,2930.9,0.057320
SK,Q,2017,182.60743,3160.4,0.057780
SK,Q,2018,170.40193,3149.5,0.054104
SK,Q,2019,176.50914,3531.4,0.049983
SK,Q,2020,178.05304,3678.8,0.048400
SK,Q,2021,187.43617,4408.5,0.042517
SK,Q,2022,171.17441,4638.5,0.036903
SK,Q,2023,158.09204,5471.4,0.028894
SK,Q86,2012,161.74369,1884.9,0.085810
SK,Q86,2013,165.28584,1945.4,0.084962
SK,Q86,2014,145.01375,1952.3,0.074278
SK,Q86,2015,155.30766,2190.4,0.070904
SK,Q86,2016,159.59385,2436.1,0.065512
SK,Q86,2017,173.53718,2653.1,0.065409
SK,Q86,2018,161.36432,2595.2,0.062178
SK,Q86,2019,164.99438,2925.5,0.056399
SK,Q86,2020,165.6286,3013.0,0.054971
SK,Q86,2021,174.93899,3673.8,0.047618
SK,Q86,2022,160.59987,3855.4,0.041656
SK,Q86,2023,147.69764,4632.0,0.031886
SK,Q87_Q88,2012,7.61255,296.1,0.025709
SK,Q87_Q88,2013,8.99726,331.8,0.027117
SK,Q87_Q88,2014,8.07224,426.5,0.018927
SK,Q87_Q88,2015,8.49747,468.2,0.018149
SK,Q87_Q88,2016,8.40527,494.8,0.016987
SK,Q87_Q88,2017,9.07026,507.3,0.017879
SK,Q87_Q88,2018,9.03761,554.3,0.016305
SK,Q87_Q88,2019,11.51476,606.0,0.019001
SK,Q87_Q88,2020,12.42444,665.8,0.018661
SK,Q87_Q88,2021,12.49719,734.7,0.017010
SK,Q87_Q88,2022,10.57454,783.1,0.013503
SK,Q87_Q88,2023,10.3944,839.4,0.012383
SK,R,2012,129.74232,1769.9,0.073305
SK,R,2013,139.83608,1769.8,0.079012
SK,R,2014,121.91408,1894.2,0.064362
SK,R,2015,130.48004,2282.3,0.057170
SK,R,2016,130.43786,2183.4,0.059741
SK,R,2017,140.17761,2209.3,0.063449
SK,R,2018,130.17311,2401.3,0.054209
SK,R,2019,129.32459,2372.8,0.054503
SK,R,2020,124.31682,1531.1,0.081194
SK,R,2021,138.76685,2101.1,0.066045
SK,R,2022,132.38677,1443.5,0.091712
SK,R,2023,123.54006,1582.8,0.078052
SK,R90-R92,2012,106.24076,1515.0,0.070126
SK,R90-R92,2013,114.33404,1544.0,0.074051
SK,R90-R92,2014,95.86735,1676.6,0.057180
SK,R90-R92,2015,99.30694,2000.1,0.049651
SK,R90-R92,2016,100.47188,1880.1,0.053440
SK,R90-R92,2017,108.60401,1950.0,0.055694
SK,R90-R92,2018,98.73062,2114.0,0.046703
SK,R90-R92,2019,98.50996,2117.4,0.046524
SK,R90-R92,2020,96.54772,1348.7,0.071586
SK,R90-R92,2021,111.1889,1919.4,0.057929
SK,R90-R92,2022,111.24029,1141.1,0.097485
SK,R90-R92,2023,104.14201,1221.9,0.085230
SK,R93,2012,23.50156,254.9,0.092199
SK,R93,2013,25.50204,225.8,0.112941
SK,R93,2014,26.04673,217.7,0.119645
SK,R93,2015,31.17311,282.2,0.110465
SK,R93,2016,29.96598,303.3,0.098800
SK,R93,2017,31.57359,259.3,0.121765
SK,R93,2018,31.44249,287.4,0.109403
SK,R93,2019,30.81464,255.4,0.120652
SK,R93,2020,27.7691,182.4,0.152243
SK,R93,2021,27.57795,181.7,0.151777
SK,R93,2022,21.14648,302.3,0.069952
SK,R93,2023,19.39805,360.9,0.053749
SK,S,2012,131.11922,713.1,0.183872
SK,S,2013,140.18156,741.9,0.188949
SK,S,2014,120.05037,738.0,0.162670
SK,S,2015,127.53533,797.3,0.159959
SK,S,2016,129.28188,865.4,0.149390
SK,S,2017,139.59381,865.1,0.161361
SK,S,2018,129.15172,902.9,0.143041
SK,S,2019,131.41329,876.9,0.149861
SK,S,2020,129.59437,747.9,0.173278
SK,S,2021,140.13092,939.9,0.149091
SK,S,2022,131.17445,1009.6,0.129927
SK,S,2023,121.59628,1085.5,0.112019
SK,S94,2012,120.58659,113.8,1.059636
SK,S94,2013,128.21132,108.2,1.184948
SK,S94,2014,107.40218,125.7,0.854433
SK,S94,2015,111.61363,165.8,0.673182
SK,S94,2016,112.66519,208.6,0.540102
SK,S94,2017,121.615,224.5,0.541715
SK,S94,2018,110.12815,259.9,0.423733
SK,S94,2019,109.90794,257.2,0.427325
SK,S94,2020,107.78829,247.5,0.435508
SK,S94,2021,119.61006,295.4,0.404909
SK,S94,2022,110.18335,342.0,0.322174
SK,S94,2023,102.17705,354.7,0.288066
SK,S95,2012,3.9755,88.6,0.044870
SK,S95,2013,4.96955,106.6,0.046619
SK,S95,2014,4.79377,87.5,0.054786
SK,S95,2015,5.59741,102.9,0.054397
SK,S95,2016,5.80189,113.1,0.051299
SK,S95,2017,6.13393,99.7,0.061524
SK,S95,2018,6.36488,111.6,0.057033
SK,S95,2019,6.96161,89.9,0.077437
SK,S95,2020,7.43633,83.0,0.089594
SK,S95,2021,6.57496,97.8,0.067229
SK,S95,2022,6.75466,113.7,0.059408
SK,S95,2023,6.31933,119.4,0.052926
SK,S96,2012,6.55713,510.7,0.012839
SK,S96,2013,7.00069,527.1,0.013282
SK,S96,2014,7.85442,524.8,0.014967
SK,S96,2015,10.32429,528.7,0.019528
SK,S96,2016,10.81479,543.7,0.019891
SK,S96,2017,11.84488,541.0,0.021894
SK,S96,2018,12.65869,531.4,0.023821
SK,S96,2019,14.54374,529.7,0.027457
SK,S96,2020,14.36976,417.4,0.034427
SK,S96,2021,13.9459,546.7,0.025509
SK,S96,2022,14.23645,553.8,0.025707
SK,S96,2023,13.0999,611.4,0.021426
SK,T,2012,0.38794,32.5,0.011937
SK,T,2013,0.54029,30.7,0.017599
SK,T,2014,0.35377,35.1,0.010079
SK,T,2015,0.30106,35.2,0.008553
SK,T,2016,0.30693,42.4,0.007239
SK,T,2017,0.30798,39.6,0.007777
SK,T,2018,0.30719,42.5,0.007228
SK,T,2019,0.29099,48.6,0.005987
SK,T,2020,0.28835,44.6,0.006465
SK,T,2021,0.28572,46.3,0.006171
SK,T,2022,0.28335,51.2,0.005534
SK,T,2023,0.2819,53.1,0.005309
SK,TOTAL,2012,34513.27385,67018.9,0.514978
SK,TOTAL,2013,33343.11636,67552.6,0.493587
SK,TOTAL,2014,32290.79748,69149.6,0.466970
SK,TOTAL,2015,33346.12392,72394.9,0.460614
SK,TOTAL,2016,33997.96852,73592.1,0.461979
SK,TOTAL,2017,34913.3147,76152.4,0.458466
SK,TOTAL,2018,35187.33356,80918.5,0.434849
SK,TOTAL,2019,33059.81789,84543.6,0.391039
SK,TOTAL,2020,30248.29604,84655.0,0.357313
SK,TOTAL,2021,34027.81956,91101.3,0.373516
SK,TOTAL,2022,30006.49768,97975.3,0.306266
SK,TOTAL,2023,29367.81316,112863.8,0.260206
