country,sector,year,median,p25,premium_pct,cv,gini
Austria,10 Aviation,2015.0,1022489.0,1022489.0,0.0,0.0,0.0
Austria,10 Aviation,2016.0,1045372.0,1045372.0,0.0,0.0,0.0
Austria,10 Aviation,2017.0,849011.0,849011.0,0.0,0.0,0.0
Austria,10 Aviation,2018.0,1246921.0,1246921.0,0.0,0.0,0.0
Austria,10 Aviation,2019.0,3808809.0,3808809.0,0.0,0.0,0.0
Austria,10 Aviation,2020.0,1197863.0,616298.0,48.55020983200917,0.6774385246048193,-0.3239404205973948
Austria,10 Aviation,2021.0,1566370.0,807792.5,48.429011025492066,0.6750540607362551,-0.3231791167492477
Austria,10 Aviation,2022.0,2869418.0,1480993.0,48.38698997497053,0.6742306911090551,-0.322915998477598
Austria,10 Aviation,2023.0,3105505.0,1604713.0,48.32682607176611,0.6730548195268202,-0.32254002221373335
Austria,20 Combustion of fuels,2015.0,7507737.0,7507737.0,0.0,0.0,0.0
Austria,20 Combustion of fuels,2016.0,7136550.0,7136550.0,0.0,0.0,0.0
Austria,20 Combustion of fuels,2017.0,7795277.0,7795277.0,0.0,0.0,0.0
Austria,20 Combustion of fuels,2018.0,7099673.0,7099673.0,0.0,0.0,0.0
Austria,20 Combustion of fuels,2019.0,7318748.0,7318748.0,0.0,0.0,0.0
Austria,20 Combustion of fuels,2020.0,5920008.0,5920008.0,0.0,0.0,0.0
Austria,20 Combustion of fuels,2021.0,5764796.0,5764796.0,0.0,0.0,0.0
Austria,20 Combustion of fuels,2022.0,5526573.0,5526573.0,0.0,0.0,0.0
Austria,20 Combustion of fuels,2023.0,4084161.0,4084161.0,0.0,0.0,0.0
Austria,20-99 All stationary installations,2015.0,29459819.0,29459819.0,0.0,0.0,0.0
Austria,20-99 All stationary installations,2016.0,28967793.0,28967793.0,0.0,0.0,0.0
Austria,20-99 All stationary installations,2017.0,30529853.0,30529853.0,0.0,0.0,0.0
Austria,20-99 All stationary installations,2018.0,28380243.0,28380243.0,0.0,0.0,0.0
Austria,20-99 All stationary installations,2019.0,29540448.0,29540448.0,0.0,0.0,0.0
Austria,20-99 All stationary installations,2020.0,27013522.0,27013522.0,0.0,0.0,0.0
Austria,20-99 All stationary installations,2021.0,28704509.0,28704509.0,0.0,0.0,0.0
Austria,20-99 All stationary installations,2022.0,26626257.0,26626257.0,0.0,0.0,0.0
Austria,20-99 All stationary installations,2023.0,24413630.0,24413630.0,0.0,0.0,0.0
Austria,21  Refining of mineral oil,2015.0,2804050.0,2804050.0,0.0,0.0,0.0
Austria,21  Refining of mineral oil,2016.0,2784461.0,2784461.0,0.0,0.0,0.0
Austria,21  Refining of mineral oil,2017.0,2738604.0,2738604.0,0.0,0.0,0.0
Austria,21  Refining of mineral oil,2018.0,2824369.0,2824369.0,0.0,0.0,0.0
Austria,21  Refining of mineral oil,2019.0,2791040.0,2791040.0,0.0,0.0,0.0
Austria,21  Refining of mineral oil,2020.0,2731772.0,2731772.0,0.0,0.0,0.0
Austria,21  Refining of mineral oil,2021.0,2749644.0,2749644.0,0.0,0.0,0.0
Austria,21  Refining of mineral oil,2022.0,2255065.0,2255065.0,0.0,0.0,0.0
Austria,21  Refining of mineral oil,2023.0,2579589.0,2579589.0,0.0,0.0,0.0
Austria,21-99 All industrial installations (excl. combustion),2015.0,21952082.0,21952082.0,0.0,0.0,0.0
Austria,21-99 All industrial installations (excl. combustion),2016.0,21831243.0,21831243.0,0.0,0.0,0.0
Austria,21-99 All industrial installations (excl. combustion),2017.0,22734576.0,22734576.0,0.0,0.0,0.0
Austria,21-99 All industrial installations (excl. combustion),2018.0,21280570.0,21280570.0,0.0,0.0,0.0
Austria,21-99 All industrial installations (excl. combustion),2019.0,22221700.0,22221700.0,0.0,0.0,0.0
Austria,21-99 All industrial installations (excl. combustion),2020.0,21093514.0,21093514.0,0.0,0.0,0.0
Austria,21-99 All industrial installations (excl. combustion),2021.0,22939713.0,22939713.0,0.0,0.0,0.0
Austria,21-99 All industrial installations (excl. combustion),2022.0,21099684.0,21099684.0,0.0,0.0,0.0
Austria,21-99 All industrial installations (excl. combustion),2023.0,20329469.0,20329469.0,0.0,0.0,0.0
Austria,24  Production of pig iron or steel,2015.0,11870296.0,11870296.0,0.0,0.0,0.0
Austria,24  Production of pig iron or steel,2016.0,11615716.0,11615716.0,0.0,0.0,0.0
Austria,24  Production of pig iron or steel,2017.0,12483149.0,12483149.0,0.0,0.0,0.0
Austria,24  Production of pig iron or steel,2018.0,10931695.0,10931695.0,0.0,0.0,0.0
Austria,24  Production of pig iron or steel,2019.0,11852236.0,11852236.0,0.0,0.0,0.0
Austria,24  Production of pig iron or steel,2020.0,10975189.0,10975189.0,0.0,0.0,0.0
Austria,24  Production of pig iron or steel,2021.0,12552097.0,12552097.0,0.0,0.0,0.0
Austria,24  Production of pig iron or steel,2022.0,11851704.0,11851704.0,0.0,0.0,0.0
Austria,24  Production of pig iron or steel,2023.0,11593307.0,11593307.0,0.0,0.0,0.0
Austria,25 Production or processing of ferrous metals,2015.0,187505.0,187505.0,0.0,0.0,0.0
Austria,25 Production or processing of ferrous metals,2016.0,183477.0,183477.0,0.0,0.0,0.0
Austria,25 Production or processing of ferrous metals,2017.0,207027.0,207027.0,0.0,0.0,0.0
Austria,25 Production or processing of ferrous metals,2018.0,198358.0,198358.0,0.0,0.0,0.0
Austria,25 Production or processing of ferrous metals,2019.0,178249.0,178249.0,0.0,0.0,0.0
Austria,25 Production or processing of ferrous metals,2020.0,147475.0,147475.0,0.0,0.0,0.0
Austria,25 Production or processing of ferrous metals,2021.0,177255.0,177255.0,0.0,0.0,0.0
Austria,25 Production or processing of ferrous metals,2022.0,175641.0,175641.0,0.0,0.0,0.0
Austria,25 Production or processing of ferrous metals,2023.0,165313.0,165313.0,0.0,0.0,0.0
Austria,27 Production of secondary aluminium,2015.0,59938.0,59938.0,0.0,0.0,0.0
Austria,27 Production of secondary aluminium,2016.0,63266.0,63266.0,0.0,0.0,0.0
Austria,27 Production of secondary aluminium,2017.0,69453.0,69453.0,0.0,0.0,0.0
Austria,27 Production of secondary aluminium,2018.0,70395.0,70395.0,0.0,0.0,0.0
Austria,27 Production of secondary aluminium,2019.0,73385.0,73385.0,0.0,0.0,0.0
Austria,27 Production of secondary aluminium,2020.0,64595.0,64595.0,0.0,0.0,0.0
Austria,27 Production of secondary aluminium,2021.0,74133.0,74133.0,0.0,0.0,0.0
Austria,27 Production of secondary aluminium,2022.0,69443.0,69443.0,0.0,0.0,0.0
Austria,27 Production of secondary aluminium,2023.0,62860.0,62860.0,0.0,0.0,0.0
Austria,28 Production or processing of non-ferrous metals,2015.0,55797.0,55797.0,0.0,0.0,0.0
Austria,28 Production or processing of non-ferrous metals,2016.0,56793.0,56793.0,0.0,0.0,0.0
Austria,28 Production or processing of non-ferrous metals,2017.0,54899.0,54899.0,0.0,0.0,0.0
Austria,28 Production or processing of non-ferrous metals,2018.0,58151.0,58151.0,0.0,0.0,0.0
Austria,28 Production or processing of non-ferrous metals,2019.0,58929.0,58929.0,0.0,0.0,0.0
Austria,28 Production or processing of non-ferrous metals,2020.0,56542.0,56542.0,0.0,0.0,0.0
Austria,28 Production or processing of non-ferrous metals,2021.0,59931.0,59931.0,0.0,0.0,0.0
Austria,28 Production or processing of non-ferrous metals,2022.0,58648.0,58648.0,0.0,0.0,0.0
Austria,28 Production or processing of non-ferrous metals,2023.0,52776.0,52776.0,0.0,0.0,0.0
Austria,29 Production of cement clinker,2015.0,2533018.0,2533018.0,0.0,0.0,0.0
Austria,29 Production of cement clinker,2016.0,2587597.0,2587597.0,0.0,0.0,0.0
Austria,29 Production of cement clinker,2017.0,2561990.0,2561990.0,0.0,0.0,0.0
Austria,29 Production of cement clinker,2018.0,2730619.0,2730619.0,0.0,0.0,0.0
Austria,29 Production of cement clinker,2019.0,2653171.0,2653171.0,0.0,0.0,0.0
Austria,29 Production of cement clinker,2020.0,2740245.0,2740245.0,0.0,0.0,0.0
Austria,29 Production of cement clinker,2021.0,2821151.0,2821151.0,0.0,0.0,0.0
Austria,29 Production of cement clinker,2022.0,2674026.0,2674026.0,0.0,0.0,0.0
Austria,29 Production of cement clinker,2023.0,2260010.0,2260010.0,0.0,0.0,0.0
Austria,"30 Production of lime, or calcination of dolomite/magnesite",2015.0,1121167.0,1121167.0,0.0,0.0,0.0
Austria,"30 Production of lime, or calcination of dolomite/magnesite",2016.0,1142968.0,1142968.0,0.0,0.0,0.0
Austria,"30 Production of lime, or calcination of dolomite/magnesite",2017.0,1179887.0,1179887.0,0.0,0.0,0.0
Austria,"30 Production of lime, or calcination of dolomite/magnesite",2018.0,1163038.0,1163038.0,0.0,0.0,0.0
Austria,"30 Production of lime, or calcination of dolomite/magnesite",2019.0,1105844.0,1105844.0,0.0,0.0,0.0
Austria,"30 Production of lime, or calcination of dolomite/magnesite",2020.0,1047108.0,1047108.0,0.0,0.0,0.0
Austria,"30 Production of lime, or calcination of dolomite/magnesite",2021.0,1258695.0,1258695.0,0.0,0.0,0.0
Austria,"30 Production of lime, or calcination of dolomite/magnesite",2022.0,1188927.0,1188927.0,0.0,0.0,0.0
Austria,"30 Production of lime, or calcination of dolomite/magnesite",2023.0,1194190.0,1194190.0,0.0,0.0,0.0
Austria,31 Manufacture of glass,2015.0,193224.0,193224.0,0.0,0.0,0.0
Austria,31 Manufacture of glass,2016.0,183679.0,183679.0,0.0,0.0,0.0
Austria,31 Manufacture of glass,2017.0,190013.0,190013.0,0.0,0.0,0.0
Austria,31 Manufacture of glass,2018.0,186958.0,186958.0,0.0,0.0,0.0
Austria,31 Manufacture of glass,2019.0,195259.0,195259.0,0.0,0.0,0.0
Austria,31 Manufacture of glass,2020.0,190899.0,190899.0,0.0,0.0,0.0
Austria,31 Manufacture of glass,2021.0,187855.0,187855.0,0.0,0.0,0.0
Austria,31 Manufacture of glass,2022.0,193942.0,193942.0,0.0,0.0,0.0
Austria,31 Manufacture of glass,2023.0,192441.0,192441.0,0.0,0.0,0.0
Austria,32 Manufacture of ceramics,2015.0,341800.0,341800.0,0.0,0.0,0.0
Austria,32 Manufacture of ceramics,2016.0,345982.0,345982.0,0.0,0.0,0.0
Austria,32 Manufacture of ceramics,2017.0,357113.0,357113.0,0.0,0.0,0.0
Austria,32 Manufacture of ceramics,2018.0,373511.0,373511.0,0.0,0.0,0.0
Austria,32 Manufacture of ceramics,2019.0,375454.0,375454.0,0.0,0.0,0.0
Austria,32 Manufacture of ceramics,2020.0,361856.0,361856.0,0.0,0.0,0.0
Austria,32 Manufacture of ceramics,2021.0,350780.0,350780.0,0.0,0.0,0.0
Austria,32 Manufacture of ceramics,2022.0,330846.0,330846.0,0.0,0.0,0.0
Austria,32 Manufacture of ceramics,2023.0,207446.0,207446.0,0.0,0.0,0.0
Austria,34 Production or processing of gypsum or plasterboard,2015.0,48752.0,48752.0,0.0,0.0,0.0
Austria,34 Production or processing of gypsum or plasterboard,2016.0,50561.0,50561.0,0.0,0.0,0.0
Austria,34 Production or processing of gypsum or plasterboard,2017.0,49672.0,49672.0,0.0,0.0,0.0
Austria,34 Production or processing of gypsum or plasterboard,2018.0,52014.0,52014.0,0.0,0.0,0.0
Austria,34 Production or processing of gypsum or plasterboard,2019.0,52425.0,52425.0,0.0,0.0,0.0
Austria,34 Production or processing of gypsum or plasterboard,2020.0,54123.0,54123.0,0.0,0.0,0.0
Austria,34 Production or processing of gypsum or plasterboard,2021.0,25941.0,25941.0,0.0,0.0,0.0
Austria,34 Production or processing of gypsum or plasterboard,2022.0,25825.0,25825.0,0.0,0.0,0.0
Austria,34 Production or processing of gypsum or plasterboard,2023.0,19933.0,19933.0,0.0,0.0,0.0
Austria,35 Production of pulp,2015.0,438474.0,438474.0,0.0,0.0,0.0
Austria,35 Production of pulp,2016.0,441307.0,441307.0,0.0,0.0,0.0
Austria,35 Production of pulp,2017.0,491698.0,491698.0,0.0,0.0,0.0
Austria,35 Production of pulp,2018.0,485166.0,485166.0,0.0,0.0,0.0
Austria,35 Production of pulp,2019.0,440127.0,440127.0,0.0,0.0,0.0
Austria,35 Production of pulp,2020.0,401311.0,401311.0,0.0,0.0,0.0
Austria,35 Production of pulp,2021.0,417269.0,417269.0,0.0,0.0,0.0
Austria,35 Production of pulp,2022.0,266626.0,266626.0,0.0,0.0,0.0
Austria,35 Production of pulp,2023.0,187002.0,187002.0,0.0,0.0,0.0
Austria,36 Production of paper or cardboard,2015.0,1179988.0,1179988.0,0.0,0.0,0.0
Austria,36 Production of paper or cardboard,2016.0,1127053.0,1127053.0,0.0,0.0,0.0
Austria,36 Production of paper or cardboard,2017.0,1154339.0,1154339.0,0.0,0.0,0.0
Austria,36 Production of paper or cardboard,2018.0,1178618.0,1178618.0,0.0,0.0,0.0
Austria,36 Production of paper or cardboard,2019.0,1141883.0,1141883.0,0.0,0.0,0.0
Austria,36 Production of paper or cardboard,2020.0,1102980.0,1102980.0,0.0,0.0,0.0
Austria,36 Production of paper or cardboard,2021.0,1094211.0,1094211.0,0.0,0.0,0.0
Austria,36 Production of paper or cardboard,2022.0,966144.0,966144.0,0.0,0.0,0.0
Austria,36 Production of paper or cardboard,2023.0,782000.0,782000.0,0.0,0.0,0.0
Austria,38 Production of nitric acid,2015.0,46856.0,46856.0,0.0,0.0,0.0
Austria,38 Production of nitric acid,2016.0,36374.0,36374.0,0.0,0.0,0.0
Austria,38 Production of nitric acid,2017.0,38998.0,38998.0,0.0,0.0,0.0
Austria,38 Production of nitric acid,2018.0,56719.0,56719.0,0.0,0.0,0.0
Austria,38 Production of nitric acid,2019.0,81598.0,81598.0,0.0,0.0,0.0
Austria,38 Production of nitric acid,2020.0,53203.0,53203.0,0.0,0.0,0.0
Austria,38 Production of nitric acid,2021.0,42006.0,42006.0,0.0,0.0,0.0
Austria,38 Production of nitric acid,2022.0,23475.0,23475.0,0.0,0.0,0.0
Austria,38 Production of nitric acid,2023.0,27802.0,27802.0,0.0,0.0,0.0
Austria,41 Production of ammonia,2015.0,896718.0,896718.0,0.0,0.0,0.0
Austria,41 Production of ammonia,2016.0,945034.0,945034.0,0.0,0.0,0.0
Austria,41 Production of ammonia,2017.0,880922.0,880922.0,0.0,0.0,0.0
Austria,41 Production of ammonia,2018.0,705651.0,705651.0,0.0,0.0,0.0
Austria,41 Production of ammonia,2019.0,962179.0,962179.0,0.0,0.0,0.0
Austria,41 Production of ammonia,2020.0,912724.0,912724.0,0.0,0.0,0.0
Austria,41 Production of ammonia,2021.0,876301.0,876301.0,0.0,0.0,0.0
Austria,41 Production of ammonia,2022.0,761076.0,761076.0,0.0,0.0,0.0
Austria,41 Production of ammonia,2023.0,803052.0,803052.0,0.0,0.0,0.0
Austria,42 Production of bulk chemicals,2015.0,60923.0,60923.0,0.0,0.0,0.0
Austria,42 Production of bulk chemicals,2016.0,155833.0,155833.0,0.0,0.0,0.0
Austria,42 Production of bulk chemicals,2017.0,152761.0,152761.0,0.0,0.0,0.0
Austria,42 Production of bulk chemicals,2018.0,153735.0,153735.0,0.0,0.0,0.0
Austria,42 Production of bulk chemicals,2019.0,153034.0,153034.0,0.0,0.0,0.0
Austria,42 Production of bulk chemicals,2020.0,154012.0,154012.0,0.0,0.0,0.0
Austria,42 Production of bulk chemicals,2021.0,150304.0,150304.0,0.0,0.0,0.0
Austria,42 Production of bulk chemicals,2022.0,146746.0,146746.0,0.0,0.0,0.0
Austria,42 Production of bulk chemicals,2023.0,111846.0,111846.0,0.0,0.0,0.0
Austria,99 Other activity opted-in under Art. 24,2015.0,113576.0,113576.0,0.0,0.0,0.0
Austria,99 Other activity opted-in under Art. 24,2016.0,111142.0,111142.0,0.0,0.0,0.0
Austria,99 Other activity opted-in under Art. 24,2017.0,124051.0,124051.0,0.0,0.0,0.0
Austria,99 Other activity opted-in under Art. 24,2018.0,111573.0,111573.0,0.0,0.0,0.0
Austria,99 Other activity opted-in under Art. 24,2019.0,106887.0,106887.0,0.0,0.0,0.0
Austria,99 Other activity opted-in under Art. 24,2020.0,99480.0,99480.0,0.0,0.0,0.0
Austria,99 Other activity opted-in under Art. 24,2021.0,102140.0,102140.0,0.0,0.0,0.0
Austria,99 Other activity opted-in under Art. 24,2022.0,111550.0,111550.0,0.0,0.0,0.0
Austria,99 Other activity opted-in under Art. 24,2023.0,89902.0,89902.0,0.0,0.0,0.0
Belgium,10 Aviation,2015.0,1356658.0,1356658.0,0.0,0.0,0.0
Belgium,10 Aviation,2016.0,1463135.0,1463135.0,0.0,0.0,0.0
Belgium,10 Aviation,2017.0,1538462.0,1538462.0,0.0,0.0,0.0
Belgium,10 Aviation,2018.0,1528280.0,1528280.0,0.0,0.0,0.0
Belgium,10 Aviation,2019.0,1383003.0,1383003.0,0.0,0.0,0.0
Belgium,10 Aviation,2020.0,559013.0,282741.5,49.42130147241656,0.6950065063233167,-0.3295194845232601
Belgium,10 Aviation,2021.0,735840.0,372532.0,49.37323331158947,0.6940170640416022,-0.3292066184918341
Belgium,10 Aviation,2022.0,1003813.0,506930.0,49.49955818464196,0.6966224396905021,-0.3300301159265908
Belgium,10 Aviation,2023.0,1048382.0,530095.5,49.436798800437245,0.6953260118473146,-0.3296204803348326
Belgium,20 Combustion of fuels,2015.0,16053800.0,16053800.0,0.0,0.0,0.0
Belgium,20 Combustion of fuels,2016.0,15027777.0,15027777.0,0.0,0.0,0.0
Belgium,20 Combustion of fuels,2017.0,15093036.0,15093036.0,0.0,0.0,0.0
Belgium,20 Combustion of fuels,2018.0,15275363.0,15275363.0,0.0,0.0,0.0
Belgium,20 Combustion of fuels,2019.0,15966153.0,15966153.0,0.0,0.0,0.0
Belgium,20 Combustion of fuels,2020.0,14834065.0,14834065.0,0.0,0.0,0.0
Belgium,20 Combustion of fuels,2021.0,13708348.0,13708348.0,0.0,0.0,0.0
Belgium,20 Combustion of fuels,2022.0,14485700.0,14485700.0,0.0,0.0,0.0
Belgium,20 Combustion of fuels,2023.0,11383679.0,11383679.0,0.0,0.0,0.0
Belgium,20-99 All stationary installations,2015.0,44713915.0,44713915.0,0.0,0.0,0.0
Belgium,20-99 All stationary installations,2016.0,43655728.0,43655728.0,0.0,0.0,0.0
Belgium,20-99 All stationary installations,2017.0,43772976.0,43772976.0,0.0,0.0,0.0
Belgium,20-99 All stationary installations,2018.0,44182748.0,44182748.0,0.0,0.0,0.0
Belgium,20-99 All stationary installations,2019.0,44627186.0,44627186.0,0.0,0.0,0.0
Belgium,20-99 All stationary installations,2020.0,41511577.0,41511577.0,0.0,0.0,0.0
Belgium,20-99 All stationary installations,2021.0,41428954.0,41428954.0,0.0,0.0,0.0
Belgium,20-99 All stationary installations,2022.0,39722232.0,39722232.0,0.0,0.0,0.0
Belgium,20-99 All stationary installations,2023.0,35401056.0,35401056.0,0.0,0.0,0.0
Belgium,21  Refining of mineral oil,2015.0,6267719.0,6267719.0,0.0,0.0,0.0
Belgium,21  Refining of mineral oil,2016.0,6083321.0,6083321.0,0.0,0.0,0.0
Belgium,21  Refining of mineral oil,2017.0,6051996.0,6051996.0,0.0,0.0,0.0
Belgium,21  Refining of mineral oil,2018.0,6141592.0,6141592.0,0.0,0.0,0.0
Belgium,21  Refining of mineral oil,2019.0,6616155.0,6616155.0,0.0,0.0,0.0
Belgium,21  Refining of mineral oil,2020.0,5792283.0,5792283.0,0.0,0.0,0.0
Belgium,21  Refining of mineral oil,2021.0,6039538.0,6039538.0,0.0,0.0,0.0
Belgium,21  Refining of mineral oil,2022.0,5657781.0,5657781.0,0.0,0.0,0.0
Belgium,21  Refining of mineral oil,2023.0,5475804.0,5475804.0,0.0,0.0,0.0
Belgium,21-99 All industrial installations (excl. combustion),2015.0,28660115.0,28660115.0,0.0,0.0,0.0
Belgium,21-99 All industrial installations (excl. combustion),2016.0,28627951.0,28627951.0,0.0,0.0,0.0
Belgium,21-99 All industrial installations (excl. combustion),2017.0,28679940.0,28679940.0,0.0,0.0,0.0
Belgium,21-99 All industrial installations (excl. combustion),2018.0,28907385.0,28907385.0,0.0,0.0,0.0
Belgium,21-99 All industrial installations (excl. combustion),2019.0,28661033.0,28661033.0,0.0,0.0,0.0
Belgium,21-99 All industrial installations (excl. combustion),2020.0,26677512.0,26677512.0,0.0,0.0,0.0
Belgium,21-99 All industrial installations (excl. combustion),2021.0,27720606.0,27720606.0,0.0,0.0,0.0
Belgium,21-99 All industrial installations (excl. combustion),2022.0,25236532.0,25236532.0,0.0,0.0,0.0
Belgium,21-99 All industrial installations (excl. combustion),2023.0,24017377.0,24017377.0,0.0,0.0,0.0
Belgium,24  Production of pig iron or steel,2015.0,4523573.0,4523573.0,0.0,0.0,0.0
Belgium,24  Production of pig iron or steel,2016.0,5078033.0,5078033.0,0.0,0.0,0.0
Belgium,24  Production of pig iron or steel,2017.0,4920479.0,4920479.0,0.0,0.0,0.0
Belgium,24  Production of pig iron or steel,2018.0,5049448.0,5049448.0,0.0,0.0,0.0
Belgium,24  Production of pig iron or steel,2019.0,4841850.0,4841850.0,0.0,0.0,0.0
Belgium,24  Production of pig iron or steel,2020.0,3924794.0,3924794.0,0.0,0.0,0.0
Belgium,24  Production of pig iron or steel,2021.0,4520538.0,4520538.0,0.0,0.0,0.0
Belgium,24  Production of pig iron or steel,2022.0,4230026.0,4230026.0,0.0,0.0,0.0
Belgium,24  Production of pig iron or steel,2023.0,4084515.0,4084515.0,0.0,0.0,0.0
Belgium,25 Production or processing of ferrous metals,2015.0,400610.0,400610.0,0.0,0.0,0.0
Belgium,25 Production or processing of ferrous metals,2016.0,425203.0,425203.0,0.0,0.0,0.0
Belgium,25 Production or processing of ferrous metals,2017.0,437475.0,437475.0,0.0,0.0,0.0
Belgium,25 Production or processing of ferrous metals,2018.0,463087.0,463087.0,0.0,0.0,0.0
Belgium,25 Production or processing of ferrous metals,2019.0,437800.0,437800.0,0.0,0.0,0.0
Belgium,25 Production or processing of ferrous metals,2020.0,395168.0,395168.0,0.0,0.0,0.0
Belgium,25 Production or processing of ferrous metals,2021.0,354019.0,354019.0,0.0,0.0,0.0
Belgium,25 Production or processing of ferrous metals,2022.0,317637.0,317637.0,0.0,0.0,0.0
Belgium,25 Production or processing of ferrous metals,2023.0,282092.0,282092.0,0.0,0.0,0.0
Belgium,28 Production or processing of non-ferrous metals,2015.0,424917.0,424917.0,0.0,0.0,0.0
Belgium,28 Production or processing of non-ferrous metals,2016.0,425397.0,425397.0,0.0,0.0,0.0
Belgium,28 Production or processing of non-ferrous metals,2017.0,436140.0,436140.0,0.0,0.0,0.0
Belgium,28 Production or processing of non-ferrous metals,2018.0,455439.0,455439.0,0.0,0.0,0.0
Belgium,28 Production or processing of non-ferrous metals,2019.0,431895.0,431895.0,0.0,0.0,0.0
Belgium,28 Production or processing of non-ferrous metals,2020.0,403272.0,403272.0,0.0,0.0,0.0
Belgium,28 Production or processing of non-ferrous metals,2021.0,420900.0,420900.0,0.0,0.0,0.0
Belgium,28 Production or processing of non-ferrous metals,2022.0,388072.0,388072.0,0.0,0.0,0.0
Belgium,28 Production or processing of non-ferrous metals,2023.0,383155.0,383155.0,0.0,0.0,0.0
Belgium,29 Production of cement clinker,2015.0,3501555.0,3501555.0,0.0,0.0,0.0
Belgium,29 Production of cement clinker,2016.0,3613890.0,3613890.0,0.0,0.0,0.0
Belgium,29 Production of cement clinker,2017.0,3338960.0,3338960.0,0.0,0.0,0.0
Belgium,29 Production of cement clinker,2018.0,3693760.0,3693760.0,0.0,0.0,0.0
Belgium,29 Production of cement clinker,2019.0,4150759.0,4150759.0,0.0,0.0,0.0
Belgium,29 Production of cement clinker,2020.0,3904538.0,3904538.0,0.0,0.0,0.0
Belgium,29 Production of cement clinker,2021.0,3875963.0,3875963.0,0.0,0.0,0.0
Belgium,29 Production of cement clinker,2022.0,3516257.0,3516257.0,0.0,0.0,0.0
Belgium,29 Production of cement clinker,2023.0,3152011.0,3152011.0,0.0,0.0,0.0
Belgium,"30 Production of lime, or calcination of dolomite/magnesite",2015.0,2614333.0,2614333.0,0.0,0.0,0.0
Belgium,"30 Production of lime, or calcination of dolomite/magnesite",2016.0,2473262.0,2473262.0,0.0,0.0,0.0
Belgium,"30 Production of lime, or calcination of dolomite/magnesite",2017.0,2483341.0,2483341.0,0.0,0.0,0.0
Belgium,"30 Production of lime, or calcination of dolomite/magnesite",2018.0,2491364.0,2491364.0,0.0,0.0,0.0
Belgium,"30 Production of lime, or calcination of dolomite/magnesite",2019.0,2199212.0,2199212.0,0.0,0.0,0.0
Belgium,"30 Production of lime, or calcination of dolomite/magnesite",2020.0,1814679.0,1814679.0,0.0,0.0,0.0
Belgium,"30 Production of lime, or calcination of dolomite/magnesite",2021.0,1897059.0,1897059.0,0.0,0.0,0.0
Belgium,"30 Production of lime, or calcination of dolomite/magnesite",2022.0,1687191.0,1687191.0,0.0,0.0,0.0
Belgium,"30 Production of lime, or calcination of dolomite/magnesite",2023.0,1464113.0,1464113.0,0.0,0.0,0.0
Belgium,31 Manufacture of glass,2015.0,705375.0,705375.0,0.0,0.0,0.0
Belgium,31 Manufacture of glass,2016.0,703335.0,703335.0,0.0,0.0,0.0
Belgium,31 Manufacture of glass,2017.0,690344.0,690344.0,0.0,0.0,0.0
Belgium,31 Manufacture of glass,2018.0,683616.0,683616.0,0.0,0.0,0.0
Belgium,31 Manufacture of glass,2019.0,581589.0,581589.0,0.0,0.0,0.0
Belgium,31 Manufacture of glass,2020.0,475678.0,475678.0,0.0,0.0,0.0
Belgium,31 Manufacture of glass,2021.0,630151.0,630151.0,0.0,0.0,0.0
Belgium,31 Manufacture of glass,2022.0,610904.0,610904.0,0.0,0.0,0.0
Belgium,31 Manufacture of glass,2023.0,588695.0,588695.0,0.0,0.0,0.0
Belgium,32 Manufacture of ceramics,2015.0,518810.0,518810.0,0.0,0.0,0.0
Belgium,32 Manufacture of ceramics,2016.0,487193.0,487193.0,0.0,0.0,0.0
Belgium,32 Manufacture of ceramics,2017.0,503331.0,503331.0,0.0,0.0,0.0
Belgium,32 Manufacture of ceramics,2018.0,491966.0,491966.0,0.0,0.0,0.0
Belgium,32 Manufacture of ceramics,2019.0,505823.0,505823.0,0.0,0.0,0.0
Belgium,32 Manufacture of ceramics,2020.0,485724.0,485724.0,0.0,0.0,0.0
Belgium,32 Manufacture of ceramics,2021.0,531178.0,531178.0,0.0,0.0,0.0
Belgium,32 Manufacture of ceramics,2022.0,523462.0,523462.0,0.0,0.0,0.0
Belgium,32 Manufacture of ceramics,2023.0,446557.0,446557.0,0.0,0.0,0.0
Belgium,33 Manufacture of mineral wool,2015.0,39253.0,39253.0,0.0,0.0,0.0
Belgium,33 Manufacture of mineral wool,2016.0,46625.0,46625.0,0.0,0.0,0.0
Belgium,33 Manufacture of mineral wool,2017.0,50521.0,50521.0,0.0,0.0,0.0
Belgium,33 Manufacture of mineral wool,2018.0,63088.0,63088.0,0.0,0.0,0.0
Belgium,33 Manufacture of mineral wool,2019.0,63171.0,63171.0,0.0,0.0,0.0
Belgium,33 Manufacture of mineral wool,2020.0,61769.0,61769.0,0.0,0.0,0.0
Belgium,33 Manufacture of mineral wool,2021.0,66179.0,66179.0,0.0,0.0,0.0
Belgium,33 Manufacture of mineral wool,2022.0,59330.0,59330.0,0.0,0.0,0.0
Belgium,33 Manufacture of mineral wool,2023.0,65408.0,65408.0,0.0,0.0,0.0
Belgium,35 Production of pulp,2015.0,127791.0,127791.0,0.0,0.0,0.0
Belgium,35 Production of pulp,2016.0,124944.0,124944.0,0.0,0.0,0.0
Belgium,35 Production of pulp,2017.0,104406.0,104406.0,0.0,0.0,0.0
Belgium,35 Production of pulp,2018.0,119393.0,119393.0,0.0,0.0,0.0
Belgium,35 Production of pulp,2019.0,127631.0,127631.0,0.0,0.0,0.0
Belgium,35 Production of pulp,2020.0,141324.0,141324.0,0.0,0.0,0.0
Belgium,35 Production of pulp,2021.0,126096.0,126096.0,0.0,0.0,0.0
Belgium,35 Production of pulp,2022.0,110275.0,110275.0,0.0,0.0,0.0
Belgium,35 Production of pulp,2023.0,105159.0,105159.0,0.0,0.0,0.0
Belgium,36 Production of paper or cardboard,2015.0,652148.0,652148.0,0.0,0.0,0.0
Belgium,36 Production of paper or cardboard,2016.0,651217.0,651217.0,0.0,0.0,0.0
Belgium,36 Production of paper or cardboard,2017.0,607620.0,607620.0,0.0,0.0,0.0
Belgium,36 Production of paper or cardboard,2018.0,584540.0,584540.0,0.0,0.0,0.0
Belgium,36 Production of paper or cardboard,2019.0,567353.0,567353.0,0.0,0.0,0.0
Belgium,36 Production of paper or cardboard,2020.0,542804.0,542804.0,0.0,0.0,0.0
Belgium,36 Production of paper or cardboard,2021.0,567193.0,567193.0,0.0,0.0,0.0
Belgium,36 Production of paper or cardboard,2022.0,578794.0,578794.0,0.0,0.0,0.0
Belgium,36 Production of paper or cardboard,2023.0,478121.0,478121.0,0.0,0.0,0.0
Belgium,37 Production of carbon black,2015.0,39261.0,39261.0,0.0,0.0,0.0
Belgium,37 Production of carbon black,2016.0,45730.0,45730.0,0.0,0.0,0.0
Belgium,37 Production of carbon black,2017.0,47681.0,47681.0,0.0,0.0,0.0
Belgium,37 Production of carbon black,2018.0,48289.0,48289.0,0.0,0.0,0.0
Belgium,37 Production of carbon black,2019.0,50227.0,50227.0,0.0,0.0,0.0
Belgium,37 Production of carbon black,2020.0,48191.0,48191.0,0.0,0.0,0.0
Belgium,37 Production of carbon black,2021.0,61926.0,61926.0,0.0,0.0,0.0
Belgium,37 Production of carbon black,2022.0,65970.0,65970.0,0.0,0.0,0.0
Belgium,37 Production of carbon black,2023.0,68208.0,68208.0,0.0,0.0,0.0
Belgium,38 Production of nitric acid,2015.0,1055149.0,1055149.0,0.0,0.0,0.0
Belgium,38 Production of nitric acid,2016.0,1003515.0,1003515.0,0.0,0.0,0.0
Belgium,38 Production of nitric acid,2017.0,1042591.0,1042591.0,0.0,0.0,0.0
Belgium,38 Production of nitric acid,2018.0,784931.0,784931.0,0.0,0.0,0.0
Belgium,38 Production of nitric acid,2019.0,841271.0,841271.0,0.0,0.0,0.0
Belgium,38 Production of nitric acid,2020.0,990071.0,990071.0,0.0,0.0,0.0
Belgium,38 Production of nitric acid,2021.0,701088.0,701088.0,0.0,0.0,0.0
Belgium,38 Production of nitric acid,2022.0,627310.0,627310.0,0.0,0.0,0.0
Belgium,38 Production of nitric acid,2023.0,400084.0,400084.0,0.0,0.0,0.0
Belgium,42 Production of bulk chemicals,2015.0,7171786.0,7171786.0,0.0,0.0,0.0
Belgium,42 Production of bulk chemicals,2016.0,6875092.0,6875092.0,0.0,0.0,0.0
Belgium,42 Production of bulk chemicals,2017.0,7276215.0,7276215.0,0.0,0.0,0.0
Belgium,42 Production of bulk chemicals,2018.0,7115404.0,7115404.0,0.0,0.0,0.0
Belgium,42 Production of bulk chemicals,2019.0,6286884.0,6286884.0,0.0,0.0,0.0
Belgium,42 Production of bulk chemicals,2020.0,6720835.0,6720835.0,0.0,0.0,0.0
Belgium,42 Production of bulk chemicals,2021.0,6900516.0,6900516.0,0.0,0.0,0.0
Belgium,42 Production of bulk chemicals,2022.0,5927766.0,5927766.0,0.0,0.0,0.0
Belgium,42 Production of bulk chemicals,2023.0,6085200.0,6085200.0,0.0,0.0,0.0
Belgium,43 Production of hydrogen and synthesis gas,2015.0,617835.0,617835.0,0.0,0.0,0.0
Belgium,43 Production of hydrogen and synthesis gas,2016.0,591194.0,591194.0,0.0,0.0,0.0
Belgium,43 Production of hydrogen and synthesis gas,2017.0,688840.0,688840.0,0.0,0.0,0.0
Belgium,43 Production of hydrogen and synthesis gas,2018.0,721468.0,721468.0,0.0,0.0,0.0
Belgium,43 Production of hydrogen and synthesis gas,2019.0,959413.0,959413.0,0.0,0.0,0.0
Belgium,43 Production of hydrogen and synthesis gas,2020.0,976382.0,976382.0,0.0,0.0,0.0
Belgium,43 Production of hydrogen and synthesis gas,2021.0,1028262.0,1028262.0,0.0,0.0,0.0
Belgium,43 Production of hydrogen and synthesis gas,2022.0,935757.0,935757.0,0.0,0.0,0.0
Belgium,43 Production of hydrogen and synthesis gas,2023.0,938255.0,938255.0,0.0,0.0,0.0
Bulgaria,10 Aviation,2015.0,261531.0,261531.0,0.0,0.0,0.0
Bulgaria,10 Aviation,2016.0,288886.0,288886.0,0.0,0.0,0.0
Bulgaria,10 Aviation,2017.0,251290.0,251290.0,0.0,0.0,0.0
Bulgaria,10 Aviation,2018.0,257183.0,257183.0,0.0,0.0,0.0
Bulgaria,10 Aviation,2019.0,277839.0,277839.0,0.0,0.0,0.0
Bulgaria,10 Aviation,2020.0,115778.0,58722.0,49.2805196151255,0.6921153196702238,-0.3286048386181215
Bulgaria,10 Aviation,2021.0,120858.0,61166.0,49.39019345016465,0.6943659032177559,-0.3293169407840957
Bulgaria,10 Aviation,2022.0,166113.0,83883.0,49.502447129363745,0.6966822147667022,-0.33004899681699507
Bulgaria,10 Aviation,2023.0,161703.0,81621.0,49.52412756720654,0.6971310792589213,-0.33019075973095147
Bulgaria,20 Combustion of fuels,2015.0,29935783.0,29935783.0,0.0,0.0,0.0
Bulgaria,20 Combustion of fuels,2016.0,26531705.0,26531705.0,0.0,0.0,0.0
Bulgaria,20 Combustion of fuels,2017.0,27966155.0,27966155.0,0.0,0.0,0.0
Bulgaria,20 Combustion of fuels,2018.0,24598255.0,24598255.0,0.0,0.0,0.0
Bulgaria,20 Combustion of fuels,2019.0,21492368.0,21492368.0,0.0,0.0,0.0
Bulgaria,20 Combustion of fuels,2020.0,16737564.0,16737564.0,0.0,0.0,0.0
Bulgaria,20 Combustion of fuels,2021.0,21706790.0,21706790.0,0.0,0.0,0.0
Bulgaria,20 Combustion of fuels,2022.0,26570869.0,26570869.0,0.0,0.0,0.0
Bulgaria,20 Combustion of fuels,2023.0,15108760.0,15108760.0,0.0,0.0,0.0
Bulgaria,20-99 All stationary installations,2015.0,36260861.0,36260861.0,0.0,0.0,0.0
Bulgaria,20-99 All stationary installations,2016.0,33410834.0,33410834.0,0.0,0.0,0.0
Bulgaria,20-99 All stationary installations,2017.0,34908095.0,34908095.0,0.0,0.0,0.0
Bulgaria,20-99 All stationary installations,2018.0,31028875.0,31028875.0,0.0,0.0,0.0
Bulgaria,20-99 All stationary installations,2019.0,29194151.0,29194151.0,0.0,0.0,0.0
Bulgaria,20-99 All stationary installations,2020.0,23845295.0,23845295.0,0.0,0.0,0.0
Bulgaria,20-99 All stationary installations,2021.0,28935079.0,28935079.0,0.0,0.0,0.0
Bulgaria,20-99 All stationary installations,2022.0,33936118.0,33936118.0,0.0,0.0,0.0
Bulgaria,20-99 All stationary installations,2023.0,21635386.0,21635386.0,0.0,0.0,0.0
Bulgaria,21  Refining of mineral oil,2015.0,1246484.0,1246484.0,0.0,0.0,0.0
Bulgaria,21  Refining of mineral oil,2016.0,1657733.0,1657733.0,0.0,0.0,0.0
Bulgaria,21  Refining of mineral oil,2017.0,1781588.0,1781588.0,0.0,0.0,0.0
Bulgaria,21  Refining of mineral oil,2018.0,1570907.0,1570907.0,0.0,0.0,0.0
Bulgaria,21  Refining of mineral oil,2019.0,2070184.0,2070184.0,0.0,0.0,0.0
Bulgaria,21  Refining of mineral oil,2020.0,1773167.0,1773167.0,0.0,0.0,0.0
Bulgaria,21  Refining of mineral oil,2021.0,1488705.0,1488705.0,0.0,0.0,0.0
Bulgaria,21  Refining of mineral oil,2022.0,2003944.0,2003944.0,0.0,0.0,0.0
Bulgaria,21  Refining of mineral oil,2023.0,1640959.0,1640959.0,0.0,0.0,0.0
Bulgaria,21-99 All industrial installations (excl. combustion),2015.0,6325078.0,6325078.0,0.0,0.0,0.0
Bulgaria,21-99 All industrial installations (excl. combustion),2016.0,6879129.0,6879129.0,0.0,0.0,0.0
Bulgaria,21-99 All industrial installations (excl. combustion),2017.0,6941940.0,6941940.0,0.0,0.0,0.0
Bulgaria,21-99 All industrial installations (excl. combustion),2018.0,6430620.0,6430620.0,0.0,0.0,0.0
Bulgaria,21-99 All industrial installations (excl. combustion),2019.0,7701783.0,7701783.0,0.0,0.0,0.0
Bulgaria,21-99 All industrial installations (excl. combustion),2020.0,7107731.0,7107731.0,0.0,0.0,0.0
Bulgaria,21-99 All industrial installations (excl. combustion),2021.0,7228289.0,7228289.0,0.0,0.0,0.0
Bulgaria,21-99 All industrial installations (excl. combustion),2022.0,7365249.0,7365249.0,0.0,0.0,0.0
Bulgaria,21-99 All industrial installations (excl. combustion),2023.0,6526626.0,6526626.0,0.0,0.0,0.0
Bulgaria,24  Production of pig iron or steel,2015.0,129914.0,129914.0,0.0,0.0,0.0
Bulgaria,24  Production of pig iron or steel,2016.0,124563.0,124563.0,0.0,0.0,0.0
Bulgaria,24  Production of pig iron or steel,2017.0,127067.0,127067.0,0.0,0.0,0.0
Bulgaria,24  Production of pig iron or steel,2018.0,131245.0,131245.0,0.0,0.0,0.0
Bulgaria,24  Production of pig iron or steel,2019.0,109744.0,109744.0,0.0,0.0,0.0
Bulgaria,24  Production of pig iron or steel,2020.0,91676.0,91676.0,0.0,0.0,0.0
Bulgaria,24  Production of pig iron or steel,2021.0,95247.0,95247.0,0.0,0.0,0.0
Bulgaria,24  Production of pig iron or steel,2022.0,93260.0,93260.0,0.0,0.0,0.0
Bulgaria,24  Production of pig iron or steel,2023.0,87953.0,87953.0,0.0,0.0,0.0
Bulgaria,25 Production or processing of ferrous metals,2015.0,24257.0,24257.0,0.0,0.0,0.0
Bulgaria,25 Production or processing of ferrous metals,2016.0,29776.0,29776.0,0.0,0.0,0.0
Bulgaria,25 Production or processing of ferrous metals,2017.0,19574.0,19574.0,0.0,0.0,0.0
Bulgaria,25 Production or processing of ferrous metals,2018.0,33502.0,33502.0,0.0,0.0,0.0
Bulgaria,25 Production or processing of ferrous metals,2019.0,30884.0,30884.0,0.0,0.0,0.0
Bulgaria,25 Production or processing of ferrous metals,2020.0,34772.0,34772.0,0.0,0.0,0.0
Bulgaria,25 Production or processing of ferrous metals,2021.0,40595.0,40595.0,0.0,0.0,0.0
Bulgaria,25 Production or processing of ferrous metals,2022.0,31790.0,31790.0,0.0,0.0,0.0
Bulgaria,25 Production or processing of ferrous metals,2023.0,39117.0,39117.0,0.0,0.0,0.0
Bulgaria,28 Production or processing of non-ferrous metals,2015.0,304106.0,304106.0,0.0,0.0,0.0
Bulgaria,28 Production or processing of non-ferrous metals,2016.0,309396.0,309396.0,0.0,0.0,0.0
Bulgaria,28 Production or processing of non-ferrous metals,2017.0,279127.0,279127.0,0.0,0.0,0.0
Bulgaria,28 Production or processing of non-ferrous metals,2018.0,309209.0,309209.0,0.0,0.0,0.0
Bulgaria,28 Production or processing of non-ferrous metals,2019.0,288366.0,288366.0,0.0,0.0,0.0
Bulgaria,28 Production or processing of non-ferrous metals,2020.0,278038.0,278038.0,0.0,0.0,0.0
Bulgaria,28 Production or processing of non-ferrous metals,2021.0,285921.0,285921.0,0.0,0.0,0.0
Bulgaria,28 Production or processing of non-ferrous metals,2022.0,291350.0,291350.0,0.0,0.0,0.0
Bulgaria,28 Production or processing of non-ferrous metals,2023.0,276704.0,276704.0,0.0,0.0,0.0
Bulgaria,29 Production of cement clinker,2015.0,1658733.0,1658733.0,0.0,0.0,0.0
Bulgaria,29 Production of cement clinker,2016.0,1768538.0,1768538.0,0.0,0.0,0.0
Bulgaria,29 Production of cement clinker,2017.0,1798015.0,1798015.0,0.0,0.0,0.0
Bulgaria,29 Production of cement clinker,2018.0,1731687.0,1731687.0,0.0,0.0,0.0
Bulgaria,29 Production of cement clinker,2019.0,1618798.0,1618798.0,0.0,0.0,0.0
Bulgaria,29 Production of cement clinker,2020.0,1555217.0,1555217.0,0.0,0.0,0.0
Bulgaria,29 Production of cement clinker,2021.0,1525578.0,1525578.0,0.0,0.0,0.0
Bulgaria,29 Production of cement clinker,2022.0,1507156.0,1507156.0,0.0,0.0,0.0
Bulgaria,29 Production of cement clinker,2023.0,1470203.0,1470203.0,0.0,0.0,0.0
Bulgaria,"30 Production of lime, or calcination of dolomite/magnesite",2015.0,263892.0,263892.0,0.0,0.0,0.0
Bulgaria,"30 Production of lime, or calcination of dolomite/magnesite",2016.0,250410.0,250410.0,0.0,0.0,0.0
Bulgaria,"30 Production of lime, or calcination of dolomite/magnesite",2017.0,224977.0,224977.0,0.0,0.0,0.0
Bulgaria,"30 Production of lime, or calcination of dolomite/magnesite",2018.0,250476.0,250476.0,0.0,0.0,0.0
Bulgaria,"30 Production of lime, or calcination of dolomite/magnesite",2019.0,242977.0,242977.0,0.0,0.0,0.0
Bulgaria,"30 Production of lime, or calcination of dolomite/magnesite",2020.0,229904.0,229904.0,0.0,0.0,0.0
Bulgaria,"30 Production of lime, or calcination of dolomite/magnesite",2021.0,204895.0,204895.0,0.0,0.0,0.0
Bulgaria,"30 Production of lime, or calcination of dolomite/magnesite",2022.0,169326.0,169326.0,0.0,0.0,0.0
Bulgaria,"30 Production of lime, or calcination of dolomite/magnesite",2023.0,220237.0,220237.0,0.0,0.0,0.0
Bulgaria,31 Manufacture of glass,2015.0,541306.0,541306.0,0.0,0.0,0.0
Bulgaria,31 Manufacture of glass,2016.0,566129.0,566129.0,0.0,0.0,0.0
Bulgaria,31 Manufacture of glass,2017.0,577128.0,577128.0,0.0,0.0,0.0
Bulgaria,31 Manufacture of glass,2018.0,551086.0,551086.0,0.0,0.0,0.0
Bulgaria,31 Manufacture of glass,2019.0,523294.0,523294.0,0.0,0.0,0.0
Bulgaria,31 Manufacture of glass,2020.0,561007.0,561007.0,0.0,0.0,0.0
Bulgaria,31 Manufacture of glass,2021.0,639285.0,639285.0,0.0,0.0,0.0
Bulgaria,31 Manufacture of glass,2022.0,626505.0,626505.0,0.0,0.0,0.0
Bulgaria,31 Manufacture of glass,2023.0,585700.0,585700.0,0.0,0.0,0.0
Bulgaria,32 Manufacture of ceramics,2015.0,188207.0,188207.0,0.0,0.0,0.0
Bulgaria,32 Manufacture of ceramics,2016.0,203353.0,203353.0,0.0,0.0,0.0
Bulgaria,32 Manufacture of ceramics,2017.0,203428.0,203428.0,0.0,0.0,0.0
Bulgaria,32 Manufacture of ceramics,2018.0,200588.0,200588.0,0.0,0.0,0.0
Bulgaria,32 Manufacture of ceramics,2019.0,187538.0,187538.0,0.0,0.0,0.0
Bulgaria,32 Manufacture of ceramics,2020.0,178365.0,178365.0,0.0,0.0,0.0
Bulgaria,32 Manufacture of ceramics,2021.0,197134.0,197134.0,0.0,0.0,0.0
Bulgaria,32 Manufacture of ceramics,2022.0,185298.0,185298.0,0.0,0.0,0.0
Bulgaria,32 Manufacture of ceramics,2023.0,148580.0,148580.0,0.0,0.0,0.0
Bulgaria,33 Manufacture of mineral wool,2023.0,2648.0,2648.0,0.0,0.0,0.0
Bulgaria,34 Production or processing of gypsum or plasterboard,2015.0,34375.0,34375.0,0.0,0.0,0.0
Bulgaria,34 Production or processing of gypsum or plasterboard,2016.0,35693.0,35693.0,0.0,0.0,0.0
Bulgaria,34 Production or processing of gypsum or plasterboard,2017.0,41541.0,41541.0,0.0,0.0,0.0
Bulgaria,34 Production or processing of gypsum or plasterboard,2018.0,42926.0,42926.0,0.0,0.0,0.0
Bulgaria,34 Production or processing of gypsum or plasterboard,2019.0,50624.0,50624.0,0.0,0.0,0.0
Bulgaria,34 Production or processing of gypsum or plasterboard,2020.0,56465.0,56465.0,0.0,0.0,0.0
Bulgaria,34 Production or processing of gypsum or plasterboard,2021.0,58522.0,58522.0,0.0,0.0,0.0
Bulgaria,34 Production or processing of gypsum or plasterboard,2022.0,23558.0,23558.0,0.0,0.0,0.0
Bulgaria,34 Production or processing of gypsum or plasterboard,2023.0,24622.0,24622.0,0.0,0.0,0.0
Bulgaria,35 Production of pulp,2015.0,15042.0,15042.0,0.0,0.0,0.0
Bulgaria,35 Production of pulp,2016.0,13666.0,13666.0,0.0,0.0,0.0
Bulgaria,35 Production of pulp,2017.0,14930.0,14930.0,0.0,0.0,0.0
Bulgaria,35 Production of pulp,2018.0,15235.0,15235.0,0.0,0.0,0.0
Bulgaria,35 Production of pulp,2019.0,15619.0,15619.0,0.0,0.0,0.0
Bulgaria,35 Production of pulp,2020.0,10030.0,10030.0,0.0,0.0,0.0
Bulgaria,35 Production of pulp,2021.0,13807.0,13807.0,0.0,0.0,0.0
Bulgaria,35 Production of pulp,2022.0,11327.0,11327.0,0.0,0.0,0.0
Bulgaria,35 Production of pulp,2023.0,9186.0,9186.0,0.0,0.0,0.0
Bulgaria,36 Production of paper or cardboard,2015.0,82947.0,82947.0,0.0,0.0,0.0
Bulgaria,36 Production of paper or cardboard,2016.0,85960.0,85960.0,0.0,0.0,0.0
Bulgaria,36 Production of paper or cardboard,2017.0,72322.0,72322.0,0.0,0.0,0.0
Bulgaria,36 Production of paper or cardboard,2018.0,76874.0,76874.0,0.0,0.0,0.0
Bulgaria,36 Production of paper or cardboard,2019.0,72464.0,72464.0,0.0,0.0,0.0
Bulgaria,36 Production of paper or cardboard,2020.0,70251.0,70251.0,0.0,0.0,0.0
Bulgaria,36 Production of paper or cardboard,2021.0,74925.0,74925.0,0.0,0.0,0.0
Bulgaria,36 Production of paper or cardboard,2022.0,56648.0,56648.0,0.0,0.0,0.0
Bulgaria,36 Production of paper or cardboard,2023.0,58142.0,58142.0,0.0,0.0,0.0
Bulgaria,38 Production of nitric acid,2015.0,544934.0,544934.0,0.0,0.0,0.0
Bulgaria,38 Production of nitric acid,2016.0,567192.0,567192.0,0.0,0.0,0.0
Bulgaria,38 Production of nitric acid,2017.0,554956.0,554956.0,0.0,0.0,0.0
Bulgaria,38 Production of nitric acid,2018.0,313440.0,313440.0,0.0,0.0,0.0
Bulgaria,38 Production of nitric acid,2019.0,112645.0,112645.0,0.0,0.0,0.0
Bulgaria,38 Production of nitric acid,2020.0,83900.0,83900.0,0.0,0.0,0.0
Bulgaria,38 Production of nitric acid,2021.0,94370.0,94370.0,0.0,0.0,0.0
Bulgaria,38 Production of nitric acid,2022.0,73447.0,73447.0,0.0,0.0,0.0
Bulgaria,38 Production of nitric acid,2023.0,60813.0,60813.0,0.0,0.0,0.0
Bulgaria,41 Production of ammonia,2015.0,753748.0,753748.0,0.0,0.0,0.0
Bulgaria,41 Production of ammonia,2016.0,748013.0,748013.0,0.0,0.0,0.0
Bulgaria,41 Production of ammonia,2017.0,726049.0,726049.0,0.0,0.0,0.0
Bulgaria,41 Production of ammonia,2018.0,691841.0,691841.0,0.0,0.0,0.0
Bulgaria,41 Production of ammonia,2019.0,666977.0,666977.0,0.0,0.0,0.0
Bulgaria,41 Production of ammonia,2020.0,690432.0,690432.0,0.0,0.0,0.0
Bulgaria,41 Production of ammonia,2021.0,681436.0,681436.0,0.0,0.0,0.0
Bulgaria,41 Production of ammonia,2022.0,554714.0,554714.0,0.0,0.0,0.0
Bulgaria,41 Production of ammonia,2023.0,515627.0,515627.0,0.0,0.0,0.0
Bulgaria,44 Production of soda ash and sodium bicarbonate,2015.0,537133.0,537133.0,0.0,0.0,0.0
Bulgaria,44 Production of soda ash and sodium bicarbonate,2016.0,518707.0,518707.0,0.0,0.0,0.0
Bulgaria,44 Production of soda ash and sodium bicarbonate,2017.0,521238.0,521238.0,0.0,0.0,0.0
Bulgaria,44 Production of soda ash and sodium bicarbonate,2018.0,511604.0,511604.0,0.0,0.0,0.0
Bulgaria,44 Production of soda ash and sodium bicarbonate,2019.0,1711669.0,1711669.0,0.0,0.0,0.0
Bulgaria,44 Production of soda ash and sodium bicarbonate,2020.0,1494507.0,1494507.0,0.0,0.0,0.0
Bulgaria,44 Production of soda ash and sodium bicarbonate,2021.0,1827869.0,1827869.0,0.0,0.0,0.0
Bulgaria,44 Production of soda ash and sodium bicarbonate,2022.0,1736926.0,1736926.0,0.0,0.0,0.0
Bulgaria,44 Production of soda ash and sodium bicarbonate,2023.0,1386135.0,1386135.0,0.0,0.0,0.0
Croatia,10 Aviation,2015.0,154276.0,154276.0,0.0,0.0,0.0
Croatia,10 Aviation,2016.0,162454.0,162454.0,0.0,0.0,0.0
Croatia,10 Aviation,2017.0,171297.0,171297.0,0.0,0.0,0.0
Croatia,10 Aviation,2018.0,174695.0,174695.0,0.0,0.0,0.0
Croatia,10 Aviation,2019.0,178606.0,178606.0,0.0,0.0,0.0
Croatia,10 Aviation,2020.0,72905.0,37414.0,48.68116041423771,0.6800310644699874,-0.3247670212576397
Croatia,10 Aviation,2021.0,106437.0,54394.0,48.89559081898212,0.684313001063934,-0.32612972018972664
Croatia,10 Aviation,2022.0,161510.0,82790.0,48.74001609807442,0.6812017975914686,-0.32513991222772476
Croatia,10 Aviation,2023.0,168960.0,86973.5,48.52420691287879,0.6769257308336277,-0.32377678258320053
Croatia,20 Combustion of fuels,2015.0,3269703.0,3269703.0,0.0,0.0,0.0
Croatia,20 Combustion of fuels,2016.0,3588251.0,3588251.0,0.0,0.0,0.0
Croatia,20 Combustion of fuels,2017.0,3197703.0,3197703.0,0.0,0.0,0.0
Croatia,20 Combustion of fuels,2018.0,2640359.0,2640359.0,0.0,0.0,0.0
Croatia,20 Combustion of fuels,2019.0,2939502.0,2939502.0,0.0,0.0,0.0
Croatia,20 Combustion of fuels,2020.0,2891303.0,2891303.0,0.0,0.0,0.0
Croatia,20 Combustion of fuels,2021.0,3004043.0,3004043.0,0.0,0.0,0.0
Croatia,20 Combustion of fuels,2022.0,3346977.0,3346977.0,0.0,0.0,0.0
Croatia,20 Combustion of fuels,2023.0,3318094.0,3318094.0,0.0,0.0,0.0
Croatia,20-99 All stationary installations,2015.0,8386120.0,8386120.0,0.0,0.0,0.0
Croatia,20-99 All stationary installations,2016.0,8267141.0,8267141.0,0.0,0.0,0.0
Croatia,20-99 All stationary installations,2017.0,8367776.0,8367776.0,0.0,0.0,0.0
Croatia,20-99 All stationary installations,2018.0,7444621.0,7444621.0,0.0,0.0,0.0
Croatia,20-99 All stationary installations,2019.0,7514711.0,7514711.0,0.0,0.0,0.0
Croatia,20-99 All stationary installations,2020.0,7323810.0,7323810.0,0.0,0.0,0.0
Croatia,20-99 All stationary installations,2021.0,6996696.0,6996696.0,0.0,0.0,0.0
Croatia,20-99 All stationary installations,2022.0,6455403.0,6455403.0,0.0,0.0,0.0
Croatia,20-99 All stationary installations,2023.0,6567049.0,6567049.0,0.0,0.0,0.0
Croatia,21  Refining of mineral oil,2015.0,1319967.0,1319967.0,0.0,0.0,0.0
Croatia,21  Refining of mineral oil,2016.0,1301702.0,1301702.0,0.0,0.0,0.0
Croatia,21  Refining of mineral oil,2017.0,1343886.0,1343886.0,0.0,0.0,0.0
Croatia,21  Refining of mineral oil,2018.0,1316700.0,1316700.0,0.0,0.0,0.0
Croatia,21  Refining of mineral oil,2019.0,1016922.0,1016922.0,0.0,0.0,0.0
Croatia,21  Refining of mineral oil,2020.0,806029.0,806029.0,0.0,0.0,0.0
Croatia,21  Refining of mineral oil,2021.0,733819.0,733819.0,0.0,0.0,0.0
Croatia,21  Refining of mineral oil,2022.0,698532.0,698532.0,0.0,0.0,0.0
Croatia,21  Refining of mineral oil,2023.0,678325.0,678325.0,0.0,0.0,0.0
Croatia,21-99 All industrial installations (excl. combustion),2015.0,5116417.0,5116417.0,0.0,0.0,0.0
Croatia,21-99 All industrial installations (excl. combustion),2016.0,4678890.0,4678890.0,0.0,0.0,0.0
Croatia,21-99 All industrial installations (excl. combustion),2017.0,5170073.0,5170073.0,0.0,0.0,0.0
Croatia,21-99 All industrial installations (excl. combustion),2018.0,4804262.0,4804262.0,0.0,0.0,0.0
Croatia,21-99 All industrial installations (excl. combustion),2019.0,4575209.0,4575209.0,0.0,0.0,0.0
Croatia,21-99 All industrial installations (excl. combustion),2020.0,4432507.0,4432507.0,0.0,0.0,0.0
Croatia,21-99 All industrial installations (excl. combustion),2021.0,3992653.0,3992653.0,0.0,0.0,0.0
Croatia,21-99 All industrial installations (excl. combustion),2022.0,3108426.0,3108426.0,0.0,0.0,0.0
Croatia,21-99 All industrial installations (excl. combustion),2023.0,3248955.0,3248955.0,0.0,0.0,0.0
Croatia,24  Production of pig iron or steel,2015.0,22612.0,22612.0,0.0,0.0,0.0
Croatia,24  Production of pig iron or steel,2016.0,4394.0,4394.0,0.0,0.0,0.0
Croatia,24  Production of pig iron or steel,2017.0,4722.0,4722.0,0.0,0.0,0.0
Croatia,24  Production of pig iron or steel,2018.0,23103.0,23103.0,0.0,0.0,0.0
Croatia,24  Production of pig iron or steel,2019.0,13576.0,13576.0,0.0,0.0,0.0
Croatia,24  Production of pig iron or steel,2020.0,10389.0,10389.0,0.0,0.0,0.0
Croatia,24  Production of pig iron or steel,2021.0,25512.0,25512.0,0.0,0.0,0.0
Croatia,24  Production of pig iron or steel,2022.0,25041.0,25041.0,0.0,0.0,0.0
Croatia,24  Production of pig iron or steel,2023.0,33099.0,33099.0,0.0,0.0,0.0
Croatia,27 Production of secondary aluminium,2019.0,7251.0,7251.0,0.0,0.0,0.0
Croatia,27 Production of secondary aluminium,2020.0,15188.0,15188.0,0.0,0.0,0.0
Croatia,27 Production of secondary aluminium,2021.0,16874.0,16874.0,0.0,0.0,0.0
Croatia,27 Production of secondary aluminium,2022.0,14562.0,14562.0,0.0,0.0,0.0
Croatia,27 Production of secondary aluminium,2023.0,15151.0,15151.0,0.0,0.0,0.0
Croatia,29 Production of cement clinker,2015.0,1895922.0,1895922.0,0.0,0.0,0.0
Croatia,29 Production of cement clinker,2016.0,1765093.0,1765093.0,0.0,0.0,0.0
Croatia,29 Production of cement clinker,2017.0,2097914.0,2097914.0,0.0,0.0,0.0
Croatia,29 Production of cement clinker,2018.0,1961720.0,1961720.0,0.0,0.0,0.0
Croatia,29 Production of cement clinker,2019.0,1890088.0,1890088.0,0.0,0.0,0.0
Croatia,29 Production of cement clinker,2020.0,1946533.0,1946533.0,0.0,0.0,0.0
Croatia,29 Production of cement clinker,2021.0,1950373.0,1950373.0,0.0,0.0,0.0
Croatia,29 Production of cement clinker,2022.0,1783156.0,1783156.0,0.0,0.0,0.0
Croatia,29 Production of cement clinker,2023.0,1788504.0,1788504.0,0.0,0.0,0.0
Croatia,"30 Production of lime, or calcination of dolomite/magnesite",2015.0,86403.0,86403.0,0.0,0.0,0.0
Croatia,"30 Production of lime, or calcination of dolomite/magnesite",2016.0,77392.0,77392.0,0.0,0.0,0.0
Croatia,"30 Production of lime, or calcination of dolomite/magnesite",2017.0,100379.0,100379.0,0.0,0.0,0.0
Croatia,"30 Production of lime, or calcination of dolomite/magnesite",2018.0,107234.0,107234.0,0.0,0.0,0.0
Croatia,"30 Production of lime, or calcination of dolomite/magnesite",2019.0,114175.0,114175.0,0.0,0.0,0.0
Croatia,"30 Production of lime, or calcination of dolomite/magnesite",2020.0,126993.0,126993.0,0.0,0.0,0.0
Croatia,"30 Production of lime, or calcination of dolomite/magnesite",2021.0,148899.0,148899.0,0.0,0.0,0.0
Croatia,"30 Production of lime, or calcination of dolomite/magnesite",2022.0,133239.0,133239.0,0.0,0.0,0.0
Croatia,"30 Production of lime, or calcination of dolomite/magnesite",2023.0,116790.0,116790.0,0.0,0.0,0.0
Croatia,31 Manufacture of glass,2015.0,104150.0,104150.0,0.0,0.0,0.0
Croatia,31 Manufacture of glass,2016.0,108328.0,108328.0,0.0,0.0,0.0
Croatia,31 Manufacture of glass,2017.0,107493.0,107493.0,0.0,0.0,0.0
Croatia,31 Manufacture of glass,2018.0,106370.0,106370.0,0.0,0.0,0.0
Croatia,31 Manufacture of glass,2019.0,105329.0,105329.0,0.0,0.0,0.0
Croatia,31 Manufacture of glass,2020.0,95449.0,95449.0,0.0,0.0,0.0
Croatia,31 Manufacture of glass,2021.0,111834.0,111834.0,0.0,0.0,0.0
Croatia,31 Manufacture of glass,2022.0,117145.0,117145.0,0.0,0.0,0.0
Croatia,31 Manufacture of glass,2023.0,118540.0,118540.0,0.0,0.0,0.0
Croatia,32 Manufacture of ceramics,2015.0,75829.0,75829.0,0.0,0.0,0.0
Croatia,32 Manufacture of ceramics,2016.0,78241.0,78241.0,0.0,0.0,0.0
Croatia,32 Manufacture of ceramics,2017.0,74772.0,74772.0,0.0,0.0,0.0
Croatia,32 Manufacture of ceramics,2018.0,83713.0,83713.0,0.0,0.0,0.0
Croatia,32 Manufacture of ceramics,2019.0,58532.0,58532.0,0.0,0.0,0.0
Croatia,32 Manufacture of ceramics,2020.0,56143.0,56143.0,0.0,0.0,0.0
Croatia,32 Manufacture of ceramics,2021.0,52256.0,52256.0,0.0,0.0,0.0
Croatia,32 Manufacture of ceramics,2022.0,56197.0,56197.0,0.0,0.0,0.0
Croatia,32 Manufacture of ceramics,2023.0,46343.0,46343.0,0.0,0.0,0.0
Croatia,33 Manufacture of mineral wool,2015.0,92914.0,92914.0,0.0,0.0,0.0
Croatia,33 Manufacture of mineral wool,2016.0,96535.0,96535.0,0.0,0.0,0.0
Croatia,33 Manufacture of mineral wool,2017.0,104856.0,104856.0,0.0,0.0,0.0
Croatia,33 Manufacture of mineral wool,2018.0,103563.0,103563.0,0.0,0.0,0.0
Croatia,33 Manufacture of mineral wool,2019.0,101555.0,101555.0,0.0,0.0,0.0
Croatia,33 Manufacture of mineral wool,2020.0,98146.0,98146.0,0.0,0.0,0.0
Croatia,33 Manufacture of mineral wool,2021.0,106728.0,106728.0,0.0,0.0,0.0
Croatia,33 Manufacture of mineral wool,2022.0,103036.0,103036.0,0.0,0.0,0.0
Croatia,33 Manufacture of mineral wool,2023.0,93901.0,93901.0,0.0,0.0,0.0
Croatia,36 Production of paper or cardboard,2019.0,10966.0,10966.0,0.0,0.0,0.0
Croatia,36 Production of paper or cardboard,2020.0,13628.0,13628.0,0.0,0.0,0.0
Croatia,36 Production of paper or cardboard,2021.0,13708.0,13708.0,0.0,0.0,0.0
Croatia,36 Production of paper or cardboard,2022.0,14090.0,14090.0,0.0,0.0,0.0
Croatia,36 Production of paper or cardboard,2023.0,13400.0,13400.0,0.0,0.0,0.0
Croatia,41 Production of ammonia,2015.0,1518620.0,1518620.0,0.0,0.0,0.0
Croatia,41 Production of ammonia,2016.0,1247205.0,1247205.0,0.0,0.0,0.0
Croatia,41 Production of ammonia,2017.0,1336051.0,1336051.0,0.0,0.0,0.0
Croatia,41 Production of ammonia,2018.0,1101859.0,1101859.0,0.0,0.0,0.0
Croatia,41 Production of ammonia,2019.0,1256815.0,1256815.0,0.0,0.0,0.0
Croatia,41 Production of ammonia,2020.0,1264009.0,1264009.0,0.0,0.0,0.0
Croatia,41 Production of ammonia,2021.0,832650.0,832650.0,0.0,0.0,0.0
Croatia,41 Production of ammonia,2022.0,163428.0,163428.0,0.0,0.0,0.0
Croatia,41 Production of ammonia,2023.0,344902.0,344902.0,0.0,0.0,0.0
Cyprus,10 Aviation,2015.0,2761.0,2761.0,0.0,0.0,0.0
Cyprus,10 Aviation,2016.0,36633.0,36633.0,0.0,0.0,0.0
Cyprus,10 Aviation,2017.0,102553.0,102553.0,0.0,0.0,0.0
Cyprus,10 Aviation,2018.0,24490.0,24490.0,0.0,0.0,0.0
Cyprus,10 Aviation,2019.0,28831.0,28831.0,0.0,0.0,0.0
Cyprus,10 Aviation,2020.0,11578.0,6137.0,46.9942995335982,0.6478930304515926,-0.3144315898104393
Cyprus,10 Aviation,2021.0,7426.0,3731.5,49.75087530298949,0.7018548153925958,-0.33168073607575144
Cyprus,10 Aviation,2022.0,33058.0,16553.0,49.92740032669853,0.7055695011174877,-0.3328500372540728
Cyprus,10 Aviation,2023.0,60646.0,31158.0,48.623157339313394,0.6788806429054143,-0.32440036801677463
Cyprus,20 Combustion of fuels,2015.0,3023003.0,3023003.0,0.0,0.0,0.0
Cyprus,20 Combustion of fuels,2016.0,3300001.0,3300001.0,0.0,0.0,0.0
Cyprus,20 Combustion of fuels,2017.0,3287834.0,3287834.0,0.0,0.0,0.0
Cyprus,20 Combustion of fuels,2018.0,3342360.0,3342360.0,0.0,0.0,0.0
Cyprus,20 Combustion of fuels,2019.0,3282056.0,3282056.0,0.0,0.0,0.0
Cyprus,20 Combustion of fuels,2020.0,3003729.0,3003729.0,0.0,0.0,0.0
Cyprus,20 Combustion of fuels,2021.0,3077688.0,3077688.0,0.0,0.0,0.0
Cyprus,20 Combustion of fuels,2022.0,3098942.0,3098942.0,0.0,0.0,0.0
Cyprus,20 Combustion of fuels,2023.0,3049920.0,3049920.0,0.0,0.0,0.0
Cyprus,20-99 All stationary installations,2015.0,4369326.0,4369326.0,0.0,0.0,0.0
Cyprus,20-99 All stationary installations,2016.0,4649223.0,4649223.0,0.0,0.0,0.0
Cyprus,20-99 All stationary installations,2017.0,4672871.0,4672871.0,0.0,0.0,0.0
Cyprus,20-99 All stationary installations,2018.0,4585570.0,4585570.0,0.0,0.0,0.0
Cyprus,20-99 All stationary installations,2019.0,4471662.0,4471662.0,0.0,0.0,0.0
Cyprus,20-99 All stationary installations,2020.0,4294888.0,4294888.0,0.0,0.0,0.0
Cyprus,20-99 All stationary installations,2021.0,4314996.0,4314996.0,0.0,0.0,0.0
Cyprus,20-99 All stationary installations,2022.0,4328319.0,4328319.0,0.0,0.0,0.0
Cyprus,20-99 All stationary installations,2023.0,4343281.0,4343281.0,0.0,0.0,0.0
Cyprus,21-99 All industrial installations (excl. combustion),2015.0,1346323.0,1346323.0,0.0,0.0,0.0
Cyprus,21-99 All industrial installations (excl. combustion),2016.0,1349222.0,1349222.0,0.0,0.0,0.0
Cyprus,21-99 All industrial installations (excl. combustion),2017.0,1385037.0,1385037.0,0.0,0.0,0.0
Cyprus,21-99 All industrial installations (excl. combustion),2018.0,1243210.0,1243210.0,0.0,0.0,0.0
Cyprus,21-99 All industrial installations (excl. combustion),2019.0,1189606.0,1189606.0,0.0,0.0,0.0
Cyprus,21-99 All industrial installations (excl. combustion),2020.0,1291159.0,1291159.0,0.0,0.0,0.0
Cyprus,21-99 All industrial installations (excl. combustion),2021.0,1237308.0,1237308.0,0.0,0.0,0.0
Cyprus,21-99 All industrial installations (excl. combustion),2022.0,1229377.0,1229377.0,0.0,0.0,0.0
Cyprus,21-99 All industrial installations (excl. combustion),2023.0,1293361.0,1293361.0,0.0,0.0,0.0
Cyprus,29 Production of cement clinker,2015.0,1326076.0,1326076.0,0.0,0.0,0.0
Cyprus,29 Production of cement clinker,2016.0,1323548.0,1323548.0,0.0,0.0,0.0
Cyprus,29 Production of cement clinker,2017.0,1352831.0,1352831.0,0.0,0.0,0.0
Cyprus,29 Production of cement clinker,2018.0,1210929.0,1210929.0,0.0,0.0,0.0
Cyprus,29 Production of cement clinker,2019.0,1142452.0,1142452.0,0.0,0.0,0.0
Cyprus,29 Production of cement clinker,2020.0,1249819.0,1249819.0,0.0,0.0,0.0
Cyprus,29 Production of cement clinker,2021.0,1196620.0,1196620.0,0.0,0.0,0.0
Cyprus,29 Production of cement clinker,2022.0,1186720.0,1186720.0,0.0,0.0,0.0
Cyprus,29 Production of cement clinker,2023.0,1249178.0,1249178.0,0.0,0.0,0.0
Cyprus,32 Manufacture of ceramics,2015.0,20247.0,20247.0,0.0,0.0,0.0
Cyprus,32 Manufacture of ceramics,2016.0,25674.0,25674.0,0.0,0.0,0.0
Cyprus,32 Manufacture of ceramics,2017.0,32206.0,32206.0,0.0,0.0,0.0
Cyprus,32 Manufacture of ceramics,2018.0,32281.0,32281.0,0.0,0.0,0.0
Cyprus,32 Manufacture of ceramics,2019.0,47154.0,47154.0,0.0,0.0,0.0
Cyprus,32 Manufacture of ceramics,2020.0,41340.0,41340.0,0.0,0.0,0.0
Cyprus,32 Manufacture of ceramics,2021.0,40688.0,40688.0,0.0,0.0,0.0
Cyprus,32 Manufacture of ceramics,2022.0,42657.0,42657.0,0.0,0.0,0.0
Cyprus,32 Manufacture of ceramics,2023.0,44183.0,44183.0,0.0,0.0,0.0
Czechia,10 Aviation,2015.0,430429.0,430429.0,0.0,0.0,0.0
Czechia,10 Aviation,2016.0,478557.0,478557.0,0.0,0.0,0.0
Czechia,10 Aviation,2017.0,495045.0,495045.0,0.0,0.0,0.0
Czechia,10 Aviation,2018.0,512962.0,512962.0,0.0,0.0,0.0
Czechia,10 Aviation,2019.0,484353.0,484353.0,0.0,0.0,0.0
Czechia,10 Aviation,2020.0,99138.0,49672.0,49.896104420101274,0.704908536968578,-0.3326421323884683
Czechia,10 Aviation,2021.0,163514.0,82163.0,49.75170321807307,0.7018721611785121,-0.33168620100694146
Czechia,10 Aviation,2022.0,260017.0,130531.0,49.799051600472275,0.702865359628903,-0.33199903981940415
Czechia,10 Aviation,2023.0,261330.0,131317.0,49.75050702177324,0.7018470997024122,-0.33167830516993213
Czechia,20 Combustion of fuels,2015.0,54587818.0,54587818.0,0.0,0.0,0.0
Czechia,20 Combustion of fuels,2016.0,55100713.0,55100713.0,0.0,0.0,0.0
Czechia,20 Combustion of fuels,2017.0,54732140.0,54732140.0,0.0,0.0,0.0
Czechia,20 Combustion of fuels,2018.0,54058794.0,54058794.0,0.0,0.0,0.0
Czechia,20 Combustion of fuels,2019.0,50135646.0,50135646.0,0.0,0.0,0.0
Czechia,20 Combustion of fuels,2020.0,42777609.0,42777609.0,0.0,0.0,0.0
Czechia,20 Combustion of fuels,2021.0,45239652.0,45239652.0,0.0,0.0,0.0
Czechia,20 Combustion of fuels,2022.0,45641622.0,45641622.0,0.0,0.0,0.0
Czechia,20 Combustion of fuels,2023.0,37277033.0,37277033.0,0.0,0.0,0.0
Czechia,20-99 All stationary installations,2015.0,66648045.0,66648045.0,0.0,0.0,0.0
Czechia,20-99 All stationary installations,2016.0,67530907.0,67530907.0,0.0,0.0,0.0
Czechia,20-99 All stationary installations,2017.0,66975758.0,66975758.0,0.0,0.0,0.0
Czechia,20-99 All stationary installations,2018.0,66913386.0,66913386.0,0.0,0.0,0.0
Czechia,20-99 All stationary installations,2019.0,62519244.0,62519244.0,0.0,0.0,0.0
Czechia,20-99 All stationary installations,2020.0,54675715.0,54675715.0,0.0,0.0,0.0
Czechia,20-99 All stationary installations,2021.0,57871344.0,57871344.0,0.0,0.0,0.0
Czechia,20-99 All stationary installations,2022.0,57044774.0,57044774.0,0.0,0.0,0.0
Czechia,20-99 All stationary installations,2023.0,46671393.0,46671393.0,0.0,0.0,0.0
Czechia,21  Refining of mineral oil,2015.0,925482.0,925482.0,0.0,0.0,0.0
Czechia,21  Refining of mineral oil,2016.0,714284.0,714284.0,0.0,0.0,0.0
Czechia,21  Refining of mineral oil,2017.0,995680.0,995680.0,0.0,0.0,0.0
Czechia,21  Refining of mineral oil,2018.0,922926.0,922926.0,0.0,0.0,0.0
Czechia,21  Refining of mineral oil,2019.0,980700.0,980700.0,0.0,0.0,0.0
Czechia,21  Refining of mineral oil,2020.0,804323.0,804323.0,0.0,0.0,0.0
Czechia,21  Refining of mineral oil,2021.0,957662.0,957662.0,0.0,0.0,0.0
Czechia,21  Refining of mineral oil,2022.0,901918.0,901918.0,0.0,0.0,0.0
Czechia,21  Refining of mineral oil,2023.0,946111.0,946111.0,0.0,0.0,0.0
Czechia,21-99 All industrial installations (excl. combustion),2015.0,12060227.0,12060227.0,0.0,0.0,0.0
Czechia,21-99 All industrial installations (excl. combustion),2016.0,12430194.0,12430194.0,0.0,0.0,0.0
Czechia,21-99 All industrial installations (excl. combustion),2017.0,12243618.0,12243618.0,0.0,0.0,0.0
Czechia,21-99 All industrial installations (excl. combustion),2018.0,12854592.0,12854592.0,0.0,0.0,0.0
Czechia,21-99 All industrial installations (excl. combustion),2019.0,12383598.0,12383598.0,0.0,0.0,0.0
Czechia,21-99 All industrial installations (excl. combustion),2020.0,11898106.0,11898106.0,0.0,0.0,0.0
Czechia,21-99 All industrial installations (excl. combustion),2021.0,12631692.0,12631692.0,0.0,0.0,0.0
Czechia,21-99 All industrial installations (excl. combustion),2022.0,11403152.0,11403152.0,0.0,0.0,0.0
Czechia,21-99 All industrial installations (excl. combustion),2023.0,9394360.0,9394360.0,0.0,0.0,0.0
Czechia,24  Production of pig iron or steel,2015.0,5613532.0,5613532.0,0.0,0.0,0.0
Czechia,24  Production of pig iron or steel,2016.0,5968422.0,5968422.0,0.0,0.0,0.0
Czechia,24  Production of pig iron or steel,2017.0,5364123.0,5364123.0,0.0,0.0,0.0
Czechia,24  Production of pig iron or steel,2018.0,5712755.0,5712755.0,0.0,0.0,0.0
Czechia,24  Production of pig iron or steel,2019.0,5217745.0,5217745.0,0.0,0.0,0.0
Czechia,24  Production of pig iron or steel,2020.0,5288261.0,5288261.0,0.0,0.0,0.0
Czechia,24  Production of pig iron or steel,2021.0,5709998.0,5709998.0,0.0,0.0,0.0
Czechia,24  Production of pig iron or steel,2022.0,4938546.0,4938546.0,0.0,0.0,0.0
Czechia,24  Production of pig iron or steel,2023.0,3898732.0,3898732.0,0.0,0.0,0.0
Czechia,25 Production or processing of ferrous metals,2015.0,112865.0,112865.0,0.0,0.0,0.0
Czechia,25 Production or processing of ferrous metals,2016.0,98555.0,98555.0,0.0,0.0,0.0
Czechia,25 Production or processing of ferrous metals,2017.0,101457.0,101457.0,0.0,0.0,0.0
Czechia,25 Production or processing of ferrous metals,2018.0,100579.0,100579.0,0.0,0.0,0.0
Czechia,25 Production or processing of ferrous metals,2019.0,91813.0,91813.0,0.0,0.0,0.0
Czechia,25 Production or processing of ferrous metals,2020.0,92176.0,92176.0,0.0,0.0,0.0
Czechia,25 Production or processing of ferrous metals,2021.0,95358.0,95358.0,0.0,0.0,0.0
Czechia,25 Production or processing of ferrous metals,2022.0,88217.0,88217.0,0.0,0.0,0.0
Czechia,25 Production or processing of ferrous metals,2023.0,79722.0,79722.0,0.0,0.0,0.0
Czechia,27 Production of secondary aluminium,2015.0,18256.0,18256.0,0.0,0.0,0.0
Czechia,27 Production of secondary aluminium,2016.0,19866.0,19866.0,0.0,0.0,0.0
Czechia,27 Production of secondary aluminium,2017.0,22935.0,22935.0,0.0,0.0,0.0
Czechia,27 Production of secondary aluminium,2018.0,23281.0,23281.0,0.0,0.0,0.0
Czechia,27 Production of secondary aluminium,2019.0,22547.0,22547.0,0.0,0.0,0.0
Czechia,27 Production of secondary aluminium,2020.0,20861.0,20861.0,0.0,0.0,0.0
Czechia,27 Production of secondary aluminium,2021.0,24131.0,24131.0,0.0,0.0,0.0
Czechia,27 Production of secondary aluminium,2022.0,22998.0,22998.0,0.0,0.0,0.0
Czechia,27 Production of secondary aluminium,2023.0,20233.0,20233.0,0.0,0.0,0.0
Czechia,29 Production of cement clinker,2015.0,2291397.0,2291397.0,0.0,0.0,0.0
Czechia,29 Production of cement clinker,2016.0,2525956.0,2525956.0,0.0,0.0,0.0
Czechia,29 Production of cement clinker,2017.0,2588940.0,2588940.0,0.0,0.0,0.0
Czechia,29 Production of cement clinker,2018.0,2792598.0,2792598.0,0.0,0.0,0.0
Czechia,29 Production of cement clinker,2019.0,2917269.0,2917269.0,0.0,0.0,0.0
Czechia,29 Production of cement clinker,2020.0,2748134.0,2748134.0,0.0,0.0,0.0
Czechia,29 Production of cement clinker,2021.0,2822158.0,2822158.0,0.0,0.0,0.0
Czechia,29 Production of cement clinker,2022.0,2647948.0,2647948.0,0.0,0.0,0.0
Czechia,29 Production of cement clinker,2023.0,2123019.0,2123019.0,0.0,0.0,0.0
Czechia,"30 Production of lime, or calcination of dolomite/magnesite",2015.0,1170485.0,1170485.0,0.0,0.0,0.0
Czechia,"30 Production of lime, or calcination of dolomite/magnesite",2016.0,1172836.0,1172836.0,0.0,0.0,0.0
Czechia,"30 Production of lime, or calcination of dolomite/magnesite",2017.0,1230127.0,1230127.0,0.0,0.0,0.0
Czechia,"30 Production of lime, or calcination of dolomite/magnesite",2018.0,1358476.0,1358476.0,0.0,0.0,0.0
Czechia,"30 Production of lime, or calcination of dolomite/magnesite",2019.0,1226889.0,1226889.0,0.0,0.0,0.0
Czechia,"30 Production of lime, or calcination of dolomite/magnesite",2020.0,1170960.0,1170960.0,0.0,0.0,0.0
Czechia,"30 Production of lime, or calcination of dolomite/magnesite",2021.0,1203002.0,1203002.0,0.0,0.0,0.0
Czechia,"30 Production of lime, or calcination of dolomite/magnesite",2022.0,1041925.0,1041925.0,0.0,0.0,0.0
Czechia,"30 Production of lime, or calcination of dolomite/magnesite",2023.0,852203.0,852203.0,0.0,0.0,0.0
Czechia,31 Manufacture of glass,2015.0,724323.0,724323.0,0.0,0.0,0.0
Czechia,31 Manufacture of glass,2016.0,727127.0,727127.0,0.0,0.0,0.0
Czechia,31 Manufacture of glass,2017.0,750593.0,750593.0,0.0,0.0,0.0
Czechia,31 Manufacture of glass,2018.0,739117.0,739117.0,0.0,0.0,0.0
Czechia,31 Manufacture of glass,2019.0,732325.0,732325.0,0.0,0.0,0.0
Czechia,31 Manufacture of glass,2020.0,715215.0,715215.0,0.0,0.0,0.0
Czechia,31 Manufacture of glass,2021.0,735996.0,735996.0,0.0,0.0,0.0
Czechia,31 Manufacture of glass,2022.0,724937.0,724937.0,0.0,0.0,0.0
Czechia,31 Manufacture of glass,2023.0,679103.0,679103.0,0.0,0.0,0.0
Czechia,32 Manufacture of ceramics,2015.0,381168.0,381168.0,0.0,0.0,0.0
Czechia,32 Manufacture of ceramics,2016.0,401519.0,401519.0,0.0,0.0,0.0
Czechia,32 Manufacture of ceramics,2017.0,409302.0,409302.0,0.0,0.0,0.0
Czechia,32 Manufacture of ceramics,2018.0,424632.0,424632.0,0.0,0.0,0.0
Czechia,32 Manufacture of ceramics,2019.0,453305.0,453305.0,0.0,0.0,0.0
Czechia,32 Manufacture of ceramics,2020.0,411866.0,411866.0,0.0,0.0,0.0
Czechia,32 Manufacture of ceramics,2021.0,420946.0,420946.0,0.0,0.0,0.0
Czechia,32 Manufacture of ceramics,2022.0,415100.0,415100.0,0.0,0.0,0.0
Czechia,32 Manufacture of ceramics,2023.0,257954.0,257954.0,0.0,0.0,0.0
Czechia,33 Manufacture of mineral wool,2015.0,56908.0,56908.0,0.0,0.0,0.0
Czechia,33 Manufacture of mineral wool,2016.0,59662.0,59662.0,0.0,0.0,0.0
Czechia,33 Manufacture of mineral wool,2017.0,61573.0,61573.0,0.0,0.0,0.0
Czechia,33 Manufacture of mineral wool,2018.0,60807.0,60807.0,0.0,0.0,0.0
Czechia,33 Manufacture of mineral wool,2019.0,53596.0,53596.0,0.0,0.0,0.0
Czechia,33 Manufacture of mineral wool,2020.0,52157.0,52157.0,0.0,0.0,0.0
Czechia,33 Manufacture of mineral wool,2021.0,57299.0,57299.0,0.0,0.0,0.0
Czechia,33 Manufacture of mineral wool,2022.0,59829.0,59829.0,0.0,0.0,0.0
Czechia,33 Manufacture of mineral wool,2023.0,50407.0,50407.0,0.0,0.0,0.0
Czechia,35 Production of pulp,2015.0,18843.0,18843.0,0.0,0.0,0.0
Czechia,35 Production of pulp,2016.0,17527.0,17527.0,0.0,0.0,0.0
Czechia,35 Production of pulp,2017.0,16753.0,16753.0,0.0,0.0,0.0
Czechia,35 Production of pulp,2018.0,14677.0,14677.0,0.0,0.0,0.0
Czechia,35 Production of pulp,2019.0,15117.0,15117.0,0.0,0.0,0.0
Czechia,35 Production of pulp,2020.0,15404.0,15404.0,0.0,0.0,0.0
Czechia,35 Production of pulp,2021.0,15193.0,15193.0,0.0,0.0,0.0
Czechia,35 Production of pulp,2022.0,15129.0,15129.0,0.0,0.0,0.0
Czechia,35 Production of pulp,2023.0,13797.0,13797.0,0.0,0.0,0.0
Czechia,36 Production of paper or cardboard,2015.0,125647.0,125647.0,0.0,0.0,0.0
Czechia,36 Production of paper or cardboard,2016.0,119119.0,119119.0,0.0,0.0,0.0
Czechia,36 Production of paper or cardboard,2017.0,120109.0,120109.0,0.0,0.0,0.0
Czechia,36 Production of paper or cardboard,2018.0,121004.0,121004.0,0.0,0.0,0.0
Czechia,36 Production of paper or cardboard,2019.0,120050.0,120050.0,0.0,0.0,0.0
Czechia,36 Production of paper or cardboard,2020.0,118037.0,118037.0,0.0,0.0,0.0
Czechia,36 Production of paper or cardboard,2021.0,132876.0,132876.0,0.0,0.0,0.0
Czechia,36 Production of paper or cardboard,2022.0,124775.0,124775.0,0.0,0.0,0.0
Czechia,36 Production of paper or cardboard,2023.0,110881.0,110881.0,0.0,0.0,0.0
Czechia,38 Production of nitric acid,2015.0,182675.0,182675.0,0.0,0.0,0.0
Czechia,38 Production of nitric acid,2016.0,171696.0,171696.0,0.0,0.0,0.0
Czechia,38 Production of nitric acid,2017.0,150778.0,150778.0,0.0,0.0,0.0
Czechia,38 Production of nitric acid,2018.0,141870.0,141870.0,0.0,0.0,0.0
Czechia,38 Production of nitric acid,2019.0,157623.0,157623.0,0.0,0.0,0.0
Czechia,38 Production of nitric acid,2020.0,153915.0,153915.0,0.0,0.0,0.0
Czechia,38 Production of nitric acid,2021.0,150934.0,150934.0,0.0,0.0,0.0
Czechia,38 Production of nitric acid,2022.0,135617.0,135617.0,0.0,0.0,0.0
Czechia,38 Production of nitric acid,2023.0,119248.0,119248.0,0.0,0.0,0.0
Czechia,42 Production of bulk chemicals,2015.0,376707.0,376707.0,0.0,0.0,0.0
Czechia,42 Production of bulk chemicals,2016.0,375040.0,375040.0,0.0,0.0,0.0
Czechia,42 Production of bulk chemicals,2017.0,362347.0,362347.0,0.0,0.0,0.0
Czechia,42 Production of bulk chemicals,2018.0,353955.0,353955.0,0.0,0.0,0.0
Czechia,42 Production of bulk chemicals,2019.0,316866.0,316866.0,0.0,0.0,0.0
Czechia,42 Production of bulk chemicals,2020.0,238260.0,238260.0,0.0,0.0,0.0
Czechia,42 Production of bulk chemicals,2021.0,234775.0,234775.0,0.0,0.0,0.0
Czechia,42 Production of bulk chemicals,2022.0,217120.0,217120.0,0.0,0.0,0.0
Czechia,42 Production of bulk chemicals,2023.0,177788.0,177788.0,0.0,0.0,0.0
Czechia,99 Other activity opted-in under Art. 24,2015.0,61939.0,61939.0,0.0,0.0,0.0
Czechia,99 Other activity opted-in under Art. 24,2016.0,58585.0,58585.0,0.0,0.0,0.0
Czechia,99 Other activity opted-in under Art. 24,2017.0,68901.0,68901.0,0.0,0.0,0.0
Czechia,99 Other activity opted-in under Art. 24,2018.0,87915.0,87915.0,0.0,0.0,0.0
Czechia,99 Other activity opted-in under Art. 24,2019.0,77753.0,77753.0,0.0,0.0,0.0
Czechia,99 Other activity opted-in under Art. 24,2020.0,68537.0,68537.0,0.0,0.0,0.0
Czechia,99 Other activity opted-in under Art. 24,2021.0,71364.0,71364.0,0.0,0.0,0.0
Czechia,99 Other activity opted-in under Art. 24,2022.0,69093.0,69093.0,0.0,0.0,0.0
Czechia,99 Other activity opted-in under Art. 24,2023.0,65162.0,65162.0,0.0,0.0,0.0
Denmark,10 Aviation,2015.0,532135.0,532135.0,0.0,0.0,0.0
Denmark,10 Aviation,2016.0,558122.0,558122.0,0.0,0.0,0.0
Denmark,10 Aviation,2017.0,604757.0,604757.0,0.0,0.0,0.0
Denmark,10 Aviation,2018.0,547262.0,547262.0,0.0,0.0,0.0
Denmark,10 Aviation,2019.0,560180.0,560180.0,0.0,0.0,0.0
Denmark,10 Aviation,2020.0,206961.0,103732.5,49.87823792888515,0.7045316630858242,-0.33252355819053814
Denmark,10 Aviation,2021.0,260291.0,130532.0,49.85151234579759,0.7039685442383834,-0.3323463467451149
Denmark,10 Aviation,2022.0,460693.0,231160.5,49.82330966609,0.7033751173454429,-0.33215954571246664
Denmark,10 Aviation,2023.0,469595.0,235641.0,49.82037713348736,0.7033134604238813,-0.332140134074008
Denmark,20 Combustion of fuels,2015.0,12757507.0,12757507.0,0.0,0.0,0.0
Denmark,20 Combustion of fuels,2016.0,14004821.0,14004821.0,0.0,0.0,0.0
Denmark,20 Combustion of fuels,2017.0,11524680.0,11524680.0,0.0,0.0,0.0
Denmark,20 Combustion of fuels,2018.0,11527811.0,11527811.0,0.0,0.0,0.0
Denmark,20 Combustion of fuels,2019.0,8553867.0,8553867.0,0.0,0.0,0.0
Denmark,20 Combustion of fuels,2020.0,7244759.0,7244759.0,0.0,0.0,0.0
Denmark,20 Combustion of fuels,2021.0,8092634.0,8092634.0,0.0,0.0,0.0
Denmark,20 Combustion of fuels,2022.0,8031953.0,8031953.0,0.0,0.0,0.0
Denmark,20 Combustion of fuels,2023.0,6398532.0,6398532.0,0.0,0.0,0.0
Denmark,20-99 All stationary installations,2015.0,15795936.0,15795936.0,0.0,0.0,0.0
Denmark,20-99 All stationary installations,2016.0,17220334.0,17220334.0,0.0,0.0,0.0
Denmark,20-99 All stationary installations,2017.0,15062601.0,15062601.0,0.0,0.0,0.0
Denmark,20-99 All stationary installations,2018.0,14954342.0,14954342.0,0.0,0.0,0.0
Denmark,20-99 All stationary installations,2019.0,12040553.0,12040553.0,0.0,0.0,0.0
Denmark,20-99 All stationary installations,2020.0,10832424.0,10832424.0,0.0,0.0,0.0
Denmark,20-99 All stationary installations,2021.0,11618665.0,11618665.0,0.0,0.0,0.0
Denmark,20-99 All stationary installations,2022.0,11214235.0,11214235.0,0.0,0.0,0.0
Denmark,20-99 All stationary installations,2023.0,9244098.0,9244098.0,0.0,0.0,0.0
Denmark,21  Refining of mineral oil,2015.0,990980.0,990980.0,0.0,0.0,0.0
Denmark,21  Refining of mineral oil,2016.0,885080.0,885080.0,0.0,0.0,0.0
Denmark,21  Refining of mineral oil,2017.0,947335.0,947335.0,0.0,0.0,0.0
Denmark,21  Refining of mineral oil,2018.0,920522.0,920522.0,0.0,0.0,0.0
Denmark,21  Refining of mineral oil,2019.0,973439.0,973439.0,0.0,0.0,0.0
Denmark,21  Refining of mineral oil,2020.0,931660.0,931660.0,0.0,0.0,0.0
Denmark,21  Refining of mineral oil,2021.0,961078.0,961078.0,0.0,0.0,0.0
Denmark,21  Refining of mineral oil,2022.0,929002.0,929002.0,0.0,0.0,0.0
Denmark,21  Refining of mineral oil,2023.0,928199.0,928199.0,0.0,0.0,0.0
Denmark,21-99 All industrial installations (excl. combustion),2015.0,3038429.0,3038429.0,0.0,0.0,0.0
Denmark,21-99 All industrial installations (excl. combustion),2016.0,3215513.0,3215513.0,0.0,0.0,0.0
Denmark,21-99 All industrial installations (excl. combustion),2017.0,3537921.0,3537921.0,0.0,0.0,0.0
Denmark,21-99 All industrial installations (excl. combustion),2018.0,3426531.0,3426531.0,0.0,0.0,0.0
Denmark,21-99 All industrial installations (excl. combustion),2019.0,3486686.0,3486686.0,0.0,0.0,0.0
Denmark,21-99 All industrial installations (excl. combustion),2020.0,3587665.0,3587665.0,0.0,0.0,0.0
Denmark,21-99 All industrial installations (excl. combustion),2021.0,3526031.0,3526031.0,0.0,0.0,0.0
Denmark,21-99 All industrial installations (excl. combustion),2022.0,3182282.0,3182282.0,0.0,0.0,0.0
Denmark,21-99 All industrial installations (excl. combustion),2023.0,2845566.0,2845566.0,0.0,0.0,0.0
Denmark,29 Production of cement clinker,2015.0,1780564.0,1780564.0,0.0,0.0,0.0
Denmark,29 Production of cement clinker,2016.0,2054900.0,2054900.0,0.0,0.0,0.0
Denmark,29 Production of cement clinker,2017.0,2277214.0,2277214.0,0.0,0.0,0.0
Denmark,29 Production of cement clinker,2018.0,2190706.0,2190706.0,0.0,0.0,0.0
Denmark,29 Production of cement clinker,2019.0,2189152.0,2189152.0,0.0,0.0,0.0
Denmark,29 Production of cement clinker,2020.0,2339867.0,2339867.0,0.0,0.0,0.0
Denmark,29 Production of cement clinker,2021.0,2248048.0,2248048.0,0.0,0.0,0.0
Denmark,29 Production of cement clinker,2022.0,1979482.0,1979482.0,0.0,0.0,0.0
Denmark,29 Production of cement clinker,2023.0,1704342.0,1704342.0,0.0,0.0,0.0
Denmark,31 Manufacture of glass,2015.0,66794.0,66794.0,0.0,0.0,0.0
Denmark,31 Manufacture of glass,2016.0,68366.0,68366.0,0.0,0.0,0.0
Denmark,31 Manufacture of glass,2017.0,64987.0,64987.0,0.0,0.0,0.0
Denmark,31 Manufacture of glass,2018.0,64896.0,64896.0,0.0,0.0,0.0
Denmark,31 Manufacture of glass,2019.0,64837.0,64837.0,0.0,0.0,0.0
Denmark,31 Manufacture of glass,2020.0,60970.0,60970.0,0.0,0.0,0.0
Denmark,31 Manufacture of glass,2021.0,64156.0,64156.0,0.0,0.0,0.0
Denmark,31 Manufacture of glass,2022.0,62996.0,62996.0,0.0,0.0,0.0
Denmark,31 Manufacture of glass,2023.0,59842.0,59842.0,0.0,0.0,0.0
Denmark,32 Manufacture of ceramics,2015.0,186997.0,186997.0,0.0,0.0,0.0
Denmark,32 Manufacture of ceramics,2016.0,201684.0,201684.0,0.0,0.0,0.0
Denmark,32 Manufacture of ceramics,2017.0,247017.0,247017.0,0.0,0.0,0.0
Denmark,32 Manufacture of ceramics,2018.0,249772.0,249772.0,0.0,0.0,0.0
Denmark,32 Manufacture of ceramics,2019.0,258307.0,258307.0,0.0,0.0,0.0
Denmark,32 Manufacture of ceramics,2020.0,254004.0,254004.0,0.0,0.0,0.0
Denmark,32 Manufacture of ceramics,2021.0,252377.0,252377.0,0.0,0.0,0.0
Denmark,32 Manufacture of ceramics,2022.0,210662.0,210662.0,0.0,0.0,0.0
Denmark,32 Manufacture of ceramics,2023.0,150659.0,150659.0,0.0,0.0,0.0
Denmark,36 Production of paper or cardboard,2015.0,13094.0,13094.0,0.0,0.0,0.0
Denmark,36 Production of paper or cardboard,2016.0,5483.0,5483.0,0.0,0.0,0.0
Denmark,36 Production of paper or cardboard,2017.0,1368.0,1368.0,0.0,0.0,0.0
Denmark,36 Production of paper or cardboard,2018.0,635.0,635.0,0.0,0.0,0.0
Denmark,36 Production of paper or cardboard,2019.0,951.0,951.0,0.0,0.0,0.0
Denmark,36 Production of paper or cardboard,2020.0,1164.0,1164.0,0.0,0.0,0.0
Denmark,36 Production of paper or cardboard,2021.0,372.0,372.0,0.0,0.0,0.0
Denmark,36 Production of paper or cardboard,2022.0,140.0,140.0,0.0,0.0,0.0
Denmark,36 Production of paper or cardboard,2023.0,2524.0,2524.0,0.0,0.0,0.0
Estonia,10 Aviation,2015.0,72986.0,72986.0,0.0,0.0,0.0
Estonia,10 Aviation,2016.0,15149.0,15149.0,0.0,0.0,0.0
Estonia,10 Aviation,2017.0,32360.0,32360.0,0.0,0.0,0.0
Estonia,10 Aviation,2018.0,36181.0,36181.0,0.0,0.0,0.0
Estonia,10 Aviation,2019.0,28397.0,28397.0,0.0,0.0,0.0
Estonia,10 Aviation,2021.0,9525.0,9525.0,0.0,0.0,0.0
Estonia,10 Aviation,2022.0,4243.0,4243.0,0.0,0.0,0.0
Estonia,10 Aviation,2023.0,77393.0,38719.5,49.97028155001098,0.7064768257909895,-0.3331353280216256
Estonia,20 Combustion of fuels,2015.0,10166657.0,10166657.0,0.0,0.0,0.0
Estonia,20 Combustion of fuels,2016.0,11692807.0,11692807.0,0.0,0.0,0.0
Estonia,20 Combustion of fuels,2017.0,12465598.0,12465598.0,0.0,0.0,0.0
Estonia,20 Combustion of fuels,2018.0,11579637.0,11579637.0,0.0,0.0,0.0
Estonia,20 Combustion of fuels,2019.0,6158260.0,6158260.0,0.0,0.0,0.0
Estonia,20 Combustion of fuels,2020.0,3873952.0,3873952.0,0.0,0.0,0.0
Estonia,20 Combustion of fuels,2021.0,5139916.0,5139916.0,0.0,0.0,0.0
Estonia,20 Combustion of fuels,2022.0,6707471.0,6707471.0,0.0,0.0,0.0
Estonia,20 Combustion of fuels,2023.0,3209752.0,3209752.0,0.0,0.0,0.0
Estonia,20-99 All stationary installations,2015.0,11894068.0,11894068.0,0.0,0.0,0.0
Estonia,20-99 All stationary installations,2016.0,13447175.0,13447175.0,0.0,0.0,0.0
Estonia,20-99 All stationary installations,2017.0,14670571.0,14670571.0,0.0,0.0,0.0
Estonia,20-99 All stationary installations,2018.0,13853417.0,13853417.0,0.0,0.0,0.0
Estonia,20-99 All stationary installations,2019.0,8486473.0,8486473.0,0.0,0.0,0.0
Estonia,20-99 All stationary installations,2020.0,5617417.0,5617417.0,0.0,0.0,0.0
Estonia,20-99 All stationary installations,2021.0,6850057.0,6850057.0,0.0,0.0,0.0
Estonia,20-99 All stationary installations,2022.0,8407460.0,8407460.0,0.0,0.0,0.0
Estonia,20-99 All stationary installations,2023.0,5260450.0,5260450.0,0.0,0.0,0.0
Estonia,21  Refining of mineral oil,2015.0,1223359.0,1223359.0,0.0,0.0,0.0
Estonia,21  Refining of mineral oil,2016.0,1300912.0,1300912.0,0.0,0.0,0.0
Estonia,21  Refining of mineral oil,2017.0,1512893.0,1512893.0,0.0,0.0,0.0
Estonia,21  Refining of mineral oil,2018.0,1603842.0,1603842.0,0.0,0.0,0.0
Estonia,21  Refining of mineral oil,2019.0,1663747.0,1663747.0,0.0,0.0,0.0
Estonia,21  Refining of mineral oil,2020.0,1608677.0,1608677.0,0.0,0.0,0.0
Estonia,21  Refining of mineral oil,2021.0,1595268.0,1595268.0,0.0,0.0,0.0
Estonia,21  Refining of mineral oil,2022.0,1602972.0,1602972.0,0.0,0.0,0.0
Estonia,21  Refining of mineral oil,2023.0,1960729.0,1960729.0,0.0,0.0,0.0
Estonia,21-99 All industrial installations (excl. combustion),2015.0,1727411.0,1727411.0,0.0,0.0,0.0
Estonia,21-99 All industrial installations (excl. combustion),2016.0,1754368.0,1754368.0,0.0,0.0,0.0
Estonia,21-99 All industrial installations (excl. combustion),2017.0,2204973.0,2204973.0,0.0,0.0,0.0
Estonia,21-99 All industrial installations (excl. combustion),2018.0,2273780.0,2273780.0,0.0,0.0,0.0
Estonia,21-99 All industrial installations (excl. combustion),2019.0,2328213.0,2328213.0,0.0,0.0,0.0
Estonia,21-99 All industrial installations (excl. combustion),2020.0,1743465.0,1743465.0,0.0,0.0,0.0
Estonia,21-99 All industrial installations (excl. combustion),2021.0,1710141.0,1710141.0,0.0,0.0,0.0
Estonia,21-99 All industrial installations (excl. combustion),2022.0,1699989.0,1699989.0,0.0,0.0,0.0
Estonia,21-99 All industrial installations (excl. combustion),2023.0,2050698.0,2050698.0,0.0,0.0,0.0
Estonia,29 Production of cement clinker,2015.0,379310.0,379310.0,0.0,0.0,0.0
Estonia,29 Production of cement clinker,2016.0,331299.0,331299.0,0.0,0.0,0.0
Estonia,29 Production of cement clinker,2017.0,559629.0,559629.0,0.0,0.0,0.0
Estonia,29 Production of cement clinker,2018.0,547647.0,547647.0,0.0,0.0,0.0
Estonia,29 Production of cement clinker,2019.0,547282.0,547282.0,0.0,0.0,0.0
Estonia,29 Production of cement clinker,2020.0,36815.0,36815.0,0.0,0.0,0.0
Estonia,"30 Production of lime, or calcination of dolomite/magnesite",2015.0,39174.0,39174.0,0.0,0.0,0.0
Estonia,"30 Production of lime, or calcination of dolomite/magnesite",2016.0,38366.0,38366.0,0.0,0.0,0.0
Estonia,"30 Production of lime, or calcination of dolomite/magnesite",2017.0,48436.0,48436.0,0.0,0.0,0.0
Estonia,"30 Production of lime, or calcination of dolomite/magnesite",2018.0,48814.0,48814.0,0.0,0.0,0.0
Estonia,"30 Production of lime, or calcination of dolomite/magnesite",2019.0,41675.0,41675.0,0.0,0.0,0.0
Estonia,"30 Production of lime, or calcination of dolomite/magnesite",2020.0,25120.0,25120.0,0.0,0.0,0.0
Estonia,"30 Production of lime, or calcination of dolomite/magnesite",2021.0,33490.0,33490.0,0.0,0.0,0.0
Estonia,"30 Production of lime, or calcination of dolomite/magnesite",2022.0,3232.0,3232.0,0.0,0.0,0.0
Estonia,31 Manufacture of glass,2015.0,33380.0,33380.0,0.0,0.0,0.0
Estonia,31 Manufacture of glass,2016.0,31593.0,31593.0,0.0,0.0,0.0
Estonia,31 Manufacture of glass,2017.0,32676.0,32676.0,0.0,0.0,0.0
Estonia,31 Manufacture of glass,2018.0,32397.0,32397.0,0.0,0.0,0.0
Estonia,31 Manufacture of glass,2019.0,33652.0,33652.0,0.0,0.0,0.0
Estonia,31 Manufacture of glass,2020.0,30061.0,30061.0,0.0,0.0,0.0
Estonia,31 Manufacture of glass,2021.0,34441.0,34441.0,0.0,0.0,0.0
Estonia,31 Manufacture of glass,2022.0,32892.0,32892.0,0.0,0.0,0.0
Estonia,31 Manufacture of glass,2023.0,31320.0,31320.0,0.0,0.0,0.0
Estonia,32 Manufacture of ceramics,2015.0,5204.0,5204.0,0.0,0.0,0.0
Estonia,32 Manufacture of ceramics,2016.0,5972.0,5972.0,0.0,0.0,0.0
Estonia,32 Manufacture of ceramics,2017.0,5905.0,5905.0,0.0,0.0,0.0
Estonia,32 Manufacture of ceramics,2018.0,5440.0,5440.0,0.0,0.0,0.0
Estonia,32 Manufacture of ceramics,2019.0,5551.0,5551.0,0.0,0.0,0.0
Estonia,32 Manufacture of ceramics,2020.0,5687.0,5687.0,0.0,0.0,0.0
Estonia,32 Manufacture of ceramics,2021.0,6220.0,6220.0,0.0,0.0,0.0
Estonia,32 Manufacture of ceramics,2022.0,24640.0,24640.0,0.0,0.0,0.0
Estonia,32 Manufacture of ceramics,2023.0,32628.0,32628.0,0.0,0.0,0.0
Estonia,35 Production of pulp,2015.0,22662.0,22662.0,0.0,0.0,0.0
Estonia,35 Production of pulp,2016.0,21666.0,21666.0,0.0,0.0,0.0
Estonia,35 Production of pulp,2017.0,19736.0,19736.0,0.0,0.0,0.0
Estonia,35 Production of pulp,2018.0,25213.0,25213.0,0.0,0.0,0.0
Estonia,35 Production of pulp,2019.0,26690.0,26690.0,0.0,0.0,0.0
Estonia,35 Production of pulp,2020.0,26337.0,26337.0,0.0,0.0,0.0
Estonia,35 Production of pulp,2021.0,27834.0,27834.0,0.0,0.0,0.0
Estonia,35 Production of pulp,2022.0,25586.0,25586.0,0.0,0.0,0.0
Estonia,35 Production of pulp,2023.0,19628.0,19628.0,0.0,0.0,0.0
Estonia,36 Production of paper or cardboard,2015.0,24322.0,24322.0,0.0,0.0,0.0
Estonia,36 Production of paper or cardboard,2016.0,24560.0,24560.0,0.0,0.0,0.0
Estonia,36 Production of paper or cardboard,2017.0,25698.0,25698.0,0.0,0.0,0.0
Estonia,36 Production of paper or cardboard,2018.0,10427.0,10427.0,0.0,0.0,0.0
Estonia,36 Production of paper or cardboard,2019.0,9616.0,9616.0,0.0,0.0,0.0
Estonia,36 Production of paper or cardboard,2020.0,10768.0,10768.0,0.0,0.0,0.0
Estonia,36 Production of paper or cardboard,2021.0,12888.0,12888.0,0.0,0.0,0.0
Estonia,36 Production of paper or cardboard,2022.0,10667.0,10667.0,0.0,0.0,0.0
Estonia,36 Production of paper or cardboard,2023.0,6393.0,6393.0,0.0,0.0,0.0
Finland,10 Aviation,2015.0,952946.0,952946.0,0.0,0.0,0.0
Finland,10 Aviation,2016.0,988867.0,988867.0,0.0,0.0,0.0
Finland,10 Aviation,2017.0,1051966.0,1051966.0,0.0,0.0,0.0
Finland,10 Aviation,2018.0,1170188.0,1170188.0,0.0,0.0,0.0
Finland,10 Aviation,2019.0,1252207.0,1252207.0,0.0,0.0,0.0
Finland,10 Aviation,2020.0,390484.0,200413.0,48.67574599727518,0.6799235353448267,-0.3247327601835541
Finland,10 Aviation,2021.0,330540.0,170218.5,48.50290433835542,0.6765061250912876,-0.3236428472815822
Finland,10 Aviation,2022.0,934474.0,478127.5,48.834585017881714,0.6830901250011991,-0.3257408675858775
Finland,10 Aviation,2023.0,1024625.0,523063.0,48.95078687324631,0.6854226263908823,-0.3264823421525387
Finland,20 Combustion of fuels,2015.0,13240190.0,13240190.0,0.0,0.0,0.0
Finland,20 Combustion of fuels,2016.0,14323411.0,14323411.0,0.0,0.0,0.0
Finland,20 Combustion of fuels,2017.0,12599065.0,12599065.0,0.0,0.0,0.0
Finland,20 Combustion of fuels,2018.0,13698546.0,13698546.0,0.0,0.0,0.0
Finland,20 Combustion of fuels,2019.0,11594866.0,11594866.0,0.0,0.0,0.0
Finland,20 Combustion of fuels,2020.0,8439505.0,8439505.0,0.0,0.0,0.0
Finland,20 Combustion of fuels,2021.0,8561850.0,8561850.0,0.0,0.0,0.0
Finland,20 Combustion of fuels,2022.0,8284169.0,8284169.0,0.0,0.0,0.0
Finland,20 Combustion of fuels,2023.0,5177458.0,5177458.0,0.0,0.0,0.0
Finland,20-99 All stationary installations,2015.0,25345406.0,25345406.0,0.0,0.0,0.0
Finland,20-99 All stationary installations,2016.0,27121173.0,27121173.0,0.0,0.0,0.0
Finland,20-99 All stationary installations,2017.0,25043551.0,25043551.0,0.0,0.0,0.0
Finland,20-99 All stationary installations,2018.0,26170972.0,26170972.0,0.0,0.0,0.0
Finland,20-99 All stationary installations,2019.0,23242612.0,23242612.0,0.0,0.0,0.0
Finland,20-99 All stationary installations,2020.0,19580017.0,19580017.0,0.0,0.0,0.0
Finland,20-99 All stationary installations,2021.0,20312564.0,20312564.0,0.0,0.0,0.0
Finland,20-99 All stationary installations,2022.0,19020773.0,19020773.0,0.0,0.0,0.0
Finland,20-99 All stationary installations,2023.0,15367274.0,15367274.0,0.0,0.0,0.0
Finland,21  Refining of mineral oil,2015.0,2909575.0,2909575.0,0.0,0.0,0.0
Finland,21  Refining of mineral oil,2016.0,3240705.0,3240705.0,0.0,0.0,0.0
Finland,21  Refining of mineral oil,2017.0,3298474.0,3298474.0,0.0,0.0,0.0
Finland,21  Refining of mineral oil,2018.0,3168344.0,3168344.0,0.0,0.0,0.0
Finland,21  Refining of mineral oil,2019.0,3301425.0,3301425.0,0.0,0.0,0.0
Finland,21  Refining of mineral oil,2020.0,3056496.0,3056496.0,0.0,0.0,0.0
Finland,21  Refining of mineral oil,2021.0,2565250.0,2565250.0,0.0,0.0,0.0
Finland,21  Refining of mineral oil,2022.0,2737356.0,2737356.0,0.0,0.0,0.0
Finland,21  Refining of mineral oil,2023.0,2768570.0,2768570.0,0.0,0.0,0.0
Finland,21-99 All industrial installations (excl. combustion),2015.0,12105216.0,12105216.0,0.0,0.0,0.0
Finland,21-99 All industrial installations (excl. combustion),2016.0,12797762.0,12797762.0,0.0,0.0,0.0
Finland,21-99 All industrial installations (excl. combustion),2017.0,12444486.0,12444486.0,0.0,0.0,0.0
Finland,21-99 All industrial installations (excl. combustion),2018.0,12472426.0,12472426.0,0.0,0.0,0.0
Finland,21-99 All industrial installations (excl. combustion),2019.0,11647746.0,11647746.0,0.0,0.0,0.0
Finland,21-99 All industrial installations (excl. combustion),2020.0,11140512.0,11140512.0,0.0,0.0,0.0
Finland,21-99 All industrial installations (excl. combustion),2021.0,11750714.0,11750714.0,0.0,0.0,0.0
Finland,21-99 All industrial installations (excl. combustion),2022.0,10736604.0,10736604.0,0.0,0.0,0.0
Finland,21-99 All industrial installations (excl. combustion),2023.0,10189816.0,10189816.0,0.0,0.0,0.0
Finland,23 Metal ore roasting or sintering,2015.0,7827.0,7827.0,0.0,0.0,0.0
Finland,23 Metal ore roasting or sintering,2016.0,7310.0,7310.0,0.0,0.0,0.0
Finland,23 Metal ore roasting or sintering,2017.0,8246.0,8246.0,0.0,0.0,0.0
Finland,23 Metal ore roasting or sintering,2018.0,7282.0,7282.0,0.0,0.0,0.0
Finland,23 Metal ore roasting or sintering,2019.0,8732.0,8732.0,0.0,0.0,0.0
Finland,23 Metal ore roasting or sintering,2020.0,9378.0,9378.0,0.0,0.0,0.0
Finland,23 Metal ore roasting or sintering,2021.0,8984.0,8984.0,0.0,0.0,0.0
Finland,23 Metal ore roasting or sintering,2022.0,6669.0,6669.0,0.0,0.0,0.0
Finland,23 Metal ore roasting or sintering,2023.0,7969.0,7969.0,0.0,0.0,0.0
Finland,24  Production of pig iron or steel,2015.0,4703761.0,4703761.0,0.0,0.0,0.0
Finland,24  Production of pig iron or steel,2016.0,4891081.0,4891081.0,0.0,0.0,0.0
Finland,24  Production of pig iron or steel,2017.0,4516679.0,4516679.0,0.0,0.0,0.0
Finland,24  Production of pig iron or steel,2018.0,4807428.0,4807428.0,0.0,0.0,0.0
Finland,24  Production of pig iron or steel,2019.0,4068769.0,4068769.0,0.0,0.0,0.0
Finland,24  Production of pig iron or steel,2020.0,4039810.0,4039810.0,0.0,0.0,0.0
Finland,24  Production of pig iron or steel,2021.0,5012511.0,5012511.0,0.0,0.0,0.0
Finland,24  Production of pig iron or steel,2022.0,4300088.0,4300088.0,0.0,0.0,0.0
Finland,24  Production of pig iron or steel,2023.0,4408290.0,4408290.0,0.0,0.0,0.0
Finland,25 Production or processing of ferrous metals,2015.0,81153.0,81153.0,0.0,0.0,0.0
Finland,25 Production or processing of ferrous metals,2016.0,86814.0,86814.0,0.0,0.0,0.0
Finland,25 Production or processing of ferrous metals,2017.0,83101.0,83101.0,0.0,0.0,0.0
Finland,25 Production or processing of ferrous metals,2018.0,77102.0,77102.0,0.0,0.0,0.0
Finland,25 Production or processing of ferrous metals,2019.0,70583.0,70583.0,0.0,0.0,0.0
Finland,25 Production or processing of ferrous metals,2020.0,74619.0,74619.0,0.0,0.0,0.0
Finland,25 Production or processing of ferrous metals,2021.0,79283.0,79283.0,0.0,0.0,0.0
Finland,25 Production or processing of ferrous metals,2022.0,61428.0,61428.0,0.0,0.0,0.0
Finland,25 Production or processing of ferrous metals,2023.0,64824.0,64824.0,0.0,0.0,0.0
Finland,28 Production or processing of non-ferrous metals,2015.0,80908.0,80908.0,0.0,0.0,0.0
Finland,28 Production or processing of non-ferrous metals,2016.0,82310.0,82310.0,0.0,0.0,0.0
Finland,28 Production or processing of non-ferrous metals,2017.0,81132.0,81132.0,0.0,0.0,0.0
Finland,28 Production or processing of non-ferrous metals,2018.0,95265.0,95265.0,0.0,0.0,0.0
Finland,28 Production or processing of non-ferrous metals,2019.0,84415.0,84415.0,0.0,0.0,0.0
Finland,28 Production or processing of non-ferrous metals,2020.0,84926.0,84926.0,0.0,0.0,0.0
Finland,28 Production or processing of non-ferrous metals,2021.0,66813.0,66813.0,0.0,0.0,0.0
Finland,28 Production or processing of non-ferrous metals,2022.0,65091.0,65091.0,0.0,0.0,0.0
Finland,28 Production or processing of non-ferrous metals,2023.0,71614.0,71614.0,0.0,0.0,0.0
Finland,29 Production of cement clinker,2015.0,701990.0,701990.0,0.0,0.0,0.0
Finland,29 Production of cement clinker,2016.0,827398.0,827398.0,0.0,0.0,0.0
Finland,29 Production of cement clinker,2017.0,905985.0,905985.0,0.0,0.0,0.0
Finland,29 Production of cement clinker,2018.0,891409.0,891409.0,0.0,0.0,0.0
Finland,29 Production of cement clinker,2019.0,871058.0,871058.0,0.0,0.0,0.0
Finland,29 Production of cement clinker,2020.0,850921.0,850921.0,0.0,0.0,0.0
Finland,29 Production of cement clinker,2021.0,906599.0,906599.0,0.0,0.0,0.0
Finland,29 Production of cement clinker,2022.0,885342.0,885342.0,0.0,0.0,0.0
Finland,29 Production of cement clinker,2023.0,663883.0,663883.0,0.0,0.0,0.0
Finland,"30 Production of lime, or calcination of dolomite/magnesite",2015.0,572311.0,572311.0,0.0,0.0,0.0
Finland,"30 Production of lime, or calcination of dolomite/magnesite",2016.0,627543.0,627543.0,0.0,0.0,0.0
Finland,"30 Production of lime, or calcination of dolomite/magnesite",2017.0,645724.0,645724.0,0.0,0.0,0.0
Finland,"30 Production of lime, or calcination of dolomite/magnesite",2018.0,485245.0,485245.0,0.0,0.0,0.0
Finland,"30 Production of lime, or calcination of dolomite/magnesite",2019.0,423133.0,423133.0,0.0,0.0,0.0
Finland,"30 Production of lime, or calcination of dolomite/magnesite",2020.0,424655.0,424655.0,0.0,0.0,0.0
Finland,"30 Production of lime, or calcination of dolomite/magnesite",2021.0,481425.0,481425.0,0.0,0.0,0.0
Finland,"30 Production of lime, or calcination of dolomite/magnesite",2022.0,405539.0,405539.0,0.0,0.0,0.0
Finland,"30 Production of lime, or calcination of dolomite/magnesite",2023.0,373397.0,373397.0,0.0,0.0,0.0
Finland,31 Manufacture of glass,2015.0,20427.0,20427.0,0.0,0.0,0.0
Finland,31 Manufacture of glass,2016.0,20634.0,20634.0,0.0,0.0,0.0
Finland,31 Manufacture of glass,2017.0,20926.0,20926.0,0.0,0.0,0.0
Finland,31 Manufacture of glass,2018.0,20992.0,20992.0,0.0,0.0,0.0
Finland,31 Manufacture of glass,2019.0,21108.0,21108.0,0.0,0.0,0.0
Finland,31 Manufacture of glass,2020.0,14060.0,14060.0,0.0,0.0,0.0
Finland,32 Manufacture of ceramics,2015.0,36780.0,36780.0,0.0,0.0,0.0
Finland,32 Manufacture of ceramics,2016.0,43283.0,43283.0,0.0,0.0,0.0
Finland,32 Manufacture of ceramics,2017.0,46973.0,46973.0,0.0,0.0,0.0
Finland,32 Manufacture of ceramics,2018.0,41942.0,41942.0,0.0,0.0,0.0
Finland,32 Manufacture of ceramics,2019.0,45996.0,45996.0,0.0,0.0,0.0
Finland,32 Manufacture of ceramics,2020.0,47966.0,47966.0,0.0,0.0,0.0
Finland,32 Manufacture of ceramics,2021.0,41174.0,41174.0,0.0,0.0,0.0
Finland,32 Manufacture of ceramics,2022.0,35205.0,35205.0,0.0,0.0,0.0
Finland,32 Manufacture of ceramics,2023.0,10961.0,10961.0,0.0,0.0,0.0
Finland,33 Manufacture of mineral wool,2015.0,61185.0,61185.0,0.0,0.0,0.0
Finland,33 Manufacture of mineral wool,2016.0,49458.0,49458.0,0.0,0.0,0.0
Finland,33 Manufacture of mineral wool,2017.0,48598.0,48598.0,0.0,0.0,0.0
Finland,33 Manufacture of mineral wool,2018.0,48331.0,48331.0,0.0,0.0,0.0
Finland,33 Manufacture of mineral wool,2019.0,37629.0,37629.0,0.0,0.0,0.0
Finland,33 Manufacture of mineral wool,2020.0,33429.0,33429.0,0.0,0.0,0.0
Finland,33 Manufacture of mineral wool,2021.0,39673.0,39673.0,0.0,0.0,0.0
Finland,33 Manufacture of mineral wool,2022.0,43539.0,43539.0,0.0,0.0,0.0
Finland,33 Manufacture of mineral wool,2023.0,25086.0,25086.0,0.0,0.0,0.0
Finland,34 Production or processing of gypsum or plasterboard,2015.0,13515.0,13515.0,0.0,0.0,0.0
Finland,34 Production or processing of gypsum or plasterboard,2016.0,16579.0,16579.0,0.0,0.0,0.0
Finland,34 Production or processing of gypsum or plasterboard,2017.0,15064.0,15064.0,0.0,0.0,0.0
Finland,34 Production or processing of gypsum or plasterboard,2018.0,15928.0,15928.0,0.0,0.0,0.0
Finland,34 Production or processing of gypsum or plasterboard,2019.0,15246.0,15246.0,0.0,0.0,0.0
Finland,34 Production or processing of gypsum or plasterboard,2020.0,15557.0,15557.0,0.0,0.0,0.0
Finland,34 Production or processing of gypsum or plasterboard,2021.0,17817.0,17817.0,0.0,0.0,0.0
Finland,34 Production or processing of gypsum or plasterboard,2022.0,16395.0,16395.0,0.0,0.0,0.0
Finland,34 Production or processing of gypsum or plasterboard,2023.0,12029.0,12029.0,0.0,0.0,0.0
Finland,35 Production of pulp,2015.0,330460.0,330460.0,0.0,0.0,0.0
Finland,35 Production of pulp,2016.0,341085.0,341085.0,0.0,0.0,0.0
Finland,35 Production of pulp,2017.0,305699.0,305699.0,0.0,0.0,0.0
Finland,35 Production of pulp,2018.0,292130.0,292130.0,0.0,0.0,0.0
Finland,35 Production of pulp,2019.0,312263.0,312263.0,0.0,0.0,0.0
Finland,35 Production of pulp,2020.0,318411.0,318411.0,0.0,0.0,0.0
Finland,35 Production of pulp,2021.0,296595.0,296595.0,0.0,0.0,0.0
Finland,35 Production of pulp,2022.0,288961.0,288961.0,0.0,0.0,0.0
Finland,35 Production of pulp,2023.0,225932.0,225932.0,0.0,0.0,0.0
Finland,36 Production of paper or cardboard,2015.0,1793018.0,1793018.0,0.0,0.0,0.0
Finland,36 Production of paper or cardboard,2016.0,1743925.0,1743925.0,0.0,0.0,0.0
Finland,36 Production of paper or cardboard,2017.0,1709741.0,1709741.0,0.0,0.0,0.0
Finland,36 Production of paper or cardboard,2018.0,1768516.0,1768516.0,0.0,0.0,0.0
Finland,36 Production of paper or cardboard,2019.0,1653563.0,1653563.0,0.0,0.0,0.0
Finland,36 Production of paper or cardboard,2020.0,1443352.0,1443352.0,0.0,0.0,0.0
Finland,36 Production of paper or cardboard,2021.0,1465035.0,1465035.0,0.0,0.0,0.0
Finland,36 Production of paper or cardboard,2022.0,1214349.0,1214349.0,0.0,0.0,0.0
Finland,36 Production of paper or cardboard,2023.0,1003024.0,1003024.0,0.0,0.0,0.0
Finland,38 Production of nitric acid,2015.0,195526.0,195526.0,0.0,0.0,0.0
Finland,38 Production of nitric acid,2016.0,193699.0,193699.0,0.0,0.0,0.0
Finland,38 Production of nitric acid,2017.0,187295.0,187295.0,0.0,0.0,0.0
Finland,38 Production of nitric acid,2018.0,151921.0,151921.0,0.0,0.0,0.0
Finland,38 Production of nitric acid,2019.0,140613.0,140613.0,0.0,0.0,0.0
Finland,38 Production of nitric acid,2020.0,153473.0,153473.0,0.0,0.0,0.0
Finland,38 Production of nitric acid,2021.0,156716.0,156716.0,0.0,0.0,0.0
Finland,38 Production of nitric acid,2022.0,74940.0,74940.0,0.0,0.0,0.0
Finland,38 Production of nitric acid,2023.0,51321.0,51321.0,0.0,0.0,0.0
Finland,42 Production of bulk chemicals,2015.0,554162.0,554162.0,0.0,0.0,0.0
Finland,42 Production of bulk chemicals,2016.0,572356.0,572356.0,0.0,0.0,0.0
Finland,42 Production of bulk chemicals,2017.0,531690.0,531690.0,0.0,0.0,0.0
Finland,42 Production of bulk chemicals,2018.0,548245.0,548245.0,0.0,0.0,0.0
Finland,42 Production of bulk chemicals,2019.0,562045.0,562045.0,0.0,0.0,0.0
Finland,42 Production of bulk chemicals,2020.0,559227.0,559227.0,0.0,0.0,0.0
Finland,42 Production of bulk chemicals,2021.0,561678.0,561678.0,0.0,0.0,0.0
Finland,42 Production of bulk chemicals,2022.0,554268.0,554268.0,0.0,0.0,0.0
Finland,42 Production of bulk chemicals,2023.0,468691.0,468691.0,0.0,0.0,0.0
Finland,99 Other activity opted-in under Art. 24,2015.0,42618.0,42618.0,0.0,0.0,0.0
Finland,99 Other activity opted-in under Art. 24,2016.0,53582.0,53582.0,0.0,0.0,0.0
Finland,99 Other activity opted-in under Art. 24,2017.0,39159.0,39159.0,0.0,0.0,0.0
Finland,99 Other activity opted-in under Art. 24,2018.0,52346.0,52346.0,0.0,0.0,0.0
Finland,99 Other activity opted-in under Art. 24,2019.0,31168.0,31168.0,0.0,0.0,0.0
Finland,99 Other activity opted-in under Art. 24,2020.0,14232.0,14232.0,0.0,0.0,0.0
Finland,99 Other activity opted-in under Art. 24,2021.0,51161.0,51161.0,0.0,0.0,0.0
Finland,99 Other activity opted-in under Art. 24,2022.0,47434.0,47434.0,0.0,0.0,0.0
Finland,99 Other activity opted-in under Art. 24,2023.0,34225.0,34225.0,0.0,0.0,0.0
France,10 Aviation,2015.0,4055404.0,4055404.0,0.0,0.0,0.0
France,10 Aviation,2016.0,4067686.0,4067686.0,0.0,0.0,0.0
France,10 Aviation,2017.0,4178059.0,4178059.0,0.0,0.0,0.0
France,10 Aviation,2018.0,4237451.0,4237451.0,0.0,0.0,0.0
France,10 Aviation,2019.0,4221394.0,4221394.0,0.0,0.0,0.0
France,10 Aviation,2020.0,1843380.0,929650.5,49.568157406503275,0.6980441545136523,-0.3304790348631017
France,10 Aviation,2021.0,2246318.0,1131037.0,49.6492927537419,0.6997319764167483,-0.331011570207989
France,10 Aviation,2022.0,3200373.0,1616230.0,49.498699057891066,0.6966046651849354,-0.33002450146328166
France,10 Aviation,2023.0,3111514.0,1572197.5,49.47162378186311,0.6960448940665843,-0.32984766014871947
France,20 Combustion of fuels,2015.0,45724300.0,45724300.0,0.0,0.0,0.0
France,20 Combustion of fuels,2016.0,48374595.0,48374595.0,0.0,0.0,0.0
France,20 Combustion of fuels,2017.0,53162093.0,53162093.0,0.0,0.0,0.0
France,20 Combustion of fuels,2018.0,44197919.0,44197919.0,0.0,0.0,0.0
France,20 Combustion of fuels,2019.0,42225498.0,42225498.0,0.0,0.0,0.0
France,20 Combustion of fuels,2020.0,37994688.0,37994688.0,0.0,0.0,0.0
France,20 Combustion of fuels,2021.0,40510003.0,40510003.0,0.0,0.0,0.0
France,20 Combustion of fuels,2022.0,41058223.0,41058223.0,0.0,0.0,0.0
France,20 Combustion of fuels,2023.0,31541198.0,31541198.0,0.0,0.0,0.0
France,20-99 All stationary installations,2015.0,99694769.0,99694769.0,0.0,0.0,0.0
France,20-99 All stationary installations,2016.0,101715243.0,101715243.0,0.0,0.0,0.0
France,20-99 All stationary installations,2017.0,106842018.0,106842018.0,0.0,0.0,0.0
France,20-99 All stationary installations,2018.0,97489683.0,97489683.0,0.0,0.0,0.0
France,20-99 All stationary installations,2019.0,94303855.0,94303855.0,0.0,0.0,0.0
France,20-99 All stationary installations,2020.0,82135542.0,82135542.0,0.0,0.0,0.0
France,20-99 All stationary installations,2021.0,87616705.0,87616705.0,0.0,0.0,0.0
France,20-99 All stationary installations,2022.0,84934766.0,84934766.0,0.0,0.0,0.0
France,20-99 All stationary installations,2023.0,70598060.0,70598060.0,0.0,0.0,0.0
France,21  Refining of mineral oil,2015.0,11102567.0,11102567.0,0.0,0.0,0.0
France,21  Refining of mineral oil,2016.0,10886461.0,10886461.0,0.0,0.0,0.0
France,21  Refining of mineral oil,2017.0,10288451.0,10288451.0,0.0,0.0,0.0
France,21  Refining of mineral oil,2018.0,9800198.0,9800198.0,0.0,0.0,0.0
France,21  Refining of mineral oil,2019.0,9385444.0,9385444.0,0.0,0.0,0.0
France,21  Refining of mineral oil,2020.0,7836632.0,7836632.0,0.0,0.0,0.0
France,21  Refining of mineral oil,2021.0,7192233.0,7192233.0,0.0,0.0,0.0
France,21  Refining of mineral oil,2022.0,7184502.0,7184502.0,0.0,0.0,0.0
France,21  Refining of mineral oil,2023.0,7772770.0,7772770.0,0.0,0.0,0.0
France,21-99 All industrial installations (excl. combustion),2015.0,53970469.0,53970469.0,0.0,0.0,0.0
France,21-99 All industrial installations (excl. combustion),2016.0,53340648.0,53340648.0,0.0,0.0,0.0
France,21-99 All industrial installations (excl. combustion),2017.0,53679925.0,53679925.0,0.0,0.0,0.0
France,21-99 All industrial installations (excl. combustion),2018.0,53291764.0,53291764.0,0.0,0.0,0.0
France,21-99 All industrial installations (excl. combustion),2019.0,52078357.0,52078357.0,0.0,0.0,0.0
France,21-99 All industrial installations (excl. combustion),2020.0,44140854.0,44140854.0,0.0,0.0,0.0
France,21-99 All industrial installations (excl. combustion),2021.0,47106702.0,47106702.0,0.0,0.0,0.0
France,21-99 All industrial installations (excl. combustion),2022.0,43876543.0,43876543.0,0.0,0.0,0.0
France,21-99 All industrial installations (excl. combustion),2023.0,39056862.0,39056862.0,0.0,0.0,0.0
France,24  Production of pig iron or steel,2015.0,16643487.0,16643487.0,0.0,0.0,0.0
France,24  Production of pig iron or steel,2016.0,15995479.0,15995479.0,0.0,0.0,0.0
France,24  Production of pig iron or steel,2017.0,17459747.0,17459747.0,0.0,0.0,0.0
France,24  Production of pig iron or steel,2018.0,16988142.0,16988142.0,0.0,0.0,0.0
France,24  Production of pig iron or steel,2019.0,16459942.0,16459942.0,0.0,0.0,0.0
France,24  Production of pig iron or steel,2020.0,12754474.0,12754474.0,0.0,0.0,0.0
France,24  Production of pig iron or steel,2021.0,15481146.0,15481146.0,0.0,0.0,0.0
France,24  Production of pig iron or steel,2022.0,14056865.0,14056865.0,0.0,0.0,0.0
France,24  Production of pig iron or steel,2023.0,11508929.0,11508929.0,0.0,0.0,0.0
France,25 Production or processing of ferrous metals,2015.0,953540.0,953540.0,0.0,0.0,0.0
France,25 Production or processing of ferrous metals,2016.0,942716.0,942716.0,0.0,0.0,0.0
France,25 Production or processing of ferrous metals,2017.0,882394.0,882394.0,0.0,0.0,0.0
France,25 Production or processing of ferrous metals,2018.0,944166.0,944166.0,0.0,0.0,0.0
France,25 Production or processing of ferrous metals,2019.0,889774.0,889774.0,0.0,0.0,0.0
France,25 Production or processing of ferrous metals,2020.0,702087.0,702087.0,0.0,0.0,0.0
France,25 Production or processing of ferrous metals,2021.0,839509.0,839509.0,0.0,0.0,0.0
France,25 Production or processing of ferrous metals,2022.0,765925.0,765925.0,0.0,0.0,0.0
France,25 Production or processing of ferrous metals,2023.0,601016.0,601016.0,0.0,0.0,0.0
France,26 Production of primary aluminium,2015.0,1013727.0,1013727.0,0.0,0.0,0.0
France,26 Production of primary aluminium,2016.0,1100496.0,1100496.0,0.0,0.0,0.0
France,26 Production of primary aluminium,2017.0,1035256.0,1035256.0,0.0,0.0,0.0
France,26 Production of primary aluminium,2018.0,998986.0,998986.0,0.0,0.0,0.0
France,26 Production of primary aluminium,2019.0,1011911.0,1011911.0,0.0,0.0,0.0
France,26 Production of primary aluminium,2020.0,980094.0,980094.0,0.0,0.0,0.0
France,26 Production of primary aluminium,2021.0,984065.0,984065.0,0.0,0.0,0.0
France,26 Production of primary aluminium,2022.0,795471.0,795471.0,0.0,0.0,0.0
France,26 Production of primary aluminium,2023.0,737039.0,737039.0,0.0,0.0,0.0
France,28 Production or processing of non-ferrous metals,2015.0,1044508.0,1044508.0,0.0,0.0,0.0
France,28 Production or processing of non-ferrous metals,2016.0,1207126.0,1207126.0,0.0,0.0,0.0
France,28 Production or processing of non-ferrous metals,2017.0,1233296.0,1233296.0,0.0,0.0,0.0
France,28 Production or processing of non-ferrous metals,2018.0,1253105.0,1253105.0,0.0,0.0,0.0
France,28 Production or processing of non-ferrous metals,2019.0,1094675.0,1094675.0,0.0,0.0,0.0
France,28 Production or processing of non-ferrous metals,2020.0,737341.0,737341.0,0.0,0.0,0.0
France,28 Production or processing of non-ferrous metals,2021.0,911651.0,911651.0,0.0,0.0,0.0
France,28 Production or processing of non-ferrous metals,2022.0,879406.0,879406.0,0.0,0.0,0.0
France,28 Production or processing of non-ferrous metals,2023.0,746587.0,746587.0,0.0,0.0,0.0
France,29 Production of cement clinker,2015.0,11496997.0,11496997.0,0.0,0.0,0.0
France,29 Production of cement clinker,2016.0,11584658.0,11584658.0,0.0,0.0,0.0
France,29 Production of cement clinker,2017.0,11168249.0,11168249.0,0.0,0.0,0.0
France,29 Production of cement clinker,2018.0,11713025.0,11713025.0,0.0,0.0,0.0
France,29 Production of cement clinker,2019.0,11815796.0,11815796.0,0.0,0.0,0.0
France,29 Production of cement clinker,2020.0,10651379.0,10651379.0,0.0,0.0,0.0
France,29 Production of cement clinker,2021.0,11306736.0,11306736.0,0.0,0.0,0.0
France,29 Production of cement clinker,2022.0,10792425.0,10792425.0,0.0,0.0,0.0
France,29 Production of cement clinker,2023.0,9474505.0,9474505.0,0.0,0.0,0.0
France,"30 Production of lime, or calcination of dolomite/magnesite",2015.0,1423933.0,1423933.0,0.0,0.0,0.0
France,"30 Production of lime, or calcination of dolomite/magnesite",2016.0,1360728.0,1360728.0,0.0,0.0,0.0
France,"30 Production of lime, or calcination of dolomite/magnesite",2017.0,1364066.0,1364066.0,0.0,0.0,0.0
France,"30 Production of lime, or calcination of dolomite/magnesite",2018.0,1374628.0,1374628.0,0.0,0.0,0.0
France,"30 Production of lime, or calcination of dolomite/magnesite",2019.0,1382945.0,1382945.0,0.0,0.0,0.0
France,"30 Production of lime, or calcination of dolomite/magnesite",2020.0,1215709.0,1215709.0,0.0,0.0,0.0
France,"30 Production of lime, or calcination of dolomite/magnesite",2021.0,1442997.0,1442997.0,0.0,0.0,0.0
France,"30 Production of lime, or calcination of dolomite/magnesite",2022.0,1198569.0,1198569.0,0.0,0.0,0.0
France,"30 Production of lime, or calcination of dolomite/magnesite",2023.0,945789.0,945789.0,0.0,0.0,0.0
France,31 Manufacture of glass,2015.0,2611079.0,2611079.0,0.0,0.0,0.0
France,31 Manufacture of glass,2016.0,2586955.0,2586955.0,0.0,0.0,0.0
France,31 Manufacture of glass,2017.0,2599636.0,2599636.0,0.0,0.0,0.0
France,31 Manufacture of glass,2018.0,2618816.0,2618816.0,0.0,0.0,0.0
France,31 Manufacture of glass,2019.0,2590546.0,2590546.0,0.0,0.0,0.0
France,31 Manufacture of glass,2020.0,2352027.0,2352027.0,0.0,0.0,0.0
France,31 Manufacture of glass,2021.0,2428736.0,2428736.0,0.0,0.0,0.0
France,31 Manufacture of glass,2022.0,2424663.0,2424663.0,0.0,0.0,0.0
France,31 Manufacture of glass,2023.0,2071636.0,2071636.0,0.0,0.0,0.0
France,32 Manufacture of ceramics,2015.0,677018.0,677018.0,0.0,0.0,0.0
France,32 Manufacture of ceramics,2016.0,675713.0,675713.0,0.0,0.0,0.0
France,32 Manufacture of ceramics,2017.0,684040.0,684040.0,0.0,0.0,0.0
France,32 Manufacture of ceramics,2018.0,688175.0,688175.0,0.0,0.0,0.0
France,32 Manufacture of ceramics,2019.0,697351.0,697351.0,0.0,0.0,0.0
France,32 Manufacture of ceramics,2020.0,634780.0,634780.0,0.0,0.0,0.0
France,32 Manufacture of ceramics,2021.0,709852.0,709852.0,0.0,0.0,0.0
France,32 Manufacture of ceramics,2022.0,680004.0,680004.0,0.0,0.0,0.0
France,32 Manufacture of ceramics,2023.0,605316.0,605316.0,0.0,0.0,0.0
France,33 Manufacture of mineral wool,2015.0,132485.0,132485.0,0.0,0.0,0.0
France,33 Manufacture of mineral wool,2016.0,125478.0,125478.0,0.0,0.0,0.0
France,33 Manufacture of mineral wool,2017.0,137476.0,137476.0,0.0,0.0,0.0
France,33 Manufacture of mineral wool,2018.0,144552.0,144552.0,0.0,0.0,0.0
France,33 Manufacture of mineral wool,2019.0,145985.0,145985.0,0.0,0.0,0.0
France,33 Manufacture of mineral wool,2020.0,131932.0,131932.0,0.0,0.0,0.0
France,33 Manufacture of mineral wool,2021.0,142142.0,142142.0,0.0,0.0,0.0
France,33 Manufacture of mineral wool,2022.0,137130.0,137130.0,0.0,0.0,0.0
France,33 Manufacture of mineral wool,2023.0,133896.0,133896.0,0.0,0.0,0.0
France,34 Production or processing of gypsum or plasterboard,2015.0,155275.0,155275.0,0.0,0.0,0.0
France,34 Production or processing of gypsum or plasterboard,2016.0,162417.0,162417.0,0.0,0.0,0.0
France,34 Production or processing of gypsum or plasterboard,2017.0,164429.0,164429.0,0.0,0.0,0.0
France,34 Production or processing of gypsum or plasterboard,2018.0,160848.0,160848.0,0.0,0.0,0.0
France,34 Production or processing of gypsum or plasterboard,2019.0,161004.0,161004.0,0.0,0.0,0.0
France,34 Production or processing of gypsum or plasterboard,2020.0,150679.0,150679.0,0.0,0.0,0.0
France,34 Production or processing of gypsum or plasterboard,2021.0,172524.0,172524.0,0.0,0.0,0.0
France,34 Production or processing of gypsum or plasterboard,2022.0,152880.0,152880.0,0.0,0.0,0.0
France,34 Production or processing of gypsum or plasterboard,2023.0,151156.0,151156.0,0.0,0.0,0.0
France,35 Production of pulp,2015.0,1792092.0,1792092.0,0.0,0.0,0.0
France,35 Production of pulp,2016.0,1800212.0,1800212.0,0.0,0.0,0.0
France,35 Production of pulp,2017.0,1735384.0,1735384.0,0.0,0.0,0.0
France,35 Production of pulp,2018.0,1609336.0,1609336.0,0.0,0.0,0.0
France,35 Production of pulp,2019.0,1481806.0,1481806.0,0.0,0.0,0.0
France,35 Production of pulp,2020.0,1441339.0,1441339.0,0.0,0.0,0.0
France,35 Production of pulp,2021.0,1427130.0,1427130.0,0.0,0.0,0.0
France,35 Production of pulp,2022.0,1361235.0,1361235.0,0.0,0.0,0.0
France,35 Production of pulp,2023.0,1145549.0,1145549.0,0.0,0.0,0.0
France,36 Production of paper or cardboard,2015.0,302195.0,302195.0,0.0,0.0,0.0
France,36 Production of paper or cardboard,2016.0,294867.0,294867.0,0.0,0.0,0.0
France,36 Production of paper or cardboard,2017.0,297036.0,297036.0,0.0,0.0,0.0
France,36 Production of paper or cardboard,2018.0,294719.0,294719.0,0.0,0.0,0.0
France,36 Production of paper or cardboard,2019.0,267724.0,267724.0,0.0,0.0,0.0
France,36 Production of paper or cardboard,2020.0,230759.0,230759.0,0.0,0.0,0.0
France,36 Production of paper or cardboard,2021.0,291184.0,291184.0,0.0,0.0,0.0
France,36 Production of paper or cardboard,2022.0,275974.0,275974.0,0.0,0.0,0.0
France,36 Production of paper or cardboard,2023.0,236126.0,236126.0,0.0,0.0,0.0
France,37 Production of carbon black,2015.0,279506.0,279506.0,0.0,0.0,0.0
France,37 Production of carbon black,2016.0,284090.0,284090.0,0.0,0.0,0.0
France,37 Production of carbon black,2017.0,249265.0,249265.0,0.0,0.0,0.0
France,37 Production of carbon black,2018.0,258050.0,258050.0,0.0,0.0,0.0
France,37 Production of carbon black,2019.0,245542.0,245542.0,0.0,0.0,0.0
France,37 Production of carbon black,2020.0,212162.0,212162.0,0.0,0.0,0.0
France,37 Production of carbon black,2021.0,204597.0,204597.0,0.0,0.0,0.0
France,37 Production of carbon black,2022.0,191795.0,191795.0,0.0,0.0,0.0
France,37 Production of carbon black,2023.0,165712.0,165712.0,0.0,0.0,0.0
France,38 Production of nitric acid,2015.0,375384.0,375384.0,0.0,0.0,0.0
France,38 Production of nitric acid,2016.0,407296.0,407296.0,0.0,0.0,0.0
France,38 Production of nitric acid,2017.0,300803.0,300803.0,0.0,0.0,0.0
France,38 Production of nitric acid,2018.0,437962.0,437962.0,0.0,0.0,0.0
France,38 Production of nitric acid,2019.0,416488.0,416488.0,0.0,0.0,0.0
France,38 Production of nitric acid,2020.0,323627.0,323627.0,0.0,0.0,0.0
France,38 Production of nitric acid,2021.0,149012.0,149012.0,0.0,0.0,0.0
France,38 Production of nitric acid,2022.0,127059.0,127059.0,0.0,0.0,0.0
France,38 Production of nitric acid,2023.0,108811.0,108811.0,0.0,0.0,0.0
France,41 Production of ammonia,2015.0,1495286.0,1495286.0,0.0,0.0,0.0
France,41 Production of ammonia,2016.0,1573315.0,1573315.0,0.0,0.0,0.0
France,41 Production of ammonia,2017.0,1559930.0,1559930.0,0.0,0.0,0.0
France,41 Production of ammonia,2018.0,1582454.0,1582454.0,0.0,0.0,0.0
France,41 Production of ammonia,2019.0,1643768.0,1643768.0,0.0,0.0,0.0
France,41 Production of ammonia,2020.0,1509617.0,1509617.0,0.0,0.0,0.0
France,41 Production of ammonia,2021.0,1069041.0,1069041.0,0.0,0.0,0.0
France,41 Production of ammonia,2022.0,660656.0,660656.0,0.0,0.0,0.0
France,41 Production of ammonia,2023.0,233348.0,233348.0,0.0,0.0,0.0
France,42 Production of bulk chemicals,2015.0,1348217.0,1348217.0,0.0,0.0,0.0
France,42 Production of bulk chemicals,2016.0,1191251.0,1191251.0,0.0,0.0,0.0
France,42 Production of bulk chemicals,2017.0,1365663.0,1365663.0,0.0,0.0,0.0
France,42 Production of bulk chemicals,2018.0,1352400.0,1352400.0,0.0,0.0,0.0
France,42 Production of bulk chemicals,2019.0,1258823.0,1258823.0,0.0,0.0,0.0
France,42 Production of bulk chemicals,2020.0,1223571.0,1223571.0,0.0,0.0,0.0
France,42 Production of bulk chemicals,2021.0,1300360.0,1300360.0,0.0,0.0,0.0
France,42 Production of bulk chemicals,2022.0,1010634.0,1010634.0,0.0,0.0,0.0
France,42 Production of bulk chemicals,2023.0,904561.0,904561.0,0.0,0.0,0.0
France,43 Production of hydrogen and synthesis gas,2015.0,510514.0,510514.0,0.0,0.0,0.0
France,43 Production of hydrogen and synthesis gas,2016.0,533954.0,533954.0,0.0,0.0,0.0
France,43 Production of hydrogen and synthesis gas,2017.0,555129.0,555129.0,0.0,0.0,0.0
France,43 Production of hydrogen and synthesis gas,2018.0,511867.0,511867.0,0.0,0.0,0.0
France,43 Production of hydrogen and synthesis gas,2019.0,531303.0,531303.0,0.0,0.0,0.0
France,43 Production of hydrogen and synthesis gas,2020.0,512213.0,512213.0,0.0,0.0,0.0
France,43 Production of hydrogen and synthesis gas,2021.0,517898.0,517898.0,0.0,0.0,0.0
France,43 Production of hydrogen and synthesis gas,2022.0,621753.0,621753.0,0.0,0.0,0.0
France,43 Production of hydrogen and synthesis gas,2023.0,1009539.0,1009539.0,0.0,0.0,0.0
France,44 Production of soda ash and sodium bicarbonate,2015.0,612659.0,612659.0,0.0,0.0,0.0
France,44 Production of soda ash and sodium bicarbonate,2016.0,627436.0,627436.0,0.0,0.0,0.0
France,44 Production of soda ash and sodium bicarbonate,2017.0,599675.0,599675.0,0.0,0.0,0.0
France,44 Production of soda ash and sodium bicarbonate,2018.0,560335.0,560335.0,0.0,0.0,0.0
France,44 Production of soda ash and sodium bicarbonate,2019.0,597530.0,597530.0,0.0,0.0,0.0
France,44 Production of soda ash and sodium bicarbonate,2020.0,540432.0,540432.0,0.0,0.0,0.0
France,44 Production of soda ash and sodium bicarbonate,2021.0,535889.0,535889.0,0.0,0.0,0.0
France,44 Production of soda ash and sodium bicarbonate,2022.0,559597.0,559597.0,0.0,0.0,0.0
France,44 Production of soda ash and sodium bicarbonate,2023.0,504577.0,504577.0,0.0,0.0,0.0
Germany,10 Aviation,2015.0,9084128.0,9084128.0,0.0,0.0,0.0
Germany,10 Aviation,2016.0,9437775.0,9437775.0,0.0,0.0,0.0
Germany,10 Aviation,2017.0,9260428.0,9260428.0,0.0,0.0,0.0
Germany,10 Aviation,2018.0,9525832.0,9525832.0,0.0,0.0,0.0
Germany,10 Aviation,2019.0,9138103.0,9138103.0,0.0,0.0,0.0
Germany,10 Aviation,2020.0,3928269.0,1980055.0,49.594719709877296,0.6985959655044688,-0.33065318892657025
Germany,10 Aviation,2021.0,4654643.0,2345352.5,49.61262335263951,0.6989683126648958,-0.3307706766182623
Germany,10 Aviation,2022.0,7244544.0,3657509.0,49.51360637743383,0.6969131914240678,-0.33012194911892223
Germany,10 Aviation,2023.0,7609699.0,3843094.5,49.49741770338091,0.6965781566093694,-0.3300161280620777
Germany,20 Combustion of fuels,2015.0,333808113.0,333808113.0,0.0,0.0,0.0
Germany,20 Combustion of fuels,2016.0,331044131.0,331044131.0,0.0,0.0,0.0
Germany,20 Combustion of fuels,2017.0,313364522.0,313364522.0,0.0,0.0,0.0
Germany,20 Combustion of fuels,2018.0,300177766.0,300177766.0,0.0,0.0,0.0
Germany,20 Combustion of fuels,2019.0,245440558.0,245440558.0,0.0,0.0,0.0
Germany,20 Combustion of fuels,2020.0,208244548.0,208244548.0,0.0,0.0,0.0
Germany,20 Combustion of fuels,2021.0,237505750.0,237505750.0,0.0,0.0,0.0
Germany,20 Combustion of fuels,2022.0,243643446.0,243643446.0,0.0,0.0,0.0
Germany,20 Combustion of fuels,2023.0,190121966.0,190121966.0,0.0,0.0,0.0
Germany,20-99 All stationary installations,2015.0,455614228.0,455614228.0,0.0,0.0,0.0
Germany,20-99 All stationary installations,2016.0,452813442.0,452813442.0,0.0,0.0,0.0
Germany,20-99 All stationary installations,2017.0,437612723.0,437612723.0,0.0,0.0,0.0
Germany,20-99 All stationary installations,2018.0,422846329.0,422846329.0,0.0,0.0,0.0
Germany,20-99 All stationary installations,2019.0,363319576.0,363319576.0,0.0,0.0,0.0
Germany,20-99 All stationary installations,2020.0,320714091.0,320714091.0,0.0,0.0,0.0
Germany,20-99 All stationary installations,2021.0,355096984.0,355096984.0,0.0,0.0,0.0
Germany,20-99 All stationary installations,2022.0,353961616.0,353961616.0,0.0,0.0,0.0
Germany,20-99 All stationary installations,2023.0,289379202.0,289379202.0,0.0,0.0,0.0
Germany,21  Refining of mineral oil,2015.0,23694616.0,23694616.0,0.0,0.0,0.0
Germany,21  Refining of mineral oil,2016.0,23890174.0,23890174.0,0.0,0.0,0.0
Germany,21  Refining of mineral oil,2017.0,23643929.0,23643929.0,0.0,0.0,0.0
Germany,21  Refining of mineral oil,2018.0,22585575.0,22585575.0,0.0,0.0,0.0
Germany,21  Refining of mineral oil,2019.0,22156016.0,22156016.0,0.0,0.0,0.0
Germany,21  Refining of mineral oil,2020.0,21480022.0,21480022.0,0.0,0.0,0.0
Germany,21  Refining of mineral oil,2021.0,21398094.0,21398094.0,0.0,0.0,0.0
Germany,21  Refining of mineral oil,2022.0,22337081.0,22337081.0,0.0,0.0,0.0
Germany,21  Refining of mineral oil,2023.0,20052218.0,20052218.0,0.0,0.0,0.0
Germany,21-99 All industrial installations (excl. combustion),2015.0,121806115.0,121806115.0,0.0,0.0,0.0
Germany,21-99 All industrial installations (excl. combustion),2016.0,121769311.0,121769311.0,0.0,0.0,0.0
Germany,21-99 All industrial installations (excl. combustion),2017.0,124248201.0,124248201.0,0.0,0.0,0.0
Germany,21-99 All industrial installations (excl. combustion),2018.0,122668563.0,122668563.0,0.0,0.0,0.0
Germany,21-99 All industrial installations (excl. combustion),2019.0,117879018.0,117879018.0,0.0,0.0,0.0
Germany,21-99 All industrial installations (excl. combustion),2020.0,112469543.0,112469543.0,0.0,0.0,0.0
Germany,21-99 All industrial installations (excl. combustion),2021.0,117591234.0,117591234.0,0.0,0.0,0.0
Germany,21-99 All industrial installations (excl. combustion),2022.0,110318170.0,110318170.0,0.0,0.0,0.0
Germany,21-99 All industrial installations (excl. combustion),2023.0,99257236.0,99257236.0,0.0,0.0,0.0
Germany,22  Production of coke,2015.0,3751413.0,3751413.0,0.0,0.0,0.0
Germany,22  Production of coke,2016.0,3860753.0,3860753.0,0.0,0.0,0.0
Germany,22  Production of coke,2017.0,3952184.0,3952184.0,0.0,0.0,0.0
Germany,22  Production of coke,2018.0,3852773.0,3852773.0,0.0,0.0,0.0
Germany,22  Production of coke,2019.0,3734684.0,3734684.0,0.0,0.0,0.0
Germany,22  Production of coke,2020.0,3309214.0,3309214.0,0.0,0.0,0.0
Germany,22  Production of coke,2021.0,3697695.0,3697695.0,0.0,0.0,0.0
Germany,22  Production of coke,2022.0,3769578.0,3769578.0,0.0,0.0,0.0
Germany,22  Production of coke,2023.0,3324150.0,3324150.0,0.0,0.0,0.0
Germany,23 Metal ore roasting or sintering,2015.0,79866.0,79866.0,0.0,0.0,0.0
Germany,23 Metal ore roasting or sintering,2016.0,64772.0,64772.0,0.0,0.0,0.0
Germany,23 Metal ore roasting or sintering,2017.0,69471.0,69471.0,0.0,0.0,0.0
Germany,23 Metal ore roasting or sintering,2018.0,80645.0,80645.0,0.0,0.0,0.0
Germany,23 Metal ore roasting or sintering,2019.0,79149.0,79149.0,0.0,0.0,0.0
Germany,23 Metal ore roasting or sintering,2020.0,81019.0,81019.0,0.0,0.0,0.0
Germany,23 Metal ore roasting or sintering,2021.0,72621.0,72621.0,0.0,0.0,0.0
Germany,23 Metal ore roasting or sintering,2022.0,62355.0,62355.0,0.0,0.0,0.0
Germany,23 Metal ore roasting or sintering,2023.0,62486.0,62486.0,0.0,0.0,0.0
Germany,24  Production of pig iron or steel,2015.0,29544004.0,29544004.0,0.0,0.0,0.0
Germany,24  Production of pig iron or steel,2016.0,28610011.0,28610011.0,0.0,0.0,0.0
Germany,24  Production of pig iron or steel,2017.0,29877260.0,29877260.0,0.0,0.0,0.0
Germany,24  Production of pig iron or steel,2018.0,30139010.0,30139010.0,0.0,0.0,0.0
Germany,24  Production of pig iron or steel,2019.0,28342719.0,28342719.0,0.0,0.0,0.0
Germany,24  Production of pig iron or steel,2020.0,25065607.0,25065607.0,0.0,0.0,0.0
Germany,24  Production of pig iron or steel,2021.0,28285827.0,28285827.0,0.0,0.0,0.0
Germany,24  Production of pig iron or steel,2022.0,26374751.0,26374751.0,0.0,0.0,0.0
Germany,24  Production of pig iron or steel,2023.0,26282585.0,26282585.0,0.0,0.0,0.0
Germany,25 Production or processing of ferrous metals,2015.0,3748469.0,3748469.0,0.0,0.0,0.0
Germany,25 Production or processing of ferrous metals,2016.0,3766813.0,3766813.0,0.0,0.0,0.0
Germany,25 Production or processing of ferrous metals,2017.0,3848160.0,3848160.0,0.0,0.0,0.0
Germany,25 Production or processing of ferrous metals,2018.0,3772404.0,3772404.0,0.0,0.0,0.0
Germany,25 Production or processing of ferrous metals,2019.0,3345032.0,3345032.0,0.0,0.0,0.0
Germany,25 Production or processing of ferrous metals,2020.0,2901727.0,2901727.0,0.0,0.0,0.0
Germany,25 Production or processing of ferrous metals,2021.0,3207601.0,3207601.0,0.0,0.0,0.0
Germany,25 Production or processing of ferrous metals,2022.0,2876680.0,2876680.0,0.0,0.0,0.0
Germany,25 Production or processing of ferrous metals,2023.0,2673467.0,2673467.0,0.0,0.0,0.0
Germany,26 Production of primary aluminium,2015.0,1406002.0,1406002.0,0.0,0.0,0.0
Germany,26 Production of primary aluminium,2016.0,1407907.0,1407907.0,0.0,0.0,0.0
Germany,26 Production of primary aluminium,2017.0,1413900.0,1413900.0,0.0,0.0,0.0
Germany,26 Production of primary aluminium,2018.0,1427131.0,1427131.0,0.0,0.0,0.0
Germany,26 Production of primary aluminium,2019.0,1346282.0,1346282.0,0.0,0.0,0.0
Germany,26 Production of primary aluminium,2020.0,1376417.0,1376417.0,0.0,0.0,0.0
Germany,26 Production of primary aluminium,2021.0,1306592.0,1306592.0,0.0,0.0,0.0
Germany,26 Production of primary aluminium,2022.0,954063.0,954063.0,0.0,0.0,0.0
Germany,26 Production of primary aluminium,2023.0,533300.0,533300.0,0.0,0.0,0.0
Germany,27 Production of secondary aluminium,2015.0,551320.0,551320.0,0.0,0.0,0.0
Germany,27 Production of secondary aluminium,2016.0,579975.0,579975.0,0.0,0.0,0.0
Germany,27 Production of secondary aluminium,2017.0,563252.0,563252.0,0.0,0.0,0.0
Germany,27 Production of secondary aluminium,2018.0,577616.0,577616.0,0.0,0.0,0.0
Germany,27 Production of secondary aluminium,2019.0,555557.0,555557.0,0.0,0.0,0.0
Germany,27 Production of secondary aluminium,2020.0,498969.0,498969.0,0.0,0.0,0.0
Germany,27 Production of secondary aluminium,2021.0,570085.0,570085.0,0.0,0.0,0.0
Germany,27 Production of secondary aluminium,2022.0,549289.0,549289.0,0.0,0.0,0.0
Germany,27 Production of secondary aluminium,2023.0,520434.0,520434.0,0.0,0.0,0.0
Germany,28 Production or processing of non-ferrous metals,2015.0,995720.0,995720.0,0.0,0.0,0.0
Germany,28 Production or processing of non-ferrous metals,2016.0,1005029.0,1005029.0,0.0,0.0,0.0
Germany,28 Production or processing of non-ferrous metals,2017.0,1025319.0,1025319.0,0.0,0.0,0.0
Germany,28 Production or processing of non-ferrous metals,2018.0,1024445.0,1024445.0,0.0,0.0,0.0
Germany,28 Production or processing of non-ferrous metals,2019.0,1035526.0,1035526.0,0.0,0.0,0.0
Germany,28 Production or processing of non-ferrous metals,2020.0,1015850.0,1015850.0,0.0,0.0,0.0
Germany,28 Production or processing of non-ferrous metals,2021.0,1017390.0,1017390.0,0.0,0.0,0.0
Germany,28 Production or processing of non-ferrous metals,2022.0,923814.0,923814.0,0.0,0.0,0.0
Germany,28 Production or processing of non-ferrous metals,2023.0,871111.0,871111.0,0.0,0.0,0.0
Germany,29 Production of cement clinker,2015.0,19131531.0,19131531.0,0.0,0.0,0.0
Germany,29 Production of cement clinker,2016.0,19348828.0,19348828.0,0.0,0.0,0.0
Germany,29 Production of cement clinker,2017.0,20464671.0,20464671.0,0.0,0.0,0.0
Germany,29 Production of cement clinker,2018.0,19998154.0,19998154.0,0.0,0.0,0.0
Germany,29 Production of cement clinker,2019.0,19989115.0,19989115.0,0.0,0.0,0.0
Germany,29 Production of cement clinker,2020.0,20134201.0,20134201.0,0.0,0.0,0.0
Germany,29 Production of cement clinker,2021.0,20531906.0,20531906.0,0.0,0.0,0.0
Germany,29 Production of cement clinker,2022.0,18762506.0,18762506.0,0.0,0.0,0.0
Germany,29 Production of cement clinker,2023.0,16100328.0,16100328.0,0.0,0.0,0.0
Germany,"30 Production of lime, or calcination of dolomite/magnesite",2015.0,9157607.0,9157607.0,0.0,0.0,0.0
Germany,"30 Production of lime, or calcination of dolomite/magnesite",2016.0,9056243.0,9056243.0,0.0,0.0,0.0
Germany,"30 Production of lime, or calcination of dolomite/magnesite",2017.0,9344839.0,9344839.0,0.0,0.0,0.0
Germany,"30 Production of lime, or calcination of dolomite/magnesite",2018.0,9437729.0,9437729.0,0.0,0.0,0.0
Germany,"30 Production of lime, or calcination of dolomite/magnesite",2019.0,8775882.0,8775882.0,0.0,0.0,0.0
Germany,"30 Production of lime, or calcination of dolomite/magnesite",2020.0,8212883.0,8212883.0,0.0,0.0,0.0
Germany,"30 Production of lime, or calcination of dolomite/magnesite",2021.0,8775387.0,8775387.0,0.0,0.0,0.0
Germany,"30 Production of lime, or calcination of dolomite/magnesite",2022.0,8662855.0,8662855.0,0.0,0.0,0.0
Germany,"30 Production of lime, or calcination of dolomite/magnesite",2023.0,7359431.0,7359431.0,0.0,0.0,0.0
Germany,31 Manufacture of glass,2015.0,3772375.0,3772375.0,0.0,0.0,0.0
Germany,31 Manufacture of glass,2016.0,3826228.0,3826228.0,0.0,0.0,0.0
Germany,31 Manufacture of glass,2017.0,3739589.0,3739589.0,0.0,0.0,0.0
Germany,31 Manufacture of glass,2018.0,3817720.0,3817720.0,0.0,0.0,0.0
Germany,31 Manufacture of glass,2019.0,3693624.0,3693624.0,0.0,0.0,0.0
Germany,31 Manufacture of glass,2020.0,3598789.0,3598789.0,0.0,0.0,0.0
Germany,31 Manufacture of glass,2021.0,3722763.0,3722763.0,0.0,0.0,0.0
Germany,31 Manufacture of glass,2022.0,3690799.0,3690799.0,0.0,0.0,0.0
Germany,31 Manufacture of glass,2023.0,3360634.0,3360634.0,0.0,0.0,0.0
Germany,32 Manufacture of ceramics,2015.0,1988502.0,1988502.0,0.0,0.0,0.0
Germany,32 Manufacture of ceramics,2016.0,2025394.0,2025394.0,0.0,0.0,0.0
Germany,32 Manufacture of ceramics,2017.0,2040686.0,2040686.0,0.0,0.0,0.0
Germany,32 Manufacture of ceramics,2018.0,2051942.0,2051942.0,0.0,0.0,0.0
Germany,32 Manufacture of ceramics,2019.0,1993938.0,1993938.0,0.0,0.0,0.0
Germany,32 Manufacture of ceramics,2020.0,1878154.0,1878154.0,0.0,0.0,0.0
Germany,32 Manufacture of ceramics,2021.0,1878569.0,1878569.0,0.0,0.0,0.0
Germany,32 Manufacture of ceramics,2022.0,1746833.0,1746833.0,0.0,0.0,0.0
Germany,32 Manufacture of ceramics,2023.0,1172591.0,1172591.0,0.0,0.0,0.0
Germany,33 Manufacture of mineral wool,2015.0,362664.0,362664.0,0.0,0.0,0.0
Germany,33 Manufacture of mineral wool,2016.0,371581.0,371581.0,0.0,0.0,0.0
Germany,33 Manufacture of mineral wool,2017.0,385940.0,385940.0,0.0,0.0,0.0
Germany,33 Manufacture of mineral wool,2018.0,405296.0,405296.0,0.0,0.0,0.0
Germany,33 Manufacture of mineral wool,2019.0,360692.0,360692.0,0.0,0.0,0.0
Germany,33 Manufacture of mineral wool,2020.0,349758.0,349758.0,0.0,0.0,0.0
Germany,33 Manufacture of mineral wool,2021.0,394736.0,394736.0,0.0,0.0,0.0
Germany,33 Manufacture of mineral wool,2022.0,400305.0,400305.0,0.0,0.0,0.0
Germany,33 Manufacture of mineral wool,2023.0,306919.0,306919.0,0.0,0.0,0.0
Germany,34 Production or processing of gypsum or plasterboard,2015.0,268859.0,268859.0,0.0,0.0,0.0
Germany,34 Production or processing of gypsum or plasterboard,2016.0,269190.0,269190.0,0.0,0.0,0.0
Germany,34 Production or processing of gypsum or plasterboard,2017.0,268920.0,268920.0,0.0,0.0,0.0
Germany,34 Production or processing of gypsum or plasterboard,2018.0,271002.0,271002.0,0.0,0.0,0.0
Germany,34 Production or processing of gypsum or plasterboard,2019.0,272973.0,272973.0,0.0,0.0,0.0
Germany,34 Production or processing of gypsum or plasterboard,2020.0,276084.0,276084.0,0.0,0.0,0.0
Germany,34 Production or processing of gypsum or plasterboard,2021.0,300311.0,300311.0,0.0,0.0,0.0
Germany,34 Production or processing of gypsum or plasterboard,2022.0,275140.0,275140.0,0.0,0.0,0.0
Germany,34 Production or processing of gypsum or plasterboard,2023.0,235001.0,235001.0,0.0,0.0,0.0
Germany,35 Production of pulp,2015.0,333828.0,333828.0,0.0,0.0,0.0
Germany,35 Production of pulp,2016.0,336736.0,336736.0,0.0,0.0,0.0
Germany,35 Production of pulp,2017.0,345889.0,345889.0,0.0,0.0,0.0
Germany,35 Production of pulp,2018.0,351208.0,351208.0,0.0,0.0,0.0
Germany,35 Production of pulp,2019.0,336674.0,336674.0,0.0,0.0,0.0
Germany,35 Production of pulp,2020.0,350988.0,350988.0,0.0,0.0,0.0
Germany,35 Production of pulp,2021.0,346550.0,346550.0,0.0,0.0,0.0
Germany,35 Production of pulp,2022.0,367979.0,367979.0,0.0,0.0,0.0
Germany,35 Production of pulp,2023.0,360470.0,360470.0,0.0,0.0,0.0
Germany,36 Production of paper or cardboard,2015.0,5327926.0,5327926.0,0.0,0.0,0.0
Germany,36 Production of paper or cardboard,2016.0,5267452.0,5267452.0,0.0,0.0,0.0
Germany,36 Production of paper or cardboard,2017.0,5333219.0,5333219.0,0.0,0.0,0.0
Germany,36 Production of paper or cardboard,2018.0,5229834.0,5229834.0,0.0,0.0,0.0
Germany,36 Production of paper or cardboard,2019.0,4955905.0,4955905.0,0.0,0.0,0.0
Germany,36 Production of paper or cardboard,2020.0,4829788.0,4829788.0,0.0,0.0,0.0
Germany,36 Production of paper or cardboard,2021.0,5036919.0,5036919.0,0.0,0.0,0.0
Germany,36 Production of paper or cardboard,2022.0,4483310.0,4483310.0,0.0,0.0,0.0
Germany,36 Production of paper or cardboard,2023.0,3687410.0,3687410.0,0.0,0.0,0.0
Germany,37 Production of carbon black,2015.0,678056.0,678056.0,0.0,0.0,0.0
Germany,37 Production of carbon black,2016.0,703225.0,703225.0,0.0,0.0,0.0
Germany,37 Production of carbon black,2017.0,608081.0,608081.0,0.0,0.0,0.0
Germany,37 Production of carbon black,2018.0,620668.0,620668.0,0.0,0.0,0.0
Germany,37 Production of carbon black,2019.0,579455.0,579455.0,0.0,0.0,0.0
Germany,37 Production of carbon black,2020.0,517572.0,517572.0,0.0,0.0,0.0
Germany,37 Production of carbon black,2021.0,582250.0,582250.0,0.0,0.0,0.0
Germany,37 Production of carbon black,2022.0,568100.0,568100.0,0.0,0.0,0.0
Germany,37 Production of carbon black,2023.0,529122.0,529122.0,0.0,0.0,0.0
Germany,38 Production of nitric acid,2015.0,745384.0,745384.0,0.0,0.0,0.0
Germany,38 Production of nitric acid,2016.0,684846.0,684846.0,0.0,0.0,0.0
Germany,38 Production of nitric acid,2017.0,681197.0,681197.0,0.0,0.0,0.0
Germany,38 Production of nitric acid,2018.0,661279.0,661279.0,0.0,0.0,0.0
Germany,38 Production of nitric acid,2019.0,558448.0,558448.0,0.0,0.0,0.0
Germany,38 Production of nitric acid,2020.0,576258.0,576258.0,0.0,0.0,0.0
Germany,38 Production of nitric acid,2021.0,396861.0,396861.0,0.0,0.0,0.0
Germany,38 Production of nitric acid,2022.0,336919.0,336919.0,0.0,0.0,0.0
Germany,38 Production of nitric acid,2023.0,211665.0,211665.0,0.0,0.0,0.0
Germany,39 Production of adipic acid,2015.0,135601.0,135601.0,0.0,0.0,0.0
Germany,39 Production of adipic acid,2016.0,126289.0,126289.0,0.0,0.0,0.0
Germany,39 Production of adipic acid,2017.0,131752.0,131752.0,0.0,0.0,0.0
Germany,39 Production of adipic acid,2018.0,111673.0,111673.0,0.0,0.0,0.0
Germany,39 Production of adipic acid,2019.0,113963.0,113963.0,0.0,0.0,0.0
Germany,39 Production of adipic acid,2020.0,110945.0,110945.0,0.0,0.0,0.0
Germany,39 Production of adipic acid,2021.0,117418.0,117418.0,0.0,0.0,0.0
Germany,39 Production of adipic acid,2022.0,100858.0,100858.0,0.0,0.0,0.0
Germany,39 Production of adipic acid,2023.0,67838.0,67838.0,0.0,0.0,0.0
Germany,40 Production of glyoxal and glyoxylic acid,2015.0,9070.0,9070.0,0.0,0.0,0.0
Germany,40 Production of glyoxal and glyoxylic acid,2016.0,11112.0,11112.0,0.0,0.0,0.0
Germany,40 Production of glyoxal and glyoxylic acid,2017.0,9940.0,9940.0,0.0,0.0,0.0
Germany,40 Production of glyoxal and glyoxylic acid,2018.0,10833.0,10833.0,0.0,0.0,0.0
Germany,40 Production of glyoxal and glyoxylic acid,2019.0,10099.0,10099.0,0.0,0.0,0.0
Germany,40 Production of glyoxal and glyoxylic acid,2020.0,11818.0,11818.0,0.0,0.0,0.0
Germany,41 Production of ammonia,2015.0,4463274.0,4463274.0,0.0,0.0,0.0
Germany,41 Production of ammonia,2016.0,4548011.0,4548011.0,0.0,0.0,0.0
Germany,41 Production of ammonia,2017.0,4455300.0,4455300.0,0.0,0.0,0.0
Germany,41 Production of ammonia,2018.0,4592666.0,4592666.0,0.0,0.0,0.0
Germany,41 Production of ammonia,2019.0,4363344.0,4363344.0,0.0,0.0,0.0
Germany,41 Production of ammonia,2020.0,4488414.0,4488414.0,0.0,0.0,0.0
Germany,41 Production of ammonia,2021.0,4627290.0,4627290.0,0.0,0.0,0.0
Germany,41 Production of ammonia,2022.0,3138213.0,3138213.0,0.0,0.0,0.0
Germany,41 Production of ammonia,2023.0,2838050.0,2838050.0,0.0,0.0,0.0
Germany,42 Production of bulk chemicals,2015.0,8049888.0,8049888.0,0.0,0.0,0.0
Germany,42 Production of bulk chemicals,2016.0,8311523.0,8311523.0,0.0,0.0,0.0
Germany,42 Production of bulk chemicals,2017.0,8287747.0,8287747.0,0.0,0.0,0.0
Germany,42 Production of bulk chemicals,2018.0,8022211.0,8022211.0,0.0,0.0,0.0
Germany,42 Production of bulk chemicals,2019.0,7593729.0,7593729.0,0.0,0.0,0.0
Germany,42 Production of bulk chemicals,2020.0,7864808.0,7864808.0,0.0,0.0,0.0
Germany,42 Production of bulk chemicals,2021.0,8045209.0,8045209.0,0.0,0.0,0.0
Germany,42 Production of bulk chemicals,2022.0,6873752.0,6873752.0,0.0,0.0,0.0
Germany,42 Production of bulk chemicals,2023.0,5764528.0,5764528.0,0.0,0.0,0.0
Germany,43 Production of hydrogen and synthesis gas,2015.0,3046461.0,3046461.0,0.0,0.0,0.0
Germany,43 Production of hydrogen and synthesis gas,2016.0,3170755.0,3170755.0,0.0,0.0,0.0
Germany,43 Production of hydrogen and synthesis gas,2017.0,3189746.0,3189746.0,0.0,0.0,0.0
Germany,43 Production of hydrogen and synthesis gas,2018.0,3102719.0,3102719.0,0.0,0.0,0.0
Germany,43 Production of hydrogen and synthesis gas,2019.0,3128562.0,3128562.0,0.0,0.0,0.0
Germany,43 Production of hydrogen and synthesis gas,2020.0,3028868.0,3028868.0,0.0,0.0,0.0
Germany,43 Production of hydrogen and synthesis gas,2021.0,2752903.0,2752903.0,0.0,0.0,0.0
Germany,43 Production of hydrogen and synthesis gas,2022.0,2575457.0,2575457.0,0.0,0.0,0.0
Germany,43 Production of hydrogen and synthesis gas,2023.0,2512426.0,2512426.0,0.0,0.0,0.0
Germany,44 Production of soda ash and sodium bicarbonate,2015.0,563679.0,563679.0,0.0,0.0,0.0
Germany,44 Production of soda ash and sodium bicarbonate,2016.0,526464.0,526464.0,0.0,0.0,0.0
Germany,44 Production of soda ash and sodium bicarbonate,2017.0,567210.0,567210.0,0.0,0.0,0.0
Germany,44 Production of soda ash and sodium bicarbonate,2018.0,523752.0,523752.0,0.0,0.0,0.0
Germany,44 Production of soda ash and sodium bicarbonate,2019.0,557389.0,557389.0,0.0,0.0,0.0
Germany,44 Production of soda ash and sodium bicarbonate,2020.0,511116.0,511116.0,0.0,0.0,0.0
Germany,44 Production of soda ash and sodium bicarbonate,2021.0,526060.0,526060.0,0.0,0.0,0.0
Germany,44 Production of soda ash and sodium bicarbonate,2022.0,487326.0,487326.0,0.0,0.0,0.0
Germany,44 Production of soda ash and sodium bicarbonate,2023.0,430824.0,430824.0,0.0,0.0,0.0
Germany,99 Other activity opted-in under Art. 24,2018.0,278.0,278.0,0.0,0.0,0.0
Germany,99 Other activity opted-in under Art. 24,2019.0,261.0,261.0,0.0,0.0,0.0
Germany,99 Other activity opted-in under Art. 24,2020.0,274.0,274.0,0.0,0.0,0.0
Germany,99 Other activity opted-in under Art. 24,2021.0,197.0,197.0,0.0,0.0,0.0
Germany,99 Other activity opted-in under Art. 24,2022.0,207.0,207.0,0.0,0.0,0.0
Germany,99 Other activity opted-in under Art. 24,2023.0,248.0,248.0,0.0,0.0,0.0
Greece,10 Aviation,2015.0,952885.0,952885.0,0.0,0.0,0.0
Greece,10 Aviation,2016.0,1035881.0,1035881.0,0.0,0.0,0.0
Greece,10 Aviation,2017.0,1083288.0,1083288.0,0.0,0.0,0.0
Greece,10 Aviation,2018.0,1156450.0,1156450.0,0.0,0.0,0.0
Greece,10 Aviation,2019.0,1220992.0,1220992.0,0.0,0.0,0.0
Greece,10 Aviation,2020.0,487017.0,248130.0,49.05105981926709,0.6874462725260682,-0.32712489420868085
Greece,10 Aviation,2021.0,723076.0,368980.0,48.97078592015224,0.6858254278644252,-0.32661029504760863
Greece,10 Aviation,2022.0,1118689.0,568902.0,49.145651740564176,0.6893645599944673,-0.3277333647388594
Greece,10 Aviation,2023.0,1323540.0,671212.5,49.286572374087676,0.692239205783576,-0.3286440583272807
Greece,20 Combustion of fuels,2015.0,37100919.0,37100919.0,0.0,0.0,0.0
Greece,20 Combustion of fuels,2016.0,32450016.0,32450016.0,0.0,0.0,0.0
Greece,20 Combustion of fuels,2017.0,36058345.0,36058345.0,0.0,0.0,0.0
Greece,20 Combustion of fuels,2018.0,33752266.0,33752266.0,0.0,0.0,0.0
Greece,20 Combustion of fuels,2019.0,27809747.0,27809747.0,0.0,0.0,0.0
Greece,20 Combustion of fuels,2020.0,20263137.0,20263137.0,0.0,0.0,0.0
Greece,20 Combustion of fuels,2021.0,20888368.0,20888368.0,0.0,0.0,0.0
Greece,20 Combustion of fuels,2022.0,19712307.0,19712307.0,0.0,0.0,0.0
Greece,20 Combustion of fuels,2023.0,13769521.0,13769521.0,0.0,0.0,0.0
Greece,20-99 All stationary installations,2015.0,49876100.0,49876100.0,0.0,0.0,0.0
Greece,20-99 All stationary installations,2016.0,46299722.0,46299722.0,0.0,0.0,0.0
Greece,20-99 All stationary installations,2017.0,49572075.0,49572075.0,0.0,0.0,0.0
Greece,20-99 All stationary installations,2018.0,47105832.0,47105832.0,0.0,0.0,0.0
Greece,20-99 All stationary installations,2019.0,40476026.0,40476026.0,0.0,0.0,0.0
Greece,20-99 All stationary installations,2020.0,31728304.0,31728304.0,0.0,0.0,0.0
Greece,20-99 All stationary installations,2021.0,33250959.0,33250959.0,0.0,0.0,0.0
Greece,20-99 All stationary installations,2022.0,31630344.0,31630344.0,0.0,0.0,0.0
Greece,20-99 All stationary installations,2023.0,25466131.0,25466131.0,0.0,0.0,0.0
Greece,21  Refining of mineral oil,2015.0,5517482.0,5517482.0,0.0,0.0,0.0
Greece,21  Refining of mineral oil,2016.0,5879297.0,5879297.0,0.0,0.0,0.0
Greece,21  Refining of mineral oil,2017.0,5468660.0,5468660.0,0.0,0.0,0.0
Greece,21  Refining of mineral oil,2018.0,5786481.0,5786481.0,0.0,0.0,0.0
Greece,21  Refining of mineral oil,2019.0,5364430.0,5364430.0,0.0,0.0,0.0
Greece,21  Refining of mineral oil,2020.0,5247998.0,5247998.0,0.0,0.0,0.0
Greece,21  Refining of mineral oil,2021.0,5876502.0,5876502.0,0.0,0.0,0.0
Greece,21  Refining of mineral oil,2022.0,5902182.0,5902182.0,0.0,0.0,0.0
Greece,21  Refining of mineral oil,2023.0,5872376.0,5872376.0,0.0,0.0,0.0
Greece,21-99 All industrial installations (excl. combustion),2015.0,12775181.0,12775181.0,0.0,0.0,0.0
Greece,21-99 All industrial installations (excl. combustion),2016.0,13849706.0,13849706.0,0.0,0.0,0.0
Greece,21-99 All industrial installations (excl. combustion),2017.0,13513730.0,13513730.0,0.0,0.0,0.0
Greece,21-99 All industrial installations (excl. combustion),2018.0,13353566.0,13353566.0,0.0,0.0,0.0
Greece,21-99 All industrial installations (excl. combustion),2019.0,12666279.0,12666279.0,0.0,0.0,0.0
Greece,21-99 All industrial installations (excl. combustion),2020.0,11465167.0,11465167.0,0.0,0.0,0.0
Greece,21-99 All industrial installations (excl. combustion),2021.0,12362591.0,12362591.0,0.0,0.0,0.0
Greece,21-99 All industrial installations (excl. combustion),2022.0,11918037.0,11918037.0,0.0,0.0,0.0
Greece,21-99 All industrial installations (excl. combustion),2023.0,11696610.0,11696610.0,0.0,0.0,0.0
Greece,24  Production of pig iron or steel,2015.0,99455.0,99455.0,0.0,0.0,0.0
Greece,24  Production of pig iron or steel,2016.0,100698.0,100698.0,0.0,0.0,0.0
Greece,24  Production of pig iron or steel,2017.0,110218.0,110218.0,0.0,0.0,0.0
Greece,24  Production of pig iron or steel,2018.0,114208.0,114208.0,0.0,0.0,0.0
Greece,24  Production of pig iron or steel,2019.0,107615.0,107615.0,0.0,0.0,0.0
Greece,24  Production of pig iron or steel,2020.0,103844.0,103844.0,0.0,0.0,0.0
Greece,24  Production of pig iron or steel,2021.0,128614.0,128614.0,0.0,0.0,0.0
Greece,24  Production of pig iron or steel,2022.0,125045.0,125045.0,0.0,0.0,0.0
Greece,24  Production of pig iron or steel,2023.0,92172.0,92172.0,0.0,0.0,0.0
Greece,25 Production or processing of ferrous metals,2015.0,836501.0,836501.0,0.0,0.0,0.0
Greece,25 Production or processing of ferrous metals,2016.0,821343.0,821343.0,0.0,0.0,0.0
Greece,25 Production or processing of ferrous metals,2017.0,833586.0,833586.0,0.0,0.0,0.0
Greece,25 Production or processing of ferrous metals,2018.0,758785.0,758785.0,0.0,0.0,0.0
Greece,25 Production or processing of ferrous metals,2019.0,672897.0,672897.0,0.0,0.0,0.0
Greece,25 Production or processing of ferrous metals,2020.0,363725.0,363725.0,0.0,0.0,0.0
Greece,25 Production or processing of ferrous metals,2021.0,271747.0,271747.0,0.0,0.0,0.0
Greece,25 Production or processing of ferrous metals,2022.0,154048.0,154048.0,0.0,0.0,0.0
Greece,25 Production or processing of ferrous metals,2023.0,24696.0,24696.0,0.0,0.0,0.0
Greece,27 Production of secondary aluminium,2015.0,95007.0,95007.0,0.0,0.0,0.0
Greece,27 Production of secondary aluminium,2016.0,89322.0,89322.0,0.0,0.0,0.0
Greece,27 Production of secondary aluminium,2017.0,97309.0,97309.0,0.0,0.0,0.0
Greece,27 Production of secondary aluminium,2018.0,105905.0,105905.0,0.0,0.0,0.0
Greece,27 Production of secondary aluminium,2019.0,106792.0,106792.0,0.0,0.0,0.0
Greece,27 Production of secondary aluminium,2020.0,106927.0,106927.0,0.0,0.0,0.0
Greece,27 Production of secondary aluminium,2021.0,118810.0,118810.0,0.0,0.0,0.0
Greece,27 Production of secondary aluminium,2022.0,121398.0,121398.0,0.0,0.0,0.0
Greece,27 Production of secondary aluminium,2023.0,123750.0,123750.0,0.0,0.0,0.0
Greece,28 Production or processing of non-ferrous metals,2015.0,24713.0,24713.0,0.0,0.0,0.0
Greece,28 Production or processing of non-ferrous metals,2016.0,20736.0,20736.0,0.0,0.0,0.0
Greece,28 Production or processing of non-ferrous metals,2017.0,20171.0,20171.0,0.0,0.0,0.0
Greece,28 Production or processing of non-ferrous metals,2018.0,22174.0,22174.0,0.0,0.0,0.0
Greece,28 Production or processing of non-ferrous metals,2019.0,21551.0,21551.0,0.0,0.0,0.0
Greece,28 Production or processing of non-ferrous metals,2020.0,22329.0,22329.0,0.0,0.0,0.0
Greece,28 Production or processing of non-ferrous metals,2021.0,24525.0,24525.0,0.0,0.0,0.0
Greece,28 Production or processing of non-ferrous metals,2022.0,20610.0,20610.0,0.0,0.0,0.0
Greece,28 Production or processing of non-ferrous metals,2023.0,18338.0,18338.0,0.0,0.0,0.0
Greece,29 Production of cement clinker,2015.0,5522820.0,5522820.0,0.0,0.0,0.0
Greece,29 Production of cement clinker,2016.0,6046898.0,6046898.0,0.0,0.0,0.0
Greece,29 Production of cement clinker,2017.0,5922421.0,5922421.0,0.0,0.0,0.0
Greece,29 Production of cement clinker,2018.0,5467145.0,5467145.0,0.0,0.0,0.0
Greece,29 Production of cement clinker,2019.0,5347553.0,5347553.0,0.0,0.0,0.0
Greece,29 Production of cement clinker,2020.0,4708677.0,4708677.0,0.0,0.0,0.0
Greece,29 Production of cement clinker,2021.0,4967282.0,4967282.0,0.0,0.0,0.0
Greece,29 Production of cement clinker,2022.0,4543250.0,4543250.0,0.0,0.0,0.0
Greece,29 Production of cement clinker,2023.0,4689229.0,4689229.0,0.0,0.0,0.0
Greece,"30 Production of lime, or calcination of dolomite/magnesite",2015.0,445747.0,445747.0,0.0,0.0,0.0
Greece,"30 Production of lime, or calcination of dolomite/magnesite",2016.0,524960.0,524960.0,0.0,0.0,0.0
Greece,"30 Production of lime, or calcination of dolomite/magnesite",2017.0,558401.0,558401.0,0.0,0.0,0.0
Greece,"30 Production of lime, or calcination of dolomite/magnesite",2018.0,604712.0,604712.0,0.0,0.0,0.0
Greece,"30 Production of lime, or calcination of dolomite/magnesite",2019.0,570868.0,570868.0,0.0,0.0,0.0
Greece,"30 Production of lime, or calcination of dolomite/magnesite",2020.0,451982.0,451982.0,0.0,0.0,0.0
Greece,"30 Production of lime, or calcination of dolomite/magnesite",2021.0,535794.0,535794.0,0.0,0.0,0.0
Greece,"30 Production of lime, or calcination of dolomite/magnesite",2022.0,494779.0,494779.0,0.0,0.0,0.0
Greece,"30 Production of lime, or calcination of dolomite/magnesite",2023.0,442223.0,442223.0,0.0,0.0,0.0
Greece,31 Manufacture of glass,2015.0,47258.0,47258.0,0.0,0.0,0.0
Greece,31 Manufacture of glass,2016.0,47843.0,47843.0,0.0,0.0,0.0
Greece,31 Manufacture of glass,2017.0,48556.0,48556.0,0.0,0.0,0.0
Greece,31 Manufacture of glass,2018.0,48441.0,48441.0,0.0,0.0,0.0
Greece,31 Manufacture of glass,2019.0,47028.0,47028.0,0.0,0.0,0.0
Greece,31 Manufacture of glass,2020.0,47285.0,47285.0,0.0,0.0,0.0
Greece,31 Manufacture of glass,2021.0,47541.0,47541.0,0.0,0.0,0.0
Greece,31 Manufacture of glass,2022.0,49610.0,49610.0,0.0,0.0,0.0
Greece,31 Manufacture of glass,2023.0,46819.0,46819.0,0.0,0.0,0.0
Greece,32 Manufacture of ceramics,2015.0,72088.0,72088.0,0.0,0.0,0.0
Greece,32 Manufacture of ceramics,2016.0,64650.0,64650.0,0.0,0.0,0.0
Greece,32 Manufacture of ceramics,2017.0,79734.0,79734.0,0.0,0.0,0.0
Greece,32 Manufacture of ceramics,2018.0,93190.0,93190.0,0.0,0.0,0.0
Greece,32 Manufacture of ceramics,2019.0,98516.0,98516.0,0.0,0.0,0.0
Greece,32 Manufacture of ceramics,2020.0,113416.0,113416.0,0.0,0.0,0.0
Greece,32 Manufacture of ceramics,2021.0,108726.0,108726.0,0.0,0.0,0.0
Greece,32 Manufacture of ceramics,2022.0,123161.0,123161.0,0.0,0.0,0.0
Greece,32 Manufacture of ceramics,2023.0,98953.0,98953.0,0.0,0.0,0.0
Greece,33 Manufacture of mineral wool,2015.0,5346.0,5346.0,0.0,0.0,0.0
Greece,33 Manufacture of mineral wool,2016.0,10446.0,10446.0,0.0,0.0,0.0
Greece,33 Manufacture of mineral wool,2017.0,15852.0,15852.0,0.0,0.0,0.0
Greece,33 Manufacture of mineral wool,2018.0,16446.0,16446.0,0.0,0.0,0.0
Greece,33 Manufacture of mineral wool,2019.0,13569.0,13569.0,0.0,0.0,0.0
Greece,33 Manufacture of mineral wool,2020.0,13925.0,13925.0,0.0,0.0,0.0
Greece,33 Manufacture of mineral wool,2021.0,15604.0,15604.0,0.0,0.0,0.0
Greece,33 Manufacture of mineral wool,2022.0,15143.0,15143.0,0.0,0.0,0.0
Greece,33 Manufacture of mineral wool,2023.0,14640.0,14640.0,0.0,0.0,0.0
Greece,34 Production or processing of gypsum or plasterboard,2022.0,15300.0,15300.0,0.0,0.0,0.0
Greece,34 Production or processing of gypsum or plasterboard,2023.0,21352.0,21352.0,0.0,0.0,0.0
Greece,36 Production of paper or cardboard,2015.0,108764.0,108764.0,0.0,0.0,0.0
Greece,36 Production of paper or cardboard,2016.0,75601.0,75601.0,0.0,0.0,0.0
Greece,36 Production of paper or cardboard,2017.0,71119.0,71119.0,0.0,0.0,0.0
Greece,36 Production of paper or cardboard,2018.0,68539.0,68539.0,0.0,0.0,0.0
Greece,36 Production of paper or cardboard,2019.0,70502.0,70502.0,0.0,0.0,0.0
Greece,36 Production of paper or cardboard,2020.0,69725.0,69725.0,0.0,0.0,0.0
Greece,36 Production of paper or cardboard,2021.0,66616.0,66616.0,0.0,0.0,0.0
Greece,36 Production of paper or cardboard,2022.0,85735.0,85735.0,0.0,0.0,0.0
Greece,36 Production of paper or cardboard,2023.0,97904.0,97904.0,0.0,0.0,0.0
Greece,41 Production of ammonia,2016.0,167912.0,167912.0,0.0,0.0,0.0
Greece,41 Production of ammonia,2017.0,287703.0,287703.0,0.0,0.0,0.0
Greece,41 Production of ammonia,2018.0,267540.0,267540.0,0.0,0.0,0.0
Greece,41 Production of ammonia,2019.0,244958.0,244958.0,0.0,0.0,0.0
Greece,41 Production of ammonia,2020.0,215334.0,215334.0,0.0,0.0,0.0
Greece,41 Production of ammonia,2021.0,200830.0,200830.0,0.0,0.0,0.0
Greece,41 Production of ammonia,2022.0,267776.0,267776.0,0.0,0.0,0.0
Greece,41 Production of ammonia,2023.0,154158.0,154158.0,0.0,0.0,0.0
Hungary,10 Aviation,2015.0,1558359.0,1558359.0,0.0,0.0,0.0
Hungary,10 Aviation,2016.0,1855247.0,1855247.0,0.0,0.0,0.0
Hungary,10 Aviation,2017.0,2110107.0,2110107.0,0.0,0.0,0.0
Hungary,10 Aviation,2018.0,2329329.0,2329329.0,0.0,0.0,0.0
Hungary,10 Aviation,2019.0,2384088.0,2384088.0,0.0,0.0,0.0
Hungary,10 Aviation,2020.0,1234292.0,618369.5,49.90087434739915,0.705009210240901,-0.33267380317647177
Hungary,10 Aviation,2021.0,1226117.0,614154.5,49.91061211939807,0.7052148085248787,-0.33273847758720865
Hungary,10 Aviation,2022.0,2229580.0,1116479.5,49.92422339633474,0.7055023577351403,-0.33282892042949874
Hungary,10 Aviation,2023.0,1824145.0,913436.5,49.92522524251088,0.7055235302748134,-0.3328355793387572
Hungary,20 Combustion of fuels,2015.0,14036490.0,14036490.0,0.0,0.0,0.0
Hungary,20 Combustion of fuels,2016.0,14131384.0,14131384.0,0.0,0.0,0.0
Hungary,20 Combustion of fuels,2017.0,14162686.0,14162686.0,0.0,0.0,0.0
Hungary,20 Combustion of fuels,2018.0,13593185.0,13593185.0,0.0,0.0,0.0
Hungary,20 Combustion of fuels,2019.0,12939552.0,12939552.0,0.0,0.0,0.0
Hungary,20 Combustion of fuels,2020.0,12651080.0,12651080.0,0.0,0.0,0.0
Hungary,20 Combustion of fuels,2021.0,11591087.0,11591087.0,0.0,0.0,0.0
Hungary,20 Combustion of fuels,2022.0,10892272.0,10892272.0,0.0,0.0,0.0
Hungary,20 Combustion of fuels,2023.0,9359669.0,9359669.0,0.0,0.0,0.0
Hungary,20-99 All stationary installations,2015.0,19649901.0,19649901.0,0.0,0.0,0.0
Hungary,20-99 All stationary installations,2016.0,19400528.0,19400528.0,0.0,0.0,0.0
Hungary,20-99 All stationary installations,2017.0,20642090.0,20642090.0,0.0,0.0,0.0
Hungary,20-99 All stationary installations,2018.0,20054307.0,20054307.0,0.0,0.0,0.0
Hungary,20-99 All stationary installations,2019.0,19527471.0,19527471.0,0.0,0.0,0.0
Hungary,20-99 All stationary installations,2020.0,18904209.0,18904209.0,0.0,0.0,0.0
Hungary,20-99 All stationary installations,2021.0,17615142.0,17615142.0,0.0,0.0,0.0
Hungary,20-99 All stationary installations,2022.0,15558989.0,15558989.0,0.0,0.0,0.0
Hungary,20-99 All stationary installations,2023.0,13436680.0,13436680.0,0.0,0.0,0.0
Hungary,21-99 All industrial installations (excl. combustion),2015.0,5613411.0,5613411.0,0.0,0.0,0.0
Hungary,21-99 All industrial installations (excl. combustion),2016.0,5269144.0,5269144.0,0.0,0.0,0.0
Hungary,21-99 All industrial installations (excl. combustion),2017.0,6479404.0,6479404.0,0.0,0.0,0.0
Hungary,21-99 All industrial installations (excl. combustion),2018.0,6461122.0,6461122.0,0.0,0.0,0.0
Hungary,21-99 All industrial installations (excl. combustion),2019.0,6587919.0,6587919.0,0.0,0.0,0.0
Hungary,21-99 All industrial installations (excl. combustion),2020.0,6253129.0,6253129.0,0.0,0.0,0.0
Hungary,21-99 All industrial installations (excl. combustion),2021.0,6024055.0,6024055.0,0.0,0.0,0.0
Hungary,21-99 All industrial installations (excl. combustion),2022.0,4666717.0,4666717.0,0.0,0.0,0.0
Hungary,21-99 All industrial installations (excl. combustion),2023.0,4077011.0,4077011.0,0.0,0.0,0.0
Hungary,22  Production of coke,2015.0,198565.0,198565.0,0.0,0.0,0.0
Hungary,22  Production of coke,2016.0,178756.0,178756.0,0.0,0.0,0.0
Hungary,22  Production of coke,2017.0,179754.0,179754.0,0.0,0.0,0.0
Hungary,22  Production of coke,2018.0,262765.0,262765.0,0.0,0.0,0.0
Hungary,22  Production of coke,2019.0,247187.0,247187.0,0.0,0.0,0.0
Hungary,22  Production of coke,2020.0,148233.0,148233.0,0.0,0.0,0.0
Hungary,22  Production of coke,2021.0,141838.0,141838.0,0.0,0.0,0.0
Hungary,22  Production of coke,2022.0,65550.0,65550.0,0.0,0.0,0.0
Hungary,22  Production of coke,2023.0,82221.0,82221.0,0.0,0.0,0.0
Hungary,23 Metal ore roasting or sintering,2015.0,268508.0,268508.0,0.0,0.0,0.0
Hungary,23 Metal ore roasting or sintering,2016.0,202133.0,202133.0,0.0,0.0,0.0
Hungary,23 Metal ore roasting or sintering,2017.0,257180.0,257180.0,0.0,0.0,0.0
Hungary,23 Metal ore roasting or sintering,2018.0,265219.0,265219.0,0.0,0.0,0.0
Hungary,23 Metal ore roasting or sintering,2019.0,261544.0,261544.0,0.0,0.0,0.0
Hungary,23 Metal ore roasting or sintering,2020.0,258715.0,258715.0,0.0,0.0,0.0
Hungary,23 Metal ore roasting or sintering,2021.0,190699.0,190699.0,0.0,0.0,0.0
Hungary,23 Metal ore roasting or sintering,2022.0,165106.0,165106.0,0.0,0.0,0.0
Hungary,23 Metal ore roasting or sintering,2023.0,73726.0,73726.0,0.0,0.0,0.0
Hungary,24  Production of pig iron or steel,2015.0,844864.0,844864.0,0.0,0.0,0.0
Hungary,24  Production of pig iron or steel,2016.0,608837.0,608837.0,0.0,0.0,0.0
Hungary,24  Production of pig iron or steel,2017.0,883692.0,883692.0,0.0,0.0,0.0
Hungary,24  Production of pig iron or steel,2018.0,788606.0,788606.0,0.0,0.0,0.0
Hungary,24  Production of pig iron or steel,2019.0,830014.0,830014.0,0.0,0.0,0.0
Hungary,24  Production of pig iron or steel,2020.0,756094.0,756094.0,0.0,0.0,0.0
Hungary,24  Production of pig iron or steel,2021.0,567294.0,567294.0,0.0,0.0,0.0
Hungary,24  Production of pig iron or steel,2022.0,449869.0,449869.0,0.0,0.0,0.0
Hungary,24  Production of pig iron or steel,2023.0,225714.0,225714.0,0.0,0.0,0.0
Hungary,25 Production or processing of ferrous metals,2015.0,148868.0,148868.0,0.0,0.0,0.0
Hungary,25 Production or processing of ferrous metals,2016.0,137692.0,137692.0,0.0,0.0,0.0
Hungary,25 Production or processing of ferrous metals,2017.0,153629.0,153629.0,0.0,0.0,0.0
Hungary,25 Production or processing of ferrous metals,2018.0,162424.0,162424.0,0.0,0.0,0.0
Hungary,25 Production or processing of ferrous metals,2019.0,144473.0,144473.0,0.0,0.0,0.0
Hungary,25 Production or processing of ferrous metals,2020.0,128014.0,128014.0,0.0,0.0,0.0
Hungary,25 Production or processing of ferrous metals,2021.0,87756.0,87756.0,0.0,0.0,0.0
Hungary,25 Production or processing of ferrous metals,2022.0,63583.0,63583.0,0.0,0.0,0.0
Hungary,25 Production or processing of ferrous metals,2023.0,26149.0,26149.0,0.0,0.0,0.0
Hungary,27 Production of secondary aluminium,2015.0,76303.0,76303.0,0.0,0.0,0.0
Hungary,27 Production of secondary aluminium,2016.0,77118.0,77118.0,0.0,0.0,0.0
Hungary,27 Production of secondary aluminium,2017.0,79108.0,79108.0,0.0,0.0,0.0
Hungary,27 Production of secondary aluminium,2018.0,79356.0,79356.0,0.0,0.0,0.0
Hungary,27 Production of secondary aluminium,2019.0,78225.0,78225.0,0.0,0.0,0.0
Hungary,27 Production of secondary aluminium,2020.0,58694.0,58694.0,0.0,0.0,0.0
Hungary,27 Production of secondary aluminium,2021.0,63784.0,63784.0,0.0,0.0,0.0
Hungary,27 Production of secondary aluminium,2022.0,58849.0,58849.0,0.0,0.0,0.0
Hungary,27 Production of secondary aluminium,2023.0,56205.0,56205.0,0.0,0.0,0.0
Hungary,29 Production of cement clinker,2015.0,1050579.0,1050579.0,0.0,0.0,0.0
Hungary,29 Production of cement clinker,2016.0,1084386.0,1084386.0,0.0,0.0,0.0
Hungary,29 Production of cement clinker,2017.0,1219485.0,1219485.0,0.0,0.0,0.0
Hungary,29 Production of cement clinker,2018.0,1365861.0,1365861.0,0.0,0.0,0.0
Hungary,29 Production of cement clinker,2019.0,1556162.0,1556162.0,0.0,0.0,0.0
Hungary,29 Production of cement clinker,2020.0,1396691.0,1396691.0,0.0,0.0,0.0
Hungary,29 Production of cement clinker,2021.0,1512101.0,1512101.0,0.0,0.0,0.0
Hungary,29 Production of cement clinker,2022.0,1222713.0,1222713.0,0.0,0.0,0.0
Hungary,29 Production of cement clinker,2023.0,813703.0,813703.0,0.0,0.0,0.0
Hungary,"30 Production of lime, or calcination of dolomite/magnesite",2015.0,218283.0,218283.0,0.0,0.0,0.0
Hungary,"30 Production of lime, or calcination of dolomite/magnesite",2016.0,183741.0,183741.0,0.0,0.0,0.0
Hungary,"30 Production of lime, or calcination of dolomite/magnesite",2017.0,247337.0,247337.0,0.0,0.0,0.0
Hungary,"30 Production of lime, or calcination of dolomite/magnesite",2018.0,249512.0,249512.0,0.0,0.0,0.0
Hungary,"30 Production of lime, or calcination of dolomite/magnesite",2019.0,208094.0,208094.0,0.0,0.0,0.0
Hungary,"30 Production of lime, or calcination of dolomite/magnesite",2020.0,204385.0,204385.0,0.0,0.0,0.0
Hungary,"30 Production of lime, or calcination of dolomite/magnesite",2021.0,160961.0,160961.0,0.0,0.0,0.0
Hungary,"30 Production of lime, or calcination of dolomite/magnesite",2022.0,152176.0,152176.0,0.0,0.0,0.0
Hungary,"30 Production of lime, or calcination of dolomite/magnesite",2023.0,91695.0,91695.0,0.0,0.0,0.0
Hungary,31 Manufacture of glass,2015.0,201030.0,201030.0,0.0,0.0,0.0
Hungary,31 Manufacture of glass,2016.0,206894.0,206894.0,0.0,0.0,0.0
Hungary,31 Manufacture of glass,2017.0,207105.0,207105.0,0.0,0.0,0.0
Hungary,31 Manufacture of glass,2018.0,184238.0,184238.0,0.0,0.0,0.0
Hungary,31 Manufacture of glass,2019.0,200293.0,200293.0,0.0,0.0,0.0
Hungary,31 Manufacture of glass,2020.0,180584.0,180584.0,0.0,0.0,0.0
Hungary,31 Manufacture of glass,2021.0,165907.0,165907.0,0.0,0.0,0.0
Hungary,31 Manufacture of glass,2022.0,132086.0,132086.0,0.0,0.0,0.0
Hungary,31 Manufacture of glass,2023.0,65321.0,65321.0,0.0,0.0,0.0
Hungary,32 Manufacture of ceramics,2015.0,248873.0,248873.0,0.0,0.0,0.0
Hungary,32 Manufacture of ceramics,2016.0,286690.0,286690.0,0.0,0.0,0.0
Hungary,32 Manufacture of ceramics,2017.0,313827.0,313827.0,0.0,0.0,0.0
Hungary,32 Manufacture of ceramics,2018.0,334027.0,334027.0,0.0,0.0,0.0
Hungary,32 Manufacture of ceramics,2019.0,339618.0,339618.0,0.0,0.0,0.0
Hungary,32 Manufacture of ceramics,2020.0,270321.0,270321.0,0.0,0.0,0.0
Hungary,32 Manufacture of ceramics,2021.0,296101.0,296101.0,0.0,0.0,0.0
Hungary,32 Manufacture of ceramics,2022.0,260782.0,260782.0,0.0,0.0,0.0
Hungary,32 Manufacture of ceramics,2023.0,155622.0,155622.0,0.0,0.0,0.0
Hungary,33 Manufacture of mineral wool,2015.0,28771.0,28771.0,0.0,0.0,0.0
Hungary,33 Manufacture of mineral wool,2016.0,28271.0,28271.0,0.0,0.0,0.0
Hungary,33 Manufacture of mineral wool,2017.0,28418.0,28418.0,0.0,0.0,0.0
Hungary,33 Manufacture of mineral wool,2018.0,27983.0,27983.0,0.0,0.0,0.0
Hungary,33 Manufacture of mineral wool,2019.0,24572.0,24572.0,0.0,0.0,0.0
Hungary,33 Manufacture of mineral wool,2020.0,24879.0,24879.0,0.0,0.0,0.0
Hungary,33 Manufacture of mineral wool,2021.0,28852.0,28852.0,0.0,0.0,0.0
Hungary,33 Manufacture of mineral wool,2022.0,35931.0,35931.0,0.0,0.0,0.0
Hungary,33 Manufacture of mineral wool,2023.0,41370.0,41370.0,0.0,0.0,0.0
Hungary,35 Production of pulp,2020.0,268.0,268.0,0.0,0.0,0.0
Hungary,35 Production of pulp,2021.0,9818.0,9818.0,0.0,0.0,0.0
Hungary,35 Production of pulp,2022.0,5815.0,5815.0,0.0,0.0,0.0
Hungary,35 Production of pulp,2023.0,10172.0,10172.0,0.0,0.0,0.0
Hungary,36 Production of paper or cardboard,2015.0,38671.0,38671.0,0.0,0.0,0.0
Hungary,36 Production of paper or cardboard,2016.0,40749.0,40749.0,0.0,0.0,0.0
Hungary,36 Production of paper or cardboard,2017.0,414735.0,414735.0,0.0,0.0,0.0
Hungary,36 Production of paper or cardboard,2018.0,364440.0,364440.0,0.0,0.0,0.0
Hungary,36 Production of paper or cardboard,2019.0,403129.0,403129.0,0.0,0.0,0.0
Hungary,36 Production of paper or cardboard,2020.0,349193.0,349193.0,0.0,0.0,0.0
Hungary,36 Production of paper or cardboard,2021.0,303625.0,303625.0,0.0,0.0,0.0
Hungary,36 Production of paper or cardboard,2022.0,325754.0,325754.0,0.0,0.0,0.0
Hungary,36 Production of paper or cardboard,2023.0,316835.0,316835.0,0.0,0.0,0.0
Hungary,37 Production of carbon black,2015.0,187479.0,187479.0,0.0,0.0,0.0
Hungary,37 Production of carbon black,2016.0,201654.0,201654.0,0.0,0.0,0.0
Hungary,37 Production of carbon black,2017.0,193056.0,193056.0,0.0,0.0,0.0
Hungary,37 Production of carbon black,2018.0,217988.0,217988.0,0.0,0.0,0.0
Hungary,37 Production of carbon black,2019.0,205935.0,205935.0,0.0,0.0,0.0
Hungary,37 Production of carbon black,2020.0,199525.0,199525.0,0.0,0.0,0.0
Hungary,37 Production of carbon black,2021.0,227430.0,227430.0,0.0,0.0,0.0
Hungary,37 Production of carbon black,2022.0,195370.0,195370.0,0.0,0.0,0.0
Hungary,37 Production of carbon black,2023.0,194194.0,194194.0,0.0,0.0,0.0
Hungary,41 Production of ammonia,2015.0,768493.0,768493.0,0.0,0.0,0.0
Hungary,41 Production of ammonia,2016.0,864224.0,864224.0,0.0,0.0,0.0
Hungary,41 Production of ammonia,2017.0,1002888.0,1002888.0,0.0,0.0,0.0
Hungary,41 Production of ammonia,2018.0,805238.0,805238.0,0.0,0.0,0.0
Hungary,41 Production of ammonia,2019.0,811610.0,811610.0,0.0,0.0,0.0
Hungary,41 Production of ammonia,2020.0,980681.0,980681.0,0.0,0.0,0.0
Hungary,41 Production of ammonia,2021.0,903128.0,903128.0,0.0,0.0,0.0
Hungary,41 Production of ammonia,2022.0,463041.0,463041.0,0.0,0.0,0.0
Hungary,41 Production of ammonia,2023.0,713347.0,713347.0,0.0,0.0,0.0
Hungary,42 Production of bulk chemicals,2015.0,1217923.0,1217923.0,0.0,0.0,0.0
Hungary,42 Production of bulk chemicals,2016.0,1057168.0,1057168.0,0.0,0.0,0.0
Hungary,42 Production of bulk chemicals,2017.0,1166936.0,1166936.0,0.0,0.0,0.0
Hungary,42 Production of bulk chemicals,2018.0,1199689.0,1199689.0,0.0,0.0,0.0
Hungary,42 Production of bulk chemicals,2019.0,1121990.0,1121990.0,0.0,0.0,0.0
Hungary,42 Production of bulk chemicals,2020.0,1166775.0,1166775.0,0.0,0.0,0.0
Hungary,42 Production of bulk chemicals,2021.0,1198956.0,1198956.0,0.0,0.0,0.0
Hungary,42 Production of bulk chemicals,2022.0,934048.0,934048.0,0.0,0.0,0.0
Hungary,42 Production of bulk chemicals,2023.0,1001495.0,1001495.0,0.0,0.0,0.0
Hungary,43 Production of hydrogen and synthesis gas,2015.0,116201.0,116201.0,0.0,0.0,0.0
Hungary,43 Production of hydrogen and synthesis gas,2016.0,110831.0,110831.0,0.0,0.0,0.0
Hungary,43 Production of hydrogen and synthesis gas,2017.0,132254.0,132254.0,0.0,0.0,0.0
Hungary,43 Production of hydrogen and synthesis gas,2018.0,153776.0,153776.0,0.0,0.0,0.0
Hungary,43 Production of hydrogen and synthesis gas,2019.0,155073.0,155073.0,0.0,0.0,0.0
Hungary,43 Production of hydrogen and synthesis gas,2020.0,130077.0,130077.0,0.0,0.0,0.0
Hungary,43 Production of hydrogen and synthesis gas,2021.0,153284.0,153284.0,0.0,0.0,0.0
Hungary,43 Production of hydrogen and synthesis gas,2022.0,110762.0,110762.0,0.0,0.0,0.0
Hungary,43 Production of hydrogen and synthesis gas,2023.0,181572.0,181572.0,0.0,0.0,0.0
Hungary,99 Other activity opted-in under Art. 24,2021.0,12521.0,12521.0,0.0,0.0,0.0
Hungary,99 Other activity opted-in under Art. 24,2022.0,25282.0,25282.0,0.0,0.0,0.0
Hungary,99 Other activity opted-in under Art. 24,2023.0,27670.0,27670.0,0.0,0.0,0.0
Iceland,10 Aviation,2015.0,548420.0,548420.0,0.0,0.0,0.0
Iceland,10 Aviation,2016.0,721558.0,721558.0,0.0,0.0,0.0
Iceland,10 Aviation,2017.0,816258.0,816258.0,0.0,0.0,0.0
Iceland,10 Aviation,2018.0,823044.0,823044.0,0.0,0.0,0.0
Iceland,10 Aviation,2019.0,598093.0,598093.0,0.0,0.0,0.0
Iceland,10 Aviation,2020.0,188420.0,95372.0,49.38329264409298,0.6942239305829013,-0.32927204350682926
Iceland,10 Aviation,2021.0,262735.0,133757.5,49.09033817344473,0.6882417243666767,-0.32737728102473995
Iceland,10 Aviation,2022.0,527544.0,268648.0,49.075716907025765,0.6879454374975638,-0.32728328519103056
Iceland,10 Aviation,2023.0,599044.0,305014.5,49.0831224417572,0.6880954770401843,-0.32733088645512476
Iceland,20 Combustion of fuels,2015.0,1274.0,1274.0,0.0,0.0,0.0
Iceland,20 Combustion of fuels,2016.0,5669.0,5669.0,0.0,0.0,0.0
Iceland,20 Combustion of fuels,2017.0,1755.0,1755.0,0.0,0.0,0.0
Iceland,20 Combustion of fuels,2018.0,2483.0,2483.0,0.0,0.0,0.0
Iceland,20 Combustion of fuels,2019.0,574.0,574.0,0.0,0.0,0.0
Iceland,20 Combustion of fuels,2020.0,419.0,419.0,0.0,0.0,0.0
Iceland,20 Combustion of fuels,2021.0,30.0,30.0,0.0,0.0,0.0
Iceland,20 Combustion of fuels,2022.0,48.0,48.0,0.0,0.0,0.0
Iceland,20 Combustion of fuels,2023.0,57.0,57.0,0.0,0.0,0.0
Iceland,20-99 All stationary installations,2015.0,1812042.0,1812042.0,0.0,0.0,0.0
Iceland,20-99 All stationary installations,2016.0,1780965.0,1780965.0,0.0,0.0,0.0
Iceland,20-99 All stationary installations,2017.0,1831667.0,1831667.0,0.0,0.0,0.0
Iceland,20-99 All stationary installations,2018.0,1854685.0,1854685.0,0.0,0.0,0.0
Iceland,20-99 All stationary installations,2019.0,1812708.0,1812708.0,0.0,0.0,0.0
Iceland,20-99 All stationary installations,2020.0,1780064.0,1780064.0,0.0,0.0,0.0
Iceland,20-99 All stationary installations,2021.0,1843588.0,1843588.0,0.0,0.0,0.0
Iceland,20-99 All stationary installations,2022.0,1875076.0,1875076.0,0.0,0.0,0.0
Iceland,20-99 All stationary installations,2023.0,1812530.0,1812530.0,0.0,0.0,0.0
Iceland,21-99 All industrial installations (excl. combustion),2015.0,1810768.0,1810768.0,0.0,0.0,0.0
Iceland,21-99 All industrial installations (excl. combustion),2016.0,1775296.0,1775296.0,0.0,0.0,0.0
Iceland,21-99 All industrial installations (excl. combustion),2017.0,1829912.0,1829912.0,0.0,0.0,0.0
Iceland,21-99 All industrial installations (excl. combustion),2018.0,1852202.0,1852202.0,0.0,0.0,0.0
Iceland,21-99 All industrial installations (excl. combustion),2019.0,1812134.0,1812134.0,0.0,0.0,0.0
Iceland,21-99 All industrial installations (excl. combustion),2020.0,1779645.0,1779645.0,0.0,0.0,0.0
Iceland,21-99 All industrial installations (excl. combustion),2021.0,1843558.0,1843558.0,0.0,0.0,0.0
Iceland,21-99 All industrial installations (excl. combustion),2022.0,1875028.0,1875028.0,0.0,0.0,0.0
Iceland,21-99 All industrial installations (excl. combustion),2023.0,1812473.0,1812473.0,0.0,0.0,0.0
Iceland,25 Production or processing of ferrous metals,2015.0,401844.0,401844.0,0.0,0.0,0.0
Iceland,25 Production or processing of ferrous metals,2016.0,402484.0,402484.0,0.0,0.0,0.0
Iceland,25 Production or processing of ferrous metals,2017.0,402088.0,402088.0,0.0,0.0,0.0
Iceland,25 Production or processing of ferrous metals,2018.0,403336.0,403336.0,0.0,0.0,0.0
Iceland,25 Production or processing of ferrous metals,2019.0,332149.0,332149.0,0.0,0.0,0.0
Iceland,25 Production or processing of ferrous metals,2020.0,357622.0,357622.0,0.0,0.0,0.0
Iceland,25 Production or processing of ferrous metals,2021.0,375893.0,375893.0,0.0,0.0,0.0
Iceland,25 Production or processing of ferrous metals,2022.0,361901.0,361901.0,0.0,0.0,0.0
Iceland,25 Production or processing of ferrous metals,2023.0,323557.0,323557.0,0.0,0.0,0.0
Iceland,26 Production of primary aluminium,2015.0,1408924.0,1408924.0,0.0,0.0,0.0
Iceland,26 Production of primary aluminium,2016.0,1369083.0,1369083.0,0.0,0.0,0.0
Iceland,26 Production of primary aluminium,2017.0,1400184.0,1400184.0,0.0,0.0,0.0
Iceland,26 Production of primary aluminium,2018.0,1398464.0,1398464.0,0.0,0.0,0.0
Iceland,26 Production of primary aluminium,2019.0,1381580.0,1381580.0,0.0,0.0,0.0
Iceland,26 Production of primary aluminium,2020.0,1363057.0,1363057.0,0.0,0.0,0.0
Iceland,26 Production of primary aluminium,2021.0,1370327.0,1370327.0,0.0,0.0,0.0
Iceland,26 Production of primary aluminium,2022.0,1360453.0,1360453.0,0.0,0.0,0.0
Iceland,26 Production of primary aluminium,2023.0,1406837.0,1406837.0,0.0,0.0,0.0
Iceland,28 Production or processing of non-ferrous metals,2016.0,3729.0,3729.0,0.0,0.0,0.0
Iceland,28 Production or processing of non-ferrous metals,2017.0,27640.0,27640.0,0.0,0.0,0.0
Iceland,28 Production or processing of non-ferrous metals,2018.0,50402.0,50402.0,0.0,0.0,0.0
Iceland,28 Production or processing of non-ferrous metals,2019.0,98405.0,98405.0,0.0,0.0,0.0
Iceland,28 Production or processing of non-ferrous metals,2020.0,58966.0,58966.0,0.0,0.0,0.0
Iceland,28 Production or processing of non-ferrous metals,2021.0,97338.0,97338.0,0.0,0.0,0.0
Iceland,28 Production or processing of non-ferrous metals,2022.0,152674.0,152674.0,0.0,0.0,0.0
Iceland,28 Production or processing of non-ferrous metals,2023.0,82079.0,82079.0,0.0,0.0,0.0
Ireland,10 Aviation,2015.0,8581188.0,8581188.0,0.0,0.0,0.0
Ireland,10 Aviation,2016.0,10466992.0,10466992.0,0.0,0.0,0.0
Ireland,10 Aviation,2017.0,11641107.0,11641107.0,0.0,0.0,0.0
Ireland,10 Aviation,2018.0,12432020.0,12432020.0,0.0,0.0,0.0
Ireland,10 Aviation,2019.0,12779954.0,12779954.0,0.0,0.0,0.0
Ireland,10 Aviation,2020.0,4747229.0,2375906.5,49.95171920292869,0.706083825961137,-0.333011771857745
Ireland,10 Aviation,2021.0,5291240.0,2646477.0,49.983803418480356,0.7067633388883596,-0.3332253910891094
Ireland,10 Aviation,2022.0,10273565.0,5143946.5,49.93026763348458,0.70563010986197,-0.33286909833399947
Ireland,10 Aviation,2023.0,11241371.0,5628549.0,49.930048567919336,0.7056254789770776,-0.3328676419683534
Ireland,20 Combustion of fuels,2015.0,13596042.0,13596042.0,0.0,0.0,0.0
Ireland,20 Combustion of fuels,2016.0,14379576.0,14379576.0,0.0,0.0,0.0
Ireland,20 Combustion of fuels,2017.0,13437044.0,13437044.0,0.0,0.0,0.0
Ireland,20 Combustion of fuels,2018.0,11952318.0,11952318.0,0.0,0.0,0.0
Ireland,20 Combustion of fuels,2019.0,10722808.0,10722808.0,0.0,0.0,0.0
Ireland,20 Combustion of fuels,2020.0,10070588.0,10070588.0,0.0,0.0,0.0
Ireland,20 Combustion of fuels,2021.0,11609823.0,11609823.0,0.0,0.0,0.0
Ireland,20 Combustion of fuels,2022.0,11302848.0,11302848.0,0.0,0.0,0.0
Ireland,20 Combustion of fuels,2023.0,9025279.0,9025279.0,0.0,0.0,0.0
Ireland,20-99 All stationary installations,2015.0,16828719.0,16828719.0,0.0,0.0,0.0
Ireland,20-99 All stationary installations,2016.0,17738632.0,17738632.0,0.0,0.0,0.0
Ireland,20-99 All stationary installations,2017.0,16895726.0,16895726.0,0.0,0.0,0.0
Ireland,20-99 All stationary installations,2018.0,15527076.0,15527076.0,0.0,0.0,0.0
Ireland,20-99 All stationary installations,2019.0,14162311.0,14162311.0,0.0,0.0,0.0
Ireland,20-99 All stationary installations,2020.0,13296424.0,13296424.0,0.0,0.0,0.0
Ireland,20-99 All stationary installations,2021.0,15320020.0,15320020.0,0.0,0.0,0.0
Ireland,20-99 All stationary installations,2022.0,14686119.0,14686119.0,0.0,0.0,0.0
Ireland,20-99 All stationary installations,2023.0,12188688.0,12188688.0,0.0,0.0,0.0
Ireland,21  Refining of mineral oil,2015.0,358459.0,358459.0,0.0,0.0,0.0
Ireland,21  Refining of mineral oil,2016.0,313412.0,313412.0,0.0,0.0,0.0
Ireland,21  Refining of mineral oil,2017.0,310947.0,310947.0,0.0,0.0,0.0
Ireland,21  Refining of mineral oil,2018.0,321932.0,321932.0,0.0,0.0,0.0
Ireland,21  Refining of mineral oil,2019.0,274295.0,274295.0,0.0,0.0,0.0
Ireland,21  Refining of mineral oil,2020.0,300762.0,300762.0,0.0,0.0,0.0
Ireland,21  Refining of mineral oil,2021.0,294148.0,294148.0,0.0,0.0,0.0
Ireland,21  Refining of mineral oil,2022.0,308081.0,308081.0,0.0,0.0,0.0
Ireland,21  Refining of mineral oil,2023.0,286922.0,286922.0,0.0,0.0,0.0
Ireland,21-99 All industrial installations (excl. combustion),2015.0,3232677.0,3232677.0,0.0,0.0,0.0
Ireland,21-99 All industrial installations (excl. combustion),2016.0,3359056.0,3359056.0,0.0,0.0,0.0
Ireland,21-99 All industrial installations (excl. combustion),2017.0,3458682.0,3458682.0,0.0,0.0,0.0
Ireland,21-99 All industrial installations (excl. combustion),2018.0,3574758.0,3574758.0,0.0,0.0,0.0
Ireland,21-99 All industrial installations (excl. combustion),2019.0,3439503.0,3439503.0,0.0,0.0,0.0
Ireland,21-99 All industrial installations (excl. combustion),2020.0,3225836.0,3225836.0,0.0,0.0,0.0
Ireland,21-99 All industrial installations (excl. combustion),2021.0,3710197.0,3710197.0,0.0,0.0,0.0
Ireland,21-99 All industrial installations (excl. combustion),2022.0,3383271.0,3383271.0,0.0,0.0,0.0
Ireland,21-99 All industrial installations (excl. combustion),2023.0,3163409.0,3163409.0,0.0,0.0,0.0
Ireland,29 Production of cement clinker,2015.0,2545723.0,2545723.0,0.0,0.0,0.0
Ireland,29 Production of cement clinker,2016.0,2718717.0,2718717.0,0.0,0.0,0.0
Ireland,29 Production of cement clinker,2017.0,2775901.0,2775901.0,0.0,0.0,0.0
Ireland,29 Production of cement clinker,2018.0,2906680.0,2906680.0,0.0,0.0,0.0
Ireland,29 Production of cement clinker,2019.0,2847695.0,2847695.0,0.0,0.0,0.0
Ireland,29 Production of cement clinker,2020.0,2683970.0,2683970.0,0.0,0.0,0.0
Ireland,29 Production of cement clinker,2021.0,3134898.0,3134898.0,0.0,0.0,0.0
Ireland,29 Production of cement clinker,2022.0,2878968.0,2878968.0,0.0,0.0,0.0
Ireland,29 Production of cement clinker,2023.0,2701857.0,2701857.0,0.0,0.0,0.0
Ireland,"30 Production of lime, or calcination of dolomite/magnesite",2015.0,305492.0,305492.0,0.0,0.0,0.0
Ireland,"30 Production of lime, or calcination of dolomite/magnesite",2016.0,295625.0,295625.0,0.0,0.0,0.0
Ireland,"30 Production of lime, or calcination of dolomite/magnesite",2017.0,336046.0,336046.0,0.0,0.0,0.0
Ireland,"30 Production of lime, or calcination of dolomite/magnesite",2018.0,309707.0,309707.0,0.0,0.0,0.0
Ireland,"30 Production of lime, or calcination of dolomite/magnesite",2019.0,275448.0,275448.0,0.0,0.0,0.0
Ireland,"30 Production of lime, or calcination of dolomite/magnesite",2020.0,206983.0,206983.0,0.0,0.0,0.0
Ireland,"30 Production of lime, or calcination of dolomite/magnesite",2021.0,242198.0,242198.0,0.0,0.0,0.0
Ireland,"30 Production of lime, or calcination of dolomite/magnesite",2022.0,156461.0,156461.0,0.0,0.0,0.0
Ireland,"30 Production of lime, or calcination of dolomite/magnesite",2023.0,139686.0,139686.0,0.0,0.0,0.0
Ireland,32 Manufacture of ceramics,2015.0,2622.0,2622.0,0.0,0.0,0.0
Ireland,32 Manufacture of ceramics,2016.0,4386.0,4386.0,0.0,0.0,0.0
Ireland,32 Manufacture of ceramics,2017.0,5085.0,5085.0,0.0,0.0,0.0
Ireland,32 Manufacture of ceramics,2018.0,4979.0,4979.0,0.0,0.0,0.0
Ireland,32 Manufacture of ceramics,2019.0,4826.0,4826.0,0.0,0.0,0.0
Ireland,32 Manufacture of ceramics,2020.0,4059.0,4059.0,0.0,0.0,0.0
Ireland,32 Manufacture of ceramics,2021.0,4691.0,4691.0,0.0,0.0,0.0
Ireland,32 Manufacture of ceramics,2022.0,4069.0,4069.0,0.0,0.0,0.0
Ireland,32 Manufacture of ceramics,2023.0,4054.0,4054.0,0.0,0.0,0.0
Ireland,34 Production or processing of gypsum or plasterboard,2015.0,20381.0,20381.0,0.0,0.0,0.0
Ireland,34 Production or processing of gypsum or plasterboard,2016.0,26916.0,26916.0,0.0,0.0,0.0
Ireland,34 Production or processing of gypsum or plasterboard,2017.0,30703.0,30703.0,0.0,0.0,0.0
Ireland,34 Production or processing of gypsum or plasterboard,2018.0,31460.0,31460.0,0.0,0.0,0.0
Ireland,34 Production or processing of gypsum or plasterboard,2019.0,37239.0,37239.0,0.0,0.0,0.0
Ireland,34 Production or processing of gypsum or plasterboard,2020.0,30062.0,30062.0,0.0,0.0,0.0
Ireland,34 Production or processing of gypsum or plasterboard,2021.0,34262.0,34262.0,0.0,0.0,0.0
Ireland,34 Production or processing of gypsum or plasterboard,2022.0,35692.0,35692.0,0.0,0.0,0.0
Ireland,34 Production or processing of gypsum or plasterboard,2023.0,30890.0,30890.0,0.0,0.0,0.0
Italy,10 Aviation,2015.0,4553160.0,4553160.0,0.0,0.0,0.0
Italy,10 Aviation,2016.0,4637171.0,4637171.0,0.0,0.0,0.0
Italy,10 Aviation,2017.0,4586581.0,4586581.0,0.0,0.0,0.0
Italy,10 Aviation,2018.0,4592165.0,4592165.0,0.0,0.0,0.0
Italy,10 Aviation,2019.0,4618070.0,4618070.0,0.0,0.0,0.0
Italy,10 Aviation,2020.0,1655603.0,844065.5,49.0176388904828,0.6867706683578424,-0.32691045106491523
Italy,10 Aviation,2021.0,1073609.0,540355.0,49.66929301077022,0.700149084254232,-0.33114310653798573
Italy,10 Aviation,2022.0,1982557.0,996840.5,49.71945321118132,0.7011970159170502,-0.3314734570542295
Italy,10 Aviation,2023.0,2391265.0,1233742.0,48.40630377645304,0.6746089161413465,-0.3230368802121242
Italy,20 Combustion of fuels,2015.0,104769739.0,104769739.0,0.0,0.0,0.0
Italy,20 Combustion of fuels,2016.0,102977753.0,102977753.0,0.0,0.0,0.0
Italy,20 Combustion of fuels,2017.0,103737223.0,103737223.0,0.0,0.0,0.0
Italy,20 Combustion of fuels,2018.0,95031862.0,95031862.0,0.0,0.0,0.0
Italy,20 Combustion of fuels,2019.0,89855272.0,89855272.0,0.0,0.0,0.0
Italy,20 Combustion of fuels,2020.0,81293264.0,81293264.0,0.0,0.0,0.0
Italy,20 Combustion of fuels,2021.0,83890037.0,83890037.0,0.0,0.0,0.0
Italy,20 Combustion of fuels,2022.0,91178441.0,91178441.0,0.0,0.0,0.0
Italy,20 Combustion of fuels,2023.0,71864985.0,71864985.0,0.0,0.0,0.0
Italy,20-99 All stationary installations,2015.0,156206307.0,156206307.0,0.0,0.0,0.0
Italy,20-99 All stationary installations,2016.0,154956291.0,154956291.0,0.0,0.0,0.0
Italy,20-99 All stationary installations,2017.0,155331759.0,155331759.0,0.0,0.0,0.0
Italy,20-99 All stationary installations,2018.0,146482048.0,146482048.0,0.0,0.0,0.0
Italy,20-99 All stationary installations,2019.0,140942002.0,140942002.0,0.0,0.0,0.0
Italy,20-99 All stationary installations,2020.0,126028578.0,126028578.0,0.0,0.0,0.0
Italy,20-99 All stationary installations,2021.0,131474590.0,131474590.0,0.0,0.0,0.0
Italy,20-99 All stationary installations,2022.0,136294720.0,136294720.0,0.0,0.0,0.0
Italy,20-99 All stationary installations,2023.0,114774268.0,114774268.0,0.0,0.0,0.0
Italy,21  Refining of mineral oil,2015.0,12280143.0,12280143.0,0.0,0.0,0.0
Italy,21  Refining of mineral oil,2016.0,12071906.0,12071906.0,0.0,0.0,0.0
Italy,21  Refining of mineral oil,2017.0,11698849.0,11698849.0,0.0,0.0,0.0
Italy,21  Refining of mineral oil,2018.0,11281623.0,11281623.0,0.0,0.0,0.0
Italy,21  Refining of mineral oil,2019.0,11362659.0,11362659.0,0.0,0.0,0.0
Italy,21  Refining of mineral oil,2020.0,9613725.0,9613725.0,0.0,0.0,0.0
Italy,21  Refining of mineral oil,2021.0,9850196.0,9850196.0,0.0,0.0,0.0
Italy,21  Refining of mineral oil,2022.0,10543856.0,10543856.0,0.0,0.0,0.0
Italy,21  Refining of mineral oil,2023.0,10448276.0,10448276.0,0.0,0.0,0.0
Italy,21-99 All industrial installations (excl. combustion),2015.0,51436568.0,51436568.0,0.0,0.0,0.0
Italy,21-99 All industrial installations (excl. combustion),2016.0,51978538.0,51978538.0,0.0,0.0,0.0
Italy,21-99 All industrial installations (excl. combustion),2017.0,51594536.0,51594536.0,0.0,0.0,0.0
Italy,21-99 All industrial installations (excl. combustion),2018.0,51450186.0,51450186.0,0.0,0.0,0.0
Italy,21-99 All industrial installations (excl. combustion),2019.0,51086730.0,51086730.0,0.0,0.0,0.0
Italy,21-99 All industrial installations (excl. combustion),2020.0,44735314.0,44735314.0,0.0,0.0,0.0
Italy,21-99 All industrial installations (excl. combustion),2021.0,47584553.0,47584553.0,0.0,0.0,0.0
Italy,21-99 All industrial installations (excl. combustion),2022.0,45116279.0,45116279.0,0.0,0.0,0.0
Italy,21-99 All industrial installations (excl. combustion),2023.0,42909283.0,42909283.0,0.0,0.0,0.0
Italy,23 Metal ore roasting or sintering,2015.0,32806.0,32806.0,0.0,0.0,0.0
Italy,23 Metal ore roasting or sintering,2016.0,37756.0,37756.0,0.0,0.0,0.0
Italy,23 Metal ore roasting or sintering,2017.0,36168.0,36168.0,0.0,0.0,0.0
Italy,23 Metal ore roasting or sintering,2018.0,39870.0,39870.0,0.0,0.0,0.0
Italy,23 Metal ore roasting or sintering,2019.0,36960.0,36960.0,0.0,0.0,0.0
Italy,23 Metal ore roasting or sintering,2020.0,28452.0,28452.0,0.0,0.0,0.0
Italy,23 Metal ore roasting or sintering,2021.0,34683.0,34683.0,0.0,0.0,0.0
Italy,23 Metal ore roasting or sintering,2022.0,32715.0,32715.0,0.0,0.0,0.0
Italy,23 Metal ore roasting or sintering,2023.0,27615.0,27615.0,0.0,0.0,0.0
Italy,24  Production of pig iron or steel,2015.0,8971350.0,8971350.0,0.0,0.0,0.0
Italy,24  Production of pig iron or steel,2016.0,9710135.0,9710135.0,0.0,0.0,0.0
Italy,24  Production of pig iron or steel,2017.0,9415225.0,9415225.0,0.0,0.0,0.0
Italy,24  Production of pig iron or steel,2018.0,9276599.0,9276599.0,0.0,0.0,0.0
Italy,24  Production of pig iron or steel,2019.0,8900414.0,8900414.0,0.0,0.0,0.0
Italy,24  Production of pig iron or steel,2020.0,7613674.0,7613674.0,0.0,0.0,0.0
Italy,24  Production of pig iron or steel,2021.0,8443132.0,8443132.0,0.0,0.0,0.0
Italy,24  Production of pig iron or steel,2022.0,7531028.0,7531028.0,0.0,0.0,0.0
Italy,24  Production of pig iron or steel,2023.0,7194352.0,7194352.0,0.0,0.0,0.0
Italy,25 Production or processing of ferrous metals,2015.0,1622703.0,1622703.0,0.0,0.0,0.0
Italy,25 Production or processing of ferrous metals,2016.0,2188338.0,2188338.0,0.0,0.0,0.0
Italy,25 Production or processing of ferrous metals,2017.0,2137960.0,2137960.0,0.0,0.0,0.0
Italy,25 Production or processing of ferrous metals,2018.0,2176616.0,2176616.0,0.0,0.0,0.0
Italy,25 Production or processing of ferrous metals,2019.0,2206762.0,2206762.0,0.0,0.0,0.0
Italy,25 Production or processing of ferrous metals,2020.0,1234174.0,1234174.0,0.0,0.0,0.0
Italy,25 Production or processing of ferrous metals,2021.0,1113336.0,1113336.0,0.0,0.0,0.0
Italy,25 Production or processing of ferrous metals,2022.0,1014961.0,1014961.0,0.0,0.0,0.0
Italy,25 Production or processing of ferrous metals,2023.0,1098524.0,1098524.0,0.0,0.0,0.0
Italy,27 Production of secondary aluminium,2015.0,124427.0,124427.0,0.0,0.0,0.0
Italy,27 Production of secondary aluminium,2016.0,112527.0,112527.0,0.0,0.0,0.0
Italy,27 Production of secondary aluminium,2017.0,110583.0,110583.0,0.0,0.0,0.0
Italy,27 Production of secondary aluminium,2018.0,120422.0,120422.0,0.0,0.0,0.0
Italy,27 Production of secondary aluminium,2019.0,119438.0,119438.0,0.0,0.0,0.0
Italy,27 Production of secondary aluminium,2020.0,122202.0,122202.0,0.0,0.0,0.0
Italy,27 Production of secondary aluminium,2021.0,121971.0,121971.0,0.0,0.0,0.0
Italy,27 Production of secondary aluminium,2022.0,104541.0,104541.0,0.0,0.0,0.0
Italy,27 Production of secondary aluminium,2023.0,102339.0,102339.0,0.0,0.0,0.0
Italy,28 Production or processing of non-ferrous metals,2015.0,507858.0,507858.0,0.0,0.0,0.0
Italy,28 Production or processing of non-ferrous metals,2016.0,505357.0,505357.0,0.0,0.0,0.0
Italy,28 Production or processing of non-ferrous metals,2017.0,576785.0,576785.0,0.0,0.0,0.0
Italy,28 Production or processing of non-ferrous metals,2018.0,592697.0,592697.0,0.0,0.0,0.0
Italy,28 Production or processing of non-ferrous metals,2019.0,581144.0,581144.0,0.0,0.0,0.0
Italy,28 Production or processing of non-ferrous metals,2020.0,523107.0,523107.0,0.0,0.0,0.0
Italy,28 Production or processing of non-ferrous metals,2021.0,538790.0,538790.0,0.0,0.0,0.0
Italy,28 Production or processing of non-ferrous metals,2022.0,491176.0,491176.0,0.0,0.0,0.0
Italy,28 Production or processing of non-ferrous metals,2023.0,424786.0,424786.0,0.0,0.0,0.0
Italy,29 Production of cement clinker,2015.0,13002348.0,13002348.0,0.0,0.0,0.0
Italy,29 Production of cement clinker,2016.0,12176112.0,12176112.0,0.0,0.0,0.0
Italy,29 Production of cement clinker,2017.0,12164419.0,12164419.0,0.0,0.0,0.0
Italy,29 Production of cement clinker,2018.0,12181271.0,12181271.0,0.0,0.0,0.0
Italy,29 Production of cement clinker,2019.0,12430767.0,12430767.0,0.0,0.0,0.0
Italy,29 Production of cement clinker,2020.0,11063050.0,11063050.0,0.0,0.0,0.0
Italy,29 Production of cement clinker,2021.0,12422813.0,12422813.0,0.0,0.0,0.0
Italy,29 Production of cement clinker,2022.0,11159744.0,11159744.0,0.0,0.0,0.0
Italy,29 Production of cement clinker,2023.0,10747452.0,10747452.0,0.0,0.0,0.0
Italy,"30 Production of lime, or calcination of dolomite/magnesite",2015.0,2003389.0,2003389.0,0.0,0.0,0.0
Italy,"30 Production of lime, or calcination of dolomite/magnesite",2016.0,1973624.0,1973624.0,0.0,0.0,0.0
Italy,"30 Production of lime, or calcination of dolomite/magnesite",2017.0,2197315.0,2197315.0,0.0,0.0,0.0
Italy,"30 Production of lime, or calcination of dolomite/magnesite",2018.0,2220299.0,2220299.0,0.0,0.0,0.0
Italy,"30 Production of lime, or calcination of dolomite/magnesite",2019.0,2038540.0,2038540.0,0.0,0.0,0.0
Italy,"30 Production of lime, or calcination of dolomite/magnesite",2020.0,1834938.0,1834938.0,0.0,0.0,0.0
Italy,"30 Production of lime, or calcination of dolomite/magnesite",2021.0,2202986.0,2202986.0,0.0,0.0,0.0
Italy,"30 Production of lime, or calcination of dolomite/magnesite",2022.0,1965187.0,1965187.0,0.0,0.0,0.0
Italy,"30 Production of lime, or calcination of dolomite/magnesite",2023.0,1884117.0,1884117.0,0.0,0.0,0.0
Italy,31 Manufacture of glass,2015.0,2526277.0,2526277.0,0.0,0.0,0.0
Italy,31 Manufacture of glass,2016.0,2609742.0,2609742.0,0.0,0.0,0.0
Italy,31 Manufacture of glass,2017.0,2574824.0,2574824.0,0.0,0.0,0.0
Italy,31 Manufacture of glass,2018.0,2709329.0,2709329.0,0.0,0.0,0.0
Italy,31 Manufacture of glass,2019.0,2708645.0,2708645.0,0.0,0.0,0.0
Italy,31 Manufacture of glass,2020.0,2673555.0,2673555.0,0.0,0.0,0.0
Italy,31 Manufacture of glass,2021.0,2781431.0,2781431.0,0.0,0.0,0.0
Italy,31 Manufacture of glass,2022.0,2768286.0,2768286.0,0.0,0.0,0.0
Italy,31 Manufacture of glass,2023.0,2651004.0,2651004.0,0.0,0.0,0.0
Italy,32 Manufacture of ceramics,2015.0,2532212.0,2532212.0,0.0,0.0,0.0
Italy,32 Manufacture of ceramics,2016.0,2654922.0,2654922.0,0.0,0.0,0.0
Italy,32 Manufacture of ceramics,2017.0,2704156.0,2704156.0,0.0,0.0,0.0
Italy,32 Manufacture of ceramics,2018.0,2740210.0,2740210.0,0.0,0.0,0.0
Italy,32 Manufacture of ceramics,2019.0,2754599.0,2754599.0,0.0,0.0,0.0
Italy,32 Manufacture of ceramics,2020.0,2506652.0,2506652.0,0.0,0.0,0.0
Italy,32 Manufacture of ceramics,2021.0,2491187.0,2491187.0,0.0,0.0,0.0
Italy,32 Manufacture of ceramics,2022.0,2419934.0,2419934.0,0.0,0.0,0.0
Italy,32 Manufacture of ceramics,2023.0,2171360.0,2171360.0,0.0,0.0,0.0
Italy,33 Manufacture of mineral wool,2015.0,67914.0,67914.0,0.0,0.0,0.0
Italy,33 Manufacture of mineral wool,2016.0,65788.0,65788.0,0.0,0.0,0.0
Italy,33 Manufacture of mineral wool,2017.0,61733.0,61733.0,0.0,0.0,0.0
Italy,33 Manufacture of mineral wool,2018.0,64383.0,64383.0,0.0,0.0,0.0
Italy,33 Manufacture of mineral wool,2019.0,56761.0,56761.0,0.0,0.0,0.0
Italy,33 Manufacture of mineral wool,2020.0,54845.0,54845.0,0.0,0.0,0.0
Italy,33 Manufacture of mineral wool,2021.0,70892.0,70892.0,0.0,0.0,0.0
Italy,33 Manufacture of mineral wool,2022.0,65677.0,65677.0,0.0,0.0,0.0
Italy,33 Manufacture of mineral wool,2023.0,69055.0,69055.0,0.0,0.0,0.0
Italy,34 Production or processing of gypsum or plasterboard,2015.0,87013.0,87013.0,0.0,0.0,0.0
Italy,34 Production or processing of gypsum or plasterboard,2016.0,92806.0,92806.0,0.0,0.0,0.0
Italy,34 Production or processing of gypsum or plasterboard,2017.0,94029.0,94029.0,0.0,0.0,0.0
Italy,34 Production or processing of gypsum or plasterboard,2018.0,96011.0,96011.0,0.0,0.0,0.0
Italy,34 Production or processing of gypsum or plasterboard,2019.0,103847.0,103847.0,0.0,0.0,0.0
Italy,34 Production or processing of gypsum or plasterboard,2020.0,93766.0,93766.0,0.0,0.0,0.0
Italy,34 Production or processing of gypsum or plasterboard,2021.0,62342.0,62342.0,0.0,0.0,0.0
Italy,34 Production or processing of gypsum or plasterboard,2022.0,89613.0,89613.0,0.0,0.0,0.0
Italy,34 Production or processing of gypsum or plasterboard,2023.0,91498.0,91498.0,0.0,0.0,0.0
Italy,35 Production of pulp,2015.0,413072.0,413072.0,0.0,0.0,0.0
Italy,35 Production of pulp,2016.0,416217.0,416217.0,0.0,0.0,0.0
Italy,35 Production of pulp,2017.0,419249.0,419249.0,0.0,0.0,0.0
Italy,35 Production of pulp,2018.0,429440.0,429440.0,0.0,0.0,0.0
Italy,35 Production of pulp,2019.0,405718.0,405718.0,0.0,0.0,0.0
Italy,35 Production of pulp,2020.0,411506.0,411506.0,0.0,0.0,0.0
Italy,35 Production of pulp,2021.0,450858.0,450858.0,0.0,0.0,0.0
Italy,35 Production of pulp,2022.0,428905.0,428905.0,0.0,0.0,0.0
Italy,35 Production of pulp,2023.0,387559.0,387559.0,0.0,0.0,0.0
Italy,36 Production of paper or cardboard,2015.0,3603926.0,3603926.0,0.0,0.0,0.0
Italy,36 Production of paper or cardboard,2016.0,3675353.0,3675353.0,0.0,0.0,0.0
Italy,36 Production of paper or cardboard,2017.0,3722631.0,3722631.0,0.0,0.0,0.0
Italy,36 Production of paper or cardboard,2018.0,3744874.0,3744874.0,0.0,0.0,0.0
Italy,36 Production of paper or cardboard,2019.0,3751672.0,3751672.0,0.0,0.0,0.0
Italy,36 Production of paper or cardboard,2020.0,3536947.0,3536947.0,0.0,0.0,0.0
Italy,36 Production of paper or cardboard,2021.0,3601795.0,3601795.0,0.0,0.0,0.0
Italy,36 Production of paper or cardboard,2022.0,3257563.0,3257563.0,0.0,0.0,0.0
Italy,36 Production of paper or cardboard,2023.0,2733993.0,2733993.0,0.0,0.0,0.0
Italy,42 Production of bulk chemicals,2015.0,2624133.0,2624133.0,0.0,0.0,0.0
Italy,42 Production of bulk chemicals,2016.0,2708568.0,2708568.0,0.0,0.0,0.0
Italy,42 Production of bulk chemicals,2017.0,2694570.0,2694570.0,0.0,0.0,0.0
Italy,42 Production of bulk chemicals,2018.0,2763387.0,2763387.0,0.0,0.0,0.0
Italy,42 Production of bulk chemicals,2019.0,2498413.0,2498413.0,0.0,0.0,0.0
Italy,42 Production of bulk chemicals,2020.0,2367426.0,2367426.0,0.0,0.0,0.0
Italy,42 Production of bulk chemicals,2021.0,2463581.0,2463581.0,0.0,0.0,0.0
Italy,42 Production of bulk chemicals,2022.0,2135115.0,2135115.0,0.0,0.0,0.0
Italy,42 Production of bulk chemicals,2023.0,1782790.0,1782790.0,0.0,0.0,0.0
Italy,43 Production of hydrogen and synthesis gas,2015.0,628792.0,628792.0,0.0,0.0,0.0
Italy,43 Production of hydrogen and synthesis gas,2016.0,570178.0,570178.0,0.0,0.0,0.0
Italy,43 Production of hydrogen and synthesis gas,2017.0,556888.0,556888.0,0.0,0.0,0.0
Italy,43 Production of hydrogen and synthesis gas,2018.0,575852.0,575852.0,0.0,0.0,0.0
Italy,43 Production of hydrogen and synthesis gas,2019.0,657738.0,657738.0,0.0,0.0,0.0
Italy,43 Production of hydrogen and synthesis gas,2020.0,620912.0,620912.0,0.0,0.0,0.0
Italy,43 Production of hydrogen and synthesis gas,2021.0,490372.0,490372.0,0.0,0.0,0.0
Italy,43 Production of hydrogen and synthesis gas,2022.0,627454.0,627454.0,0.0,0.0,0.0
Italy,43 Production of hydrogen and synthesis gas,2023.0,642921.0,642921.0,0.0,0.0,0.0
Italy,99 Other activity opted-in under Art. 24,2015.0,408205.0,408205.0,0.0,0.0,0.0
Italy,99 Other activity opted-in under Art. 24,2016.0,409209.0,409209.0,0.0,0.0,0.0
Italy,99 Other activity opted-in under Art. 24,2017.0,429152.0,429152.0,0.0,0.0,0.0
Italy,99 Other activity opted-in under Art. 24,2018.0,437303.0,437303.0,0.0,0.0,0.0
Italy,99 Other activity opted-in under Art. 24,2019.0,472653.0,472653.0,0.0,0.0,0.0
Italy,99 Other activity opted-in under Art. 24,2020.0,436383.0,436383.0,0.0,0.0,0.0
Italy,99 Other activity opted-in under Art. 24,2021.0,444188.0,444188.0,0.0,0.0,0.0
Italy,99 Other activity opted-in under Art. 24,2022.0,480524.0,480524.0,0.0,0.0,0.0
Italy,99 Other activity opted-in under Art. 24,2023.0,451642.0,451642.0,0.0,0.0,0.0
Latvia,10 Aviation,2015.0,345271.0,345271.0,0.0,0.0,0.0
Latvia,10 Aviation,2016.0,348737.0,348737.0,0.0,0.0,0.0
Latvia,10 Aviation,2017.0,378590.0,378590.0,0.0,0.0,0.0
Latvia,10 Aviation,2018.0,399578.0,399578.0,0.0,0.0,0.0
Latvia,10 Aviation,2019.0,416357.0,416357.0,0.0,0.0,0.0
Latvia,10 Aviation,2020.0,164815.0,83536.5,49.314989533719626,0.6928213401853247,-0.3288283165642163
Latvia,10 Aviation,2021.0,230635.0,116410.5,49.52609100960392,0.6971717537005282,-0.33020360419950645
Latvia,10 Aviation,2022.0,385826.0,194661.0,49.54694603266758,0.6976040300232197,-0.330340095516479
Latvia,10 Aviation,2023.0,489875.0,247580.0,49.460576677723914,0.6958167165233634,-0.3297755607615047
Latvia,20 Combustion of fuels,2015.0,1501550.0,1501550.0,0.0,0.0,0.0
Latvia,20 Combustion of fuels,2016.0,1565289.0,1565289.0,0.0,0.0,0.0
Latvia,20 Combustion of fuels,2017.0,1279347.0,1279347.0,0.0,0.0,0.0
Latvia,20 Combustion of fuels,2018.0,1670253.0,1670253.0,0.0,0.0,0.0
Latvia,20 Combustion of fuels,2019.0,1590460.0,1590460.0,0.0,0.0,0.0
Latvia,20 Combustion of fuels,2020.0,1140873.0,1140873.0,0.0,0.0,0.0
Latvia,20 Combustion of fuels,2021.0,1217645.0,1217645.0,0.0,0.0,0.0
Latvia,20 Combustion of fuels,2022.0,856128.0,856128.0,0.0,0.0,0.0
Latvia,20 Combustion of fuels,2023.0,868954.0,868954.0,0.0,0.0,0.0
Latvia,20-99 All stationary installations,2015.0,2312538.0,2312538.0,0.0,0.0,0.0
Latvia,20-99 All stationary installations,2016.0,2197000.0,2197000.0,0.0,0.0,0.0
Latvia,20-99 All stationary installations,2017.0,2049810.0,2049810.0,0.0,0.0,0.0
Latvia,20-99 All stationary installations,2018.0,2612632.0,2612632.0,0.0,0.0,0.0
Latvia,20-99 All stationary installations,2019.0,2493060.0,2493060.0,0.0,0.0,0.0
Latvia,20-99 All stationary installations,2020.0,2021990.0,2021990.0,0.0,0.0,0.0
Latvia,20-99 All stationary installations,2021.0,2064880.0,2064880.0,0.0,0.0,0.0
Latvia,20-99 All stationary installations,2022.0,1689971.0,1689971.0,0.0,0.0,0.0
Latvia,20-99 All stationary installations,2023.0,1729618.0,1729618.0,0.0,0.0,0.0
Latvia,21-99 All industrial installations (excl. combustion),2015.0,810988.0,810988.0,0.0,0.0,0.0
Latvia,21-99 All industrial installations (excl. combustion),2016.0,631711.0,631711.0,0.0,0.0,0.0
Latvia,21-99 All industrial installations (excl. combustion),2017.0,770463.0,770463.0,0.0,0.0,0.0
Latvia,21-99 All industrial installations (excl. combustion),2018.0,942379.0,942379.0,0.0,0.0,0.0
Latvia,21-99 All industrial installations (excl. combustion),2019.0,902600.0,902600.0,0.0,0.0,0.0
Latvia,21-99 All industrial installations (excl. combustion),2020.0,881117.0,881117.0,0.0,0.0,0.0
Latvia,21-99 All industrial installations (excl. combustion),2021.0,847235.0,847235.0,0.0,0.0,0.0
Latvia,21-99 All industrial installations (excl. combustion),2022.0,833843.0,833843.0,0.0,0.0,0.0
Latvia,21-99 All industrial installations (excl. combustion),2023.0,860664.0,860664.0,0.0,0.0,0.0
Latvia,24  Production of pig iron or steel,2015.0,23353.0,23353.0,0.0,0.0,0.0
Latvia,24  Production of pig iron or steel,2016.0,2399.0,2399.0,0.0,0.0,0.0
Latvia,24  Production of pig iron or steel,2017.0,211.0,211.0,0.0,0.0,0.0
Latvia,24  Production of pig iron or steel,2018.0,42.0,42.0,0.0,0.0,0.0
Latvia,24  Production of pig iron or steel,2019.0,1.0,1.0,0.0,0.0,0.0
Latvia,24  Production of pig iron or steel,2020.0,2.0,2.0,0.0,0.0,0.0
Latvia,24  Production of pig iron or steel,2021.0,2.0,2.0,0.0,0.0,0.0
Latvia,24  Production of pig iron or steel,2022.0,2.0,2.0,0.0,0.0,0.0
Latvia,24  Production of pig iron or steel,2023.0,1.0,1.0,0.0,0.0,0.0
Latvia,29 Production of cement clinker,2015.0,677823.0,677823.0,0.0,0.0,0.0
Latvia,29 Production of cement clinker,2016.0,505899.0,505899.0,0.0,0.0,0.0
Latvia,29 Production of cement clinker,2017.0,638584.0,638584.0,0.0,0.0,0.0
Latvia,29 Production of cement clinker,2018.0,808286.0,808286.0,0.0,0.0,0.0
Latvia,29 Production of cement clinker,2019.0,793918.0,793918.0,0.0,0.0,0.0
Latvia,29 Production of cement clinker,2020.0,778966.0,778966.0,0.0,0.0,0.0
Latvia,29 Production of cement clinker,2021.0,752118.0,752118.0,0.0,0.0,0.0
Latvia,29 Production of cement clinker,2022.0,750000.0,750000.0,0.0,0.0,0.0
Latvia,29 Production of cement clinker,2023.0,744135.0,744135.0,0.0,0.0,0.0
Latvia,31 Manufacture of glass,2015.0,27166.0,27166.0,0.0,0.0,0.0
Latvia,31 Manufacture of glass,2016.0,29423.0,29423.0,0.0,0.0,0.0
Latvia,31 Manufacture of glass,2017.0,32055.0,32055.0,0.0,0.0,0.0
Latvia,31 Manufacture of glass,2018.0,31765.0,31765.0,0.0,0.0,0.0
Latvia,31 Manufacture of glass,2019.0,30092.0,30092.0,0.0,0.0,0.0
Latvia,31 Manufacture of glass,2020.0,30610.0,30610.0,0.0,0.0,0.0
Latvia,31 Manufacture of glass,2021.0,30790.0,30790.0,0.0,0.0,0.0
Latvia,31 Manufacture of glass,2022.0,28921.0,28921.0,0.0,0.0,0.0
Latvia,31 Manufacture of glass,2023.0,27260.0,27260.0,0.0,0.0,0.0
Latvia,32 Manufacture of ceramics,2015.0,22826.0,22826.0,0.0,0.0,0.0
Latvia,32 Manufacture of ceramics,2016.0,30588.0,30588.0,0.0,0.0,0.0
Latvia,32 Manufacture of ceramics,2017.0,32636.0,32636.0,0.0,0.0,0.0
Latvia,32 Manufacture of ceramics,2018.0,33601.0,33601.0,0.0,0.0,0.0
Latvia,32 Manufacture of ceramics,2019.0,29705.0,29705.0,0.0,0.0,0.0
Latvia,32 Manufacture of ceramics,2020.0,31683.0,31683.0,0.0,0.0,0.0
Latvia,32 Manufacture of ceramics,2021.0,27350.0,27350.0,0.0,0.0,0.0
Latvia,32 Manufacture of ceramics,2022.0,19662.0,19662.0,0.0,0.0,0.0
Latvia,32 Manufacture of ceramics,2023.0,18732.0,18732.0,0.0,0.0,0.0
Latvia,34 Production or processing of gypsum or plasterboard,2015.0,19187.0,19187.0,0.0,0.0,0.0
Latvia,34 Production or processing of gypsum or plasterboard,2016.0,19652.0,19652.0,0.0,0.0,0.0
Latvia,34 Production or processing of gypsum or plasterboard,2017.0,21569.0,21569.0,0.0,0.0,0.0
Latvia,34 Production or processing of gypsum or plasterboard,2018.0,22869.0,22869.0,0.0,0.0,0.0
Latvia,34 Production or processing of gypsum or plasterboard,2019.0,23969.0,23969.0,0.0,0.0,0.0
Latvia,34 Production or processing of gypsum or plasterboard,2020.0,23121.0,23121.0,0.0,0.0,0.0
Latvia,34 Production or processing of gypsum or plasterboard,2021.0,23826.0,23826.0,0.0,0.0,0.0
Latvia,34 Production or processing of gypsum or plasterboard,2022.0,24367.0,24367.0,0.0,0.0,0.0
Latvia,34 Production or processing of gypsum or plasterboard,2023.0,21113.0,21113.0,0.0,0.0,0.0
Latvia,45 Capture of greenhouse gases under Directive 2009/31/EC,2015.0,14491.0,14491.0,0.0,0.0,0.0
Latvia,45 Capture of greenhouse gases under Directive 2009/31/EC,2016.0,15710.0,15710.0,0.0,0.0,0.0
Latvia,45 Capture of greenhouse gases under Directive 2009/31/EC,2017.0,13321.0,13321.0,0.0,0.0,0.0
Latvia,45 Capture of greenhouse gases under Directive 2009/31/EC,2018.0,10883.0,10883.0,0.0,0.0,0.0
Latvia,45 Capture of greenhouse gases under Directive 2009/31/EC,2019.0,9902.0,9902.0,0.0,0.0,0.0
Latvia,45 Capture of greenhouse gases under Directive 2009/31/EC,2020.0,5376.0,5376.0,0.0,0.0,0.0
Latvia,45 Capture of greenhouse gases under Directive 2009/31/EC,2021.0,46.0,46.0,0.0,0.0,0.0
Latvia,99 Other activity opted-in under Art. 24,2015.0,26142.0,26142.0,0.0,0.0,0.0
Latvia,99 Other activity opted-in under Art. 24,2016.0,28040.0,28040.0,0.0,0.0,0.0
Latvia,99 Other activity opted-in under Art. 24,2017.0,32087.0,32087.0,0.0,0.0,0.0
Latvia,99 Other activity opted-in under Art. 24,2018.0,34933.0,34933.0,0.0,0.0,0.0
Latvia,99 Other activity opted-in under Art. 24,2019.0,15013.0,15013.0,0.0,0.0,0.0
Latvia,99 Other activity opted-in under Art. 24,2020.0,11359.0,11359.0,0.0,0.0,0.0
Latvia,99 Other activity opted-in under Art. 24,2021.0,13103.0,13103.0,0.0,0.0,0.0
Latvia,99 Other activity opted-in under Art. 24,2022.0,10891.0,10891.0,0.0,0.0,0.0
Latvia,99 Other activity opted-in under Art. 24,2023.0,49423.0,49423.0,0.0,0.0,0.0
Liechtenstein,20 Combustion of fuels,2015.0,290.0,290.0,0.0,0.0,0.0
Liechtenstein,20 Combustion of fuels,2016.0,151.0,151.0,0.0,0.0,0.0
Liechtenstein,20 Combustion of fuels,2017.0,516.0,516.0,0.0,0.0,0.0
Liechtenstein,20 Combustion of fuels,2018.0,341.0,341.0,0.0,0.0,0.0
Liechtenstein,20 Combustion of fuels,2019.0,198.0,198.0,0.0,0.0,0.0
Liechtenstein,20 Combustion of fuels,2020.0,600.0,600.0,0.0,0.0,0.0
Liechtenstein,20-99 All stationary installations,2015.0,290.0,290.0,0.0,0.0,0.0
Liechtenstein,20-99 All stationary installations,2016.0,151.0,151.0,0.0,0.0,0.0
Liechtenstein,20-99 All stationary installations,2017.0,516.0,516.0,0.0,0.0,0.0
Liechtenstein,20-99 All stationary installations,2018.0,341.0,341.0,0.0,0.0,0.0
Liechtenstein,20-99 All stationary installations,2019.0,198.0,198.0,0.0,0.0,0.0
Liechtenstein,20-99 All stationary installations,2020.0,600.0,600.0,0.0,0.0,0.0
Lithuania,10 Aviation,2015.0,68290.0,68290.0,0.0,0.0,0.0
Lithuania,10 Aviation,2016.0,72695.0,72695.0,0.0,0.0,0.0
Lithuania,10 Aviation,2017.0,68441.0,68441.0,0.0,0.0,0.0
Lithuania,10 Aviation,2018.0,62452.0,62452.0,0.0,0.0,0.0
Lithuania,10 Aviation,2019.0,20205.0,20205.0,0.0,0.0,0.0
Lithuania,10 Aviation,2020.0,8002.0,8002.0,0.0,0.0,0.0
Lithuania,10 Aviation,2021.0,16561.0,8288.0,49.95471287965702,0.7061471830701956,-0.3330316924066923
Lithuania,10 Aviation,2022.0,22163.0,22163.0,0.0,0.0,0.0
Lithuania,10 Aviation,2023.0,23813.0,11952.5,49.80682820308235,0.7030287094683573,-0.3320504775848845
Lithuania,20 Combustion of fuels,2015.0,1339825.0,1339825.0,0.0,0.0,0.0
Lithuania,20 Combustion of fuels,2016.0,980429.0,980429.0,0.0,0.0,0.0
Lithuania,20 Combustion of fuels,2017.0,860097.0,860097.0,0.0,0.0,0.0
Lithuania,20 Combustion of fuels,2018.0,898209.0,898209.0,0.0,0.0,0.0
Lithuania,20 Combustion of fuels,2019.0,687867.0,687867.0,0.0,0.0,0.0
Lithuania,20 Combustion of fuels,2020.0,1143703.0,1143703.0,0.0,0.0,0.0
Lithuania,20 Combustion of fuels,2021.0,1150848.0,1150848.0,0.0,0.0,0.0
Lithuania,20 Combustion of fuels,2022.0,857960.0,857960.0,0.0,0.0,0.0
Lithuania,20 Combustion of fuels,2023.0,858766.0,858766.0,0.0,0.0,0.0
Lithuania,20-99 All stationary installations,2015.0,6844943.0,6844943.0,0.0,0.0,0.0
Lithuania,20-99 All stationary installations,2016.0,6159573.0,6159573.0,0.0,0.0,0.0
Lithuania,20-99 All stationary installations,2017.0,6283336.0,6283336.0,0.0,0.0,0.0
Lithuania,20-99 All stationary installations,2018.0,5952939.0,5952939.0,0.0,0.0,0.0
Lithuania,20-99 All stationary installations,2019.0,6066873.0,6066873.0,0.0,0.0,0.0
Lithuania,20-99 All stationary installations,2020.0,6137662.0,6137662.0,0.0,0.0,0.0
Lithuania,20-99 All stationary installations,2021.0,5976002.0,5976002.0,0.0,0.0,0.0
Lithuania,20-99 All stationary installations,2022.0,5066303.0,5066303.0,0.0,0.0,0.0
Lithuania,20-99 All stationary installations,2023.0,4752053.0,4752053.0,0.0,0.0,0.0
Lithuania,21  Refining of mineral oil,2015.0,1755789.0,1755789.0,0.0,0.0,0.0
Lithuania,21  Refining of mineral oil,2016.0,1830717.0,1830717.0,0.0,0.0,0.0
Lithuania,21  Refining of mineral oil,2017.0,1709530.0,1709530.0,0.0,0.0,0.0
Lithuania,21  Refining of mineral oil,2018.0,1680865.0,1680865.0,0.0,0.0,0.0
Lithuania,21  Refining of mineral oil,2019.0,1599384.0,1599384.0,0.0,0.0,0.0
Lithuania,21  Refining of mineral oil,2020.0,1478463.0,1478463.0,0.0,0.0,0.0
Lithuania,21  Refining of mineral oil,2021.0,1501524.0,1501524.0,0.0,0.0,0.0
Lithuania,21  Refining of mineral oil,2022.0,1668831.0,1668831.0,0.0,0.0,0.0
Lithuania,21  Refining of mineral oil,2023.0,1646257.0,1646257.0,0.0,0.0,0.0
Lithuania,21-99 All industrial installations (excl. combustion),2015.0,5505118.0,5505118.0,0.0,0.0,0.0
Lithuania,21-99 All industrial installations (excl. combustion),2016.0,5179144.0,5179144.0,0.0,0.0,0.0
Lithuania,21-99 All industrial installations (excl. combustion),2017.0,5423239.0,5423239.0,0.0,0.0,0.0
Lithuania,21-99 All industrial installations (excl. combustion),2018.0,5054730.0,5054730.0,0.0,0.0,0.0
Lithuania,21-99 All industrial installations (excl. combustion),2019.0,5379006.0,5379006.0,0.0,0.0,0.0
Lithuania,21-99 All industrial installations (excl. combustion),2020.0,4993959.0,4993959.0,0.0,0.0,0.0
Lithuania,21-99 All industrial installations (excl. combustion),2021.0,4825154.0,4825154.0,0.0,0.0,0.0
Lithuania,21-99 All industrial installations (excl. combustion),2022.0,4208343.0,4208343.0,0.0,0.0,0.0
Lithuania,21-99 All industrial installations (excl. combustion),2023.0,3893287.0,3893287.0,0.0,0.0,0.0
Lithuania,29 Production of cement clinker,2015.0,843052.0,843052.0,0.0,0.0,0.0
Lithuania,29 Production of cement clinker,2016.0,741381.0,741381.0,0.0,0.0,0.0
Lithuania,29 Production of cement clinker,2017.0,734960.0,734960.0,0.0,0.0,0.0
Lithuania,29 Production of cement clinker,2018.0,842751.0,842751.0,0.0,0.0,0.0
Lithuania,29 Production of cement clinker,2019.0,965272.0,965272.0,0.0,0.0,0.0
Lithuania,29 Production of cement clinker,2020.0,875536.0,875536.0,0.0,0.0,0.0
Lithuania,29 Production of cement clinker,2021.0,997056.0,997056.0,0.0,0.0,0.0
Lithuania,29 Production of cement clinker,2022.0,1077011.0,1077011.0,0.0,0.0,0.0
Lithuania,29 Production of cement clinker,2023.0,783849.0,783849.0,0.0,0.0,0.0
Lithuania,"30 Production of lime, or calcination of dolomite/magnesite",2015.0,47229.0,47229.0,0.0,0.0,0.0
Lithuania,"30 Production of lime, or calcination of dolomite/magnesite",2016.0,45637.0,45637.0,0.0,0.0,0.0
Lithuania,"30 Production of lime, or calcination of dolomite/magnesite",2017.0,25236.0,25236.0,0.0,0.0,0.0
Lithuania,31 Manufacture of glass,2015.0,35289.0,35289.0,0.0,0.0,0.0
Lithuania,31 Manufacture of glass,2016.0,37300.0,37300.0,0.0,0.0,0.0
Lithuania,31 Manufacture of glass,2017.0,29247.0,29247.0,0.0,0.0,0.0
Lithuania,31 Manufacture of glass,2018.0,30776.0,30776.0,0.0,0.0,0.0
Lithuania,31 Manufacture of glass,2019.0,32029.0,32029.0,0.0,0.0,0.0
Lithuania,31 Manufacture of glass,2020.0,31104.0,31104.0,0.0,0.0,0.0
Lithuania,31 Manufacture of glass,2021.0,32489.0,32489.0,0.0,0.0,0.0
Lithuania,31 Manufacture of glass,2022.0,34922.0,34922.0,0.0,0.0,0.0
Lithuania,31 Manufacture of glass,2023.0,32226.0,32226.0,0.0,0.0,0.0
Lithuania,32 Manufacture of ceramics,2015.0,5698.0,5698.0,0.0,0.0,0.0
Lithuania,32 Manufacture of ceramics,2016.0,5790.0,5790.0,0.0,0.0,0.0
Lithuania,32 Manufacture of ceramics,2017.0,4899.0,4899.0,0.0,0.0,0.0
Lithuania,32 Manufacture of ceramics,2018.0,5511.0,5511.0,0.0,0.0,0.0
Lithuania,32 Manufacture of ceramics,2019.0,3182.0,3182.0,0.0,0.0,0.0
Lithuania,32 Manufacture of ceramics,2020.0,1378.0,1378.0,0.0,0.0,0.0
Lithuania,32 Manufacture of ceramics,2021.0,3506.0,3506.0,0.0,0.0,0.0
Lithuania,32 Manufacture of ceramics,2022.0,1675.0,1675.0,0.0,0.0,0.0
Lithuania,32 Manufacture of ceramics,2023.0,1671.0,1671.0,0.0,0.0,0.0
Lithuania,33 Manufacture of mineral wool,2015.0,53021.0,53021.0,0.0,0.0,0.0
Lithuania,33 Manufacture of mineral wool,2016.0,59369.0,59369.0,0.0,0.0,0.0
Lithuania,33 Manufacture of mineral wool,2017.0,65867.0,65867.0,0.0,0.0,0.0
Lithuania,33 Manufacture of mineral wool,2018.0,68009.0,68009.0,0.0,0.0,0.0
Lithuania,33 Manufacture of mineral wool,2019.0,62338.0,62338.0,0.0,0.0,0.0
Lithuania,33 Manufacture of mineral wool,2020.0,63745.0,63745.0,0.0,0.0,0.0
Lithuania,33 Manufacture of mineral wool,2021.0,61876.0,61876.0,0.0,0.0,0.0
Lithuania,33 Manufacture of mineral wool,2022.0,58550.0,58550.0,0.0,0.0,0.0
Lithuania,33 Manufacture of mineral wool,2023.0,49235.0,49235.0,0.0,0.0,0.0
Lithuania,36 Production of paper or cardboard,2015.0,9895.0,9895.0,0.0,0.0,0.0
Lithuania,36 Production of paper or cardboard,2016.0,18591.0,18591.0,0.0,0.0,0.0
Lithuania,36 Production of paper or cardboard,2017.0,19459.0,19459.0,0.0,0.0,0.0
Lithuania,36 Production of paper or cardboard,2018.0,21211.0,21211.0,0.0,0.0,0.0
Lithuania,36 Production of paper or cardboard,2019.0,20344.0,20344.0,0.0,0.0,0.0
Lithuania,36 Production of paper or cardboard,2020.0,20471.0,20471.0,0.0,0.0,0.0
Lithuania,36 Production of paper or cardboard,2021.0,19787.0,19787.0,0.0,0.0,0.0
Lithuania,36 Production of paper or cardboard,2022.0,16129.0,16129.0,0.0,0.0,0.0
Lithuania,36 Production of paper or cardboard,2023.0,16651.0,16651.0,0.0,0.0,0.0
Lithuania,41 Production of ammonia,2015.0,2755145.0,2755145.0,0.0,0.0,0.0
Lithuania,41 Production of ammonia,2016.0,2440359.0,2440359.0,0.0,0.0,0.0
Lithuania,41 Production of ammonia,2017.0,2834041.0,2834041.0,0.0,0.0,0.0
Lithuania,41 Production of ammonia,2018.0,2405607.0,2405607.0,0.0,0.0,0.0
Lithuania,41 Production of ammonia,2019.0,2696457.0,2696457.0,0.0,0.0,0.0
Lithuania,41 Production of ammonia,2020.0,2523262.0,2523262.0,0.0,0.0,0.0
Lithuania,41 Production of ammonia,2021.0,2208916.0,2208916.0,0.0,0.0,0.0
Lithuania,41 Production of ammonia,2022.0,1351225.0,1351225.0,0.0,0.0,0.0
Lithuania,41 Production of ammonia,2023.0,1363398.0,1363398.0,0.0,0.0,0.0
Luxembourg,10 Aviation,2015.0,246598.0,246598.0,0.0,0.0,0.0
Luxembourg,10 Aviation,2016.0,249179.0,249179.0,0.0,0.0,0.0
Luxembourg,10 Aviation,2017.0,251781.0,251781.0,0.0,0.0,0.0
Luxembourg,10 Aviation,2018.0,263621.0,263621.0,0.0,0.0,0.0
Luxembourg,10 Aviation,2019.0,265155.0,265155.0,0.0,0.0,0.0
Luxembourg,10 Aviation,2020.0,126222.0,64156.5,49.1716974853829,0.6898943477391659,-0.3279013038429466
Luxembourg,10 Aviation,2021.0,152167.0,77331.5,49.17984845597271,0.6900602852752863,-0.32795389545872844
Luxembourg,10 Aviation,2022.0,221921.0,113341.5,48.92709567819179,0.6849459803111612,-0.3263308967442051
Luxembourg,10 Aviation,2023.0,245992.0,125923.5,48.80992064782595,0.6825967756670298,-0.3255839193372696
Luxembourg,20 Combustion of fuels,2015.0,419171.0,419171.0,0.0,0.0,0.0
Luxembourg,20 Combustion of fuels,2016.0,215750.0,215750.0,0.0,0.0,0.0
Luxembourg,20 Combustion of fuels,2017.0,200555.0,200555.0,0.0,0.0,0.0
Luxembourg,20 Combustion of fuels,2018.0,186172.0,186172.0,0.0,0.0,0.0
Luxembourg,20 Combustion of fuels,2019.0,201233.0,201233.0,0.0,0.0,0.0
Luxembourg,20 Combustion of fuels,2020.0,206538.0,206538.0,0.0,0.0,0.0
Luxembourg,20 Combustion of fuels,2021.0,216661.0,216661.0,0.0,0.0,0.0
Luxembourg,20 Combustion of fuels,2022.0,176087.0,176087.0,0.0,0.0,0.0
Luxembourg,20 Combustion of fuels,2023.0,145163.0,145163.0,0.0,0.0,0.0
Luxembourg,20-99 All stationary installations,2015.0,1660832.0,1660832.0,0.0,0.0,0.0
Luxembourg,20-99 All stationary installations,2016.0,1503325.0,1503325.0,0.0,0.0,0.0
Luxembourg,20-99 All stationary installations,2017.0,1492043.0,1492043.0,0.0,0.0,0.0
Luxembourg,20-99 All stationary installations,2018.0,1468882.0,1468882.0,0.0,0.0,0.0
Luxembourg,20-99 All stationary installations,2019.0,1496236.0,1496236.0,0.0,0.0,0.0
Luxembourg,20-99 All stationary installations,2020.0,1376500.0,1376500.0,0.0,0.0,0.0
Luxembourg,20-99 All stationary installations,2021.0,1317495.0,1317495.0,0.0,0.0,0.0
Luxembourg,20-99 All stationary installations,2022.0,1133548.0,1133548.0,0.0,0.0,0.0
Luxembourg,20-99 All stationary installations,2023.0,888989.0,888989.0,0.0,0.0,0.0
Luxembourg,21-99 All industrial installations (excl. combustion),2015.0,1241661.0,1241661.0,0.0,0.0,0.0
Luxembourg,21-99 All industrial installations (excl. combustion),2016.0,1287575.0,1287575.0,0.0,0.0,0.0
Luxembourg,21-99 All industrial installations (excl. combustion),2017.0,1291488.0,1291488.0,0.0,0.0,0.0
Luxembourg,21-99 All industrial installations (excl. combustion),2018.0,1282710.0,1282710.0,0.0,0.0,0.0
Luxembourg,21-99 All industrial installations (excl. combustion),2019.0,1295003.0,1295003.0,0.0,0.0,0.0
Luxembourg,21-99 All industrial installations (excl. combustion),2020.0,1169962.0,1169962.0,0.0,0.0,0.0
Luxembourg,21-99 All industrial installations (excl. combustion),2021.0,1100834.0,1100834.0,0.0,0.0,0.0
Luxembourg,21-99 All industrial installations (excl. combustion),2022.0,957461.0,957461.0,0.0,0.0,0.0
Luxembourg,21-99 All industrial installations (excl. combustion),2023.0,743826.0,743826.0,0.0,0.0,0.0
Luxembourg,24  Production of pig iron or steel,2015.0,385062.0,385062.0,0.0,0.0,0.0
Luxembourg,24  Production of pig iron or steel,2016.0,382045.0,382045.0,0.0,0.0,0.0
Luxembourg,24  Production of pig iron or steel,2017.0,376127.0,376127.0,0.0,0.0,0.0
Luxembourg,24  Production of pig iron or steel,2018.0,375410.0,375410.0,0.0,0.0,0.0
Luxembourg,24  Production of pig iron or steel,2019.0,359406.0,359406.0,0.0,0.0,0.0
Luxembourg,24  Production of pig iron or steel,2020.0,326864.0,326864.0,0.0,0.0,0.0
Luxembourg,24  Production of pig iron or steel,2021.0,341284.0,341284.0,0.0,0.0,0.0
Luxembourg,24  Production of pig iron or steel,2022.0,289961.0,289961.0,0.0,0.0,0.0
Luxembourg,24  Production of pig iron or steel,2023.0,298824.0,298824.0,0.0,0.0,0.0
Luxembourg,25 Production or processing of ferrous metals,2015.0,48058.0,48058.0,0.0,0.0,0.0
Luxembourg,25 Production or processing of ferrous metals,2016.0,49186.0,49186.0,0.0,0.0,0.0
Luxembourg,25 Production or processing of ferrous metals,2017.0,49444.0,49444.0,0.0,0.0,0.0
Luxembourg,25 Production or processing of ferrous metals,2018.0,51869.0,51869.0,0.0,0.0,0.0
Luxembourg,25 Production or processing of ferrous metals,2019.0,44290.0,44290.0,0.0,0.0,0.0
Luxembourg,25 Production or processing of ferrous metals,2020.0,33315.0,33315.0,0.0,0.0,0.0
Luxembourg,25 Production or processing of ferrous metals,2021.0,28297.0,28297.0,0.0,0.0,0.0
Luxembourg,25 Production or processing of ferrous metals,2022.0,19457.0,19457.0,0.0,0.0,0.0
Luxembourg,25 Production or processing of ferrous metals,2023.0,18149.0,18149.0,0.0,0.0,0.0
Luxembourg,27 Production of secondary aluminium,2015.0,38807.0,38807.0,0.0,0.0,0.0
Luxembourg,27 Production of secondary aluminium,2016.0,41254.0,41254.0,0.0,0.0,0.0
Luxembourg,27 Production of secondary aluminium,2017.0,41898.0,41898.0,0.0,0.0,0.0
Luxembourg,27 Production of secondary aluminium,2018.0,40375.0,40375.0,0.0,0.0,0.0
Luxembourg,27 Production of secondary aluminium,2019.0,37809.0,37809.0,0.0,0.0,0.0
Luxembourg,27 Production of secondary aluminium,2020.0,33281.0,33281.0,0.0,0.0,0.0
Luxembourg,27 Production of secondary aluminium,2021.0,37635.0,37635.0,0.0,0.0,0.0
Luxembourg,27 Production of secondary aluminium,2022.0,38511.0,38511.0,0.0,0.0,0.0
Luxembourg,27 Production of secondary aluminium,2023.0,32318.0,32318.0,0.0,0.0,0.0
Luxembourg,29 Production of cement clinker,2015.0,548004.0,548004.0,0.0,0.0,0.0
Luxembourg,29 Production of cement clinker,2016.0,590961.0,590961.0,0.0,0.0,0.0
Luxembourg,29 Production of cement clinker,2017.0,599382.0,599382.0,0.0,0.0,0.0
Luxembourg,29 Production of cement clinker,2018.0,591441.0,591441.0,0.0,0.0,0.0
Luxembourg,29 Production of cement clinker,2019.0,631987.0,631987.0,0.0,0.0,0.0
Luxembourg,29 Production of cement clinker,2020.0,628887.0,628887.0,0.0,0.0,0.0
Luxembourg,29 Production of cement clinker,2021.0,579821.0,579821.0,0.0,0.0,0.0
Luxembourg,29 Production of cement clinker,2022.0,598831.0,598831.0,0.0,0.0,0.0
Luxembourg,29 Production of cement clinker,2023.0,381202.0,381202.0,0.0,0.0,0.0
Luxembourg,31 Manufacture of glass,2015.0,221730.0,221730.0,0.0,0.0,0.0
Luxembourg,31 Manufacture of glass,2016.0,224129.0,224129.0,0.0,0.0,0.0
Luxembourg,31 Manufacture of glass,2017.0,224637.0,224637.0,0.0,0.0,0.0
Luxembourg,31 Manufacture of glass,2018.0,223615.0,223615.0,0.0,0.0,0.0
Luxembourg,31 Manufacture of glass,2019.0,221511.0,221511.0,0.0,0.0,0.0
Luxembourg,31 Manufacture of glass,2020.0,147615.0,147615.0,0.0,0.0,0.0
Luxembourg,31 Manufacture of glass,2021.0,113797.0,113797.0,0.0,0.0,0.0
Luxembourg,31 Manufacture of glass,2022.0,10701.0,10701.0,0.0,0.0,0.0
Luxembourg,31 Manufacture of glass,2023.0,13333.0,13333.0,0.0,0.0,0.0
Malta,10 Aviation,2015.0,255616.0,255616.0,0.0,0.0,0.0
Malta,10 Aviation,2016.0,261774.0,261774.0,0.0,0.0,0.0
Malta,10 Aviation,2017.0,263220.0,263220.0,0.0,0.0,0.0
Malta,10 Aviation,2018.0,340908.0,340908.0,0.0,0.0,0.0
Malta,10 Aviation,2019.0,389164.0,389164.0,0.0,0.0,0.0
Malta,10 Aviation,2020.0,188231.0,97398.5,48.25586646195366,0.6716724679485053,-0.3220977051323515
Malta,10 Aviation,2021.0,253120.0,130187.5,48.566885271807834,0.6777677241454015,-0.3240454472715635
Malta,10 Aviation,2022.0,500445.0,256569.0,48.73182867248149,0.6810387311521442,-0.32508798802661265
Malta,10 Aviation,2023.0,1269552.0,643455.0,49.316373019773906,0.6928497023977472,-0.32883729242915183
Malta,20 Combustion of fuels,2015.0,889614.0,889614.0,0.0,0.0,0.0
Malta,20 Combustion of fuels,2016.0,579539.0,579539.0,0.0,0.0,0.0
Malta,20 Combustion of fuels,2017.0,723997.0,723997.0,0.0,0.0,0.0
Malta,20 Combustion of fuels,2018.0,698028.0,698028.0,0.0,0.0,0.0
Malta,20 Combustion of fuels,2019.0,739362.0,739362.0,0.0,0.0,0.0
Malta,20 Combustion of fuels,2020.0,810207.0,810207.0,0.0,0.0,0.0
Malta,20 Combustion of fuels,2021.0,771044.0,771044.0,0.0,0.0,0.0
Malta,20 Combustion of fuels,2022.0,796530.0,796530.0,0.0,0.0,0.0
Malta,20 Combustion of fuels,2023.0,797185.0,797185.0,0.0,0.0,0.0
Malta,20-99 All stationary installations,2015.0,889614.0,889614.0,0.0,0.0,0.0
Malta,20-99 All stationary installations,2016.0,579539.0,579539.0,0.0,0.0,0.0
Malta,20-99 All stationary installations,2017.0,723997.0,723997.0,0.0,0.0,0.0
Malta,20-99 All stationary installations,2018.0,698028.0,698028.0,0.0,0.0,0.0
Malta,20-99 All stationary installations,2019.0,739362.0,739362.0,0.0,0.0,0.0
Malta,20-99 All stationary installations,2020.0,810207.0,810207.0,0.0,0.0,0.0
Malta,20-99 All stationary installations,2021.0,771044.0,771044.0,0.0,0.0,0.0
Malta,20-99 All stationary installations,2022.0,796530.0,796530.0,0.0,0.0,0.0
Malta,20-99 All stationary installations,2023.0,797185.0,797185.0,0.0,0.0,0.0
Netherlands,10 Aviation,2015.0,2344780.0,2344780.0,0.0,0.0,0.0
Netherlands,10 Aviation,2016.0,2598849.0,2598849.0,0.0,0.0,0.0
Netherlands,10 Aviation,2017.0,2826984.0,2826984.0,0.0,0.0,0.0
Netherlands,10 Aviation,2018.0,2841237.0,2841237.0,0.0,0.0,0.0
Netherlands,10 Aviation,2019.0,2938207.0,2938207.0,0.0,0.0,0.0
Netherlands,10 Aviation,2020.0,1245092.0,631763.5,49.25969325961455,0.6916893374667229,-0.32846996278406926
Netherlands,10 Aviation,2021.0,1632563.0,825626.0,49.42761780096694,0.6951366990654999,-0.32956064045140687
Netherlands,10 Aviation,2022.0,2391241.0,1210832.0,49.36386587550147,0.6938245194252717,-0.32914571688447825
Netherlands,10 Aviation,2023.0,2658437.0,1346192.5,49.36150452314649,0.693775996789906,-0.3291303683041862
Netherlands,20 Combustion of fuels,2015.0,63836367.0,63836367.0,0.0,0.0,0.0
Netherlands,20 Combustion of fuels,2016.0,64046207.0,64046207.0,0.0,0.0,0.0
Netherlands,20 Combustion of fuels,2017.0,61185907.0,61185907.0,0.0,0.0,0.0
Netherlands,20 Combustion of fuels,2018.0,57799295.0,57799295.0,0.0,0.0,0.0
Netherlands,20 Combustion of fuels,2019.0,53802472.0,53802472.0,0.0,0.0,0.0
Netherlands,20 Combustion of fuels,2020.0,46518719.0,46518719.0,0.0,0.0,0.0
Netherlands,20 Combustion of fuels,2021.0,44182520.0,44182520.0,0.0,0.0,0.0
Netherlands,20 Combustion of fuels,2022.0,40673219.0,40673219.0,0.0,0.0,0.0
Netherlands,20 Combustion of fuels,2023.0,33185800.0,33185800.0,0.0,0.0,0.0
Netherlands,20-99 All stationary installations,2015.0,94114484.0,94114484.0,0.0,0.0,0.0
Netherlands,20-99 All stationary installations,2016.0,93878244.0,93878244.0,0.0,0.0,0.0
Netherlands,20-99 All stationary installations,2017.0,91438310.0,91438310.0,0.0,0.0,0.0
Netherlands,20-99 All stationary installations,2018.0,87412803.0,87412803.0,0.0,0.0,0.0
Netherlands,20-99 All stationary installations,2019.0,83751955.0,83751955.0,0.0,0.0,0.0
Netherlands,20-99 All stationary installations,2020.0,74121711.0,74121711.0,0.0,0.0,0.0
Netherlands,20-99 All stationary installations,2021.0,74133961.0,74133961.0,0.0,0.0,0.0
Netherlands,20-99 All stationary installations,2022.0,68506810.0,68506810.0,0.0,0.0,0.0
Netherlands,20-99 All stationary installations,2023.0,58879094.0,58879094.0,0.0,0.0,0.0
Netherlands,21  Refining of mineral oil,2015.0,11231654.0,11231654.0,0.0,0.0,0.0
Netherlands,21  Refining of mineral oil,2016.0,10769354.0,10769354.0,0.0,0.0,0.0
Netherlands,21  Refining of mineral oil,2017.0,10236037.0,10236037.0,0.0,0.0,0.0
Netherlands,21  Refining of mineral oil,2018.0,10285382.0,10285382.0,0.0,0.0,0.0
Netherlands,21  Refining of mineral oil,2019.0,11111112.0,11111112.0,0.0,0.0,0.0
Netherlands,21  Refining of mineral oil,2020.0,10335409.0,10335409.0,0.0,0.0,0.0
Netherlands,21  Refining of mineral oil,2021.0,11838615.0,11838615.0,0.0,0.0,0.0
Netherlands,21  Refining of mineral oil,2022.0,11647317.0,11647317.0,0.0,0.0,0.0
Netherlands,21  Refining of mineral oil,2023.0,11557717.0,11557717.0,0.0,0.0,0.0
Netherlands,21-99 All industrial installations (excl. combustion),2015.0,30278117.0,30278117.0,0.0,0.0,0.0
Netherlands,21-99 All industrial installations (excl. combustion),2016.0,29832037.0,29832037.0,0.0,0.0,0.0
Netherlands,21-99 All industrial installations (excl. combustion),2017.0,30252403.0,30252403.0,0.0,0.0,0.0
Netherlands,21-99 All industrial installations (excl. combustion),2018.0,29613508.0,29613508.0,0.0,0.0,0.0
Netherlands,21-99 All industrial installations (excl. combustion),2019.0,29949483.0,29949483.0,0.0,0.0,0.0
Netherlands,21-99 All industrial installations (excl. combustion),2020.0,27602992.0,27602992.0,0.0,0.0,0.0
Netherlands,21-99 All industrial installations (excl. combustion),2021.0,29951441.0,29951441.0,0.0,0.0,0.0
Netherlands,21-99 All industrial installations (excl. combustion),2022.0,27833591.0,27833591.0,0.0,0.0,0.0
Netherlands,21-99 All industrial installations (excl. combustion),2023.0,25693294.0,25693294.0,0.0,0.0,0.0
Netherlands,23 Metal ore roasting or sintering,2020.0,4514.0,4514.0,0.0,0.0,0.0
Netherlands,23 Metal ore roasting or sintering,2021.0,8978.0,8978.0,0.0,0.0,0.0
Netherlands,23 Metal ore roasting or sintering,2022.0,8619.0,8619.0,0.0,0.0,0.0
Netherlands,23 Metal ore roasting or sintering,2023.0,9236.0,9236.0,0.0,0.0,0.0
Netherlands,24  Production of pig iron or steel,2015.0,6334845.0,6334845.0,0.0,0.0,0.0
Netherlands,24  Production of pig iron or steel,2016.0,6337834.0,6337834.0,0.0,0.0,0.0
Netherlands,24  Production of pig iron or steel,2017.0,6991051.0,6991051.0,0.0,0.0,0.0
Netherlands,24  Production of pig iron or steel,2018.0,6616886.0,6616886.0,0.0,0.0,0.0
Netherlands,24  Production of pig iron or steel,2019.0,6367148.0,6367148.0,0.0,0.0,0.0
Netherlands,24  Production of pig iron or steel,2020.0,5803651.0,5803651.0,0.0,0.0,0.0
Netherlands,24  Production of pig iron or steel,2021.0,5977808.0,5977808.0,0.0,0.0,0.0
Netherlands,24  Production of pig iron or steel,2022.0,5839311.0,5839311.0,0.0,0.0,0.0
Netherlands,24  Production of pig iron or steel,2023.0,4559983.0,4559983.0,0.0,0.0,0.0
Netherlands,26 Production of primary aluminium,2015.0,62399.0,62399.0,0.0,0.0,0.0
Netherlands,26 Production of primary aluminium,2016.0,81015.0,81015.0,0.0,0.0,0.0
Netherlands,26 Production of primary aluminium,2017.0,70885.0,70885.0,0.0,0.0,0.0
Netherlands,26 Production of primary aluminium,2018.0,106435.0,106435.0,0.0,0.0,0.0
Netherlands,26 Production of primary aluminium,2019.0,171912.0,171912.0,0.0,0.0,0.0
Netherlands,26 Production of primary aluminium,2020.0,151125.0,151125.0,0.0,0.0,0.0
Netherlands,26 Production of primary aluminium,2021.0,102553.0,102553.0,0.0,0.0,0.0
Netherlands,26 Production of primary aluminium,2022.0,14996.0,14996.0,0.0,0.0,0.0
Netherlands,26 Production of primary aluminium,2023.0,21.0,21.0,0.0,0.0,0.0
Netherlands,27 Production of secondary aluminium,2015.0,63927.0,63927.0,0.0,0.0,0.0
Netherlands,27 Production of secondary aluminium,2016.0,93941.0,93941.0,0.0,0.0,0.0
Netherlands,27 Production of secondary aluminium,2017.0,101329.0,101329.0,0.0,0.0,0.0
Netherlands,27 Production of secondary aluminium,2018.0,94009.0,94009.0,0.0,0.0,0.0
Netherlands,27 Production of secondary aluminium,2019.0,82524.0,82524.0,0.0,0.0,0.0
Netherlands,27 Production of secondary aluminium,2020.0,92152.0,92152.0,0.0,0.0,0.0
Netherlands,27 Production of secondary aluminium,2021.0,91367.0,91367.0,0.0,0.0,0.0
Netherlands,27 Production of secondary aluminium,2022.0,89755.0,89755.0,0.0,0.0,0.0
Netherlands,27 Production of secondary aluminium,2023.0,77204.0,77204.0,0.0,0.0,0.0
Netherlands,28 Production or processing of non-ferrous metals,2015.0,42428.0,42428.0,0.0,0.0,0.0
Netherlands,28 Production or processing of non-ferrous metals,2016.0,27948.0,27948.0,0.0,0.0,0.0
Netherlands,28 Production or processing of non-ferrous metals,2017.0,29803.0,29803.0,0.0,0.0,0.0
Netherlands,28 Production or processing of non-ferrous metals,2018.0,26630.0,26630.0,0.0,0.0,0.0
Netherlands,28 Production or processing of non-ferrous metals,2019.0,28793.0,28793.0,0.0,0.0,0.0
Netherlands,28 Production or processing of non-ferrous metals,2020.0,26153.0,26153.0,0.0,0.0,0.0
Netherlands,28 Production or processing of non-ferrous metals,2021.0,23882.0,23882.0,0.0,0.0,0.0
Netherlands,28 Production or processing of non-ferrous metals,2022.0,18661.0,18661.0,0.0,0.0,0.0
Netherlands,28 Production or processing of non-ferrous metals,2023.0,18632.0,18632.0,0.0,0.0,0.0
Netherlands,29 Production of cement clinker,2015.0,402604.0,402604.0,0.0,0.0,0.0
Netherlands,29 Production of cement clinker,2016.0,383333.0,383333.0,0.0,0.0,0.0
Netherlands,29 Production of cement clinker,2017.0,474200.0,474200.0,0.0,0.0,0.0
Netherlands,29 Production of cement clinker,2018.0,351242.0,351242.0,0.0,0.0,0.0
Netherlands,29 Production of cement clinker,2019.0,10470.0,10470.0,0.0,0.0,0.0
Netherlands,"30 Production of lime, or calcination of dolomite/magnesite",2015.0,122872.0,122872.0,0.0,0.0,0.0
Netherlands,"30 Production of lime, or calcination of dolomite/magnesite",2016.0,101613.0,101613.0,0.0,0.0,0.0
Netherlands,"30 Production of lime, or calcination of dolomite/magnesite",2017.0,121218.0,121218.0,0.0,0.0,0.0
Netherlands,"30 Production of lime, or calcination of dolomite/magnesite",2018.0,148807.0,148807.0,0.0,0.0,0.0
Netherlands,"30 Production of lime, or calcination of dolomite/magnesite",2019.0,120030.0,120030.0,0.0,0.0,0.0
Netherlands,"30 Production of lime, or calcination of dolomite/magnesite",2020.0,115201.0,115201.0,0.0,0.0,0.0
Netherlands,"30 Production of lime, or calcination of dolomite/magnesite",2021.0,129389.0,129389.0,0.0,0.0,0.0
Netherlands,"30 Production of lime, or calcination of dolomite/magnesite",2022.0,115028.0,115028.0,0.0,0.0,0.0
Netherlands,"30 Production of lime, or calcination of dolomite/magnesite",2023.0,121281.0,121281.0,0.0,0.0,0.0
Netherlands,31 Manufacture of glass,2015.0,476388.0,476388.0,0.0,0.0,0.0
Netherlands,31 Manufacture of glass,2016.0,475031.0,475031.0,0.0,0.0,0.0
Netherlands,31 Manufacture of glass,2017.0,426933.0,426933.0,0.0,0.0,0.0
Netherlands,31 Manufacture of glass,2018.0,396152.0,396152.0,0.0,0.0,0.0
Netherlands,31 Manufacture of glass,2019.0,387468.0,387468.0,0.0,0.0,0.0
Netherlands,31 Manufacture of glass,2020.0,358776.0,358776.0,0.0,0.0,0.0
Netherlands,31 Manufacture of glass,2021.0,367194.0,367194.0,0.0,0.0,0.0
Netherlands,31 Manufacture of glass,2022.0,368594.0,368594.0,0.0,0.0,0.0
Netherlands,31 Manufacture of glass,2023.0,344473.0,344473.0,0.0,0.0,0.0
Netherlands,32 Manufacture of ceramics,2015.0,603816.0,603816.0,0.0,0.0,0.0
Netherlands,32 Manufacture of ceramics,2016.0,605464.0,605464.0,0.0,0.0,0.0
Netherlands,32 Manufacture of ceramics,2017.0,640516.0,640516.0,0.0,0.0,0.0
Netherlands,32 Manufacture of ceramics,2018.0,661160.0,661160.0,0.0,0.0,0.0
Netherlands,32 Manufacture of ceramics,2019.0,636261.0,636261.0,0.0,0.0,0.0
Netherlands,32 Manufacture of ceramics,2020.0,612237.0,612237.0,0.0,0.0,0.0
Netherlands,32 Manufacture of ceramics,2021.0,630080.0,630080.0,0.0,0.0,0.0
Netherlands,32 Manufacture of ceramics,2022.0,596554.0,596554.0,0.0,0.0,0.0
Netherlands,32 Manufacture of ceramics,2023.0,487295.0,487295.0,0.0,0.0,0.0
Netherlands,33 Manufacture of mineral wool,2015.0,175204.0,175204.0,0.0,0.0,0.0
Netherlands,33 Manufacture of mineral wool,2016.0,188417.0,188417.0,0.0,0.0,0.0
Netherlands,33 Manufacture of mineral wool,2017.0,198845.0,198845.0,0.0,0.0,0.0
Netherlands,33 Manufacture of mineral wool,2018.0,217906.0,217906.0,0.0,0.0,0.0
Netherlands,33 Manufacture of mineral wool,2019.0,209849.0,209849.0,0.0,0.0,0.0
Netherlands,33 Manufacture of mineral wool,2020.0,185707.0,185707.0,0.0,0.0,0.0
Netherlands,33 Manufacture of mineral wool,2021.0,194966.0,194966.0,0.0,0.0,0.0
Netherlands,33 Manufacture of mineral wool,2022.0,183531.0,183531.0,0.0,0.0,0.0
Netherlands,33 Manufacture of mineral wool,2023.0,143775.0,143775.0,0.0,0.0,0.0
Netherlands,34 Production or processing of gypsum or plasterboard,2015.0,41338.0,41338.0,0.0,0.0,0.0
Netherlands,34 Production or processing of gypsum or plasterboard,2016.0,41711.0,41711.0,0.0,0.0,0.0
Netherlands,34 Production or processing of gypsum or plasterboard,2017.0,44793.0,44793.0,0.0,0.0,0.0
Netherlands,34 Production or processing of gypsum or plasterboard,2018.0,41497.0,41497.0,0.0,0.0,0.0
Netherlands,34 Production or processing of gypsum or plasterboard,2019.0,41737.0,41737.0,0.0,0.0,0.0
Netherlands,34 Production or processing of gypsum or plasterboard,2020.0,38650.0,38650.0,0.0,0.0,0.0
Netherlands,34 Production or processing of gypsum or plasterboard,2021.0,40998.0,40998.0,0.0,0.0,0.0
Netherlands,34 Production or processing of gypsum or plasterboard,2022.0,37913.0,37913.0,0.0,0.0,0.0
Netherlands,34 Production or processing of gypsum or plasterboard,2023.0,37153.0,37153.0,0.0,0.0,0.0
Netherlands,36 Production of paper or cardboard,2015.0,1081254.0,1081254.0,0.0,0.0,0.0
Netherlands,36 Production of paper or cardboard,2016.0,1042793.0,1042793.0,0.0,0.0,0.0
Netherlands,36 Production of paper or cardboard,2017.0,1046229.0,1046229.0,0.0,0.0,0.0
Netherlands,36 Production of paper or cardboard,2018.0,1017868.0,1017868.0,0.0,0.0,0.0
Netherlands,36 Production of paper or cardboard,2019.0,1020710.0,1020710.0,0.0,0.0,0.0
Netherlands,36 Production of paper or cardboard,2020.0,981475.0,981475.0,0.0,0.0,0.0
Netherlands,36 Production of paper or cardboard,2021.0,1047409.0,1047409.0,0.0,0.0,0.0
Netherlands,36 Production of paper or cardboard,2022.0,935155.0,935155.0,0.0,0.0,0.0
Netherlands,36 Production of paper or cardboard,2023.0,652356.0,652356.0,0.0,0.0,0.0
Netherlands,37 Production of carbon black,2015.0,235829.0,235829.0,0.0,0.0,0.0
Netherlands,37 Production of carbon black,2016.0,246654.0,246654.0,0.0,0.0,0.0
Netherlands,37 Production of carbon black,2017.0,251336.0,251336.0,0.0,0.0,0.0
Netherlands,37 Production of carbon black,2018.0,240223.0,240223.0,0.0,0.0,0.0
Netherlands,37 Production of carbon black,2019.0,227104.0,227104.0,0.0,0.0,0.0
Netherlands,37 Production of carbon black,2020.0,204626.0,204626.0,0.0,0.0,0.0
Netherlands,37 Production of carbon black,2021.0,236355.0,236355.0,0.0,0.0,0.0
Netherlands,37 Production of carbon black,2022.0,204170.0,204170.0,0.0,0.0,0.0
Netherlands,37 Production of carbon black,2023.0,200975.0,200975.0,0.0,0.0,0.0
Netherlands,41 Production of ammonia,2015.0,3762406.0,3762406.0,0.0,0.0,0.0
Netherlands,41 Production of ammonia,2016.0,3729397.0,3729397.0,0.0,0.0,0.0
Netherlands,41 Production of ammonia,2017.0,3828297.0,3828297.0,0.0,0.0,0.0
Netherlands,41 Production of ammonia,2018.0,3607109.0,3607109.0,0.0,0.0,0.0
Netherlands,41 Production of ammonia,2019.0,3447301.0,3447301.0,0.0,0.0,0.0
Netherlands,41 Production of ammonia,2020.0,3297569.0,3297569.0,0.0,0.0,0.0
Netherlands,41 Production of ammonia,2021.0,3190000.0,3190000.0,0.0,0.0,0.0
Netherlands,41 Production of ammonia,2022.0,2749881.0,2749881.0,0.0,0.0,0.0
Netherlands,41 Production of ammonia,2023.0,2750148.0,2750148.0,0.0,0.0,0.0
Netherlands,42 Production of bulk chemicals,2015.0,3769898.0,3769898.0,0.0,0.0,0.0
Netherlands,42 Production of bulk chemicals,2016.0,3994645.0,3994645.0,0.0,0.0,0.0
Netherlands,42 Production of bulk chemicals,2017.0,3870174.0,3870174.0,0.0,0.0,0.0
Netherlands,42 Production of bulk chemicals,2018.0,4008420.0,4008420.0,0.0,0.0,0.0
Netherlands,42 Production of bulk chemicals,2019.0,3831333.0,3831333.0,0.0,0.0,0.0
Netherlands,42 Production of bulk chemicals,2020.0,3355867.0,3355867.0,0.0,0.0,0.0
Netherlands,42 Production of bulk chemicals,2021.0,4816043.0,4816043.0,0.0,0.0,0.0
Netherlands,42 Production of bulk chemicals,2022.0,4269028.0,4269028.0,0.0,0.0,0.0
Netherlands,42 Production of bulk chemicals,2023.0,3867001.0,3867001.0,0.0,0.0,0.0
Netherlands,43 Production of hydrogen and synthesis gas,2015.0,1871255.0,1871255.0,0.0,0.0,0.0
Netherlands,43 Production of hydrogen and synthesis gas,2016.0,1712887.0,1712887.0,0.0,0.0,0.0
Netherlands,43 Production of hydrogen and synthesis gas,2017.0,1920757.0,1920757.0,0.0,0.0,0.0
Netherlands,43 Production of hydrogen and synthesis gas,2018.0,1793782.0,1793782.0,0.0,0.0,0.0
Netherlands,43 Production of hydrogen and synthesis gas,2019.0,2255731.0,2255731.0,0.0,0.0,0.0
Netherlands,43 Production of hydrogen and synthesis gas,2020.0,2039880.0,2039880.0,0.0,0.0,0.0
Netherlands,43 Production of hydrogen and synthesis gas,2021.0,1237436.0,1237436.0,0.0,0.0,0.0
Netherlands,43 Production of hydrogen and synthesis gas,2022.0,729753.0,729753.0,0.0,0.0,0.0
Netherlands,43 Production of hydrogen and synthesis gas,2023.0,839805.0,839805.0,0.0,0.0,0.0
Netherlands,99 Other activity opted-in under Art. 24,2021.0,18368.0,18368.0,0.0,0.0,0.0
Netherlands,99 Other activity opted-in under Art. 24,2022.0,25325.0,25325.0,0.0,0.0,0.0
Netherlands,99 Other activity opted-in under Art. 24,2023.0,26239.0,26239.0,0.0,0.0,0.0
Northern Ireland,20 Combustion of fuels,2015.0,3827742.0,3827742.0,0.0,0.0,0.0
Northern Ireland,20 Combustion of fuels,2016.0,3983703.0,3983703.0,0.0,0.0,0.0
Northern Ireland,20 Combustion of fuels,2017.0,3423431.0,3423431.0,0.0,0.0,0.0
Northern Ireland,20 Combustion of fuels,2018.0,2975664.0,2975664.0,0.0,0.0,0.0
Northern Ireland,20 Combustion of fuels,2019.0,2747825.0,2747825.0,0.0,0.0,0.0
Northern Ireland,20 Combustion of fuels,2020.0,2812224.0,2812224.0,0.0,0.0,0.0
Northern Ireland,20 Combustion of fuels,2021.0,3112486.0,3112486.0,0.0,0.0,0.0
Northern Ireland,20 Combustion of fuels,2022.0,2998092.0,2998092.0,0.0,0.0,0.0
Northern Ireland,20 Combustion of fuels,2023.0,2199921.0,2199921.0,0.0,0.0,0.0
Northern Ireland,20-99 All stationary installations,2015.0,3827742.0,3827742.0,0.0,0.0,0.0
Northern Ireland,20-99 All stationary installations,2016.0,3983703.0,3983703.0,0.0,0.0,0.0
Northern Ireland,20-99 All stationary installations,2017.0,3423431.0,3423431.0,0.0,0.0,0.0
Northern Ireland,20-99 All stationary installations,2018.0,2975664.0,2975664.0,0.0,0.0,0.0
Northern Ireland,20-99 All stationary installations,2019.0,2747825.0,2747825.0,0.0,0.0,0.0
Northern Ireland,20-99 All stationary installations,2020.0,2812224.0,2812224.0,0.0,0.0,0.0
Northern Ireland,20-99 All stationary installations,2021.0,3112486.0,3112486.0,0.0,0.0,0.0
Northern Ireland,20-99 All stationary installations,2022.0,2998092.0,2998092.0,0.0,0.0,0.0
Northern Ireland,20-99 All stationary installations,2023.0,2199921.0,2199921.0,0.0,0.0,0.0
Norway,10 Aviation,2015.0,2246646.0,2246646.0,0.0,0.0,0.0
Norway,10 Aviation,2016.0,1592192.0,1592192.0,0.0,0.0,0.0
Norway,10 Aviation,2017.0,1457639.0,1457639.0,0.0,0.0,0.0
Norway,10 Aviation,2018.0,1518271.0,1518271.0,0.0,0.0,0.0
Norway,10 Aviation,2019.0,1572058.0,1572058.0,0.0,0.0,0.0
Norway,10 Aviation,2020.0,573956.0,287385.0,49.92908864094112,0.705605187424865,-0.33286126044620734
Norway,10 Aviation,2021.0,742858.0,371460.0,49.995826927892004,0.7070182661937252,-0.3333055151743569
Norway,10 Aviation,2022.0,1327983.0,665070.5,49.918748959888795,0.7053866823281608,-0.33279253853538826
Norway,10 Aviation,2023.0,1156586.0,579300.5,49.91289017850813,0.7052629207321234,-0.3327536111799201
Norway,20 Combustion of fuels,2015.0,15105660.0,15105660.0,0.0,0.0,0.0
Norway,20 Combustion of fuels,2016.0,14856392.0,14856392.0,0.0,0.0,0.0
Norway,20 Combustion of fuels,2017.0,14191910.0,14191910.0,0.0,0.0,0.0
Norway,20 Combustion of fuels,2018.0,13899942.0,13899942.0,0.0,0.0,0.0
Norway,20 Combustion of fuels,2019.0,13756576.0,13756576.0,0.0,0.0,0.0
Norway,20 Combustion of fuels,2020.0,13042235.0,13042235.0,0.0,0.0,0.0
Norway,20 Combustion of fuels,2021.0,12018316.0,12018316.0,0.0,0.0,0.0
Norway,20 Combustion of fuels,2022.0,11975461.0,11975461.0,0.0,0.0,0.0
Norway,20 Combustion of fuels,2023.0,11520607.0,11520607.0,0.0,0.0,0.0
Norway,20-99 All stationary installations,2015.0,25698068.0,25698068.0,0.0,0.0,0.0
Norway,20-99 All stationary installations,2016.0,25210496.0,25210496.0,0.0,0.0,0.0
Norway,20-99 All stationary installations,2017.0,25414082.0,25414082.0,0.0,0.0,0.0
Norway,20-99 All stationary installations,2018.0,25208630.0,25208630.0,0.0,0.0,0.0
Norway,20-99 All stationary installations,2019.0,24637359.0,24637359.0,0.0,0.0,0.0
Norway,20-99 All stationary installations,2020.0,23711000.0,23711000.0,0.0,0.0,0.0
Norway,20-99 All stationary installations,2021.0,22967160.0,22967160.0,0.0,0.0,0.0
Norway,20-99 All stationary installations,2022.0,22574182.0,22574182.0,0.0,0.0,0.0
Norway,20-99 All stationary installations,2023.0,21333182.0,21333182.0,0.0,0.0,0.0
Norway,21  Refining of mineral oil,2015.0,1906090.0,1906090.0,0.0,0.0,0.0
Norway,21  Refining of mineral oil,2016.0,1703967.0,1703967.0,0.0,0.0,0.0
Norway,21  Refining of mineral oil,2017.0,2649794.0,2649794.0,0.0,0.0,0.0
Norway,21  Refining of mineral oil,2018.0,2535104.0,2535104.0,0.0,0.0,0.0
Norway,21  Refining of mineral oil,2019.0,2054040.0,2054040.0,0.0,0.0,0.0
Norway,21  Refining of mineral oil,2020.0,1974175.0,1974175.0,0.0,0.0,0.0
Norway,21  Refining of mineral oil,2021.0,2164716.0,2164716.0,0.0,0.0,0.0
Norway,21  Refining of mineral oil,2022.0,1678543.0,1678543.0,0.0,0.0,0.0
Norway,21  Refining of mineral oil,2023.0,1670350.0,1670350.0,0.0,0.0,0.0
Norway,21-99 All industrial installations (excl. combustion),2015.0,10592408.0,10592408.0,0.0,0.0,0.0
Norway,21-99 All industrial installations (excl. combustion),2016.0,10354104.0,10354104.0,0.0,0.0,0.0
Norway,21-99 All industrial installations (excl. combustion),2017.0,11222172.0,11222172.0,0.0,0.0,0.0
Norway,21-99 All industrial installations (excl. combustion),2018.0,11308688.0,11308688.0,0.0,0.0,0.0
Norway,21-99 All industrial installations (excl. combustion),2019.0,10880783.0,10880783.0,0.0,0.0,0.0
Norway,21-99 All industrial installations (excl. combustion),2020.0,10668765.0,10668765.0,0.0,0.0,0.0
Norway,21-99 All industrial installations (excl. combustion),2021.0,10948844.0,10948844.0,0.0,0.0,0.0
Norway,21-99 All industrial installations (excl. combustion),2022.0,10598721.0,10598721.0,0.0,0.0,0.0
Norway,21-99 All industrial installations (excl. combustion),2023.0,9812575.0,9812575.0,0.0,0.0,0.0
Norway,24  Production of pig iron or steel,2015.0,96656.0,96656.0,0.0,0.0,0.0
Norway,24  Production of pig iron or steel,2016.0,91511.0,91511.0,0.0,0.0,0.0
Norway,24  Production of pig iron or steel,2017.0,98803.0,98803.0,0.0,0.0,0.0
Norway,24  Production of pig iron or steel,2018.0,93274.0,93274.0,0.0,0.0,0.0
Norway,24  Production of pig iron or steel,2019.0,89987.0,89987.0,0.0,0.0,0.0
Norway,24  Production of pig iron or steel,2020.0,76191.0,76191.0,0.0,0.0,0.0
Norway,24  Production of pig iron or steel,2021.0,87094.0,87094.0,0.0,0.0,0.0
Norway,24  Production of pig iron or steel,2022.0,98066.0,98066.0,0.0,0.0,0.0
Norway,24  Production of pig iron or steel,2023.0,88960.0,88960.0,0.0,0.0,0.0
Norway,25 Production or processing of ferrous metals,2015.0,2160663.0,2160663.0,0.0,0.0,0.0
Norway,25 Production or processing of ferrous metals,2016.0,2242480.0,2242480.0,0.0,0.0,0.0
Norway,25 Production or processing of ferrous metals,2017.0,2398449.0,2398449.0,0.0,0.0,0.0
Norway,25 Production or processing of ferrous metals,2018.0,2277106.0,2277106.0,0.0,0.0,0.0
Norway,25 Production or processing of ferrous metals,2019.0,2260346.0,2260346.0,0.0,0.0,0.0
Norway,25 Production or processing of ferrous metals,2020.0,2318180.0,2318180.0,0.0,0.0,0.0
Norway,25 Production or processing of ferrous metals,2021.0,2382284.0,2382284.0,0.0,0.0,0.0
Norway,25 Production or processing of ferrous metals,2022.0,2392794.0,2392794.0,0.0,0.0,0.0
Norway,25 Production or processing of ferrous metals,2023.0,2138086.0,2138086.0,0.0,0.0,0.0
Norway,26 Production of primary aluminium,2015.0,2130165.0,2130165.0,0.0,0.0,0.0
Norway,26 Production of primary aluminium,2016.0,2219490.0,2219490.0,0.0,0.0,0.0
Norway,26 Production of primary aluminium,2017.0,2222527.0,2222527.0,0.0,0.0,0.0
Norway,26 Production of primary aluminium,2018.0,2282940.0,2282940.0,0.0,0.0,0.0
Norway,26 Production of primary aluminium,2019.0,2333073.0,2333073.0,0.0,0.0,0.0
Norway,26 Production of primary aluminium,2020.0,2316200.0,2316200.0,0.0,0.0,0.0
Norway,26 Production of primary aluminium,2021.0,2532599.0,2532599.0,0.0,0.0,0.0
Norway,26 Production of primary aluminium,2022.0,2450878.0,2450878.0,0.0,0.0,0.0
Norway,26 Production of primary aluminium,2023.0,2199814.0,2199814.0,0.0,0.0,0.0
Norway,27 Production of secondary aluminium,2020.0,15929.0,15929.0,0.0,0.0,0.0
Norway,27 Production of secondary aluminium,2021.0,16871.0,16871.0,0.0,0.0,0.0
Norway,27 Production of secondary aluminium,2022.0,15533.0,15533.0,0.0,0.0,0.0
Norway,27 Production of secondary aluminium,2023.0,14067.0,14067.0,0.0,0.0,0.0
Norway,28 Production or processing of non-ferrous metals,2015.0,489194.0,489194.0,0.0,0.0,0.0
Norway,28 Production or processing of non-ferrous metals,2016.0,491284.0,491284.0,0.0,0.0,0.0
Norway,28 Production or processing of non-ferrous metals,2017.0,478075.0,478075.0,0.0,0.0,0.0
Norway,28 Production or processing of non-ferrous metals,2018.0,485350.0,485350.0,0.0,0.0,0.0
Norway,28 Production or processing of non-ferrous metals,2019.0,551922.0,551922.0,0.0,0.0,0.0
Norway,28 Production or processing of non-ferrous metals,2020.0,637199.0,637199.0,0.0,0.0,0.0
Norway,28 Production or processing of non-ferrous metals,2021.0,643526.0,643526.0,0.0,0.0,0.0
Norway,28 Production or processing of non-ferrous metals,2022.0,651419.0,651419.0,0.0,0.0,0.0
Norway,28 Production or processing of non-ferrous metals,2023.0,601319.0,601319.0,0.0,0.0,0.0
Norway,29 Production of cement clinker,2015.0,1007293.0,1007293.0,0.0,0.0,0.0
Norway,29 Production of cement clinker,2016.0,1030627.0,1030627.0,0.0,0.0,0.0
Norway,29 Production of cement clinker,2017.0,1171676.0,1171676.0,0.0,0.0,0.0
Norway,29 Production of cement clinker,2018.0,1111818.0,1111818.0,0.0,0.0,0.0
Norway,29 Production of cement clinker,2019.0,1104575.0,1104575.0,0.0,0.0,0.0
Norway,29 Production of cement clinker,2020.0,1081325.0,1081325.0,0.0,0.0,0.0
Norway,29 Production of cement clinker,2021.0,1040227.0,1040227.0,0.0,0.0,0.0
Norway,29 Production of cement clinker,2022.0,1052032.0,1052032.0,0.0,0.0,0.0
Norway,29 Production of cement clinker,2023.0,892649.0,892649.0,0.0,0.0,0.0
Norway,"30 Production of lime, or calcination of dolomite/magnesite",2015.0,448855.0,448855.0,0.0,0.0,0.0
Norway,"30 Production of lime, or calcination of dolomite/magnesite",2016.0,392453.0,392453.0,0.0,0.0,0.0
Norway,"30 Production of lime, or calcination of dolomite/magnesite",2017.0,333590.0,333590.0,0.0,0.0,0.0
Norway,"30 Production of lime, or calcination of dolomite/magnesite",2018.0,354234.0,354234.0,0.0,0.0,0.0
Norway,"30 Production of lime, or calcination of dolomite/magnesite",2019.0,382520.0,382520.0,0.0,0.0,0.0
Norway,"30 Production of lime, or calcination of dolomite/magnesite",2020.0,315164.0,315164.0,0.0,0.0,0.0
Norway,"30 Production of lime, or calcination of dolomite/magnesite",2021.0,298244.0,298244.0,0.0,0.0,0.0
Norway,"30 Production of lime, or calcination of dolomite/magnesite",2022.0,356291.0,356291.0,0.0,0.0,0.0
Norway,"30 Production of lime, or calcination of dolomite/magnesite",2023.0,292329.0,292329.0,0.0,0.0,0.0
Norway,31 Manufacture of glass,2015.0,37065.0,37065.0,0.0,0.0,0.0
Norway,31 Manufacture of glass,2016.0,37747.0,37747.0,0.0,0.0,0.0
Norway,31 Manufacture of glass,2017.0,37635.0,37635.0,0.0,0.0,0.0
Norway,31 Manufacture of glass,2018.0,41082.0,41082.0,0.0,0.0,0.0
Norway,31 Manufacture of glass,2019.0,44782.0,44782.0,0.0,0.0,0.0
Norway,31 Manufacture of glass,2020.0,42189.0,42189.0,0.0,0.0,0.0
Norway,31 Manufacture of glass,2021.0,45688.0,45688.0,0.0,0.0,0.0
Norway,31 Manufacture of glass,2022.0,44745.0,44745.0,0.0,0.0,0.0
Norway,31 Manufacture of glass,2023.0,43456.0,43456.0,0.0,0.0,0.0
Norway,32 Manufacture of ceramics,2015.0,21988.0,21988.0,0.0,0.0,0.0
Norway,32 Manufacture of ceramics,2016.0,34712.0,34712.0,0.0,0.0,0.0
Norway,32 Manufacture of ceramics,2017.0,36566.0,36566.0,0.0,0.0,0.0
Norway,32 Manufacture of ceramics,2018.0,40949.0,40949.0,0.0,0.0,0.0
Norway,32 Manufacture of ceramics,2019.0,43142.0,43142.0,0.0,0.0,0.0
Norway,32 Manufacture of ceramics,2020.0,31800.0,31800.0,0.0,0.0,0.0
Norway,32 Manufacture of ceramics,2021.0,36933.0,36933.0,0.0,0.0,0.0
Norway,32 Manufacture of ceramics,2022.0,32408.0,32408.0,0.0,0.0,0.0
Norway,32 Manufacture of ceramics,2023.0,24217.0,24217.0,0.0,0.0,0.0
Norway,33 Manufacture of mineral wool,2015.0,50061.0,50061.0,0.0,0.0,0.0
Norway,33 Manufacture of mineral wool,2016.0,49186.0,49186.0,0.0,0.0,0.0
Norway,33 Manufacture of mineral wool,2017.0,57046.0,57046.0,0.0,0.0,0.0
Norway,33 Manufacture of mineral wool,2018.0,63052.0,63052.0,0.0,0.0,0.0
Norway,33 Manufacture of mineral wool,2019.0,58132.0,58132.0,0.0,0.0,0.0
Norway,33 Manufacture of mineral wool,2020.0,46800.0,46800.0,0.0,0.0,0.0
Norway,33 Manufacture of mineral wool,2021.0,35343.0,35343.0,0.0,0.0,0.0
Norway,33 Manufacture of mineral wool,2022.0,36642.0,36642.0,0.0,0.0,0.0
Norway,33 Manufacture of mineral wool,2023.0,28029.0,28029.0,0.0,0.0,0.0
Norway,34 Production or processing of gypsum or plasterboard,2015.0,28295.0,28295.0,0.0,0.0,0.0
Norway,34 Production or processing of gypsum or plasterboard,2016.0,29898.0,29898.0,0.0,0.0,0.0
Norway,34 Production or processing of gypsum or plasterboard,2017.0,30732.0,30732.0,0.0,0.0,0.0
Norway,34 Production or processing of gypsum or plasterboard,2018.0,27062.0,27062.0,0.0,0.0,0.0
Norway,34 Production or processing of gypsum or plasterboard,2019.0,27565.0,27565.0,0.0,0.0,0.0
Norway,34 Production or processing of gypsum or plasterboard,2020.0,27042.0,27042.0,0.0,0.0,0.0
Norway,34 Production or processing of gypsum or plasterboard,2021.0,30003.0,30003.0,0.0,0.0,0.0
Norway,34 Production or processing of gypsum or plasterboard,2022.0,29977.0,29977.0,0.0,0.0,0.0
Norway,34 Production or processing of gypsum or plasterboard,2023.0,26727.0,26727.0,0.0,0.0,0.0
Norway,35 Production of pulp,2015.0,123763.0,123763.0,0.0,0.0,0.0
Norway,35 Production of pulp,2016.0,130375.0,130375.0,0.0,0.0,0.0
Norway,35 Production of pulp,2017.0,131550.0,131550.0,0.0,0.0,0.0
Norway,35 Production of pulp,2018.0,147611.0,147611.0,0.0,0.0,0.0
Norway,35 Production of pulp,2019.0,142550.0,142550.0,0.0,0.0,0.0
Norway,35 Production of pulp,2020.0,134455.0,134455.0,0.0,0.0,0.0
Norway,35 Production of pulp,2021.0,165462.0,165462.0,0.0,0.0,0.0
Norway,35 Production of pulp,2022.0,183903.0,183903.0,0.0,0.0,0.0
Norway,35 Production of pulp,2023.0,142058.0,142058.0,0.0,0.0,0.0
Norway,36 Production of paper or cardboard,2015.0,22940.0,22940.0,0.0,0.0,0.0
Norway,36 Production of paper or cardboard,2016.0,32674.0,32674.0,0.0,0.0,0.0
Norway,36 Production of paper or cardboard,2017.0,25724.0,25724.0,0.0,0.0,0.0
Norway,36 Production of paper or cardboard,2018.0,26867.0,26867.0,0.0,0.0,0.0
Norway,36 Production of paper or cardboard,2019.0,27056.0,27056.0,0.0,0.0,0.0
Norway,36 Production of paper or cardboard,2020.0,14645.0,14645.0,0.0,0.0,0.0
Norway,36 Production of paper or cardboard,2021.0,22527.0,22527.0,0.0,0.0,0.0
Norway,36 Production of paper or cardboard,2022.0,24120.0,24120.0,0.0,0.0,0.0
Norway,36 Production of paper or cardboard,2023.0,20775.0,20775.0,0.0,0.0,0.0
Norway,42 Production of bulk chemicals,2015.0,2069380.0,2069380.0,0.0,0.0,0.0
Norway,42 Production of bulk chemicals,2016.0,1867700.0,1867700.0,0.0,0.0,0.0
Norway,42 Production of bulk chemicals,2017.0,1550005.0,1550005.0,0.0,0.0,0.0
Norway,42 Production of bulk chemicals,2018.0,1822239.0,1822239.0,0.0,0.0,0.0
Norway,42 Production of bulk chemicals,2019.0,1761093.0,1761093.0,0.0,0.0,0.0
Norway,42 Production of bulk chemicals,2020.0,1637471.0,1637471.0,0.0,0.0,0.0
Norway,42 Production of bulk chemicals,2021.0,1447327.0,1447327.0,0.0,0.0,0.0
Norway,42 Production of bulk chemicals,2022.0,1551370.0,1551370.0,0.0,0.0,0.0
Norway,42 Production of bulk chemicals,2023.0,1629739.0,1629739.0,0.0,0.0,0.0
Poland,10 Aviation,2015.0,591020.0,591020.0,0.0,0.0,0.0
Poland,10 Aviation,2016.0,749946.0,749946.0,0.0,0.0,0.0
Poland,10 Aviation,2017.0,943715.0,943715.0,0.0,0.0,0.0
Poland,10 Aviation,2018.0,1142534.0,1142534.0,0.0,0.0,0.0
Poland,10 Aviation,2019.0,1097467.0,1097467.0,0.0,0.0,0.0
Poland,10 Aviation,2020.0,421061.0,214595.5,49.034581687688956,0.6871130264173726,-0.3270191282358359
Poland,10 Aviation,2021.0,487570.0,248979.5,48.93461451688989,0.6850971918151142,-0.3263789455222885
Poland,10 Aviation,2022.0,795207.0,405708.0,48.98083140616217,0.6860279058309336,-0.3266746034093486
Poland,10 Aviation,2023.0,941004.0,479265.5,49.06870746564308,0.6878034739965653,-0.32723824268594326
Poland,20 Combustion of fuels,2015.0,161031974.0,161031974.0,0.0,0.0,0.0
Poland,20 Combustion of fuels,2016.0,160342968.0,160342968.0,0.0,0.0,0.0
Poland,20 Combustion of fuels,2017.0,163015312.0,163015312.0,0.0,0.0,0.0
Poland,20 Combustion of fuels,2018.0,160615296.0,160615296.0,0.0,0.0,0.0
Poland,20 Combustion of fuels,2019.0,144964952.0,144964952.0,0.0,0.0,0.0
Poland,20 Combustion of fuels,2020.0,134830136.0,134830136.0,0.0,0.0,0.0
Poland,20 Combustion of fuels,2021.0,154219686.0,154219686.0,0.0,0.0,0.0
Poland,20 Combustion of fuels,2022.0,144117306.0,144117306.0,0.0,0.0,0.0
Poland,20 Combustion of fuels,2023.0,117276511.0,117276511.0,0.0,0.0,0.0
Poland,20-99 All stationary installations,2015.0,198700536.0,198700536.0,0.0,0.0,0.0
Poland,20-99 All stationary installations,2016.0,198051726.0,198051726.0,0.0,0.0,0.0
Poland,20-99 All stationary installations,2017.0,202166696.0,202166696.0,0.0,0.0,0.0
Poland,20-99 All stationary installations,2018.0,199974539.0,199974539.0,0.0,0.0,0.0
Poland,20-99 All stationary installations,2019.0,183690533.0,183690533.0,0.0,0.0,0.0
Poland,20-99 All stationary installations,2020.0,171729419.0,171729419.0,0.0,0.0,0.0
Poland,20-99 All stationary installations,2021.0,192032908.0,192032908.0,0.0,0.0,0.0
Poland,20-99 All stationary installations,2022.0,184145848.0,184145848.0,0.0,0.0,0.0
Poland,20-99 All stationary installations,2023.0,152448530.0,152448530.0,0.0,0.0,0.0
Poland,21  Refining of mineral oil,2015.0,4284107.0,4284107.0,0.0,0.0,0.0
Poland,21  Refining of mineral oil,2016.0,4211498.0,4211498.0,0.0,0.0,0.0
Poland,21  Refining of mineral oil,2017.0,4018133.0,4018133.0,0.0,0.0,0.0
Poland,21  Refining of mineral oil,2018.0,4321108.0,4321108.0,0.0,0.0,0.0
Poland,21  Refining of mineral oil,2019.0,4463662.0,4463662.0,0.0,0.0,0.0
Poland,21  Refining of mineral oil,2020.0,4324966.0,4324966.0,0.0,0.0,0.0
Poland,21  Refining of mineral oil,2021.0,4527942.0,4527942.0,0.0,0.0,0.0
Poland,21  Refining of mineral oil,2022.0,9636088.0,9636088.0,0.0,0.0,0.0
Poland,21  Refining of mineral oil,2023.0,8766464.0,8766464.0,0.0,0.0,0.0
Poland,21-99 All industrial installations (excl. combustion),2015.0,37668562.0,37668562.0,0.0,0.0,0.0
Poland,21-99 All industrial installations (excl. combustion),2016.0,37708758.0,37708758.0,0.0,0.0,0.0
Poland,21-99 All industrial installations (excl. combustion),2017.0,39151384.0,39151384.0,0.0,0.0,0.0
Poland,21-99 All industrial installations (excl. combustion),2018.0,39359243.0,39359243.0,0.0,0.0,0.0
Poland,21-99 All industrial installations (excl. combustion),2019.0,38725581.0,38725581.0,0.0,0.0,0.0
Poland,21-99 All industrial installations (excl. combustion),2020.0,36899283.0,36899283.0,0.0,0.0,0.0
Poland,21-99 All industrial installations (excl. combustion),2021.0,37813222.0,37813222.0,0.0,0.0,0.0
Poland,21-99 All industrial installations (excl. combustion),2022.0,40028542.0,40028542.0,0.0,0.0,0.0
Poland,21-99 All industrial installations (excl. combustion),2023.0,35172019.0,35172019.0,0.0,0.0,0.0
Poland,22  Production of coke,2015.0,1965955.0,1965955.0,0.0,0.0,0.0
Poland,22  Production of coke,2016.0,1889722.0,1889722.0,0.0,0.0,0.0
Poland,22  Production of coke,2017.0,1886347.0,1886347.0,0.0,0.0,0.0
Poland,22  Production of coke,2018.0,1879355.0,1879355.0,0.0,0.0,0.0
Poland,22  Production of coke,2019.0,1511985.0,1511985.0,0.0,0.0,0.0
Poland,22  Production of coke,2020.0,1384020.0,1384020.0,0.0,0.0,0.0
Poland,22  Production of coke,2021.0,1684652.0,1684652.0,0.0,0.0,0.0
Poland,22  Production of coke,2022.0,1539424.0,1539424.0,0.0,0.0,0.0
Poland,22  Production of coke,2023.0,1521057.0,1521057.0,0.0,0.0,0.0
Poland,23 Metal ore roasting or sintering,2015.0,1682177.0,1682177.0,0.0,0.0,0.0
Poland,23 Metal ore roasting or sintering,2016.0,1525360.0,1525360.0,0.0,0.0,0.0
Poland,23 Metal ore roasting or sintering,2017.0,1566704.0,1566704.0,0.0,0.0,0.0
Poland,23 Metal ore roasting or sintering,2018.0,1614716.0,1614716.0,0.0,0.0,0.0
Poland,23 Metal ore roasting or sintering,2019.0,1517219.0,1517219.0,0.0,0.0,0.0
Poland,23 Metal ore roasting or sintering,2020.0,1068491.0,1068491.0,0.0,0.0,0.0
Poland,23 Metal ore roasting or sintering,2021.0,1278558.0,1278558.0,0.0,0.0,0.0
Poland,23 Metal ore roasting or sintering,2022.0,984109.0,984109.0,0.0,0.0,0.0
Poland,23 Metal ore roasting or sintering,2023.0,786577.0,786577.0,0.0,0.0,0.0
Poland,24  Production of pig iron or steel,2015.0,3862176.0,3862176.0,0.0,0.0,0.0
Poland,24  Production of pig iron or steel,2016.0,3818601.0,3818601.0,0.0,0.0,0.0
Poland,24  Production of pig iron or steel,2017.0,4224393.0,4224393.0,0.0,0.0,0.0
Poland,24  Production of pig iron or steel,2018.0,3782323.0,3782323.0,0.0,0.0,0.0
Poland,24  Production of pig iron or steel,2019.0,3403943.0,3403943.0,0.0,0.0,0.0
Poland,24  Production of pig iron or steel,2020.0,2720871.0,2720871.0,0.0,0.0,0.0
Poland,24  Production of pig iron or steel,2021.0,2958546.0,2958546.0,0.0,0.0,0.0
Poland,24  Production of pig iron or steel,2022.0,2430751.0,2430751.0,0.0,0.0,0.0
Poland,24  Production of pig iron or steel,2023.0,2037933.0,2037933.0,0.0,0.0,0.0
Poland,25 Production or processing of ferrous metals,2015.0,961973.0,961973.0,0.0,0.0,0.0
Poland,25 Production or processing of ferrous metals,2016.0,953904.0,953904.0,0.0,0.0,0.0
Poland,25 Production or processing of ferrous metals,2017.0,1035787.0,1035787.0,0.0,0.0,0.0
Poland,25 Production or processing of ferrous metals,2018.0,1000310.0,1000310.0,0.0,0.0,0.0
Poland,25 Production or processing of ferrous metals,2019.0,893497.0,893497.0,0.0,0.0,0.0
Poland,25 Production or processing of ferrous metals,2020.0,834095.0,834095.0,0.0,0.0,0.0
Poland,25 Production or processing of ferrous metals,2021.0,893783.0,893783.0,0.0,0.0,0.0
Poland,25 Production or processing of ferrous metals,2022.0,816295.0,816295.0,0.0,0.0,0.0
Poland,25 Production or processing of ferrous metals,2023.0,768201.0,768201.0,0.0,0.0,0.0
Poland,28 Production or processing of non-ferrous metals,2015.0,1305598.0,1305598.0,0.0,0.0,0.0
Poland,28 Production or processing of non-ferrous metals,2016.0,1373396.0,1373396.0,0.0,0.0,0.0
Poland,28 Production or processing of non-ferrous metals,2017.0,1758206.0,1758206.0,0.0,0.0,0.0
Poland,28 Production or processing of non-ferrous metals,2018.0,1753516.0,1753516.0,0.0,0.0,0.0
Poland,28 Production or processing of non-ferrous metals,2019.0,1888498.0,1888498.0,0.0,0.0,0.0
Poland,28 Production or processing of non-ferrous metals,2020.0,1771765.0,1771765.0,0.0,0.0,0.0
Poland,28 Production or processing of non-ferrous metals,2021.0,1887868.0,1887868.0,0.0,0.0,0.0
Poland,28 Production or processing of non-ferrous metals,2022.0,1742082.0,1742082.0,0.0,0.0,0.0
Poland,28 Production or processing of non-ferrous metals,2023.0,1775988.0,1775988.0,0.0,0.0,0.0
Poland,29 Production of cement clinker,2015.0,9441742.0,9441742.0,0.0,0.0,0.0
Poland,29 Production of cement clinker,2016.0,9703539.0,9703539.0,0.0,0.0,0.0
Poland,29 Production of cement clinker,2017.0,10271791.0,10271791.0,0.0,0.0,0.0
Poland,29 Production of cement clinker,2018.0,11326116.0,11326116.0,0.0,0.0,0.0
Poland,29 Production of cement clinker,2019.0,11333394.0,11333394.0,0.0,0.0,0.0
Poland,29 Production of cement clinker,2020.0,11153180.0,11153180.0,0.0,0.0,0.0
Poland,29 Production of cement clinker,2021.0,10597955.0,10597955.0,0.0,0.0,0.0
Poland,29 Production of cement clinker,2022.0,11156795.0,11156795.0,0.0,0.0,0.0
Poland,29 Production of cement clinker,2023.0,9553807.0,9553807.0,0.0,0.0,0.0
Poland,"30 Production of lime, or calcination of dolomite/magnesite",2015.0,2143445.0,2143445.0,0.0,0.0,0.0
Poland,"30 Production of lime, or calcination of dolomite/magnesite",2016.0,2226919.0,2226919.0,0.0,0.0,0.0
Poland,"30 Production of lime, or calcination of dolomite/magnesite",2017.0,2284919.0,2284919.0,0.0,0.0,0.0
Poland,"30 Production of lime, or calcination of dolomite/magnesite",2018.0,2235862.0,2235862.0,0.0,0.0,0.0
Poland,"30 Production of lime, or calcination of dolomite/magnesite",2019.0,2116036.0,2116036.0,0.0,0.0,0.0
Poland,"30 Production of lime, or calcination of dolomite/magnesite",2020.0,1914134.0,1914134.0,0.0,0.0,0.0
Poland,"30 Production of lime, or calcination of dolomite/magnesite",2021.0,2130053.0,2130053.0,0.0,0.0,0.0
Poland,"30 Production of lime, or calcination of dolomite/magnesite",2022.0,1903190.0,1903190.0,0.0,0.0,0.0
Poland,"30 Production of lime, or calcination of dolomite/magnesite",2023.0,1556990.0,1556990.0,0.0,0.0,0.0
Poland,31 Manufacture of glass,2015.0,1454366.0,1454366.0,0.0,0.0,0.0
Poland,31 Manufacture of glass,2016.0,1540148.0,1540148.0,0.0,0.0,0.0
Poland,31 Manufacture of glass,2017.0,1599690.0,1599690.0,0.0,0.0,0.0
Poland,31 Manufacture of glass,2018.0,1455327.0,1455327.0,0.0,0.0,0.0
Poland,31 Manufacture of glass,2019.0,1687717.0,1687717.0,0.0,0.0,0.0
Poland,31 Manufacture of glass,2020.0,1719150.0,1719150.0,0.0,0.0,0.0
Poland,31 Manufacture of glass,2021.0,1905744.0,1905744.0,0.0,0.0,0.0
Poland,31 Manufacture of glass,2022.0,1879012.0,1879012.0,0.0,0.0,0.0
Poland,31 Manufacture of glass,2023.0,1751249.0,1751249.0,0.0,0.0,0.0
Poland,32 Manufacture of ceramics,2015.0,987778.0,987778.0,0.0,0.0,0.0
Poland,32 Manufacture of ceramics,2016.0,1034633.0,1034633.0,0.0,0.0,0.0
Poland,32 Manufacture of ceramics,2017.0,1085736.0,1085736.0,0.0,0.0,0.0
Poland,32 Manufacture of ceramics,2018.0,1119798.0,1119798.0,0.0,0.0,0.0
Poland,32 Manufacture of ceramics,2019.0,1101213.0,1101213.0,0.0,0.0,0.0
Poland,32 Manufacture of ceramics,2020.0,1043169.0,1043169.0,0.0,0.0,0.0
Poland,32 Manufacture of ceramics,2021.0,1138004.0,1138004.0,0.0,0.0,0.0
Poland,32 Manufacture of ceramics,2022.0,1032995.0,1032995.0,0.0,0.0,0.0
Poland,32 Manufacture of ceramics,2023.0,745591.0,745591.0,0.0,0.0,0.0
Poland,33 Manufacture of mineral wool,2015.0,301064.0,301064.0,0.0,0.0,0.0
Poland,33 Manufacture of mineral wool,2016.0,321542.0,321542.0,0.0,0.0,0.0
Poland,33 Manufacture of mineral wool,2017.0,376244.0,376244.0,0.0,0.0,0.0
Poland,33 Manufacture of mineral wool,2018.0,373902.0,373902.0,0.0,0.0,0.0
Poland,33 Manufacture of mineral wool,2019.0,334072.0,334072.0,0.0,0.0,0.0
Poland,33 Manufacture of mineral wool,2020.0,363500.0,363500.0,0.0,0.0,0.0
Poland,33 Manufacture of mineral wool,2021.0,407797.0,407797.0,0.0,0.0,0.0
Poland,33 Manufacture of mineral wool,2022.0,363328.0,363328.0,0.0,0.0,0.0
Poland,33 Manufacture of mineral wool,2023.0,322862.0,322862.0,0.0,0.0,0.0
Poland,34 Production or processing of gypsum or plasterboard,2015.0,84605.0,84605.0,0.0,0.0,0.0
Poland,34 Production or processing of gypsum or plasterboard,2016.0,94052.0,94052.0,0.0,0.0,0.0
Poland,34 Production or processing of gypsum or plasterboard,2017.0,114896.0,114896.0,0.0,0.0,0.0
Poland,34 Production or processing of gypsum or plasterboard,2018.0,117086.0,117086.0,0.0,0.0,0.0
Poland,34 Production or processing of gypsum or plasterboard,2019.0,116637.0,116637.0,0.0,0.0,0.0
Poland,34 Production or processing of gypsum or plasterboard,2020.0,119443.0,119443.0,0.0,0.0,0.0
Poland,34 Production or processing of gypsum or plasterboard,2021.0,127891.0,127891.0,0.0,0.0,0.0
Poland,34 Production or processing of gypsum or plasterboard,2022.0,113153.0,113153.0,0.0,0.0,0.0
Poland,34 Production or processing of gypsum or plasterboard,2023.0,75688.0,75688.0,0.0,0.0,0.0
Poland,36 Production of paper or cardboard,2015.0,2107166.0,2107166.0,0.0,0.0,0.0
Poland,36 Production of paper or cardboard,2016.0,2055997.0,2055997.0,0.0,0.0,0.0
Poland,36 Production of paper or cardboard,2017.0,1791058.0,1791058.0,0.0,0.0,0.0
Poland,36 Production of paper or cardboard,2018.0,1571197.0,1571197.0,0.0,0.0,0.0
Poland,36 Production of paper or cardboard,2019.0,1748268.0,1748268.0,0.0,0.0,0.0
Poland,36 Production of paper or cardboard,2020.0,1600757.0,1600757.0,0.0,0.0,0.0
Poland,36 Production of paper or cardboard,2021.0,1587136.0,1587136.0,0.0,0.0,0.0
Poland,36 Production of paper or cardboard,2022.0,1409841.0,1409841.0,0.0,0.0,0.0
Poland,36 Production of paper or cardboard,2023.0,1210455.0,1210455.0,0.0,0.0,0.0
Poland,37 Production of carbon black,2015.0,78318.0,78318.0,0.0,0.0,0.0
Poland,37 Production of carbon black,2016.0,90122.0,90122.0,0.0,0.0,0.0
Poland,37 Production of carbon black,2017.0,92410.0,92410.0,0.0,0.0,0.0
Poland,37 Production of carbon black,2018.0,94291.0,94291.0,0.0,0.0,0.0
Poland,37 Production of carbon black,2019.0,97311.0,97311.0,0.0,0.0,0.0
Poland,37 Production of carbon black,2020.0,85166.0,85166.0,0.0,0.0,0.0
Poland,37 Production of carbon black,2021.0,100335.0,100335.0,0.0,0.0,0.0
Poland,37 Production of carbon black,2022.0,87730.0,87730.0,0.0,0.0,0.0
Poland,37 Production of carbon black,2023.0,81708.0,81708.0,0.0,0.0,0.0
Poland,38 Production of nitric acid,2015.0,576531.0,576531.0,0.0,0.0,0.0
Poland,38 Production of nitric acid,2016.0,576590.0,576590.0,0.0,0.0,0.0
Poland,38 Production of nitric acid,2017.0,648843.0,648843.0,0.0,0.0,0.0
Poland,38 Production of nitric acid,2018.0,597888.0,597888.0,0.0,0.0,0.0
Poland,38 Production of nitric acid,2019.0,573414.0,573414.0,0.0,0.0,0.0
Poland,38 Production of nitric acid,2020.0,541105.0,541105.0,0.0,0.0,0.0
Poland,38 Production of nitric acid,2021.0,495660.0,495660.0,0.0,0.0,0.0
Poland,38 Production of nitric acid,2022.0,484834.0,484834.0,0.0,0.0,0.0
Poland,38 Production of nitric acid,2023.0,535405.0,535405.0,0.0,0.0,0.0
Poland,41 Production of ammonia,2015.0,1807323.0,1807323.0,0.0,0.0,0.0
Poland,41 Production of ammonia,2016.0,1757760.0,1757760.0,0.0,0.0,0.0
Poland,41 Production of ammonia,2017.0,1824964.0,1824964.0,0.0,0.0,0.0
Poland,41 Production of ammonia,2018.0,1513356.0,1513356.0,0.0,0.0,0.0
Poland,41 Production of ammonia,2019.0,1307968.0,1307968.0,0.0,0.0,0.0
Poland,41 Production of ammonia,2020.0,1758135.0,1758135.0,0.0,0.0,0.0
Poland,41 Production of ammonia,2021.0,1615416.0,1615416.0,0.0,0.0,0.0
Poland,41 Production of ammonia,2022.0,1170904.0,1170904.0,0.0,0.0,0.0
Poland,41 Production of ammonia,2023.0,1208460.0,1208460.0,0.0,0.0,0.0
Poland,42 Production of bulk chemicals,2015.0,4262311.0,4262311.0,0.0,0.0,0.0
Poland,42 Production of bulk chemicals,2016.0,4123712.0,4123712.0,0.0,0.0,0.0
Poland,42 Production of bulk chemicals,2017.0,4109861.0,4109861.0,0.0,0.0,0.0
Poland,42 Production of bulk chemicals,2018.0,4139069.0,4139069.0,0.0,0.0,0.0
Poland,42 Production of bulk chemicals,2019.0,4154421.0,4154421.0,0.0,0.0,0.0
Poland,42 Production of bulk chemicals,2020.0,4094290.0,4094290.0,0.0,0.0,0.0
Poland,42 Production of bulk chemicals,2021.0,4055882.0,4055882.0,0.0,0.0,0.0
Poland,42 Production of bulk chemicals,2022.0,2844758.0,2844758.0,0.0,0.0,0.0
Poland,42 Production of bulk chemicals,2023.0,2128516.0,2128516.0,0.0,0.0,0.0
Poland,44 Production of soda ash and sodium bicarbonate,2015.0,361927.0,361927.0,0.0,0.0,0.0
Poland,44 Production of soda ash and sodium bicarbonate,2016.0,411263.0,411263.0,0.0,0.0,0.0
Poland,44 Production of soda ash and sodium bicarbonate,2017.0,461402.0,461402.0,0.0,0.0,0.0
Poland,44 Production of soda ash and sodium bicarbonate,2018.0,464023.0,464023.0,0.0,0.0,0.0
Poland,44 Production of soda ash and sodium bicarbonate,2019.0,476326.0,476326.0,0.0,0.0,0.0
Poland,44 Production of soda ash and sodium bicarbonate,2020.0,403046.0,403046.0,0.0,0.0,0.0
Poland,44 Production of soda ash and sodium bicarbonate,2021.0,420000.0,420000.0,0.0,0.0,0.0
Poland,44 Production of soda ash and sodium bicarbonate,2022.0,433253.0,433253.0,0.0,0.0,0.0
Poland,44 Production of soda ash and sodium bicarbonate,2023.0,345068.0,345068.0,0.0,0.0,0.0
Portugal,10 Aviation,2015.0,1280858.0,1280858.0,0.0,0.0,0.0
Portugal,10 Aviation,2016.0,1239074.0,1239074.0,0.0,0.0,0.0
Portugal,10 Aviation,2017.0,1347447.0,1347447.0,0.0,0.0,0.0
Portugal,10 Aviation,2018.0,1503870.0,1503870.0,0.0,0.0,0.0
Portugal,10 Aviation,2019.0,1554584.0,1554584.0,0.0,0.0,0.0
Portugal,10 Aviation,2020.0,535839.0,283838.0,47.02923825999974,0.6485317195370415,-0.3146389842093025
Portugal,10 Aviation,2021.0,622977.0,328673.5,47.241471193960614,0.6524353080083456,-0.31590468960838036
Portugal,10 Aviation,2022.0,1118332.0,586451.5,47.5601610255273,0.658374821551257,-0.3178245202999168
Portugal,10 Aviation,2023.0,1264608.0,664463.5,47.456958994407756,0.6564411074655458,-0.3172002675842991
Portugal,20 Combustion of fuels,2015.0,17530288.0,17530288.0,0.0,0.0,0.0
Portugal,20 Combustion of fuels,2016.0,16313283.0,16313283.0,0.0,0.0,0.0
Portugal,20 Combustion of fuels,2017.0,19726656.0,19726656.0,0.0,0.0,0.0
Portugal,20 Combustion of fuels,2018.0,16500519.0,16500519.0,0.0,0.0,0.0
Portugal,20 Combustion of fuels,2019.0,11851253.0,11851253.0,0.0,0.0,0.0
Portugal,20 Combustion of fuels,2020.0,9154407.0,9154407.0,0.0,0.0,0.0
Portugal,20 Combustion of fuels,2021.0,7231197.0,7231197.0,0.0,0.0,0.0
Portugal,20 Combustion of fuels,2022.0,7347879.0,7347879.0,0.0,0.0,0.0
Portugal,20 Combustion of fuels,2023.0,4666586.0,4666586.0,0.0,0.0,0.0
Portugal,20-99 All stationary installations,2015.0,27957283.0,27957283.0,0.0,0.0,0.0
Portugal,20-99 All stationary installations,2016.0,25755477.0,25755477.0,0.0,0.0,0.0
Portugal,20-99 All stationary installations,2017.0,30076001.0,30076001.0,0.0,0.0,0.0
Portugal,20-99 All stationary installations,2018.0,26288813.0,26288813.0,0.0,0.0,0.0
Portugal,20-99 All stationary installations,2019.0,21604075.0,21604075.0,0.0,0.0,0.0
Portugal,20-99 All stationary installations,2020.0,18733777.0,18733777.0,0.0,0.0,0.0
Portugal,20-99 All stationary installations,2021.0,16037219.0,16037219.0,0.0,0.0,0.0
Portugal,20-99 All stationary installations,2022.0,16191278.0,16191278.0,0.0,0.0,0.0
Portugal,20-99 All stationary installations,2023.0,12758823.0,12758823.0,0.0,0.0,0.0
Portugal,21  Refining of mineral oil,2015.0,3468029.0,3468029.0,0.0,0.0,0.0
Portugal,21  Refining of mineral oil,2016.0,3424131.0,3424131.0,0.0,0.0,0.0
Portugal,21  Refining of mineral oil,2017.0,3578168.0,3578168.0,0.0,0.0,0.0
Portugal,21  Refining of mineral oil,2018.0,3216219.0,3216219.0,0.0,0.0,0.0
Portugal,21  Refining of mineral oil,2019.0,3258709.0,3258709.0,0.0,0.0,0.0
Portugal,21  Refining of mineral oil,2020.0,3067805.0,3067805.0,0.0,0.0,0.0
Portugal,21  Refining of mineral oil,2021.0,2674058.0,2674058.0,0.0,0.0,0.0
Portugal,21  Refining of mineral oil,2022.0,2664396.0,2664396.0,0.0,0.0,0.0
Portugal,21  Refining of mineral oil,2023.0,2359568.0,2359568.0,0.0,0.0,0.0
Portugal,21-99 All industrial installations (excl. combustion),2015.0,10426995.0,10426995.0,0.0,0.0,0.0
Portugal,21-99 All industrial installations (excl. combustion),2016.0,9442194.0,9442194.0,0.0,0.0,0.0
Portugal,21-99 All industrial installations (excl. combustion),2017.0,10349345.0,10349345.0,0.0,0.0,0.0
Portugal,21-99 All industrial installations (excl. combustion),2018.0,9788294.0,9788294.0,0.0,0.0,0.0
Portugal,21-99 All industrial installations (excl. combustion),2019.0,9752822.0,9752822.0,0.0,0.0,0.0
Portugal,21-99 All industrial installations (excl. combustion),2020.0,9579370.0,9579370.0,0.0,0.0,0.0
Portugal,21-99 All industrial installations (excl. combustion),2021.0,8806022.0,8806022.0,0.0,0.0,0.0
Portugal,21-99 All industrial installations (excl. combustion),2022.0,8843399.0,8843399.0,0.0,0.0,0.0
Portugal,21-99 All industrial installations (excl. combustion),2023.0,8092237.0,8092237.0,0.0,0.0,0.0
Portugal,24  Production of pig iron or steel,2015.0,191211.0,191211.0,0.0,0.0,0.0
Portugal,24  Production of pig iron or steel,2016.0,147481.0,147481.0,0.0,0.0,0.0
Portugal,24  Production of pig iron or steel,2017.0,135143.0,135143.0,0.0,0.0,0.0
Portugal,24  Production of pig iron or steel,2018.0,138798.0,138798.0,0.0,0.0,0.0
Portugal,24  Production of pig iron or steel,2019.0,155687.0,155687.0,0.0,0.0,0.0
Portugal,24  Production of pig iron or steel,2020.0,158081.0,158081.0,0.0,0.0,0.0
Portugal,24  Production of pig iron or steel,2021.0,128797.0,128797.0,0.0,0.0,0.0
Portugal,24  Production of pig iron or steel,2022.0,131196.0,131196.0,0.0,0.0,0.0
Portugal,24  Production of pig iron or steel,2023.0,139955.0,139955.0,0.0,0.0,0.0
Portugal,29 Production of cement clinker,2015.0,5011461.0,5011461.0,0.0,0.0,0.0
Portugal,29 Production of cement clinker,2016.0,4016440.0,4016440.0,0.0,0.0,0.0
Portugal,29 Production of cement clinker,2017.0,4393083.0,4393083.0,0.0,0.0,0.0
Portugal,29 Production of cement clinker,2018.0,3971951.0,3971951.0,0.0,0.0,0.0
Portugal,29 Production of cement clinker,2019.0,3905240.0,3905240.0,0.0,0.0,0.0
Portugal,29 Production of cement clinker,2020.0,4056643.0,4056643.0,0.0,0.0,0.0
Portugal,29 Production of cement clinker,2021.0,3727068.0,3727068.0,0.0,0.0,0.0
Portugal,29 Production of cement clinker,2022.0,3864980.0,3864980.0,0.0,0.0,0.0
Portugal,29 Production of cement clinker,2023.0,3654241.0,3654241.0,0.0,0.0,0.0
Portugal,"30 Production of lime, or calcination of dolomite/magnesite",2015.0,35449.0,35449.0,0.0,0.0,0.0
Portugal,"30 Production of lime, or calcination of dolomite/magnesite",2016.0,37290.0,37290.0,0.0,0.0,0.0
Portugal,"30 Production of lime, or calcination of dolomite/magnesite",2017.0,40232.0,40232.0,0.0,0.0,0.0
Portugal,"30 Production of lime, or calcination of dolomite/magnesite",2018.0,93977.0,93977.0,0.0,0.0,0.0
Portugal,"30 Production of lime, or calcination of dolomite/magnesite",2019.0,104513.0,104513.0,0.0,0.0,0.0
Portugal,"30 Production of lime, or calcination of dolomite/magnesite",2020.0,97748.0,97748.0,0.0,0.0,0.0
Portugal,"30 Production of lime, or calcination of dolomite/magnesite",2021.0,101282.0,101282.0,0.0,0.0,0.0
Portugal,"30 Production of lime, or calcination of dolomite/magnesite",2022.0,99507.0,99507.0,0.0,0.0,0.0
Portugal,"30 Production of lime, or calcination of dolomite/magnesite",2023.0,102824.0,102824.0,0.0,0.0,0.0
Portugal,31 Manufacture of glass,2015.0,624316.0,624316.0,0.0,0.0,0.0
Portugal,31 Manufacture of glass,2016.0,617960.0,617960.0,0.0,0.0,0.0
Portugal,31 Manufacture of glass,2017.0,594721.0,594721.0,0.0,0.0,0.0
Portugal,31 Manufacture of glass,2018.0,618135.0,618135.0,0.0,0.0,0.0
Portugal,31 Manufacture of glass,2019.0,620422.0,620422.0,0.0,0.0,0.0
Portugal,31 Manufacture of glass,2020.0,599976.0,599976.0,0.0,0.0,0.0
Portugal,31 Manufacture of glass,2021.0,608682.0,608682.0,0.0,0.0,0.0
Portugal,31 Manufacture of glass,2022.0,606929.0,606929.0,0.0,0.0,0.0
Portugal,31 Manufacture of glass,2023.0,600236.0,600236.0,0.0,0.0,0.0
Portugal,32 Manufacture of ceramics,2015.0,491980.0,491980.0,0.0,0.0,0.0
Portugal,32 Manufacture of ceramics,2016.0,484160.0,484160.0,0.0,0.0,0.0
Portugal,32 Manufacture of ceramics,2017.0,512185.0,512185.0,0.0,0.0,0.0
Portugal,32 Manufacture of ceramics,2018.0,540835.0,540835.0,0.0,0.0,0.0
Portugal,32 Manufacture of ceramics,2019.0,531518.0,531518.0,0.0,0.0,0.0
Portugal,32 Manufacture of ceramics,2020.0,483698.0,483698.0,0.0,0.0,0.0
Portugal,32 Manufacture of ceramics,2021.0,494839.0,494839.0,0.0,0.0,0.0
Portugal,32 Manufacture of ceramics,2022.0,439761.0,439761.0,0.0,0.0,0.0
Portugal,32 Manufacture of ceramics,2023.0,361140.0,361140.0,0.0,0.0,0.0
Portugal,33 Manufacture of mineral wool,2019.0,2457.0,2457.0,0.0,0.0,0.0
Portugal,33 Manufacture of mineral wool,2020.0,3676.0,3676.0,0.0,0.0,0.0
Portugal,33 Manufacture of mineral wool,2021.0,4008.0,4008.0,0.0,0.0,0.0
Portugal,33 Manufacture of mineral wool,2022.0,4602.0,4602.0,0.0,0.0,0.0
Portugal,33 Manufacture of mineral wool,2023.0,5023.0,5023.0,0.0,0.0,0.0
Portugal,34 Production or processing of gypsum or plasterboard,2015.0,14504.0,14504.0,0.0,0.0,0.0
Portugal,34 Production or processing of gypsum or plasterboard,2016.0,14253.0,14253.0,0.0,0.0,0.0
Portugal,34 Production or processing of gypsum or plasterboard,2017.0,16744.0,16744.0,0.0,0.0,0.0
Portugal,34 Production or processing of gypsum or plasterboard,2018.0,16543.0,16543.0,0.0,0.0,0.0
Portugal,34 Production or processing of gypsum or plasterboard,2019.0,17580.0,17580.0,0.0,0.0,0.0
Portugal,34 Production or processing of gypsum or plasterboard,2020.0,19335.0,19335.0,0.0,0.0,0.0
Portugal,34 Production or processing of gypsum or plasterboard,2021.0,18107.0,18107.0,0.0,0.0,0.0
Portugal,34 Production or processing of gypsum or plasterboard,2022.0,12162.0,12162.0,0.0,0.0,0.0
Portugal,35 Production of pulp,2015.0,321172.0,321172.0,0.0,0.0,0.0
Portugal,35 Production of pulp,2016.0,349296.0,349296.0,0.0,0.0,0.0
Portugal,35 Production of pulp,2017.0,326496.0,326496.0,0.0,0.0,0.0
Portugal,35 Production of pulp,2018.0,403537.0,403537.0,0.0,0.0,0.0
Portugal,35 Production of pulp,2019.0,374808.0,374808.0,0.0,0.0,0.0
Portugal,35 Production of pulp,2020.0,364095.0,364095.0,0.0,0.0,0.0
Portugal,35 Production of pulp,2021.0,300128.0,300128.0,0.0,0.0,0.0
Portugal,35 Production of pulp,2022.0,299163.0,299163.0,0.0,0.0,0.0
Portugal,35 Production of pulp,2023.0,329227.0,329227.0,0.0,0.0,0.0
Portugal,36 Production of paper or cardboard,2015.0,172784.0,172784.0,0.0,0.0,0.0
Portugal,36 Production of paper or cardboard,2016.0,264162.0,264162.0,0.0,0.0,0.0
Portugal,36 Production of paper or cardboard,2017.0,655872.0,655872.0,0.0,0.0,0.0
Portugal,36 Production of paper or cardboard,2018.0,655734.0,655734.0,0.0,0.0,0.0
Portugal,36 Production of paper or cardboard,2019.0,642902.0,642902.0,0.0,0.0,0.0
Portugal,36 Production of paper or cardboard,2020.0,591132.0,591132.0,0.0,0.0,0.0
Portugal,36 Production of paper or cardboard,2021.0,591335.0,591335.0,0.0,0.0,0.0
Portugal,36 Production of paper or cardboard,2022.0,593465.0,593465.0,0.0,0.0,0.0
Portugal,36 Production of paper or cardboard,2023.0,420993.0,420993.0,0.0,0.0,0.0
Portugal,38 Production of nitric acid,2015.0,13879.0,13879.0,0.0,0.0,0.0
Portugal,38 Production of nitric acid,2016.0,9189.0,9189.0,0.0,0.0,0.0
Portugal,38 Production of nitric acid,2017.0,15064.0,15064.0,0.0,0.0,0.0
Portugal,38 Production of nitric acid,2018.0,22857.0,22857.0,0.0,0.0,0.0
Portugal,38 Production of nitric acid,2019.0,16022.0,16022.0,0.0,0.0,0.0
Portugal,38 Production of nitric acid,2020.0,16211.0,16211.0,0.0,0.0,0.0
Portugal,38 Production of nitric acid,2021.0,17926.0,17926.0,0.0,0.0,0.0
Portugal,38 Production of nitric acid,2022.0,12325.0,12325.0,0.0,0.0,0.0
Portugal,38 Production of nitric acid,2023.0,9824.0,9824.0,0.0,0.0,0.0
Portugal,42 Production of bulk chemicals,2015.0,18473.0,18473.0,0.0,0.0,0.0
Portugal,42 Production of bulk chemicals,2016.0,14490.0,14490.0,0.0,0.0,0.0
Portugal,42 Production of bulk chemicals,2017.0,13710.0,13710.0,0.0,0.0,0.0
Portugal,42 Production of bulk chemicals,2018.0,48175.0,48175.0,0.0,0.0,0.0
Portugal,42 Production of bulk chemicals,2019.0,64651.0,64651.0,0.0,0.0,0.0
Portugal,42 Production of bulk chemicals,2020.0,60095.0,60095.0,0.0,0.0,0.0
Portugal,42 Production of bulk chemicals,2021.0,73802.0,73802.0,0.0,0.0,0.0
Portugal,42 Production of bulk chemicals,2022.0,58081.0,58081.0,0.0,0.0,0.0
Portugal,42 Production of bulk chemicals,2023.0,43538.0,43538.0,0.0,0.0,0.0
Portugal,43 Production of hydrogen and synthesis gas,2015.0,63737.0,63737.0,0.0,0.0,0.0
Portugal,43 Production of hydrogen and synthesis gas,2016.0,63342.0,63342.0,0.0,0.0,0.0
Portugal,43 Production of hydrogen and synthesis gas,2017.0,67927.0,67927.0,0.0,0.0,0.0
Portugal,43 Production of hydrogen and synthesis gas,2018.0,61533.0,61533.0,0.0,0.0,0.0
Portugal,43 Production of hydrogen and synthesis gas,2019.0,58313.0,58313.0,0.0,0.0,0.0
Portugal,43 Production of hydrogen and synthesis gas,2020.0,60875.0,60875.0,0.0,0.0,0.0
Portugal,43 Production of hydrogen and synthesis gas,2021.0,65990.0,65990.0,0.0,0.0,0.0
Portugal,43 Production of hydrogen and synthesis gas,2022.0,56832.0,56832.0,0.0,0.0,0.0
Portugal,43 Production of hydrogen and synthesis gas,2023.0,65668.0,65668.0,0.0,0.0,0.0
Romania,10 Aviation,2015.0,571364.0,571364.0,0.0,0.0,0.0
Romania,10 Aviation,2016.0,751929.0,751929.0,0.0,0.0,0.0
Romania,10 Aviation,2017.0,919126.0,919126.0,0.0,0.0,0.0
Romania,10 Aviation,2018.0,952934.0,952934.0,0.0,0.0,0.0
Romania,10 Aviation,2019.0,1068766.0,1068766.0,0.0,0.0,0.0
Romania,10 Aviation,2020.0,375002.0,187520.5,49.994800027733184,0.7069964874556226,-0.33329867045647443
Romania,10 Aviation,2021.0,392286.0,196168.0,49.993627098596434,0.7069716130688866,-0.33329085273846903
Romania,10 Aviation,2022.0,521764.0,260886.5,49.99913754111054,0.7070884860651426,-0.3333275837065799
Romania,10 Aviation,2023.0,413400.0,413400.0,0.0,0.0,0.0
Romania,20 Combustion of fuels,2015.0,29410299.0,29410299.0,0.0,0.0,0.0
Romania,20 Combustion of fuels,2016.0,26742212.0,26742212.0,0.0,0.0,0.0
Romania,20 Combustion of fuels,2017.0,27721535.0,27721535.0,0.0,0.0,0.0
Romania,20 Combustion of fuels,2018.0,26124173.0,26124173.0,0.0,0.0,0.0
Romania,20 Combustion of fuels,2019.0,22410541.0,22410541.0,0.0,0.0,0.0
Romania,20 Combustion of fuels,2020.0,19072547.0,19072547.0,0.0,0.0,0.0
Romania,20 Combustion of fuels,2021.0,18065482.0,18065482.0,0.0,0.0,0.0
Romania,20 Combustion of fuels,2022.0,15971716.0,15971716.0,0.0,0.0,0.0
Romania,20 Combustion of fuels,2023.0,13926694.0,13926694.0,0.0,0.0,0.0
Romania,20-99 All stationary installations,2015.0,42396344.0,42396344.0,0.0,0.0,0.0
Romania,20-99 All stationary installations,2016.0,39778381.0,39778381.0,0.0,0.0,0.0
Romania,20-99 All stationary installations,2017.0,40617496.0,40617496.0,0.0,0.0,0.0
Romania,20-99 All stationary installations,2018.0,39638158.0,39638158.0,0.0,0.0,0.0
Romania,20-99 All stationary installations,2019.0,36545538.0,36545538.0,0.0,0.0,0.0
Romania,20-99 All stationary installations,2020.0,32665999.0,32665999.0,0.0,0.0,0.0
Romania,20-99 All stationary installations,2021.0,32302679.0,32302679.0,0.0,0.0,0.0
Romania,20-99 All stationary installations,2022.0,28160835.0,28160835.0,0.0,0.0,0.0
Romania,20-99 All stationary installations,2023.0,23835072.0,23835072.0,0.0,0.0,0.0
Romania,21  Refining of mineral oil,2015.0,1201234.0,1201234.0,0.0,0.0,0.0
Romania,21  Refining of mineral oil,2016.0,1455149.0,1455149.0,0.0,0.0,0.0
Romania,21  Refining of mineral oil,2017.0,1355754.0,1355754.0,0.0,0.0,0.0
Romania,21  Refining of mineral oil,2018.0,1384870.0,1384870.0,0.0,0.0,0.0
Romania,21  Refining of mineral oil,2019.0,1660131.0,1660131.0,0.0,0.0,0.0
Romania,21  Refining of mineral oil,2020.0,1599302.0,1599302.0,0.0,0.0,0.0
Romania,21  Refining of mineral oil,2021.0,1382740.0,1382740.0,0.0,0.0,0.0
Romania,21  Refining of mineral oil,2022.0,1744459.0,1744459.0,0.0,0.0,0.0
Romania,21  Refining of mineral oil,2023.0,1635602.0,1635602.0,0.0,0.0,0.0
Romania,21-99 All industrial installations (excl. combustion),2015.0,12986045.0,12986045.0,0.0,0.0,0.0
Romania,21-99 All industrial installations (excl. combustion),2016.0,13036169.0,13036169.0,0.0,0.0,0.0
Romania,21-99 All industrial installations (excl. combustion),2017.0,12895961.0,12895961.0,0.0,0.0,0.0
Romania,21-99 All industrial installations (excl. combustion),2018.0,13513985.0,13513985.0,0.0,0.0,0.0
Romania,21-99 All industrial installations (excl. combustion),2019.0,14134997.0,14134997.0,0.0,0.0,0.0
Romania,21-99 All industrial installations (excl. combustion),2020.0,13593452.0,13593452.0,0.0,0.0,0.0
Romania,21-99 All industrial installations (excl. combustion),2021.0,14237197.0,14237197.0,0.0,0.0,0.0
Romania,21-99 All industrial installations (excl. combustion),2022.0,12189119.0,12189119.0,0.0,0.0,0.0
Romania,21-99 All industrial installations (excl. combustion),2023.0,9908378.0,9908378.0,0.0,0.0,0.0
Romania,24  Production of pig iron or steel,2015.0,4448023.0,4448023.0,0.0,0.0,0.0
Romania,24  Production of pig iron or steel,2016.0,4397650.0,4397650.0,0.0,0.0,0.0
Romania,24  Production of pig iron or steel,2017.0,4048518.0,4048518.0,0.0,0.0,0.0
Romania,24  Production of pig iron or steel,2018.0,4279727.0,4279727.0,0.0,0.0,0.0
Romania,24  Production of pig iron or steel,2019.0,4338793.0,4338793.0,0.0,0.0,0.0
Romania,24  Production of pig iron or steel,2020.0,3995319.0,3995319.0,0.0,0.0,0.0
Romania,24  Production of pig iron or steel,2021.0,4521075.0,4521075.0,0.0,0.0,0.0
Romania,24  Production of pig iron or steel,2022.0,3326884.0,3326884.0,0.0,0.0,0.0
Romania,24  Production of pig iron or steel,2023.0,1536774.0,1536774.0,0.0,0.0,0.0
Romania,25 Production or processing of ferrous metals,2015.0,311383.0,311383.0,0.0,0.0,0.0
Romania,25 Production or processing of ferrous metals,2016.0,295591.0,295591.0,0.0,0.0,0.0
Romania,25 Production or processing of ferrous metals,2017.0,325196.0,325196.0,0.0,0.0,0.0
Romania,25 Production or processing of ferrous metals,2018.0,317050.0,317050.0,0.0,0.0,0.0
Romania,25 Production or processing of ferrous metals,2019.0,277219.0,277219.0,0.0,0.0,0.0
Romania,25 Production or processing of ferrous metals,2020.0,198661.0,198661.0,0.0,0.0,0.0
Romania,25 Production or processing of ferrous metals,2021.0,222354.0,222354.0,0.0,0.0,0.0
Romania,25 Production or processing of ferrous metals,2022.0,208160.0,208160.0,0.0,0.0,0.0
Romania,25 Production or processing of ferrous metals,2023.0,206219.0,206219.0,0.0,0.0,0.0
Romania,26 Production of primary aluminium,2015.0,392448.0,392448.0,0.0,0.0,0.0
Romania,26 Production of primary aluminium,2016.0,393433.0,393433.0,0.0,0.0,0.0
Romania,26 Production of primary aluminium,2017.0,395216.0,395216.0,0.0,0.0,0.0
Romania,26 Production of primary aluminium,2018.0,398015.0,398015.0,0.0,0.0,0.0
Romania,26 Production of primary aluminium,2019.0,383641.0,383641.0,0.0,0.0,0.0
Romania,26 Production of primary aluminium,2020.0,371525.0,371525.0,0.0,0.0,0.0
Romania,26 Production of primary aluminium,2021.0,398480.0,398480.0,0.0,0.0,0.0
Romania,26 Production of primary aluminium,2022.0,165648.0,165648.0,0.0,0.0,0.0
Romania,26 Production of primary aluminium,2023.0,160076.0,160076.0,0.0,0.0,0.0
Romania,28 Production or processing of non-ferrous metals,2015.0,21877.0,21877.0,0.0,0.0,0.0
Romania,28 Production or processing of non-ferrous metals,2016.0,20719.0,20719.0,0.0,0.0,0.0
Romania,28 Production or processing of non-ferrous metals,2017.0,21929.0,21929.0,0.0,0.0,0.0
Romania,28 Production or processing of non-ferrous metals,2018.0,20724.0,20724.0,0.0,0.0,0.0
Romania,28 Production or processing of non-ferrous metals,2019.0,21348.0,21348.0,0.0,0.0,0.0
Romania,28 Production or processing of non-ferrous metals,2020.0,17380.0,17380.0,0.0,0.0,0.0
Romania,28 Production or processing of non-ferrous metals,2021.0,21277.0,21277.0,0.0,0.0,0.0
Romania,28 Production or processing of non-ferrous metals,2022.0,14764.0,14764.0,0.0,0.0,0.0
Romania,28 Production or processing of non-ferrous metals,2023.0,14392.0,14392.0,0.0,0.0,0.0
Romania,29 Production of cement clinker,2015.0,5157589.0,5157589.0,0.0,0.0,0.0
Romania,29 Production of cement clinker,2016.0,4958469.0,4958469.0,0.0,0.0,0.0
Romania,29 Production of cement clinker,2017.0,5143518.0,5143518.0,0.0,0.0,0.0
Romania,29 Production of cement clinker,2018.0,5447819.0,5447819.0,0.0,0.0,0.0
Romania,29 Production of cement clinker,2019.0,5900471.0,5900471.0,0.0,0.0,0.0
Romania,29 Production of cement clinker,2020.0,6017679.0,6017679.0,0.0,0.0,0.0
Romania,29 Production of cement clinker,2021.0,6110608.0,6110608.0,0.0,0.0,0.0
Romania,29 Production of cement clinker,2022.0,5391986.0,5391986.0,0.0,0.0,0.0
Romania,29 Production of cement clinker,2023.0,5286664.0,5286664.0,0.0,0.0,0.0
Romania,"30 Production of lime, or calcination of dolomite/magnesite",2015.0,490980.0,490980.0,0.0,0.0,0.0
Romania,"30 Production of lime, or calcination of dolomite/magnesite",2016.0,564492.0,564492.0,0.0,0.0,0.0
Romania,"30 Production of lime, or calcination of dolomite/magnesite",2017.0,604996.0,604996.0,0.0,0.0,0.0
Romania,"30 Production of lime, or calcination of dolomite/magnesite",2018.0,636845.0,636845.0,0.0,0.0,0.0
Romania,"30 Production of lime, or calcination of dolomite/magnesite",2019.0,634698.0,634698.0,0.0,0.0,0.0
Romania,"30 Production of lime, or calcination of dolomite/magnesite",2020.0,623506.0,623506.0,0.0,0.0,0.0
Romania,"30 Production of lime, or calcination of dolomite/magnesite",2021.0,674905.0,674905.0,0.0,0.0,0.0
Romania,"30 Production of lime, or calcination of dolomite/magnesite",2022.0,544905.0,544905.0,0.0,0.0,0.0
Romania,"30 Production of lime, or calcination of dolomite/magnesite",2023.0,410295.0,410295.0,0.0,0.0,0.0
Romania,31 Manufacture of glass,2015.0,199341.0,199341.0,0.0,0.0,0.0
Romania,31 Manufacture of glass,2016.0,190460.0,190460.0,0.0,0.0,0.0
Romania,31 Manufacture of glass,2017.0,188333.0,188333.0,0.0,0.0,0.0
Romania,31 Manufacture of glass,2018.0,183793.0,183793.0,0.0,0.0,0.0
Romania,31 Manufacture of glass,2019.0,161529.0,161529.0,0.0,0.0,0.0
Romania,31 Manufacture of glass,2020.0,197160.0,197160.0,0.0,0.0,0.0
Romania,31 Manufacture of glass,2021.0,225109.0,225109.0,0.0,0.0,0.0
Romania,31 Manufacture of glass,2022.0,222942.0,222942.0,0.0,0.0,0.0
Romania,31 Manufacture of glass,2023.0,203264.0,203264.0,0.0,0.0,0.0
Romania,32 Manufacture of ceramics,2015.0,265066.0,265066.0,0.0,0.0,0.0
Romania,32 Manufacture of ceramics,2016.0,271129.0,271129.0,0.0,0.0,0.0
Romania,32 Manufacture of ceramics,2017.0,262233.0,262233.0,0.0,0.0,0.0
Romania,32 Manufacture of ceramics,2018.0,278996.0,278996.0,0.0,0.0,0.0
Romania,32 Manufacture of ceramics,2019.0,275023.0,275023.0,0.0,0.0,0.0
Romania,32 Manufacture of ceramics,2020.0,258138.0,258138.0,0.0,0.0,0.0
Romania,32 Manufacture of ceramics,2021.0,268675.0,268675.0,0.0,0.0,0.0
Romania,32 Manufacture of ceramics,2022.0,244996.0,244996.0,0.0,0.0,0.0
Romania,32 Manufacture of ceramics,2023.0,167909.0,167909.0,0.0,0.0,0.0
Romania,33 Manufacture of mineral wool,2021.0,19144.0,19144.0,0.0,0.0,0.0
Romania,33 Manufacture of mineral wool,2022.0,20907.0,20907.0,0.0,0.0,0.0
Romania,33 Manufacture of mineral wool,2023.0,18004.0,18004.0,0.0,0.0,0.0
Romania,34 Production or processing of gypsum or plasterboard,2015.0,176.0,176.0,0.0,0.0,0.0
Romania,34 Production or processing of gypsum or plasterboard,2016.0,18958.0,18958.0,0.0,0.0,0.0
Romania,34 Production or processing of gypsum or plasterboard,2017.0,22771.0,22771.0,0.0,0.0,0.0
Romania,34 Production or processing of gypsum or plasterboard,2018.0,25050.0,25050.0,0.0,0.0,0.0
Romania,34 Production or processing of gypsum or plasterboard,2019.0,24667.0,24667.0,0.0,0.0,0.0
Romania,34 Production or processing of gypsum or plasterboard,2020.0,26136.0,26136.0,0.0,0.0,0.0
Romania,34 Production or processing of gypsum or plasterboard,2021.0,26506.0,26506.0,0.0,0.0,0.0
Romania,34 Production or processing of gypsum or plasterboard,2022.0,21881.0,21881.0,0.0,0.0,0.0
Romania,34 Production or processing of gypsum or plasterboard,2023.0,18705.0,18705.0,0.0,0.0,0.0
Romania,36 Production of paper or cardboard,2015.0,121605.0,121605.0,0.0,0.0,0.0
Romania,36 Production of paper or cardboard,2016.0,121607.0,121607.0,0.0,0.0,0.0
Romania,36 Production of paper or cardboard,2017.0,145360.0,145360.0,0.0,0.0,0.0
Romania,36 Production of paper or cardboard,2018.0,161649.0,161649.0,0.0,0.0,0.0
Romania,36 Production of paper or cardboard,2019.0,174922.0,174922.0,0.0,0.0,0.0
Romania,36 Production of paper or cardboard,2020.0,161956.0,161956.0,0.0,0.0,0.0
Romania,36 Production of paper or cardboard,2021.0,182727.0,182727.0,0.0,0.0,0.0
Romania,36 Production of paper or cardboard,2022.0,189943.0,189943.0,0.0,0.0,0.0
Romania,36 Production of paper or cardboard,2023.0,186919.0,186919.0,0.0,0.0,0.0
Romania,42 Production of bulk chemicals,2015.0,129893.0,129893.0,0.0,0.0,0.0
Romania,42 Production of bulk chemicals,2016.0,105106.0,105106.0,0.0,0.0,0.0
Romania,42 Production of bulk chemicals,2017.0,107301.0,107301.0,0.0,0.0,0.0
Romania,42 Production of bulk chemicals,2018.0,131790.0,131790.0,0.0,0.0,0.0
Romania,42 Production of bulk chemicals,2019.0,116504.0,116504.0,0.0,0.0,0.0
Romania,42 Production of bulk chemicals,2020.0,69883.0,69883.0,0.0,0.0,0.0
Romania,42 Production of bulk chemicals,2021.0,129485.0,129485.0,0.0,0.0,0.0
Romania,42 Production of bulk chemicals,2022.0,51026.0,51026.0,0.0,0.0,0.0
Romania,42 Production of bulk chemicals,2023.0,23888.0,23888.0,0.0,0.0,0.0
Romania,43 Production of hydrogen and synthesis gas,2015.0,58317.0,58317.0,0.0,0.0,0.0
Romania,43 Production of hydrogen and synthesis gas,2016.0,61410.0,61410.0,0.0,0.0,0.0
Romania,43 Production of hydrogen and synthesis gas,2017.0,61589.0,61589.0,0.0,0.0,0.0
Romania,43 Production of hydrogen and synthesis gas,2018.0,45095.0,45095.0,0.0,0.0,0.0
Romania,43 Production of hydrogen and synthesis gas,2019.0,45712.0,45712.0,0.0,0.0,0.0
Romania,43 Production of hydrogen and synthesis gas,2020.0,55459.0,55459.0,0.0,0.0,0.0
Romania,43 Production of hydrogen and synthesis gas,2021.0,53801.0,53801.0,0.0,0.0,0.0
Romania,43 Production of hydrogen and synthesis gas,2022.0,40371.0,40371.0,0.0,0.0,0.0
Romania,43 Production of hydrogen and synthesis gas,2023.0,39495.0,39495.0,0.0,0.0,0.0
Romania,44 Production of soda ash and sodium bicarbonate,2015.0,188113.0,188113.0,0.0,0.0,0.0
Romania,44 Production of soda ash and sodium bicarbonate,2016.0,181996.0,181996.0,0.0,0.0,0.0
Romania,44 Production of soda ash and sodium bicarbonate,2017.0,213247.0,213247.0,0.0,0.0,0.0
Romania,44 Production of soda ash and sodium bicarbonate,2018.0,202562.0,202562.0,0.0,0.0,0.0
Romania,44 Production of soda ash and sodium bicarbonate,2019.0,120339.0,120339.0,0.0,0.0,0.0
Romania,44 Production of soda ash and sodium bicarbonate,2020.0,1348.0,1348.0,0.0,0.0,0.0
Romania,44 Production of soda ash and sodium bicarbonate,2021.0,311.0,311.0,0.0,0.0,0.0
Romania,44 Production of soda ash and sodium bicarbonate,2022.0,247.0,247.0,0.0,0.0,0.0
Romania,44 Production of soda ash and sodium bicarbonate,2023.0,172.0,172.0,0.0,0.0,0.0
Slovakia,10 Aviation,2015.0,21425.0,21425.0,0.0,0.0,0.0
Slovakia,10 Aviation,2016.0,14524.0,14524.0,0.0,0.0,0.0
Slovakia,10 Aviation,2017.0,14225.0,14225.0,0.0,0.0,0.0
Slovakia,10 Aviation,2018.0,12071.0,12071.0,0.0,0.0,0.0
Slovakia,10 Aviation,2019.0,5357.0,5357.0,0.0,0.0,0.0
Slovakia,10 Aviation,2021.0,8645.0,4327.5,49.94216310005783,0.7058816474281743,-0.33294819949932597
Slovakia,10 Aviation,2022.0,11671.0,11671.0,0.0,0.0,0.0
Slovakia,10 Aviation,2023.0,9591.0,9591.0,0.0,0.0,0.0
Slovakia,20 Combustion of fuels,2015.0,5912187.0,5912187.0,0.0,0.0,0.0
Slovakia,20 Combustion of fuels,2016.0,5827009.0,5827009.0,0.0,0.0,0.0
Slovakia,20 Combustion of fuels,2017.0,9205506.0,9205506.0,0.0,0.0,0.0
Slovakia,20 Combustion of fuels,2018.0,9177581.0,9177581.0,0.0,0.0,0.0
Slovakia,20 Combustion of fuels,2019.0,8272204.0,8272204.0,0.0,0.0,0.0
Slovakia,20 Combustion of fuels,2020.0,7206120.0,7206120.0,0.0,0.0,0.0
Slovakia,20 Combustion of fuels,2021.0,8164834.0,8164834.0,0.0,0.0,0.0
Slovakia,20 Combustion of fuels,2022.0,6487647.0,6487647.0,0.0,0.0,0.0
Slovakia,20 Combustion of fuels,2023.0,6293745.0,6293745.0,0.0,0.0,0.0
Slovakia,20-99 All stationary installations,2015.0,21181216.0,21181216.0,0.0,0.0,0.0
Slovakia,20-99 All stationary installations,2016.0,21264045.0,21264045.0,0.0,0.0,0.0
Slovakia,20-99 All stationary installations,2017.0,22063225.0,22063225.0,0.0,0.0,0.0
Slovakia,20-99 All stationary installations,2018.0,22193396.0,22193396.0,0.0,0.0,0.0
Slovakia,20-99 All stationary installations,2019.0,19903840.0,19903840.0,0.0,0.0,0.0
Slovakia,20-99 All stationary installations,2020.0,18169997.0,18169997.0,0.0,0.0,0.0
Slovakia,20-99 All stationary installations,2021.0,20898870.0,20898870.0,0.0,0.0,0.0
Slovakia,20-99 All stationary installations,2022.0,17418249.0,17418249.0,0.0,0.0,0.0
Slovakia,20-99 All stationary installations,2023.0,16994172.0,16994172.0,0.0,0.0,0.0
Slovakia,21  Refining of mineral oil,2015.0,1145821.0,1145821.0,0.0,0.0,0.0
Slovakia,21  Refining of mineral oil,2016.0,1097457.0,1097457.0,0.0,0.0,0.0
Slovakia,21  Refining of mineral oil,2017.0,1110767.0,1110767.0,0.0,0.0,0.0
Slovakia,21  Refining of mineral oil,2018.0,1032430.0,1032430.0,0.0,0.0,0.0
Slovakia,21  Refining of mineral oil,2019.0,962563.0,962563.0,0.0,0.0,0.0
Slovakia,21  Refining of mineral oil,2020.0,1014614.0,1014614.0,0.0,0.0,0.0
Slovakia,21  Refining of mineral oil,2021.0,1054576.0,1054576.0,0.0,0.0,0.0
Slovakia,21  Refining of mineral oil,2022.0,1034694.0,1034694.0,0.0,0.0,0.0
Slovakia,21  Refining of mineral oil,2023.0,1018878.0,1018878.0,0.0,0.0,0.0
Slovakia,21-99 All industrial installations (excl. combustion),2015.0,15269029.0,15269029.0,0.0,0.0,0.0
Slovakia,21-99 All industrial installations (excl. combustion),2016.0,15437036.0,15437036.0,0.0,0.0,0.0
Slovakia,21-99 All industrial installations (excl. combustion),2017.0,12857719.0,12857719.0,0.0,0.0,0.0
Slovakia,21-99 All industrial installations (excl. combustion),2018.0,13015815.0,13015815.0,0.0,0.0,0.0
Slovakia,21-99 All industrial installations (excl. combustion),2019.0,11631636.0,11631636.0,0.0,0.0,0.0
Slovakia,21-99 All industrial installations (excl. combustion),2020.0,10963877.0,10963877.0,0.0,0.0,0.0
Slovakia,21-99 All industrial installations (excl. combustion),2021.0,12734036.0,12734036.0,0.0,0.0,0.0
Slovakia,21-99 All industrial installations (excl. combustion),2022.0,10930602.0,10930602.0,0.0,0.0,0.0
Slovakia,21-99 All industrial installations (excl. combustion),2023.0,10700427.0,10700427.0,0.0,0.0,0.0
Slovakia,24  Production of pig iron or steel,2015.0,8736059.0,8736059.0,0.0,0.0,0.0
Slovakia,24  Production of pig iron or steel,2016.0,8955111.0,8955111.0,0.0,0.0,0.0
Slovakia,24  Production of pig iron or steel,2017.0,6059246.0,6059246.0,0.0,0.0,0.0
Slovakia,24  Production of pig iron or steel,2018.0,6067129.0,6067129.0,0.0,0.0,0.0
Slovakia,24  Production of pig iron or steel,2019.0,5118011.0,5118011.0,0.0,0.0,0.0
Slovakia,24  Production of pig iron or steel,2020.0,4478181.0,4478181.0,0.0,0.0,0.0
Slovakia,24  Production of pig iron or steel,2021.0,5952264.0,5952264.0,0.0,0.0,0.0
Slovakia,24  Production of pig iron or steel,2022.0,4971634.0,4971634.0,0.0,0.0,0.0
Slovakia,24  Production of pig iron or steel,2023.0,5439800.0,5439800.0,0.0,0.0,0.0
Slovakia,26 Production of primary aluminium,2015.0,297246.0,297246.0,0.0,0.0,0.0
Slovakia,26 Production of primary aluminium,2016.0,291160.0,291160.0,0.0,0.0,0.0
Slovakia,26 Production of primary aluminium,2017.0,295832.0,295832.0,0.0,0.0,0.0
Slovakia,26 Production of primary aluminium,2018.0,310232.0,310232.0,0.0,0.0,0.0
Slovakia,26 Production of primary aluminium,2019.0,307569.0,307569.0,0.0,0.0,0.0
Slovakia,26 Production of primary aluminium,2020.0,269762.0,269762.0,0.0,0.0,0.0
Slovakia,26 Production of primary aluminium,2021.0,294171.0,294171.0,0.0,0.0,0.0
Slovakia,26 Production of primary aluminium,2022.0,134667.0,134667.0,0.0,0.0,0.0
Slovakia,26 Production of primary aluminium,2023.0,23618.0,23618.0,0.0,0.0,0.0
Slovakia,28 Production or processing of non-ferrous metals,2015.0,271676.0,271676.0,0.0,0.0,0.0
Slovakia,28 Production or processing of non-ferrous metals,2016.0,270926.0,270926.0,0.0,0.0,0.0
Slovakia,28 Production or processing of non-ferrous metals,2017.0,324017.0,324017.0,0.0,0.0,0.0
Slovakia,28 Production or processing of non-ferrous metals,2018.0,306766.0,306766.0,0.0,0.0,0.0
Slovakia,28 Production or processing of non-ferrous metals,2019.0,269787.0,269787.0,0.0,0.0,0.0
Slovakia,28 Production or processing of non-ferrous metals,2020.0,244055.0,244055.0,0.0,0.0,0.0
Slovakia,28 Production or processing of non-ferrous metals,2021.0,282553.0,282553.0,0.0,0.0,0.0
Slovakia,28 Production or processing of non-ferrous metals,2022.0,92676.0,92676.0,0.0,0.0,0.0
Slovakia,28 Production or processing of non-ferrous metals,2023.0,20937.0,20937.0,0.0,0.0,0.0
Slovakia,29 Production of cement clinker,2015.0,1954177.0,1954177.0,0.0,0.0,0.0
Slovakia,29 Production of cement clinker,2016.0,2083638.0,2083638.0,0.0,0.0,0.0
Slovakia,29 Production of cement clinker,2017.0,2141471.0,2141471.0,0.0,0.0,0.0
Slovakia,29 Production of cement clinker,2018.0,2086457.0,2086457.0,0.0,0.0,0.0
Slovakia,29 Production of cement clinker,2019.0,2169138.0,2169138.0,0.0,0.0,0.0
Slovakia,29 Production of cement clinker,2020.0,2182459.0,2182459.0,0.0,0.0,0.0
Slovakia,29 Production of cement clinker,2021.0,2161712.0,2161712.0,0.0,0.0,0.0
Slovakia,29 Production of cement clinker,2022.0,2119757.0,2119757.0,0.0,0.0,0.0
Slovakia,29 Production of cement clinker,2023.0,1856378.0,1856378.0,0.0,0.0,0.0
Slovakia,"30 Production of lime, or calcination of dolomite/magnesite",2015.0,1072804.0,1072804.0,0.0,0.0,0.0
Slovakia,"30 Production of lime, or calcination of dolomite/magnesite",2016.0,1021559.0,1021559.0,0.0,0.0,0.0
Slovakia,"30 Production of lime, or calcination of dolomite/magnesite",2017.0,1100117.0,1100117.0,0.0,0.0,0.0
Slovakia,"30 Production of lime, or calcination of dolomite/magnesite",2018.0,1135499.0,1135499.0,0.0,0.0,0.0
Slovakia,"30 Production of lime, or calcination of dolomite/magnesite",2019.0,1059316.0,1059316.0,0.0,0.0,0.0
Slovakia,"30 Production of lime, or calcination of dolomite/magnesite",2020.0,936002.0,936002.0,0.0,0.0,0.0
Slovakia,"30 Production of lime, or calcination of dolomite/magnesite",2021.0,1101832.0,1101832.0,0.0,0.0,0.0
Slovakia,"30 Production of lime, or calcination of dolomite/magnesite",2022.0,974174.0,974174.0,0.0,0.0,0.0
Slovakia,"30 Production of lime, or calcination of dolomite/magnesite",2023.0,830071.0,830071.0,0.0,0.0,0.0
Slovakia,31 Manufacture of glass,2015.0,129765.0,129765.0,0.0,0.0,0.0
Slovakia,31 Manufacture of glass,2016.0,139369.0,139369.0,0.0,0.0,0.0
Slovakia,31 Manufacture of glass,2017.0,142371.0,142371.0,0.0,0.0,0.0
Slovakia,31 Manufacture of glass,2018.0,141552.0,141552.0,0.0,0.0,0.0
Slovakia,31 Manufacture of glass,2019.0,142900.0,142900.0,0.0,0.0,0.0
Slovakia,31 Manufacture of glass,2020.0,140977.0,140977.0,0.0,0.0,0.0
Slovakia,31 Manufacture of glass,2021.0,153724.0,153724.0,0.0,0.0,0.0
Slovakia,31 Manufacture of glass,2022.0,137862.0,137862.0,0.0,0.0,0.0
Slovakia,31 Manufacture of glass,2023.0,123832.0,123832.0,0.0,0.0,0.0
Slovakia,32 Manufacture of ceramics,2015.0,39964.0,39964.0,0.0,0.0,0.0
Slovakia,32 Manufacture of ceramics,2016.0,48358.0,48358.0,0.0,0.0,0.0
Slovakia,32 Manufacture of ceramics,2017.0,54933.0,54933.0,0.0,0.0,0.0
Slovakia,32 Manufacture of ceramics,2018.0,63344.0,63344.0,0.0,0.0,0.0
Slovakia,32 Manufacture of ceramics,2019.0,56814.0,56814.0,0.0,0.0,0.0
Slovakia,32 Manufacture of ceramics,2020.0,52058.0,52058.0,0.0,0.0,0.0
Slovakia,32 Manufacture of ceramics,2021.0,56013.0,56013.0,0.0,0.0,0.0
Slovakia,32 Manufacture of ceramics,2022.0,55087.0,55087.0,0.0,0.0,0.0
Slovakia,32 Manufacture of ceramics,2023.0,25086.0,25086.0,0.0,0.0,0.0
Slovakia,33 Manufacture of mineral wool,2015.0,50587.0,50587.0,0.0,0.0,0.0
Slovakia,33 Manufacture of mineral wool,2016.0,57710.0,57710.0,0.0,0.0,0.0
Slovakia,33 Manufacture of mineral wool,2017.0,60781.0,60781.0,0.0,0.0,0.0
Slovakia,33 Manufacture of mineral wool,2018.0,65719.0,65719.0,0.0,0.0,0.0
Slovakia,33 Manufacture of mineral wool,2019.0,59881.0,59881.0,0.0,0.0,0.0
Slovakia,33 Manufacture of mineral wool,2020.0,60505.0,60505.0,0.0,0.0,0.0
Slovakia,33 Manufacture of mineral wool,2021.0,59557.0,59557.0,0.0,0.0,0.0
Slovakia,33 Manufacture of mineral wool,2022.0,54179.0,54179.0,0.0,0.0,0.0
Slovakia,33 Manufacture of mineral wool,2023.0,54247.0,54247.0,0.0,0.0,0.0
Slovakia,36 Production of paper or cardboard,2015.0,131396.0,131396.0,0.0,0.0,0.0
Slovakia,36 Production of paper or cardboard,2016.0,128076.0,128076.0,0.0,0.0,0.0
Slovakia,36 Production of paper or cardboard,2017.0,140182.0,140182.0,0.0,0.0,0.0
Slovakia,36 Production of paper or cardboard,2018.0,151621.0,151621.0,0.0,0.0,0.0
Slovakia,36 Production of paper or cardboard,2019.0,140645.0,140645.0,0.0,0.0,0.0
Slovakia,36 Production of paper or cardboard,2020.0,141335.0,141335.0,0.0,0.0,0.0
Slovakia,36 Production of paper or cardboard,2021.0,132092.0,132092.0,0.0,0.0,0.0
Slovakia,36 Production of paper or cardboard,2022.0,117129.0,117129.0,0.0,0.0,0.0
Slovakia,36 Production of paper or cardboard,2023.0,108884.0,108884.0,0.0,0.0,0.0
Slovakia,38 Production of nitric acid,2015.0,13519.0,13519.0,0.0,0.0,0.0
Slovakia,38 Production of nitric acid,2016.0,11662.0,11662.0,0.0,0.0,0.0
Slovakia,38 Production of nitric acid,2017.0,15307.0,15307.0,0.0,0.0,0.0
Slovakia,38 Production of nitric acid,2018.0,13281.0,13281.0,0.0,0.0,0.0
Slovakia,38 Production of nitric acid,2019.0,8907.0,8907.0,0.0,0.0,0.0
Slovakia,38 Production of nitric acid,2020.0,9502.0,9502.0,0.0,0.0,0.0
Slovakia,38 Production of nitric acid,2021.0,7358.0,7358.0,0.0,0.0,0.0
Slovakia,38 Production of nitric acid,2022.0,7644.0,7644.0,0.0,0.0,0.0
Slovakia,38 Production of nitric acid,2023.0,9614.0,9614.0,0.0,0.0,0.0
Slovakia,41 Production of ammonia,2015.0,1098236.0,1098236.0,0.0,0.0,0.0
Slovakia,41 Production of ammonia,2016.0,984059.0,984059.0,0.0,0.0,0.0
Slovakia,41 Production of ammonia,2017.0,1054051.0,1054051.0,0.0,0.0,0.0
Slovakia,41 Production of ammonia,2018.0,1241724.0,1241724.0,0.0,0.0,0.0
Slovakia,41 Production of ammonia,2019.0,985847.0,985847.0,0.0,0.0,0.0
Slovakia,41 Production of ammonia,2020.0,1030990.0,1030990.0,0.0,0.0,0.0
Slovakia,41 Production of ammonia,2021.0,1067003.0,1067003.0,0.0,0.0,0.0
Slovakia,41 Production of ammonia,2022.0,868793.0,868793.0,0.0,0.0,0.0
Slovakia,41 Production of ammonia,2023.0,794426.0,794426.0,0.0,0.0,0.0
Slovakia,42 Production of bulk chemicals,2015.0,327779.0,327779.0,0.0,0.0,0.0
Slovakia,42 Production of bulk chemicals,2016.0,347951.0,347951.0,0.0,0.0,0.0
Slovakia,42 Production of bulk chemicals,2017.0,358644.0,358644.0,0.0,0.0,0.0
Slovakia,42 Production of bulk chemicals,2018.0,400061.0,400061.0,0.0,0.0,0.0
Slovakia,42 Production of bulk chemicals,2019.0,350258.0,350258.0,0.0,0.0,0.0
Slovakia,42 Production of bulk chemicals,2020.0,403437.0,403437.0,0.0,0.0,0.0
Slovakia,42 Production of bulk chemicals,2021.0,411181.0,411181.0,0.0,0.0,0.0
Slovakia,42 Production of bulk chemicals,2022.0,362306.0,362306.0,0.0,0.0,0.0
Slovakia,42 Production of bulk chemicals,2023.0,394656.0,394656.0,0.0,0.0,0.0
Slovenia,10 Aviation,2015.0,88387.0,88387.0,0.0,0.0,0.0
Slovenia,10 Aviation,2016.0,135814.0,135814.0,0.0,0.0,0.0
Slovenia,10 Aviation,2017.0,103758.0,103758.0,0.0,0.0,0.0
Slovenia,10 Aviation,2018.0,97383.0,97383.0,0.0,0.0,0.0
Slovenia,10 Aviation,2019.0,48220.0,48220.0,0.0,0.0,0.0
Slovenia,10 Aviation,2022.0,183.0,94.0,48.63387978142077,0.6790930594781669,-0.3244680851063828
Slovenia,10 Aviation,2023.0,71.0,71.0,0.0,0.0,0.0
Slovenia,20 Combustion of fuels,2015.0,4653322.0,4653322.0,0.0,0.0,0.0
Slovenia,20 Combustion of fuels,2016.0,5021789.0,5021789.0,0.0,0.0,0.0
Slovenia,20 Combustion of fuels,2017.0,5002186.0,5002186.0,0.0,0.0,0.0
Slovenia,20 Combustion of fuels,2018.0,4860601.0,4860601.0,0.0,0.0,0.0
Slovenia,20 Combustion of fuels,2019.0,4632474.0,4632474.0,0.0,0.0,0.0
Slovenia,20 Combustion of fuels,2020.0,4567263.0,4567263.0,0.0,0.0,0.0
Slovenia,20 Combustion of fuels,2021.0,4195713.0,4195713.0,0.0,0.0,0.0
Slovenia,20 Combustion of fuels,2022.0,3410502.0,3410502.0,0.0,0.0,0.0
Slovenia,20 Combustion of fuels,2023.0,3308995.0,3308995.0,0.0,0.0,0.0
Slovenia,20-99 All stationary installations,2015.0,6109590.0,6109590.0,0.0,0.0,0.0
Slovenia,20-99 All stationary installations,2016.0,6478662.0,6478662.0,0.0,0.0,0.0
Slovenia,20-99 All stationary installations,2017.0,6570026.0,6570026.0,0.0,0.0,0.0
Slovenia,20-99 All stationary installations,2018.0,6491912.0,6491912.0,0.0,0.0,0.0
Slovenia,20-99 All stationary installations,2019.0,6253595.0,6253595.0,0.0,0.0,0.0
Slovenia,20-99 All stationary installations,2020.0,6095593.0,6095593.0,0.0,0.0,0.0
Slovenia,20-99 All stationary installations,2021.0,5680711.0,5680711.0,0.0,0.0,0.0
Slovenia,20-99 All stationary installations,2022.0,4861180.0,4861180.0,0.0,0.0,0.0
Slovenia,20-99 All stationary installations,2023.0,4582144.0,4582144.0,0.0,0.0,0.0
Slovenia,21-99 All industrial installations (excl. combustion),2015.0,1456268.0,1456268.0,0.0,0.0,0.0
Slovenia,21-99 All industrial installations (excl. combustion),2016.0,1456873.0,1456873.0,0.0,0.0,0.0
Slovenia,21-99 All industrial installations (excl. combustion),2017.0,1567840.0,1567840.0,0.0,0.0,0.0
Slovenia,21-99 All industrial installations (excl. combustion),2018.0,1631311.0,1631311.0,0.0,0.0,0.0
Slovenia,21-99 All industrial installations (excl. combustion),2019.0,1621121.0,1621121.0,0.0,0.0,0.0
Slovenia,21-99 All industrial installations (excl. combustion),2020.0,1528330.0,1528330.0,0.0,0.0,0.0
Slovenia,21-99 All industrial installations (excl. combustion),2021.0,1484998.0,1484998.0,0.0,0.0,0.0
Slovenia,21-99 All industrial installations (excl. combustion),2022.0,1450678.0,1450678.0,0.0,0.0,0.0
Slovenia,21-99 All industrial installations (excl. combustion),2023.0,1273149.0,1273149.0,0.0,0.0,0.0
Slovenia,24  Production of pig iron or steel,2015.0,206355.0,206355.0,0.0,0.0,0.0
Slovenia,24  Production of pig iron or steel,2016.0,217488.0,217488.0,0.0,0.0,0.0
Slovenia,24  Production of pig iron or steel,2017.0,227467.0,227467.0,0.0,0.0,0.0
Slovenia,24  Production of pig iron or steel,2018.0,228225.0,228225.0,0.0,0.0,0.0
Slovenia,24  Production of pig iron or steel,2019.0,222518.0,222518.0,0.0,0.0,0.0
Slovenia,24  Production of pig iron or steel,2020.0,210124.0,210124.0,0.0,0.0,0.0
Slovenia,24  Production of pig iron or steel,2021.0,226867.0,226867.0,0.0,0.0,0.0
Slovenia,24  Production of pig iron or steel,2022.0,202995.0,202995.0,0.0,0.0,0.0
Slovenia,24  Production of pig iron or steel,2023.0,171626.0,171626.0,0.0,0.0,0.0
Slovenia,26 Production of primary aluminium,2015.0,152162.0,152162.0,0.0,0.0,0.0
Slovenia,26 Production of primary aluminium,2016.0,160104.0,160104.0,0.0,0.0,0.0
Slovenia,26 Production of primary aluminium,2017.0,162533.0,162533.0,0.0,0.0,0.0
Slovenia,26 Production of primary aluminium,2018.0,192969.0,192969.0,0.0,0.0,0.0
Slovenia,26 Production of primary aluminium,2019.0,166015.0,166015.0,0.0,0.0,0.0
Slovenia,26 Production of primary aluminium,2020.0,118851.0,118851.0,0.0,0.0,0.0
Slovenia,26 Production of primary aluminium,2021.0,100977.0,100977.0,0.0,0.0,0.0
Slovenia,26 Production of primary aluminium,2022.0,72977.0,72977.0,0.0,0.0,0.0
Slovenia,26 Production of primary aluminium,2023.0,39812.0,39812.0,0.0,0.0,0.0
Slovenia,27 Production of secondary aluminium,2015.0,63746.0,63746.0,0.0,0.0,0.0
Slovenia,27 Production of secondary aluminium,2016.0,63721.0,63721.0,0.0,0.0,0.0
Slovenia,27 Production of secondary aluminium,2017.0,67461.0,67461.0,0.0,0.0,0.0
Slovenia,27 Production of secondary aluminium,2018.0,33332.0,33332.0,0.0,0.0,0.0
Slovenia,27 Production of secondary aluminium,2019.0,33057.0,33057.0,0.0,0.0,0.0
Slovenia,27 Production of secondary aluminium,2020.0,31789.0,31789.0,0.0,0.0,0.0
Slovenia,27 Production of secondary aluminium,2021.0,35172.0,35172.0,0.0,0.0,0.0
Slovenia,27 Production of secondary aluminium,2022.0,34230.0,34230.0,0.0,0.0,0.0
Slovenia,27 Production of secondary aluminium,2023.0,33494.0,33494.0,0.0,0.0,0.0
Slovenia,29 Production of cement clinker,2015.0,546904.0,546904.0,0.0,0.0,0.0
Slovenia,29 Production of cement clinker,2016.0,524301.0,524301.0,0.0,0.0,0.0
Slovenia,29 Production of cement clinker,2017.0,612137.0,612137.0,0.0,0.0,0.0
Slovenia,29 Production of cement clinker,2018.0,679267.0,679267.0,0.0,0.0,0.0
Slovenia,29 Production of cement clinker,2019.0,704327.0,704327.0,0.0,0.0,0.0
Slovenia,29 Production of cement clinker,2020.0,708513.0,708513.0,0.0,0.0,0.0
Slovenia,29 Production of cement clinker,2021.0,704868.0,704868.0,0.0,0.0,0.0
Slovenia,29 Production of cement clinker,2022.0,726819.0,726819.0,0.0,0.0,0.0
Slovenia,29 Production of cement clinker,2023.0,677478.0,677478.0,0.0,0.0,0.0
Slovenia,"30 Production of lime, or calcination of dolomite/magnesite",2015.0,58132.0,58132.0,0.0,0.0,0.0
Slovenia,"30 Production of lime, or calcination of dolomite/magnesite",2016.0,58203.0,58203.0,0.0,0.0,0.0
Slovenia,"30 Production of lime, or calcination of dolomite/magnesite",2017.0,58098.0,58098.0,0.0,0.0,0.0
Slovenia,"30 Production of lime, or calcination of dolomite/magnesite",2018.0,58496.0,58496.0,0.0,0.0,0.0
Slovenia,"30 Production of lime, or calcination of dolomite/magnesite",2019.0,57073.0,57073.0,0.0,0.0,0.0
Slovenia,"30 Production of lime, or calcination of dolomite/magnesite",2020.0,59514.0,59514.0,0.0,0.0,0.0
Slovenia,"30 Production of lime, or calcination of dolomite/magnesite",2021.0,79760.0,79760.0,0.0,0.0,0.0
Slovenia,"30 Production of lime, or calcination of dolomite/magnesite",2022.0,65872.0,65872.0,0.0,0.0,0.0
Slovenia,"30 Production of lime, or calcination of dolomite/magnesite",2023.0,55756.0,55756.0,0.0,0.0,0.0
Slovenia,31 Manufacture of glass,2015.0,54793.0,54793.0,0.0,0.0,0.0
Slovenia,31 Manufacture of glass,2016.0,55580.0,55580.0,0.0,0.0,0.0
Slovenia,31 Manufacture of glass,2017.0,55831.0,55831.0,0.0,0.0,0.0
Slovenia,31 Manufacture of glass,2018.0,54862.0,54862.0,0.0,0.0,0.0
Slovenia,31 Manufacture of glass,2019.0,56308.0,56308.0,0.0,0.0,0.0
Slovenia,31 Manufacture of glass,2020.0,48365.0,48365.0,0.0,0.0,0.0
Slovenia,31 Manufacture of glass,2021.0,28484.0,28484.0,0.0,0.0,0.0
Slovenia,31 Manufacture of glass,2022.0,29029.0,29029.0,0.0,0.0,0.0
Slovenia,31 Manufacture of glass,2023.0,22627.0,22627.0,0.0,0.0,0.0
Slovenia,33 Manufacture of mineral wool,2015.0,79750.0,79750.0,0.0,0.0,0.0
Slovenia,33 Manufacture of mineral wool,2016.0,85817.0,85817.0,0.0,0.0,0.0
Slovenia,33 Manufacture of mineral wool,2017.0,91866.0,91866.0,0.0,0.0,0.0
Slovenia,33 Manufacture of mineral wool,2018.0,91198.0,91198.0,0.0,0.0,0.0
Slovenia,33 Manufacture of mineral wool,2019.0,93550.0,93550.0,0.0,0.0,0.0
Slovenia,33 Manufacture of mineral wool,2020.0,91530.0,91530.0,0.0,0.0,0.0
Slovenia,33 Manufacture of mineral wool,2021.0,90849.0,90849.0,0.0,0.0,0.0
Slovenia,33 Manufacture of mineral wool,2022.0,91055.0,91055.0,0.0,0.0,0.0
Slovenia,33 Manufacture of mineral wool,2023.0,84206.0,84206.0,0.0,0.0,0.0
Slovenia,36 Production of paper or cardboard,2015.0,294426.0,294426.0,0.0,0.0,0.0
Slovenia,36 Production of paper or cardboard,2016.0,291659.0,291659.0,0.0,0.0,0.0
Slovenia,36 Production of paper or cardboard,2017.0,292447.0,292447.0,0.0,0.0,0.0
Slovenia,36 Production of paper or cardboard,2018.0,292962.0,292962.0,0.0,0.0,0.0
Slovenia,36 Production of paper or cardboard,2019.0,288273.0,288273.0,0.0,0.0,0.0
Slovenia,36 Production of paper or cardboard,2020.0,259644.0,259644.0,0.0,0.0,0.0
Slovenia,36 Production of paper or cardboard,2021.0,218021.0,218021.0,0.0,0.0,0.0
Slovenia,36 Production of paper or cardboard,2022.0,227701.0,227701.0,0.0,0.0,0.0
Slovenia,36 Production of paper or cardboard,2023.0,188150.0,188150.0,0.0,0.0,0.0
Spain,10 Aviation,2015.0,5766320.0,5766320.0,0.0,0.0,0.0
Spain,10 Aviation,2016.0,6397562.0,6397562.0,0.0,0.0,0.0
Spain,10 Aviation,2017.0,6783344.0,6783344.0,0.0,0.0,0.0
Spain,10 Aviation,2018.0,10755573.0,10755573.0,0.0,0.0,0.0
Spain,10 Aviation,2019.0,11959711.0,11959711.0,0.0,0.0,0.0
Spain,10 Aviation,2020.0,3358964.0,1710026.0,49.09067200482053,0.6882484916821505,-0.32737942775918794
Spain,10 Aviation,2021.0,3314635.0,1676518.0,49.42073561644042,0.6949948448505741,-0.329515798021057
Spain,10 Aviation,2022.0,6886846.0,3477712.5,49.5021015425639,0.696675063785849,-0.3300467380977199
Spain,10 Aviation,2023.0,7589798.0,3873961.5,48.958305609714515,0.6855740144308438,-0.3265304348877327
Spain,20 Combustion of fuels,2015.0,80678270.0,80678270.0,0.0,0.0,0.0
Spain,20 Combustion of fuels,2016.0,67180020.0,67180020.0,0.0,0.0,0.0
Spain,20 Combustion of fuels,2017.0,79946166.0,79946166.0,0.0,0.0,0.0
Spain,20 Combustion of fuels,2018.0,69808213.0,69808213.0,0.0,0.0,0.0
Spain,20 Combustion of fuels,2019.0,54423584.0,54423584.0,0.0,0.0,0.0
Spain,20 Combustion of fuels,2020.0,40015976.0,40015976.0,0.0,0.0,0.0
Spain,20 Combustion of fuels,2021.0,39861401.0,39861401.0,0.0,0.0,0.0
Spain,20 Combustion of fuels,2022.0,47995307.0,47995307.0,0.0,0.0,0.0
Spain,20 Combustion of fuels,2023.0,36358692.0,36358692.0,0.0,0.0,0.0
Spain,20-99 All stationary installations,2015.0,137270031.0,137270031.0,0.0,0.0,0.0
Spain,20-99 All stationary installations,2016.0,123556983.0,123556983.0,0.0,0.0,0.0
Spain,20-99 All stationary installations,2017.0,136316842.0,136316842.0,0.0,0.0,0.0
Spain,20-99 All stationary installations,2018.0,127373884.0,127373884.0,0.0,0.0,0.0
Spain,20-99 All stationary installations,2019.0,109522705.0,109522705.0,0.0,0.0,0.0
Spain,20-99 All stationary installations,2020.0,89044166.0,89044166.0,0.0,0.0,0.0
Spain,20-99 All stationary installations,2021.0,91665975.0,91665975.0,0.0,0.0,0.0
Spain,20-99 All stationary installations,2022.0,96302882.0,96302882.0,0.0,0.0,0.0
Spain,20-99 All stationary installations,2023.0,81124352.0,81124352.0,0.0,0.0,0.0
Spain,21  Refining of mineral oil,2015.0,14351173.0,14351173.0,0.0,0.0,0.0
Spain,21  Refining of mineral oil,2016.0,14289811.0,14289811.0,0.0,0.0,0.0
Spain,21  Refining of mineral oil,2017.0,14004119.0,14004119.0,0.0,0.0,0.0
Spain,21  Refining of mineral oil,2018.0,14199654.0,14199654.0,0.0,0.0,0.0
Spain,21  Refining of mineral oil,2019.0,13693425.0,13693425.0,0.0,0.0,0.0
Spain,21  Refining of mineral oil,2020.0,12539845.0,12539845.0,0.0,0.0,0.0
Spain,21  Refining of mineral oil,2021.0,12768480.0,12768480.0,0.0,0.0,0.0
Spain,21  Refining of mineral oil,2022.0,13577339.0,13577339.0,0.0,0.0,0.0
Spain,21  Refining of mineral oil,2023.0,12762278.0,12762278.0,0.0,0.0,0.0
Spain,21-99 All industrial installations (excl. combustion),2015.0,56591761.0,56591761.0,0.0,0.0,0.0
Spain,21-99 All industrial installations (excl. combustion),2016.0,56376963.0,56376963.0,0.0,0.0,0.0
Spain,21-99 All industrial installations (excl. combustion),2017.0,56370676.0,56370676.0,0.0,0.0,0.0
Spain,21-99 All industrial installations (excl. combustion),2018.0,57565671.0,57565671.0,0.0,0.0,0.0
Spain,21-99 All industrial installations (excl. combustion),2019.0,55099121.0,55099121.0,0.0,0.0,0.0
Spain,21-99 All industrial installations (excl. combustion),2020.0,49028190.0,49028190.0,0.0,0.0,0.0
Spain,21-99 All industrial installations (excl. combustion),2021.0,51804574.0,51804574.0,0.0,0.0,0.0
Spain,21-99 All industrial installations (excl. combustion),2022.0,48307575.0,48307575.0,0.0,0.0,0.0
Spain,21-99 All industrial installations (excl. combustion),2023.0,44765660.0,44765660.0,0.0,0.0,0.0
Spain,22  Production of coke,2015.0,27975.0,27975.0,0.0,0.0,0.0
Spain,22  Production of coke,2016.0,25296.0,25296.0,0.0,0.0,0.0
Spain,22  Production of coke,2017.0,30678.0,30678.0,0.0,0.0,0.0
Spain,22  Production of coke,2018.0,28211.0,28211.0,0.0,0.0,0.0
Spain,22  Production of coke,2019.0,28180.0,28180.0,0.0,0.0,0.0
Spain,22  Production of coke,2020.0,25457.0,25457.0,0.0,0.0,0.0
Spain,22  Production of coke,2021.0,27881.0,27881.0,0.0,0.0,0.0
Spain,22  Production of coke,2022.0,28853.0,28853.0,0.0,0.0,0.0
Spain,22  Production of coke,2023.0,29449.0,29449.0,0.0,0.0,0.0
Spain,23 Metal ore roasting or sintering,2015.0,144242.0,144242.0,0.0,0.0,0.0
Spain,23 Metal ore roasting or sintering,2016.0,160808.0,160808.0,0.0,0.0,0.0
Spain,23 Metal ore roasting or sintering,2017.0,161487.0,161487.0,0.0,0.0,0.0
Spain,23 Metal ore roasting or sintering,2018.0,162854.0,162854.0,0.0,0.0,0.0
Spain,23 Metal ore roasting or sintering,2019.0,161964.0,161964.0,0.0,0.0,0.0
Spain,23 Metal ore roasting or sintering,2020.0,160516.0,160516.0,0.0,0.0,0.0
Spain,23 Metal ore roasting or sintering,2021.0,167036.0,167036.0,0.0,0.0,0.0
Spain,23 Metal ore roasting or sintering,2022.0,159517.0,159517.0,0.0,0.0,0.0
Spain,23 Metal ore roasting or sintering,2023.0,120711.0,120711.0,0.0,0.0,0.0
Spain,24  Production of pig iron or steel,2015.0,7441933.0,7441933.0,0.0,0.0,0.0
Spain,24  Production of pig iron or steel,2016.0,7068173.0,7068173.0,0.0,0.0,0.0
Spain,24  Production of pig iron or steel,2017.0,6716779.0,6716779.0,0.0,0.0,0.0
Spain,24  Production of pig iron or steel,2018.0,7063799.0,7063799.0,0.0,0.0,0.0
Spain,24  Production of pig iron or steel,2019.0,6464516.0,6464516.0,0.0,0.0,0.0
Spain,24  Production of pig iron or steel,2020.0,5120418.0,5120418.0,0.0,0.0,0.0
Spain,24  Production of pig iron or steel,2021.0,6626587.0,6626587.0,0.0,0.0,0.0
Spain,24  Production of pig iron or steel,2022.0,5958863.0,5958863.0,0.0,0.0,0.0
Spain,24  Production of pig iron or steel,2023.0,5324544.0,5324544.0,0.0,0.0,0.0
Spain,25 Production or processing of ferrous metals,2015.0,534428.0,534428.0,0.0,0.0,0.0
Spain,25 Production or processing of ferrous metals,2016.0,540457.0,540457.0,0.0,0.0,0.0
Spain,25 Production or processing of ferrous metals,2017.0,596108.0,596108.0,0.0,0.0,0.0
Spain,25 Production or processing of ferrous metals,2018.0,586767.0,586767.0,0.0,0.0,0.0
Spain,25 Production or processing of ferrous metals,2019.0,538038.0,538038.0,0.0,0.0,0.0
Spain,25 Production or processing of ferrous metals,2020.0,455461.0,455461.0,0.0,0.0,0.0
Spain,25 Production or processing of ferrous metals,2021.0,463955.0,463955.0,0.0,0.0,0.0
Spain,25 Production or processing of ferrous metals,2022.0,360424.0,360424.0,0.0,0.0,0.0
Spain,25 Production or processing of ferrous metals,2023.0,313585.0,313585.0,0.0,0.0,0.0
Spain,26 Production of primary aluminium,2015.0,1395937.0,1395937.0,0.0,0.0,0.0
Spain,26 Production of primary aluminium,2016.0,1398957.0,1398957.0,0.0,0.0,0.0
Spain,26 Production of primary aluminium,2017.0,1457448.0,1457448.0,0.0,0.0,0.0
Spain,26 Production of primary aluminium,2018.0,1452397.0,1452397.0,0.0,0.0,0.0
Spain,26 Production of primary aluminium,2019.0,1168566.0,1168566.0,0.0,0.0,0.0
Spain,26 Production of primary aluminium,2020.0,1060531.0,1060531.0,0.0,0.0,0.0
Spain,26 Production of primary aluminium,2021.0,1075519.0,1075519.0,0.0,0.0,0.0
Spain,26 Production of primary aluminium,2022.0,611390.0,611390.0,0.0,0.0,0.0
Spain,26 Production of primary aluminium,2023.0,398036.0,398036.0,0.0,0.0,0.0
Spain,27 Production of secondary aluminium,2015.0,50544.0,50544.0,0.0,0.0,0.0
Spain,27 Production of secondary aluminium,2016.0,54519.0,54519.0,0.0,0.0,0.0
Spain,27 Production of secondary aluminium,2017.0,56550.0,56550.0,0.0,0.0,0.0
Spain,27 Production of secondary aluminium,2018.0,57484.0,57484.0,0.0,0.0,0.0
Spain,27 Production of secondary aluminium,2019.0,53903.0,53903.0,0.0,0.0,0.0
Spain,27 Production of secondary aluminium,2020.0,17582.0,17582.0,0.0,0.0,0.0
Spain,27 Production of secondary aluminium,2021.0,16800.0,16800.0,0.0,0.0,0.0
Spain,27 Production of secondary aluminium,2022.0,15842.0,15842.0,0.0,0.0,0.0
Spain,27 Production of secondary aluminium,2023.0,12031.0,12031.0,0.0,0.0,0.0
Spain,28 Production or processing of non-ferrous metals,2015.0,916510.0,916510.0,0.0,0.0,0.0
Spain,28 Production or processing of non-ferrous metals,2016.0,888922.0,888922.0,0.0,0.0,0.0
Spain,28 Production or processing of non-ferrous metals,2017.0,910676.0,910676.0,0.0,0.0,0.0
Spain,28 Production or processing of non-ferrous metals,2018.0,961986.0,961986.0,0.0,0.0,0.0
Spain,28 Production or processing of non-ferrous metals,2019.0,810221.0,810221.0,0.0,0.0,0.0
Spain,28 Production or processing of non-ferrous metals,2020.0,630844.0,630844.0,0.0,0.0,0.0
Spain,28 Production or processing of non-ferrous metals,2021.0,745066.0,745066.0,0.0,0.0,0.0
Spain,28 Production or processing of non-ferrous metals,2022.0,543557.0,543557.0,0.0,0.0,0.0
Spain,28 Production or processing of non-ferrous metals,2023.0,403935.0,403935.0,0.0,0.0,0.0
Spain,29 Production of cement clinker,2015.0,14543776.0,14543776.0,0.0,0.0,0.0
Spain,29 Production of cement clinker,2016.0,14824778.0,14824778.0,0.0,0.0,0.0
Spain,29 Production of cement clinker,2017.0,14773131.0,14773131.0,0.0,0.0,0.0
Spain,29 Production of cement clinker,2018.0,15158667.0,15158667.0,0.0,0.0,0.0
Spain,29 Production of cement clinker,2019.0,14079614.0,14079614.0,0.0,0.0,0.0
Spain,29 Production of cement clinker,2020.0,12285453.0,12285453.0,0.0,0.0,0.0
Spain,29 Production of cement clinker,2021.0,12862503.0,12862503.0,0.0,0.0,0.0
Spain,29 Production of cement clinker,2022.0,11656026.0,11656026.0,0.0,0.0,0.0
Spain,29 Production of cement clinker,2023.0,11300154.0,11300154.0,0.0,0.0,0.0
Spain,"30 Production of lime, or calcination of dolomite/magnesite",2015.0,2559507.0,2559507.0,0.0,0.0,0.0
Spain,"30 Production of lime, or calcination of dolomite/magnesite",2016.0,2370074.0,2370074.0,0.0,0.0,0.0
Spain,"30 Production of lime, or calcination of dolomite/magnesite",2017.0,2564209.0,2564209.0,0.0,0.0,0.0
Spain,"30 Production of lime, or calcination of dolomite/magnesite",2018.0,2652947.0,2652947.0,0.0,0.0,0.0
Spain,"30 Production of lime, or calcination of dolomite/magnesite",2019.0,2644127.0,2644127.0,0.0,0.0,0.0
Spain,"30 Production of lime, or calcination of dolomite/magnesite",2020.0,2348646.0,2348646.0,0.0,0.0,0.0
Spain,"30 Production of lime, or calcination of dolomite/magnesite",2021.0,2688417.0,2688417.0,0.0,0.0,0.0
Spain,"30 Production of lime, or calcination of dolomite/magnesite",2022.0,2412815.0,2412815.0,0.0,0.0,0.0
Spain,"30 Production of lime, or calcination of dolomite/magnesite",2023.0,2304544.0,2304544.0,0.0,0.0,0.0
Spain,31 Manufacture of glass,2015.0,1936450.0,1936450.0,0.0,0.0,0.0
Spain,31 Manufacture of glass,2016.0,1956288.0,1956288.0,0.0,0.0,0.0
Spain,31 Manufacture of glass,2017.0,1959115.0,1959115.0,0.0,0.0,0.0
Spain,31 Manufacture of glass,2018.0,1957121.0,1957121.0,0.0,0.0,0.0
Spain,31 Manufacture of glass,2019.0,1966844.0,1966844.0,0.0,0.0,0.0
Spain,31 Manufacture of glass,2020.0,1842449.0,1842449.0,0.0,0.0,0.0
Spain,31 Manufacture of glass,2021.0,1828547.0,1828547.0,0.0,0.0,0.0
Spain,31 Manufacture of glass,2022.0,1778001.0,1778001.0,0.0,0.0,0.0
Spain,31 Manufacture of glass,2023.0,1583479.0,1583479.0,0.0,0.0,0.0
Spain,32 Manufacture of ceramics,2015.0,3045483.0,3045483.0,0.0,0.0,0.0
Spain,32 Manufacture of ceramics,2016.0,3245065.0,3245065.0,0.0,0.0,0.0
Spain,32 Manufacture of ceramics,2017.0,3489899.0,3489899.0,0.0,0.0,0.0
Spain,32 Manufacture of ceramics,2018.0,3551932.0,3551932.0,0.0,0.0,0.0
Spain,32 Manufacture of ceramics,2019.0,3517583.0,3517583.0,0.0,0.0,0.0
Spain,32 Manufacture of ceramics,2020.0,3280020.0,3280020.0,0.0,0.0,0.0
Spain,32 Manufacture of ceramics,2021.0,3176957.0,3176957.0,0.0,0.0,0.0
Spain,32 Manufacture of ceramics,2022.0,2742879.0,2742879.0,0.0,0.0,0.0
Spain,32 Manufacture of ceramics,2023.0,2249129.0,2249129.0,0.0,0.0,0.0
Spain,33 Manufacture of mineral wool,2015.0,38317.0,38317.0,0.0,0.0,0.0
Spain,33 Manufacture of mineral wool,2016.0,37879.0,37879.0,0.0,0.0,0.0
Spain,33 Manufacture of mineral wool,2017.0,42347.0,42347.0,0.0,0.0,0.0
Spain,33 Manufacture of mineral wool,2018.0,53807.0,53807.0,0.0,0.0,0.0
Spain,33 Manufacture of mineral wool,2019.0,57014.0,57014.0,0.0,0.0,0.0
Spain,33 Manufacture of mineral wool,2020.0,76620.0,76620.0,0.0,0.0,0.0
Spain,33 Manufacture of mineral wool,2021.0,84848.0,84848.0,0.0,0.0,0.0
Spain,33 Manufacture of mineral wool,2022.0,72786.0,72786.0,0.0,0.0,0.0
Spain,33 Manufacture of mineral wool,2023.0,73965.0,73965.0,0.0,0.0,0.0
Spain,34 Production or processing of gypsum or plasterboard,2015.0,68040.0,68040.0,0.0,0.0,0.0
Spain,34 Production or processing of gypsum or plasterboard,2016.0,77276.0,77276.0,0.0,0.0,0.0
Spain,34 Production or processing of gypsum or plasterboard,2017.0,88264.0,88264.0,0.0,0.0,0.0
Spain,34 Production or processing of gypsum or plasterboard,2018.0,102568.0,102568.0,0.0,0.0,0.0
Spain,34 Production or processing of gypsum or plasterboard,2019.0,121852.0,121852.0,0.0,0.0,0.0
Spain,34 Production or processing of gypsum or plasterboard,2020.0,117558.0,117558.0,0.0,0.0,0.0
Spain,34 Production or processing of gypsum or plasterboard,2021.0,134088.0,134088.0,0.0,0.0,0.0
Spain,34 Production or processing of gypsum or plasterboard,2022.0,136347.0,136347.0,0.0,0.0,0.0
Spain,34 Production or processing of gypsum or plasterboard,2023.0,139770.0,139770.0,0.0,0.0,0.0
Spain,35 Production of pulp,2015.0,673527.0,673527.0,0.0,0.0,0.0
Spain,35 Production of pulp,2016.0,675360.0,675360.0,0.0,0.0,0.0
Spain,35 Production of pulp,2017.0,711496.0,711496.0,0.0,0.0,0.0
Spain,35 Production of pulp,2018.0,712293.0,712293.0,0.0,0.0,0.0
Spain,35 Production of pulp,2019.0,695189.0,695189.0,0.0,0.0,0.0
Spain,35 Production of pulp,2020.0,590326.0,590326.0,0.0,0.0,0.0
Spain,35 Production of pulp,2021.0,654645.0,654645.0,0.0,0.0,0.0
Spain,35 Production of pulp,2022.0,524707.0,524707.0,0.0,0.0,0.0
Spain,35 Production of pulp,2023.0,534382.0,534382.0,0.0,0.0,0.0
Spain,36 Production of paper or cardboard,2015.0,2322274.0,2322274.0,0.0,0.0,0.0
Spain,36 Production of paper or cardboard,2016.0,2275398.0,2275398.0,0.0,0.0,0.0
Spain,36 Production of paper or cardboard,2017.0,2289284.0,2289284.0,0.0,0.0,0.0
Spain,36 Production of paper or cardboard,2018.0,2295565.0,2295565.0,0.0,0.0,0.0
Spain,36 Production of paper or cardboard,2019.0,2422891.0,2422891.0,0.0,0.0,0.0
Spain,36 Production of paper or cardboard,2020.0,2289529.0,2289529.0,0.0,0.0,0.0
Spain,36 Production of paper or cardboard,2021.0,2338166.0,2338166.0,0.0,0.0,0.0
Spain,36 Production of paper or cardboard,2022.0,1838104.0,1838104.0,0.0,0.0,0.0
Spain,36 Production of paper or cardboard,2023.0,1704925.0,1704925.0,0.0,0.0,0.0
Spain,37 Production of carbon black,2015.0,92620.0,92620.0,0.0,0.0,0.0
Spain,37 Production of carbon black,2016.0,108225.0,108225.0,0.0,0.0,0.0
Spain,37 Production of carbon black,2017.0,107962.0,107962.0,0.0,0.0,0.0
Spain,37 Production of carbon black,2018.0,118232.0,118232.0,0.0,0.0,0.0
Spain,37 Production of carbon black,2019.0,108710.0,108710.0,0.0,0.0,0.0
Spain,37 Production of carbon black,2020.0,100045.0,100045.0,0.0,0.0,0.0
Spain,37 Production of carbon black,2021.0,120419.0,120419.0,0.0,0.0,0.0
Spain,37 Production of carbon black,2022.0,128674.0,128674.0,0.0,0.0,0.0
Spain,37 Production of carbon black,2023.0,117708.0,117708.0,0.0,0.0,0.0
Spain,38 Production of nitric acid,2015.0,525756.0,525756.0,0.0,0.0,0.0
Spain,38 Production of nitric acid,2016.0,509858.0,509858.0,0.0,0.0,0.0
Spain,38 Production of nitric acid,2017.0,542133.0,542133.0,0.0,0.0,0.0
Spain,38 Production of nitric acid,2018.0,528789.0,528789.0,0.0,0.0,0.0
Spain,38 Production of nitric acid,2019.0,549968.0,549968.0,0.0,0.0,0.0
Spain,38 Production of nitric acid,2020.0,539011.0,539011.0,0.0,0.0,0.0
Spain,38 Production of nitric acid,2021.0,436216.0,436216.0,0.0,0.0,0.0
Spain,38 Production of nitric acid,2022.0,428002.0,428002.0,0.0,0.0,0.0
Spain,38 Production of nitric acid,2023.0,407345.0,407345.0,0.0,0.0,0.0
Spain,41 Production of ammonia,2015.0,663274.0,663274.0,0.0,0.0,0.0
Spain,41 Production of ammonia,2016.0,692197.0,692197.0,0.0,0.0,0.0
Spain,41 Production of ammonia,2017.0,617423.0,617423.0,0.0,0.0,0.0
Spain,41 Production of ammonia,2018.0,726597.0,726597.0,0.0,0.0,0.0
Spain,41 Production of ammonia,2019.0,702428.0,702428.0,0.0,0.0,0.0
Spain,41 Production of ammonia,2020.0,641105.0,641105.0,0.0,0.0,0.0
Spain,41 Production of ammonia,2021.0,575598.0,575598.0,0.0,0.0,0.0
Spain,41 Production of ammonia,2022.0,418909.0,418909.0,0.0,0.0,0.0
Spain,41 Production of ammonia,2023.0,510028.0,510028.0,0.0,0.0,0.0
Spain,42 Production of bulk chemicals,2015.0,3297878.0,3297878.0,0.0,0.0,0.0
Spain,42 Production of bulk chemicals,2016.0,3184107.0,3184107.0,0.0,0.0,0.0
Spain,42 Production of bulk chemicals,2017.0,3271071.0,3271071.0,0.0,0.0,0.0
Spain,42 Production of bulk chemicals,2018.0,3189431.0,3189431.0,0.0,0.0,0.0
Spain,42 Production of bulk chemicals,2019.0,3287518.0,3287518.0,0.0,0.0,0.0
Spain,42 Production of bulk chemicals,2020.0,3130097.0,3130097.0,0.0,0.0,0.0
Spain,42 Production of bulk chemicals,2021.0,3125780.0,3125780.0,0.0,0.0,0.0
Spain,42 Production of bulk chemicals,2022.0,3008654.0,3008654.0,0.0,0.0,0.0
Spain,42 Production of bulk chemicals,2023.0,2784447.0,2784447.0,0.0,0.0,0.0
Spain,43 Production of hydrogen and synthesis gas,2015.0,842198.0,842198.0,0.0,0.0,0.0
Spain,43 Production of hydrogen and synthesis gas,2016.0,852719.0,852719.0,0.0,0.0,0.0
Spain,43 Production of hydrogen and synthesis gas,2017.0,892416.0,892416.0,0.0,0.0,0.0
Spain,43 Production of hydrogen and synthesis gas,2018.0,868447.0,868447.0,0.0,0.0,0.0
Spain,43 Production of hydrogen and synthesis gas,2019.0,884414.0,884414.0,0.0,0.0,0.0
Spain,43 Production of hydrogen and synthesis gas,2020.0,772155.0,772155.0,0.0,0.0,0.0
Spain,43 Production of hydrogen and synthesis gas,2021.0,795615.0,795615.0,0.0,0.0,0.0
Spain,43 Production of hydrogen and synthesis gas,2022.0,845284.0,845284.0,0.0,0.0,0.0
Spain,43 Production of hydrogen and synthesis gas,2023.0,835336.0,835336.0,0.0,0.0,0.0
Spain,44 Production of soda ash and sodium bicarbonate,2015.0,1119919.0,1119919.0,0.0,0.0,0.0
Spain,44 Production of soda ash and sodium bicarbonate,2016.0,1140796.0,1140796.0,0.0,0.0,0.0
Spain,44 Production of soda ash and sodium bicarbonate,2017.0,1088081.0,1088081.0,0.0,0.0,0.0
Spain,44 Production of soda ash and sodium bicarbonate,2018.0,1136123.0,1136123.0,0.0,0.0,0.0
Spain,44 Production of soda ash and sodium bicarbonate,2019.0,1142156.0,1142156.0,0.0,0.0,0.0
Spain,44 Production of soda ash and sodium bicarbonate,2020.0,1004522.0,1004522.0,0.0,0.0,0.0
Spain,44 Production of soda ash and sodium bicarbonate,2021.0,1091451.0,1091451.0,0.0,0.0,0.0
Spain,44 Production of soda ash and sodium bicarbonate,2022.0,1060602.0,1060602.0,0.0,0.0,0.0
Spain,44 Production of soda ash and sodium bicarbonate,2023.0,855879.0,855879.0,0.0,0.0,0.0
Sweden,10 Aviation,2015.0,2808525.0,2808525.0,0.0,0.0,0.0
Sweden,10 Aviation,2016.0,2889899.0,2889899.0,0.0,0.0,0.0
Sweden,10 Aviation,2017.0,2961636.0,2961636.0,0.0,0.0,0.0
Sweden,10 Aviation,2018.0,2860973.0,2860973.0,0.0,0.0,0.0
Sweden,10 Aviation,2019.0,2764968.0,2764968.0,0.0,0.0,0.0
Sweden,10 Aviation,2020.0,1004997.0,508697.0,49.38323198974723,0.6942226829370571,-0.329271648938366
Sweden,10 Aviation,2021.0,1045882.0,525367.5,49.76799485984078,0.7022136360501076,-0.33179377610275984
Sweden,10 Aviation,2022.0,2061862.0,1039165.0,49.60065222599766,0.6987193088645834,-0.33069211017178857
Sweden,10 Aviation,2023.0,2688498.0,1355876.0,49.567528039820004,0.6980310887870287,-0.33047491068504775
Sweden,20 Combustion of fuels,2015.0,7608033.0,7608033.0,0.0,0.0,0.0
Sweden,20 Combustion of fuels,2016.0,8231811.0,8231811.0,0.0,0.0,0.0
Sweden,20 Combustion of fuels,2017.0,8085397.0,8085397.0,0.0,0.0,0.0
Sweden,20 Combustion of fuels,2018.0,8432238.0,8432238.0,0.0,0.0,0.0
Sweden,20 Combustion of fuels,2019.0,7194590.0,7194590.0,0.0,0.0,0.0
Sweden,20 Combustion of fuels,2020.0,4702512.0,4702512.0,0.0,0.0,0.0
Sweden,20 Combustion of fuels,2021.0,5736175.0,5736175.0,0.0,0.0,0.0
Sweden,20 Combustion of fuels,2022.0,5214490.0,5214490.0,0.0,0.0,0.0
Sweden,20 Combustion of fuels,2023.0,5114141.0,5114141.0,0.0,0.0,0.0
Sweden,20-99 All stationary installations,2015.0,19236229.0,19236229.0,0.0,0.0,0.0
Sweden,20-99 All stationary installations,2016.0,19884726.0,19884726.0,0.0,0.0,0.0
Sweden,20-99 All stationary installations,2017.0,19761991.0,19761991.0,0.0,0.0,0.0
Sweden,20-99 All stationary installations,2018.0,19999943.0,19999943.0,0.0,0.0,0.0
Sweden,20-99 All stationary installations,2019.0,18895094.0,18895094.0,0.0,0.0,0.0
Sweden,20-99 All stationary installations,2020.0,16705579.0,16705579.0,0.0,0.0,0.0
Sweden,20-99 All stationary installations,2021.0,18476247.0,18476247.0,0.0,0.0,0.0
Sweden,20-99 All stationary installations,2022.0,17657586.0,17657586.0,0.0,0.0,0.0
Sweden,20-99 All stationary installations,2023.0,17008456.0,17008456.0,0.0,0.0,0.0
Sweden,21  Refining of mineral oil,2015.0,2865251.0,2865251.0,0.0,0.0,0.0
Sweden,21  Refining of mineral oil,2016.0,2786353.0,2786353.0,0.0,0.0,0.0
Sweden,21  Refining of mineral oil,2017.0,2859499.0,2859499.0,0.0,0.0,0.0
Sweden,21  Refining of mineral oil,2018.0,3018719.0,3018719.0,0.0,0.0,0.0
Sweden,21  Refining of mineral oil,2019.0,2391596.0,2391596.0,0.0,0.0,0.0
Sweden,21  Refining of mineral oil,2020.0,2332033.0,2332033.0,0.0,0.0,0.0
Sweden,21  Refining of mineral oil,2021.0,2766327.0,2766327.0,0.0,0.0,0.0
Sweden,21  Refining of mineral oil,2022.0,2671892.0,2671892.0,0.0,0.0,0.0
Sweden,21  Refining of mineral oil,2023.0,2652799.0,2652799.0,0.0,0.0,0.0
Sweden,21-99 All industrial installations (excl. combustion),2015.0,11628196.0,11628196.0,0.0,0.0,0.0
Sweden,21-99 All industrial installations (excl. combustion),2016.0,11652915.0,11652915.0,0.0,0.0,0.0
Sweden,21-99 All industrial installations (excl. combustion),2017.0,11676594.0,11676594.0,0.0,0.0,0.0
Sweden,21-99 All industrial installations (excl. combustion),2018.0,11567705.0,11567705.0,0.0,0.0,0.0
Sweden,21-99 All industrial installations (excl. combustion),2019.0,11700504.0,11700504.0,0.0,0.0,0.0
Sweden,21-99 All industrial installations (excl. combustion),2020.0,12003067.0,12003067.0,0.0,0.0,0.0
Sweden,21-99 All industrial installations (excl. combustion),2021.0,12740072.0,12740072.0,0.0,0.0,0.0
Sweden,21-99 All industrial installations (excl. combustion),2022.0,12443096.0,12443096.0,0.0,0.0,0.0
Sweden,21-99 All industrial installations (excl. combustion),2023.0,11894315.0,11894315.0,0.0,0.0,0.0
Sweden,23 Metal ore roasting or sintering,2015.0,628659.0,628659.0,0.0,0.0,0.0
Sweden,23 Metal ore roasting or sintering,2016.0,677178.0,677178.0,0.0,0.0,0.0
Sweden,23 Metal ore roasting or sintering,2017.0,711984.0,711984.0,0.0,0.0,0.0
Sweden,23 Metal ore roasting or sintering,2018.0,652815.0,652815.0,0.0,0.0,0.0
Sweden,23 Metal ore roasting or sintering,2019.0,668076.0,668076.0,0.0,0.0,0.0
Sweden,23 Metal ore roasting or sintering,2020.0,649747.0,649747.0,0.0,0.0,0.0
Sweden,23 Metal ore roasting or sintering,2021.0,642191.0,642191.0,0.0,0.0,0.0
Sweden,23 Metal ore roasting or sintering,2022.0,596859.0,596859.0,0.0,0.0,0.0
Sweden,23 Metal ore roasting or sintering,2023.0,600772.0,600772.0,0.0,0.0,0.0
Sweden,24  Production of pig iron or steel,2015.0,3710824.0,3710824.0,0.0,0.0,0.0
Sweden,24  Production of pig iron or steel,2016.0,3681142.0,3681142.0,0.0,0.0,0.0
Sweden,24  Production of pig iron or steel,2017.0,3521596.0,3521596.0,0.0,0.0,0.0
Sweden,24  Production of pig iron or steel,2018.0,3206354.0,3206354.0,0.0,0.0,0.0
Sweden,24  Production of pig iron or steel,2019.0,4457024.0,4457024.0,0.0,0.0,0.0
Sweden,24  Production of pig iron or steel,2020.0,5132004.0,5132004.0,0.0,0.0,0.0
Sweden,24  Production of pig iron or steel,2021.0,5440017.0,5440017.0,0.0,0.0,0.0
Sweden,24  Production of pig iron or steel,2022.0,5363401.0,5363401.0,0.0,0.0,0.0
Sweden,24  Production of pig iron or steel,2023.0,5250466.0,5250466.0,0.0,0.0,0.0
Sweden,25 Production or processing of ferrous metals,2015.0,45601.0,45601.0,0.0,0.0,0.0
Sweden,25 Production or processing of ferrous metals,2016.0,49055.0,49055.0,0.0,0.0,0.0
Sweden,25 Production or processing of ferrous metals,2017.0,50517.0,50517.0,0.0,0.0,0.0
Sweden,25 Production or processing of ferrous metals,2018.0,50162.0,50162.0,0.0,0.0,0.0
Sweden,25 Production or processing of ferrous metals,2019.0,45586.0,45586.0,0.0,0.0,0.0
Sweden,25 Production or processing of ferrous metals,2020.0,39174.0,39174.0,0.0,0.0,0.0
Sweden,25 Production or processing of ferrous metals,2021.0,48388.0,48388.0,0.0,0.0,0.0
Sweden,25 Production or processing of ferrous metals,2022.0,46672.0,46672.0,0.0,0.0,0.0
Sweden,25 Production or processing of ferrous metals,2023.0,40333.0,40333.0,0.0,0.0,0.0
Sweden,26 Production of primary aluminium,2015.0,223511.0,223511.0,0.0,0.0,0.0
Sweden,26 Production of primary aluminium,2016.0,230478.0,230478.0,0.0,0.0,0.0
Sweden,26 Production of primary aluminium,2017.0,254477.0,254477.0,0.0,0.0,0.0
Sweden,26 Production of primary aluminium,2018.0,258087.0,258087.0,0.0,0.0,0.0
Sweden,26 Production of primary aluminium,2019.0,235026.0,235026.0,0.0,0.0,0.0
Sweden,26 Production of primary aluminium,2020.0,245204.0,245204.0,0.0,0.0,0.0
Sweden,26 Production of primary aluminium,2021.0,227326.0,227326.0,0.0,0.0,0.0
Sweden,26 Production of primary aluminium,2022.0,217349.0,217349.0,0.0,0.0,0.0
Sweden,28 Production or processing of non-ferrous metals,2015.0,129126.0,129126.0,0.0,0.0,0.0
Sweden,28 Production or processing of non-ferrous metals,2016.0,118750.0,118750.0,0.0,0.0,0.0
Sweden,28 Production or processing of non-ferrous metals,2017.0,162922.0,162922.0,0.0,0.0,0.0
Sweden,28 Production or processing of non-ferrous metals,2018.0,165316.0,165316.0,0.0,0.0,0.0
Sweden,28 Production or processing of non-ferrous metals,2019.0,181727.0,181727.0,0.0,0.0,0.0
Sweden,28 Production or processing of non-ferrous metals,2020.0,154696.0,154696.0,0.0,0.0,0.0
Sweden,28 Production or processing of non-ferrous metals,2021.0,163077.0,163077.0,0.0,0.0,0.0
Sweden,28 Production or processing of non-ferrous metals,2022.0,196874.0,196874.0,0.0,0.0,0.0
Sweden,28 Production or processing of non-ferrous metals,2023.0,140838.0,140838.0,0.0,0.0,0.0
Sweden,29 Production of cement clinker,2015.0,2352412.0,2352412.0,0.0,0.0,0.0
Sweden,29 Production of cement clinker,2016.0,2347921.0,2347921.0,0.0,0.0,0.0
Sweden,29 Production of cement clinker,2017.0,2251548.0,2251548.0,0.0,0.0,0.0
Sweden,29 Production of cement clinker,2018.0,2408056.0,2408056.0,0.0,0.0,0.0
Sweden,29 Production of cement clinker,2019.0,2038287.0,2038287.0,0.0,0.0,0.0
Sweden,29 Production of cement clinker,2020.0,1908316.0,1908316.0,0.0,0.0,0.0
Sweden,29 Production of cement clinker,2021.0,1862873.0,1862873.0,0.0,0.0,0.0
Sweden,29 Production of cement clinker,2022.0,1753629.0,1753629.0,0.0,0.0,0.0
Sweden,29 Production of cement clinker,2023.0,1661131.0,1661131.0,0.0,0.0,0.0
Sweden,"30 Production of lime, or calcination of dolomite/magnesite",2015.0,690220.0,690220.0,0.0,0.0,0.0
Sweden,"30 Production of lime, or calcination of dolomite/magnesite",2016.0,709563.0,709563.0,0.0,0.0,0.0
Sweden,"30 Production of lime, or calcination of dolomite/magnesite",2017.0,769247.0,769247.0,0.0,0.0,0.0
Sweden,"30 Production of lime, or calcination of dolomite/magnesite",2018.0,632917.0,632917.0,0.0,0.0,0.0
Sweden,"30 Production of lime, or calcination of dolomite/magnesite",2019.0,621406.0,621406.0,0.0,0.0,0.0
Sweden,"30 Production of lime, or calcination of dolomite/magnesite",2020.0,628885.0,628885.0,0.0,0.0,0.0
Sweden,"30 Production of lime, or calcination of dolomite/magnesite",2021.0,611307.0,611307.0,0.0,0.0,0.0
Sweden,"30 Production of lime, or calcination of dolomite/magnesite",2022.0,656598.0,656598.0,0.0,0.0,0.0
Sweden,"30 Production of lime, or calcination of dolomite/magnesite",2023.0,640412.0,640412.0,0.0,0.0,0.0
Sweden,31 Manufacture of glass,2015.0,63898.0,63898.0,0.0,0.0,0.0
Sweden,31 Manufacture of glass,2016.0,58649.0,58649.0,0.0,0.0,0.0
Sweden,31 Manufacture of glass,2017.0,65569.0,65569.0,0.0,0.0,0.0
Sweden,31 Manufacture of glass,2018.0,63704.0,63704.0,0.0,0.0,0.0
Sweden,31 Manufacture of glass,2019.0,62946.0,62946.0,0.0,0.0,0.0
Sweden,31 Manufacture of glass,2020.0,60657.0,60657.0,0.0,0.0,0.0
Sweden,31 Manufacture of glass,2021.0,60241.0,60241.0,0.0,0.0,0.0
Sweden,31 Manufacture of glass,2022.0,62810.0,62810.0,0.0,0.0,0.0
Sweden,31 Manufacture of glass,2023.0,64164.0,64164.0,0.0,0.0,0.0
Sweden,32 Manufacture of ceramics,2015.0,42611.0,42611.0,0.0,0.0,0.0
Sweden,32 Manufacture of ceramics,2016.0,37436.0,37436.0,0.0,0.0,0.0
Sweden,32 Manufacture of ceramics,2017.0,46945.0,46945.0,0.0,0.0,0.0
Sweden,32 Manufacture of ceramics,2018.0,49277.0,49277.0,0.0,0.0,0.0
Sweden,32 Manufacture of ceramics,2019.0,28789.0,28789.0,0.0,0.0,0.0
Sweden,32 Manufacture of ceramics,2020.0,19118.0,19118.0,0.0,0.0,0.0
Sweden,32 Manufacture of ceramics,2021.0,9065.0,9065.0,0.0,0.0,0.0
Sweden,32 Manufacture of ceramics,2022.0,5590.0,5590.0,0.0,0.0,0.0
Sweden,32 Manufacture of ceramics,2023.0,5072.0,5072.0,0.0,0.0,0.0
Sweden,33 Manufacture of mineral wool,2015.0,91860.0,91860.0,0.0,0.0,0.0
Sweden,33 Manufacture of mineral wool,2016.0,100754.0,100754.0,0.0,0.0,0.0
Sweden,33 Manufacture of mineral wool,2017.0,117359.0,117359.0,0.0,0.0,0.0
Sweden,33 Manufacture of mineral wool,2018.0,128381.0,128381.0,0.0,0.0,0.0
Sweden,33 Manufacture of mineral wool,2019.0,120306.0,120306.0,0.0,0.0,0.0
Sweden,33 Manufacture of mineral wool,2020.0,111403.0,111403.0,0.0,0.0,0.0
Sweden,33 Manufacture of mineral wool,2021.0,111988.0,111988.0,0.0,0.0,0.0
Sweden,33 Manufacture of mineral wool,2022.0,115073.0,115073.0,0.0,0.0,0.0
Sweden,33 Manufacture of mineral wool,2023.0,87624.0,87624.0,0.0,0.0,0.0
Sweden,34 Production or processing of gypsum or plasterboard,2015.0,20812.0,20812.0,0.0,0.0,0.0
Sweden,34 Production or processing of gypsum or plasterboard,2016.0,20607.0,20607.0,0.0,0.0,0.0
Sweden,34 Production or processing of gypsum or plasterboard,2017.0,20926.0,20926.0,0.0,0.0,0.0
Sweden,34 Production or processing of gypsum or plasterboard,2018.0,23404.0,23404.0,0.0,0.0,0.0
Sweden,34 Production or processing of gypsum or plasterboard,2019.0,23385.0,23385.0,0.0,0.0,0.0
Sweden,34 Production or processing of gypsum or plasterboard,2020.0,23295.0,23295.0,0.0,0.0,0.0
Sweden,34 Production or processing of gypsum or plasterboard,2021.0,25389.0,25389.0,0.0,0.0,0.0
Sweden,34 Production or processing of gypsum or plasterboard,2022.0,22580.0,22580.0,0.0,0.0,0.0
Sweden,34 Production or processing of gypsum or plasterboard,2023.0,16998.0,16998.0,0.0,0.0,0.0
Sweden,35 Production of pulp,2015.0,198754.0,198754.0,0.0,0.0,0.0
Sweden,35 Production of pulp,2016.0,210357.0,210357.0,0.0,0.0,0.0
Sweden,35 Production of pulp,2017.0,205000.0,205000.0,0.0,0.0,0.0
Sweden,35 Production of pulp,2018.0,257821.0,257821.0,0.0,0.0,0.0
Sweden,35 Production of pulp,2019.0,209040.0,209040.0,0.0,0.0,0.0
Sweden,35 Production of pulp,2020.0,185402.0,185402.0,0.0,0.0,0.0
Sweden,35 Production of pulp,2021.0,258877.0,258877.0,0.0,0.0,0.0
Sweden,35 Production of pulp,2022.0,271981.0,271981.0,0.0,0.0,0.0
Sweden,35 Production of pulp,2023.0,283152.0,283152.0,0.0,0.0,0.0
Sweden,36 Production of paper or cardboard,2015.0,444539.0,444539.0,0.0,0.0,0.0
Sweden,36 Production of paper or cardboard,2016.0,491611.0,491611.0,0.0,0.0,0.0
Sweden,36 Production of paper or cardboard,2017.0,502186.0,502186.0,0.0,0.0,0.0
Sweden,36 Production of paper or cardboard,2018.0,529397.0,529397.0,0.0,0.0,0.0
Sweden,36 Production of paper or cardboard,2019.0,487283.0,487283.0,0.0,0.0,0.0
Sweden,36 Production of paper or cardboard,2020.0,431204.0,431204.0,0.0,0.0,0.0
Sweden,36 Production of paper or cardboard,2021.0,407410.0,407410.0,0.0,0.0,0.0
Sweden,36 Production of paper or cardboard,2022.0,376020.0,376020.0,0.0,0.0,0.0
Sweden,36 Production of paper or cardboard,2023.0,347820.0,347820.0,0.0,0.0,0.0
Sweden,37 Production of carbon black,2015.0,82829.0,82829.0,0.0,0.0,0.0
Sweden,37 Production of carbon black,2016.0,79668.0,79668.0,0.0,0.0,0.0
Sweden,37 Production of carbon black,2017.0,93921.0,93921.0,0.0,0.0,0.0
Sweden,37 Production of carbon black,2018.0,90816.0,90816.0,0.0,0.0,0.0
Sweden,37 Production of carbon black,2019.0,100937.0,100937.0,0.0,0.0,0.0
Sweden,37 Production of carbon black,2020.0,74108.0,74108.0,0.0,0.0,0.0
Sweden,37 Production of carbon black,2021.0,93818.0,93818.0,0.0,0.0,0.0
Sweden,37 Production of carbon black,2022.0,78690.0,78690.0,0.0,0.0,0.0
Sweden,37 Production of carbon black,2023.0,74920.0,74920.0,0.0,0.0,0.0
Sweden,38 Production of nitric acid,2015.0,35928.0,35928.0,0.0,0.0,0.0
Sweden,38 Production of nitric acid,2016.0,51552.0,51552.0,0.0,0.0,0.0
Sweden,38 Production of nitric acid,2017.0,41030.0,41030.0,0.0,0.0,0.0
Sweden,38 Production of nitric acid,2018.0,30624.0,30624.0,0.0,0.0,0.0
Sweden,38 Production of nitric acid,2019.0,27692.0,27692.0,0.0,0.0,0.0
Sweden,38 Production of nitric acid,2020.0,5817.0,5817.0,0.0,0.0,0.0
Sweden,38 Production of nitric acid,2021.0,10097.0,10097.0,0.0,0.0,0.0
Sweden,38 Production of nitric acid,2022.0,5511.0,5511.0,0.0,0.0,0.0
Sweden,38 Production of nitric acid,2023.0,5349.0,5349.0,0.0,0.0,0.0
Sweden,42 Production of bulk chemicals,2015.0,1361.0,1361.0,0.0,0.0,0.0
Sweden,42 Production of bulk chemicals,2016.0,1841.0,1841.0,0.0,0.0,0.0
Sweden,42 Production of bulk chemicals,2017.0,1868.0,1868.0,0.0,0.0,0.0
Sweden,42 Production of bulk chemicals,2018.0,1852.0,1852.0,0.0,0.0,0.0
Sweden,42 Production of bulk chemicals,2019.0,1398.0,1398.0,0.0,0.0,0.0
Sweden,42 Production of bulk chemicals,2020.0,1960.0,1960.0,0.0,0.0,0.0
Sweden,42 Production of bulk chemicals,2021.0,1486.0,1486.0,0.0,0.0,0.0
Sweden,42 Production of bulk chemicals,2022.0,1567.0,1567.0,0.0,0.0,0.0
Sweden,42 Production of bulk chemicals,2023.0,1136.0,1136.0,0.0,0.0,0.0
Sweden,99 Other activity opted-in under Art. 24,2018.0,3.0,3.0,0.0,0.0,0.0
Sweden,99 Other activity opted-in under Art. 24,2020.0,44.0,44.0,0.0,0.0,0.0
Sweden,99 Other activity opted-in under Art. 24,2021.0,195.0,195.0,0.0,0.0,0.0
Sweden,99 Other activity opted-in under Art. 24,2023.0,21329.0,21329.0,0.0,0.0,0.0
United Kingdom (excl. NI),10 Aviation,2015.0,6353579.0,6353579.0,0.0,0.0,0.0
United Kingdom (excl. NI),10 Aviation,2016.0,6912632.0,6912632.0,0.0,0.0,0.0
United Kingdom (excl. NI),10 Aviation,2017.0,7324654.0,7324654.0,0.0,0.0,0.0
United Kingdom (excl. NI),10 Aviation,2018.0,4148465.0,4148465.0,0.0,0.0,0.0
United Kingdom (excl. NI),10 Aviation,2019.0,1114740.0,1114740.0,0.0,0.0,0.0
United Kingdom (excl. NI),10 Aviation,2020.0,218761.0,109826.0,49.7963530976728,0.702808691609818,-0.3319811944955353
United Kingdom (excl. NI),20 Combustion of fuels,2015.0,127838068.0,127838068.0,0.0,0.0,0.0
United Kingdom (excl. NI),20 Combustion of fuels,2016.0,104806548.0,104806548.0,0.0,0.0,0.0
United Kingdom (excl. NI),20 Combustion of fuels,2017.0,94905256.0,94905256.0,0.0,0.0,0.0
United Kingdom (excl. NI),20 Combustion of fuels,2018.0,88355939.0,88355939.0,0.0,0.0,0.0
United Kingdom (excl. NI),20 Combustion of fuels,2019.0,78788298.0,78788298.0,0.0,0.0,0.0
United Kingdom (excl. NI),20 Combustion of fuels,2020.0,68074651.0,68074651.0,0.0,0.0,0.0
United Kingdom (excl. NI),20-99 All stationary installations,2015.0,172184309.0,172184309.0,0.0,0.0,0.0
United Kingdom (excl. NI),20-99 All stationary installations,2016.0,143328206.0,143328206.0,0.0,0.0,0.0
United Kingdom (excl. NI),20-99 All stationary installations,2017.0,133625070.0,133625070.0,0.0,0.0,0.0
United Kingdom (excl. NI),20-99 All stationary installations,2018.0,125998614.0,125998614.0,0.0,0.0,0.0
United Kingdom (excl. NI),20-99 All stationary installations,2019.0,115856805.0,115856805.0,0.0,0.0,0.0
United Kingdom (excl. NI),20-99 All stationary installations,2020.0,102575278.0,102575278.0,0.0,0.0,0.0
United Kingdom (excl. NI),21  Refining of mineral oil,2015.0,8444624.0,8444624.0,0.0,0.0,0.0
United Kingdom (excl. NI),21  Refining of mineral oil,2016.0,8442559.0,8442559.0,0.0,0.0,0.0
United Kingdom (excl. NI),21  Refining of mineral oil,2017.0,8583014.0,8583014.0,0.0,0.0,0.0
United Kingdom (excl. NI),21  Refining of mineral oil,2018.0,8429767.0,8429767.0,0.0,0.0,0.0
United Kingdom (excl. NI),21  Refining of mineral oil,2019.0,7907083.0,7907083.0,0.0,0.0,0.0
United Kingdom (excl. NI),21  Refining of mineral oil,2020.0,6969546.0,6969546.0,0.0,0.0,0.0
United Kingdom (excl. NI),21-99 All industrial installations (excl. combustion),2015.0,44346241.0,44346241.0,0.0,0.0,0.0
United Kingdom (excl. NI),21-99 All industrial installations (excl. combustion),2016.0,38521658.0,38521658.0,0.0,0.0,0.0
United Kingdom (excl. NI),21-99 All industrial installations (excl. combustion),2017.0,38719814.0,38719814.0,0.0,0.0,0.0
United Kingdom (excl. NI),21-99 All industrial installations (excl. combustion),2018.0,37642675.0,37642675.0,0.0,0.0,0.0
United Kingdom (excl. NI),21-99 All industrial installations (excl. combustion),2019.0,37068507.0,37068507.0,0.0,0.0,0.0
United Kingdom (excl. NI),21-99 All industrial installations (excl. combustion),2020.0,34500627.0,34500627.0,0.0,0.0,0.0
United Kingdom (excl. NI),22  Production of coke,2015.0,5667711.0,5667711.0,0.0,0.0,0.0
United Kingdom (excl. NI),22  Production of coke,2016.0,5235774.0,5235774.0,0.0,0.0,0.0
United Kingdom (excl. NI),22  Production of coke,2017.0,4955613.0,4955613.0,0.0,0.0,0.0
United Kingdom (excl. NI),22  Production of coke,2018.0,5073764.0,5073764.0,0.0,0.0,0.0
United Kingdom (excl. NI),22  Production of coke,2019.0,4525127.0,4525127.0,0.0,0.0,0.0
United Kingdom (excl. NI),22  Production of coke,2020.0,4714925.0,4714925.0,0.0,0.0,0.0
United Kingdom (excl. NI),24  Production of pig iron or steel,2015.0,11941499.0,11941499.0,0.0,0.0,0.0
United Kingdom (excl. NI),24  Production of pig iron or steel,2016.0,6714197.0,6714197.0,0.0,0.0,0.0
United Kingdom (excl. NI),24  Production of pig iron or steel,2017.0,6707214.0,6707214.0,0.0,0.0,0.0
United Kingdom (excl. NI),24  Production of pig iron or steel,2018.0,5988366.0,5988366.0,0.0,0.0,0.0
United Kingdom (excl. NI),24  Production of pig iron or steel,2019.0,6595332.0,6595332.0,0.0,0.0,0.0
United Kingdom (excl. NI),24  Production of pig iron or steel,2020.0,6216539.0,6216539.0,0.0,0.0,0.0
United Kingdom (excl. NI),25 Production or processing of ferrous metals,2015.0,436168.0,436168.0,0.0,0.0,0.0
United Kingdom (excl. NI),25 Production or processing of ferrous metals,2016.0,410107.0,410107.0,0.0,0.0,0.0
United Kingdom (excl. NI),25 Production or processing of ferrous metals,2017.0,435664.0,435664.0,0.0,0.0,0.0
United Kingdom (excl. NI),25 Production or processing of ferrous metals,2018.0,449576.0,449576.0,0.0,0.0,0.0
United Kingdom (excl. NI),25 Production or processing of ferrous metals,2019.0,407667.0,407667.0,0.0,0.0,0.0
United Kingdom (excl. NI),25 Production or processing of ferrous metals,2020.0,361745.0,361745.0,0.0,0.0,0.0
United Kingdom (excl. NI),26 Production of primary aluminium,2015.0,83581.0,83581.0,0.0,0.0,0.0
United Kingdom (excl. NI),26 Production of primary aluminium,2016.0,84596.0,84596.0,0.0,0.0,0.0
United Kingdom (excl. NI),26 Production of primary aluminium,2017.0,85775.0,85775.0,0.0,0.0,0.0
United Kingdom (excl. NI),26 Production of primary aluminium,2018.0,77837.0,77837.0,0.0,0.0,0.0
United Kingdom (excl. NI),26 Production of primary aluminium,2019.0,64125.0,64125.0,0.0,0.0,0.0
United Kingdom (excl. NI),26 Production of primary aluminium,2020.0,57723.0,57723.0,0.0,0.0,0.0
United Kingdom (excl. NI),27 Production of secondary aluminium,2015.0,106955.0,106955.0,0.0,0.0,0.0
United Kingdom (excl. NI),27 Production of secondary aluminium,2016.0,102737.0,102737.0,0.0,0.0,0.0
United Kingdom (excl. NI),27 Production of secondary aluminium,2017.0,107469.0,107469.0,0.0,0.0,0.0
United Kingdom (excl. NI),27 Production of secondary aluminium,2018.0,108560.0,108560.0,0.0,0.0,0.0
United Kingdom (excl. NI),27 Production of secondary aluminium,2019.0,104813.0,104813.0,0.0,0.0,0.0
United Kingdom (excl. NI),27 Production of secondary aluminium,2020.0,85377.0,85377.0,0.0,0.0,0.0
United Kingdom (excl. NI),29 Production of cement clinker,2015.0,6534421.0,6534421.0,0.0,0.0,0.0
United Kingdom (excl. NI),29 Production of cement clinker,2016.0,6821576.0,6821576.0,0.0,0.0,0.0
United Kingdom (excl. NI),29 Production of cement clinker,2017.0,6559684.0,6559684.0,0.0,0.0,0.0
United Kingdom (excl. NI),29 Production of cement clinker,2018.0,6517101.0,6517101.0,0.0,0.0,0.0
United Kingdom (excl. NI),29 Production of cement clinker,2019.0,6628633.0,6628633.0,0.0,0.0,0.0
United Kingdom (excl. NI),29 Production of cement clinker,2020.0,5823876.0,5823876.0,0.0,0.0,0.0
United Kingdom (excl. NI),"30 Production of lime, or calcination of dolomite/magnesite",2015.0,2464255.0,2464255.0,0.0,0.0,0.0
United Kingdom (excl. NI),"30 Production of lime, or calcination of dolomite/magnesite",2016.0,2213250.0,2213250.0,0.0,0.0,0.0
United Kingdom (excl. NI),"30 Production of lime, or calcination of dolomite/magnesite",2017.0,2407118.0,2407118.0,0.0,0.0,0.0
United Kingdom (excl. NI),"30 Production of lime, or calcination of dolomite/magnesite",2018.0,2552766.0,2552766.0,0.0,0.0,0.0
United Kingdom (excl. NI),"30 Production of lime, or calcination of dolomite/magnesite",2019.0,2444463.0,2444463.0,0.0,0.0,0.0
United Kingdom (excl. NI),"30 Production of lime, or calcination of dolomite/magnesite",2020.0,2323320.0,2323320.0,0.0,0.0,0.0
United Kingdom (excl. NI),31 Manufacture of glass,2015.0,1214311.0,1214311.0,0.0,0.0,0.0
United Kingdom (excl. NI),31 Manufacture of glass,2016.0,1233330.0,1233330.0,0.0,0.0,0.0
United Kingdom (excl. NI),31 Manufacture of glass,2017.0,1251120.0,1251120.0,0.0,0.0,0.0
United Kingdom (excl. NI),31 Manufacture of glass,2018.0,1246004.0,1246004.0,0.0,0.0,0.0
United Kingdom (excl. NI),31 Manufacture of glass,2019.0,1233293.0,1233293.0,0.0,0.0,0.0
United Kingdom (excl. NI),31 Manufacture of glass,2020.0,1130015.0,1130015.0,0.0,0.0,0.0
United Kingdom (excl. NI),32 Manufacture of ceramics,2015.0,583512.0,583512.0,0.0,0.0,0.0
United Kingdom (excl. NI),32 Manufacture of ceramics,2016.0,587819.0,587819.0,0.0,0.0,0.0
United Kingdom (excl. NI),32 Manufacture of ceramics,2017.0,603227.0,603227.0,0.0,0.0,0.0
United Kingdom (excl. NI),32 Manufacture of ceramics,2018.0,639819.0,639819.0,0.0,0.0,0.0
United Kingdom (excl. NI),32 Manufacture of ceramics,2019.0,614660.0,614660.0,0.0,0.0,0.0
United Kingdom (excl. NI),32 Manufacture of ceramics,2020.0,418493.0,418493.0,0.0,0.0,0.0
United Kingdom (excl. NI),33 Manufacture of mineral wool,2015.0,288764.0,288764.0,0.0,0.0,0.0
United Kingdom (excl. NI),33 Manufacture of mineral wool,2016.0,302936.0,302936.0,0.0,0.0,0.0
United Kingdom (excl. NI),33 Manufacture of mineral wool,2017.0,304281.0,304281.0,0.0,0.0,0.0
United Kingdom (excl. NI),33 Manufacture of mineral wool,2018.0,333143.0,333143.0,0.0,0.0,0.0
United Kingdom (excl. NI),33 Manufacture of mineral wool,2019.0,342151.0,342151.0,0.0,0.0,0.0
United Kingdom (excl. NI),33 Manufacture of mineral wool,2020.0,322148.0,322148.0,0.0,0.0,0.0
United Kingdom (excl. NI),34 Production or processing of gypsum or plasterboard,2015.0,149575.0,149575.0,0.0,0.0,0.0
United Kingdom (excl. NI),34 Production or processing of gypsum or plasterboard,2016.0,149777.0,149777.0,0.0,0.0,0.0
United Kingdom (excl. NI),34 Production or processing of gypsum or plasterboard,2017.0,152426.0,152426.0,0.0,0.0,0.0
United Kingdom (excl. NI),34 Production or processing of gypsum or plasterboard,2018.0,154965.0,154965.0,0.0,0.0,0.0
United Kingdom (excl. NI),34 Production or processing of gypsum or plasterboard,2019.0,157631.0,157631.0,0.0,0.0,0.0
United Kingdom (excl. NI),34 Production or processing of gypsum or plasterboard,2020.0,132812.0,132812.0,0.0,0.0,0.0
United Kingdom (excl. NI),35 Production of pulp,2015.0,541621.0,541621.0,0.0,0.0,0.0
United Kingdom (excl. NI),35 Production of pulp,2016.0,493844.0,493844.0,0.0,0.0,0.0
United Kingdom (excl. NI),35 Production of pulp,2017.0,479157.0,479157.0,0.0,0.0,0.0
United Kingdom (excl. NI),35 Production of pulp,2018.0,473686.0,473686.0,0.0,0.0,0.0
United Kingdom (excl. NI),35 Production of pulp,2019.0,490787.0,490787.0,0.0,0.0,0.0
United Kingdom (excl. NI),35 Production of pulp,2020.0,457713.0,457713.0,0.0,0.0,0.0
United Kingdom (excl. NI),36 Production of paper or cardboard,2015.0,777297.0,777297.0,0.0,0.0,0.0
United Kingdom (excl. NI),36 Production of paper or cardboard,2016.0,729090.0,729090.0,0.0,0.0,0.0
United Kingdom (excl. NI),36 Production of paper or cardboard,2017.0,736194.0,736194.0,0.0,0.0,0.0
United Kingdom (excl. NI),36 Production of paper or cardboard,2018.0,784574.0,784574.0,0.0,0.0,0.0
United Kingdom (excl. NI),36 Production of paper or cardboard,2019.0,829356.0,829356.0,0.0,0.0,0.0
United Kingdom (excl. NI),36 Production of paper or cardboard,2020.0,790831.0,790831.0,0.0,0.0,0.0
United Kingdom (excl. NI),41 Production of ammonia,2015.0,1639258.0,1639258.0,0.0,0.0,0.0
United Kingdom (excl. NI),41 Production of ammonia,2016.0,1460285.0,1460285.0,0.0,0.0,0.0
United Kingdom (excl. NI),41 Production of ammonia,2017.0,1779429.0,1779429.0,0.0,0.0,0.0
United Kingdom (excl. NI),41 Production of ammonia,2018.0,1364718.0,1364718.0,0.0,0.0,0.0
United Kingdom (excl. NI),41 Production of ammonia,2019.0,1611554.0,1611554.0,0.0,0.0,0.0
United Kingdom (excl. NI),41 Production of ammonia,2020.0,1702364.0,1702364.0,0.0,0.0,0.0
United Kingdom (excl. NI),42 Production of bulk chemicals,2015.0,2472076.0,2472076.0,0.0,0.0,0.0
United Kingdom (excl. NI),42 Production of bulk chemicals,2016.0,2490451.0,2490451.0,0.0,0.0,0.0
United Kingdom (excl. NI),42 Production of bulk chemicals,2017.0,2548838.0,2548838.0,0.0,0.0,0.0
United Kingdom (excl. NI),42 Production of bulk chemicals,2018.0,2437795.0,2437795.0,0.0,0.0,0.0
United Kingdom (excl. NI),42 Production of bulk chemicals,2019.0,2199490.0,2199490.0,0.0,0.0,0.0
United Kingdom (excl. NI),42 Production of bulk chemicals,2020.0,2074524.0,2074524.0,0.0,0.0,0.0
United Kingdom (excl. NI),43 Production of hydrogen and synthesis gas,2015.0,598244.0,598244.0,0.0,0.0,0.0
United Kingdom (excl. NI),43 Production of hydrogen and synthesis gas,2016.0,625445.0,625445.0,0.0,0.0,0.0
United Kingdom (excl. NI),43 Production of hydrogen and synthesis gas,2017.0,585423.0,585423.0,0.0,0.0,0.0
United Kingdom (excl. NI),43 Production of hydrogen and synthesis gas,2018.0,567502.0,567502.0,0.0,0.0,0.0
United Kingdom (excl. NI),43 Production of hydrogen and synthesis gas,2019.0,561403.0,561403.0,0.0,0.0,0.0
United Kingdom (excl. NI),43 Production of hydrogen and synthesis gas,2020.0,572295.0,572295.0,0.0,0.0,0.0
United Kingdom (excl. NI),44 Production of soda ash and sodium bicarbonate,2015.0,130796.0,130796.0,0.0,0.0,0.0
United Kingdom (excl. NI),44 Production of soda ash and sodium bicarbonate,2016.0,133575.0,133575.0,0.0,0.0,0.0
United Kingdom (excl. NI),44 Production of soda ash and sodium bicarbonate,2017.0,140342.0,140342.0,0.0,0.0,0.0
United Kingdom (excl. NI),44 Production of soda ash and sodium bicarbonate,2018.0,133576.0,133576.0,0.0,0.0,0.0
United Kingdom (excl. NI),44 Production of soda ash and sodium bicarbonate,2019.0,145338.0,145338.0,0.0,0.0,0.0
United Kingdom (excl. NI),44 Production of soda ash and sodium bicarbonate,2020.0,141908.0,141908.0,0.0,0.0,0.0
United Kingdom (excl. NI),45 Capture of greenhouse gases under Directive 2009/31/EC,2017.0,229.0,229.0,0.0,0.0,0.0
United Kingdom (excl. NI),45 Capture of greenhouse gases under Directive 2009/31/EC,2018.0,337.0,337.0,0.0,0.0,0.0
United Kingdom (excl. NI),45 Capture of greenhouse gases under Directive 2009/31/EC,2019.0,221.0,221.0,0.0,0.0,0.0
United Kingdom (excl. NI),45 Capture of greenhouse gases under Directive 2009/31/EC,2020.0,202.0,202.0,0.0,0.0,0.0
United Kingdom (excl. NI),99 Other activity opted-in under Art. 24,2015.0,271573.0,271573.0,0.0,0.0,0.0
United Kingdom (excl. NI),99 Other activity opted-in under Art. 24,2016.0,290310.0,290310.0,0.0,0.0,0.0
United Kingdom (excl. NI),99 Other activity opted-in under Art. 24,2017.0,297597.0,297597.0,0.0,0.0,0.0
United Kingdom (excl. NI),99 Other activity opted-in under Art. 24,2018.0,308819.0,308819.0,0.0,0.0,0.0
United Kingdom (excl. NI),99 Other activity opted-in under Art. 24,2019.0,205380.0,205380.0,0.0,0.0,0.0
United Kingdom (excl. NI),99 Other activity opted-in under Art. 24,2020.0,204271.0,204271.0,0.0,0.0,0.0
