country,sector,year,n_observations,mean_emissions,std_emissions,cv,p10,p25,p50,p75,p90,p90_p10_ratio,gini,min,max
Austria,10 Aviation,2015.0,2,1022489.0,0.0,0.0,1022489.0,1022489.0,1022489.0,1022489.0,1022489.0,1.0,0.0,1022489.0,1022489.0
Austria,10 Aviation,2016.0,2,1045372.0,0.0,0.0,1045372.0,1045372.0,1045372.0,1045372.0,1045372.0,1.0,0.0,1045372.0,1045372.0
Austria,10 Aviation,2017.0,2,849011.0,0.0,0.0,849011.0,849011.0,849011.0,849011.0,849011.0,1.0,0.0,849011.0,849011.0
Austria,10 Aviation,2018.0,2,1246921.0,0.0,0.0,1246921.0,1246921.0,1246921.0,1246921.0,1246921.0,1.0,0.0,1246921.0,1246921.0
Austria,10 Aviation,2019.0,2,3808809.0,0.0,0.0,3808809.0,3808809.0,3808809.0,3808809.0,3808809.0,1.0,0.0,3808809.0,3808809.0
Austria,10 Aviation,2020.0,3,821730.6666666666,556672.0104492012,0.6774385246048193,267359.0,616298.0,1197863.0,1215229.5,1225649.4,4.584283304470768,-0.3239404205973948,34733.0,1232596.0
Austria,10 Aviation,2021.0,3,1077056.6666666667,727071.4764763885,0.6750540607362551,352646.0,807792.5,1566370.0,1590977.5,1605742.0,4.553410502316771,-0.3231791167492477,49215.0,1615585.0
Austria,10 Aviation,2022.0,3,1974657.3333333333,1331374.5785568971,0.6742306911090551,647938.0,1480993.0,2869418.0,2915702.0,2943472.4,4.542830332531816,-0.322915998477598,92568.0,2961986.0
Austria,10 Aviation,2023.0,3,2139617.3333333335,1440079.758143123,0.6730548195268202,704237.8,1604713.0,3105505.0,3157465.5,3188641.8,4.527791322760578,-0.32254002221373335,103921.0,3209426.0
Austria,20 Combustion of fuels,2015.0,2,7507737.0,0.0,0.0,7507737.0,7507737.0,7507737.0,7507737.0,7507737.0,1.0,0.0,7507737.0,7507737.0
Austria,20 Combustion of fuels,2016.0,2,7136550.0,0.0,0.0,7136550.0,7136550.0,7136550.0,7136550.0,7136550.0,1.0,0.0,7136550.0,7136550.0
Austria,20 Combustion of fuels,2017.0,2,7795277.0,0.0,0.0,7795277.0,7795277.0,7795277.0,7795277.0,7795277.0,1.0,0.0,7795277.0,7795277.0
Austria,20 Combustion of fuels,2018.0,2,7099673.0,0.0,0.0,7099673.0,7099673.0,7099673.0,7099673.0,7099673.0,1.0,0.0,7099673.0,7099673.0
Austria,20 Combustion of fuels,2019.0,2,7318748.0,0.0,0.0,7318748.0,7318748.0,7318748.0,7318748.0,7318748.0,1.0,0.0,7318748.0,7318748.0
Austria,20 Combustion of fuels,2020.0,2,5920008.0,0.0,0.0,5920008.0,5920008.0,5920008.0,5920008.0,5920008.0,1.0,0.0,5920008.0,5920008.0
Austria,20 Combustion of fuels,2021.0,2,5764796.0,0.0,0.0,5764796.0,5764796.0,5764796.0,5764796.0,5764796.0,1.0,0.0,5764796.0,5764796.0
Austria,20 Combustion of fuels,2022.0,2,5526573.0,0.0,0.0,5526573.0,5526573.0,5526573.0,5526573.0,5526573.0,1.0,0.0,5526573.0,5526573.0
Austria,20 Combustion of fuels,2023.0,2,4084161.0,0.0,0.0,4084161.0,4084161.0,4084161.0,4084161.0,4084161.0,1.0,0.0,4084161.0,4084161.0
Austria,20-99 All stationary installations,2015.0,2,29459819.0,0.0,0.0,29459819.0,29459819.0,29459819.0,29459819.0,29459819.0,1.0,0.0,29459819.0,29459819.0
Austria,20-99 All stationary installations,2016.0,2,28967793.0,0.0,0.0,28967793.0,28967793.0,28967793.0,28967793.0,28967793.0,1.0,0.0,28967793.0,28967793.0
Austria,20-99 All stationary installations,2017.0,2,30529853.0,0.0,0.0,30529853.0,30529853.0,30529853.0,30529853.0,30529853.0,1.0,0.0,30529853.0,30529853.0
Austria,20-99 All stationary installations,2018.0,2,28380243.0,0.0,0.0,28380243.0,28380243.0,28380243.0,28380243.0,28380243.0,1.0,0.0,28380243.0,28380243.0
Austria,20-99 All stationary installations,2019.0,2,29540448.0,0.0,0.0,29540448.0,29540448.0,29540448.0,29540448.0,29540448.0,1.0,0.0,29540448.0,29540448.0
Austria,20-99 All stationary installations,2020.0,2,27013522.0,0.0,0.0,27013522.0,27013522.0,27013522.0,27013522.0,27013522.0,1.0,0.0,27013522.0,27013522.0
Austria,20-99 All stationary installations,2021.0,2,28704509.0,0.0,0.0,28704509.0,28704509.0,28704509.0,28704509.0,28704509.0,1.0,0.0,28704509.0,28704509.0
Austria,20-99 All stationary installations,2022.0,2,26626257.0,0.0,0.0,26626257.0,26626257.0,26626257.0,26626257.0,26626257.0,1.0,0.0,26626257.0,26626257.0
Austria,20-99 All stationary installations,2023.0,2,24413630.0,0.0,0.0,24413630.0,24413630.0,24413630.0,24413630.0,24413630.0,1.0,0.0,24413630.0,24413630.0
Austria,21  Refining of mineral oil,2015.0,2,2804050.0,0.0,0.0,2804050.0,2804050.0,2804050.0,2804050.0,2804050.0,1.0,0.0,2804050.0,2804050.0
Austria,21  Refining of mineral oil,2016.0,2,2784461.0,0.0,0.0,2784461.0,2784461.0,2784461.0,2784461.0,2784461.0,1.0,0.0,2784461.0,2784461.0
Austria,21  Refining of mineral oil,2017.0,2,2738604.0,0.0,0.0,2738604.0,2738604.0,2738604.0,2738604.0,2738604.0,1.0,0.0,2738604.0,2738604.0
Austria,21  Refining of mineral oil,2018.0,2,2824369.0,0.0,0.0,2824369.0,2824369.0,2824369.0,2824369.0,2824369.0,1.0,0.0,2824369.0,2824369.0
Austria,21  Refining of mineral oil,2019.0,2,2791040.0,0.0,0.0,2791040.0,2791040.0,2791040.0,2791040.0,2791040.0,1.0,0.0,2791040.0,2791040.0
Austria,21  Refining of mineral oil,2020.0,2,2731772.0,0.0,0.0,2731772.0,2731772.0,2731772.0,2731772.0,2731772.0,1.0,0.0,2731772.0,2731772.0
Austria,21  Refining of mineral oil,2021.0,2,2749644.0,0.0,0.0,2749644.0,2749644.0,2749644.0,2749644.0,2749644.0,1.0,0.0,2749644.0,2749644.0
Austria,21  Refining of mineral oil,2022.0,2,2255065.0,0.0,0.0,2255065.0,2255065.0,2255065.0,2255065.0,2255065.0,1.0,0.0,2255065.0,2255065.0
Austria,21  Refining of mineral oil,2023.0,2,2579589.0,0.0,0.0,2579589.0,2579589.0,2579589.0,2579589.0,2579589.0,1.0,0.0,2579589.0,2579589.0
Austria,21-99 All industrial installations (excl. combustion),2015.0,2,21952082.0,0.0,0.0,21952082.0,21952082.0,21952082.0,21952082.0,21952082.0,1.0,0.0,21952082.0,21952082.0
Austria,21-99 All industrial installations (excl. combustion),2016.0,2,21831243.0,0.0,0.0,21831243.0,21831243.0,21831243.0,21831243.0,21831243.0,1.0,0.0,21831243.0,21831243.0
Austria,21-99 All industrial installations (excl. combustion),2017.0,2,22734576.0,0.0,0.0,22734576.0,22734576.0,22734576.0,22734576.0,22734576.0,1.0,0.0,22734576.0,22734576.0
Austria,21-99 All industrial installations (excl. combustion),2018.0,2,21280570.0,0.0,0.0,21280570.0,21280570.0,21280570.0,21280570.0,21280570.0,1.0,0.0,21280570.0,21280570.0
Austria,21-99 All industrial installations (excl. combustion),2019.0,2,22221700.0,0.0,0.0,22221700.0,22221700.0,22221700.0,22221700.0,22221700.0,1.0,0.0,22221700.0,22221700.0
Austria,21-99 All industrial installations (excl. combustion),2020.0,2,21093514.0,0.0,0.0,21093514.0,21093514.0,21093514.0,21093514.0,21093514.0,1.0,0.0,21093514.0,21093514.0
Austria,21-99 All industrial installations (excl. combustion),2021.0,2,22939713.0,0.0,0.0,22939713.0,22939713.0,22939713.0,22939713.0,22939713.0,1.0,0.0,22939713.0,22939713.0
Austria,21-99 All industrial installations (excl. combustion),2022.0,2,21099684.0,0.0,0.0,21099684.0,21099684.0,21099684.0,21099684.0,21099684.0,1.0,0.0,21099684.0,21099684.0
Austria,21-99 All industrial installations (excl. combustion),2023.0,2,20329469.0,0.0,0.0,20329469.0,20329469.0,20329469.0,20329469.0,20329469.0,1.0,0.0,20329469.0,20329469.0
Austria,24  Production of pig iron or steel,2015.0,2,11870296.0,0.0,0.0,11870296.0,11870296.0,11870296.0,11870296.0,11870296.0,1.0,0.0,11870296.0,11870296.0
Austria,24  Production of pig iron or steel,2016.0,2,11615716.0,0.0,0.0,11615716.0,11615716.0,11615716.0,11615716.0,11615716.0,1.0,0.0,11615716.0,11615716.0
Austria,24  Production of pig iron or steel,2017.0,2,12483149.0,0.0,0.0,12483149.0,12483149.0,12483149.0,12483149.0,12483149.0,1.0,0.0,12483149.0,12483149.0
Austria,24  Production of pig iron or steel,2018.0,2,10931695.0,0.0,0.0,10931695.0,10931695.0,10931695.0,10931695.0,10931695.0,1.0,0.0,10931695.0,10931695.0
Austria,24  Production of pig iron or steel,2019.0,2,11852236.0,0.0,0.0,11852236.0,11852236.0,11852236.0,11852236.0,11852236.0,1.0,0.0,11852236.0,11852236.0
Austria,24  Production of pig iron or steel,2020.0,2,10975189.0,0.0,0.0,10975189.0,10975189.0,10975189.0,10975189.0,10975189.0,1.0,0.0,10975189.0,10975189.0
Austria,24  Production of pig iron or steel,2021.0,2,12552097.0,0.0,0.0,12552097.0,12552097.0,12552097.0,12552097.0,12552097.0,1.0,0.0,12552097.0,12552097.0
Austria,24  Production of pig iron or steel,2022.0,2,11851704.0,0.0,0.0,11851704.0,11851704.0,11851704.0,11851704.0,11851704.0,1.0,0.0,11851704.0,11851704.0
Austria,24  Production of pig iron or steel,2023.0,2,11593307.0,0.0,0.0,11593307.0,11593307.0,11593307.0,11593307.0,11593307.0,1.0,0.0,11593307.0,11593307.0
Austria,25 Production or processing of ferrous metals,2015.0,2,187505.0,0.0,0.0,187505.0,187505.0,187505.0,187505.0,187505.0,1.0,0.0,187505.0,187505.0
Austria,25 Production or processing of ferrous metals,2016.0,2,183477.0,0.0,0.0,183477.0,183477.0,183477.0,183477.0,183477.0,1.0,0.0,183477.0,183477.0
Austria,25 Production or processing of ferrous metals,2017.0,2,207027.0,0.0,0.0,207027.0,207027.0,207027.0,207027.0,207027.0,1.0,0.0,207027.0,207027.0
Austria,25 Production or processing of ferrous metals,2018.0,2,198358.0,0.0,0.0,198358.0,198358.0,198358.0,198358.0,198358.0,1.0,0.0,198358.0,198358.0
Austria,25 Production or processing of ferrous metals,2019.0,2,178249.0,0.0,0.0,178249.0,178249.0,178249.0,178249.0,178249.0,1.0,0.0,178249.0,178249.0
Austria,25 Production or processing of ferrous metals,2020.0,2,147475.0,0.0,0.0,147475.0,147475.0,147475.0,147475.0,147475.0,1.0,0.0,147475.0,147475.0
Austria,25 Production or processing of ferrous metals,2021.0,2,177255.0,0.0,0.0,177255.0,177255.0,177255.0,177255.0,177255.0,1.0,0.0,177255.0,177255.0
Austria,25 Production or processing of ferrous metals,2022.0,2,175641.0,0.0,0.0,175641.0,175641.0,175641.0,175641.0,175641.0,1.0,0.0,175641.0,175641.0
Austria,25 Production or processing of ferrous metals,2023.0,2,165313.0,0.0,0.0,165313.0,165313.0,165313.0,165313.0,165313.0,1.0,0.0,165313.0,165313.0
Austria,27 Production of secondary aluminium,2015.0,2,59938.0,0.0,0.0,59938.0,59938.0,59938.0,59938.0,59938.0,1.0,0.0,59938.0,59938.0
Austria,27 Production of secondary aluminium,2016.0,2,63266.0,0.0,0.0,63266.0,63266.0,63266.0,63266.0,63266.0,1.0,0.0,63266.0,63266.0
Austria,27 Production of secondary aluminium,2017.0,2,69453.0,0.0,0.0,69453.0,69453.0,69453.0,69453.0,69453.0,1.0,0.0,69453.0,69453.0
Austria,27 Production of secondary aluminium,2018.0,2,70395.0,0.0,0.0,70395.0,70395.0,70395.0,70395.0,70395.0,1.0,0.0,70395.0,70395.0
Austria,27 Production of secondary aluminium,2019.0,2,73385.0,0.0,0.0,73385.0,73385.0,73385.0,73385.0,73385.0,1.0,0.0,73385.0,73385.0
Austria,27 Production of secondary aluminium,2020.0,2,64595.0,0.0,0.0,64595.0,64595.0,64595.0,64595.0,64595.0,1.0,0.0,64595.0,64595.0
Austria,27 Production of secondary aluminium,2021.0,2,74133.0,0.0,0.0,74133.0,74133.0,74133.0,74133.0,74133.0,1.0,0.0,74133.0,74133.0
Austria,27 Production of secondary aluminium,2022.0,2,69443.0,0.0,0.0,69443.0,69443.0,69443.0,69443.0,69443.0,1.0,0.0,69443.0,69443.0
Austria,27 Production of secondary aluminium,2023.0,2,62860.0,0.0,0.0,62860.0,62860.0,62860.0,62860.0,62860.0,1.0,0.0,62860.0,62860.0
Austria,28 Production or processing of non-ferrous metals,2015.0,2,55797.0,0.0,0.0,55797.0,55797.0,55797.0,55797.0,55797.0,1.0,0.0,55797.0,55797.0
Austria,28 Production or processing of non-ferrous metals,2016.0,2,56793.0,0.0,0.0,56793.0,56793.0,56793.0,56793.0,56793.0,1.0,0.0,56793.0,56793.0
Austria,28 Production or processing of non-ferrous metals,2017.0,2,54899.0,0.0,0.0,54899.0,54899.0,54899.0,54899.0,54899.0,1.0,0.0,54899.0,54899.0
Austria,28 Production or processing of non-ferrous metals,2018.0,2,58151.0,0.0,0.0,58151.0,58151.0,58151.0,58151.0,58151.0,1.0,0.0,58151.0,58151.0
Austria,28 Production or processing of non-ferrous metals,2019.0,2,58929.0,0.0,0.0,58929.0,58929.0,58929.0,58929.0,58929.0,1.0,0.0,58929.0,58929.0
Austria,28 Production or processing of non-ferrous metals,2020.0,2,56542.0,0.0,0.0,56542.0,56542.0,56542.0,56542.0,56542.0,1.0,0.0,56542.0,56542.0
Austria,28 Production or processing of non-ferrous metals,2021.0,2,59931.0,0.0,0.0,59931.0,59931.0,59931.0,59931.0,59931.0,1.0,0.0,59931.0,59931.0
Austria,28 Production or processing of non-ferrous metals,2022.0,2,58648.0,0.0,0.0,58648.0,58648.0,58648.0,58648.0,58648.0,1.0,0.0,58648.0,58648.0
Austria,28 Production or processing of non-ferrous metals,2023.0,2,52776.0,0.0,0.0,52776.0,52776.0,52776.0,52776.0,52776.0,1.0,0.0,52776.0,52776.0
Austria,29 Production of cement clinker,2015.0,2,2533018.0,0.0,0.0,2533018.0,2533018.0,2533018.0,2533018.0,2533018.0,1.0,0.0,2533018.0,2533018.0
Austria,29 Production of cement clinker,2016.0,2,2587597.0,0.0,0.0,2587597.0,2587597.0,2587597.0,2587597.0,2587597.0,1.0,0.0,2587597.0,2587597.0
Austria,29 Production of cement clinker,2017.0,2,2561990.0,0.0,0.0,2561990.0,2561990.0,2561990.0,2561990.0,2561990.0,1.0,0.0,2561990.0,2561990.0
Austria,29 Production of cement clinker,2018.0,2,2730619.0,0.0,0.0,2730619.0,2730619.0,2730619.0,2730619.0,2730619.0,1.0,0.0,2730619.0,2730619.0
Austria,29 Production of cement clinker,2019.0,2,2653171.0,0.0,0.0,2653171.0,2653171.0,2653171.0,2653171.0,2653171.0,1.0,0.0,2653171.0,2653171.0
Austria,29 Production of cement clinker,2020.0,2,2740245.0,0.0,0.0,2740245.0,2740245.0,2740245.0,2740245.0,2740245.0,1.0,0.0,2740245.0,2740245.0
Austria,29 Production of cement clinker,2021.0,2,2821151.0,0.0,0.0,2821151.0,2821151.0,2821151.0,2821151.0,2821151.0,1.0,0.0,2821151.0,2821151.0
Austria,29 Production of cement clinker,2022.0,2,2674026.0,0.0,0.0,2674026.0,2674026.0,2674026.0,2674026.0,2674026.0,1.0,0.0,2674026.0,2674026.0
Austria,29 Production of cement clinker,2023.0,2,2260010.0,0.0,0.0,2260010.0,2260010.0,2260010.0,2260010.0,2260010.0,1.0,0.0,2260010.0,2260010.0
Austria,"30 Production of lime, or calcination of dolomite/magnesite",2015.0,2,1121167.0,0.0,0.0,1121167.0,1121167.0,1121167.0,1121167.0,1121167.0,1.0,0.0,1121167.0,1121167.0
Austria,"30 Production of lime, or calcination of dolomite/magnesite",2016.0,2,1142968.0,0.0,0.0,1142968.0,1142968.0,1142968.0,1142968.0,1142968.0,1.0,0.0,1142968.0,1142968.0
Austria,"30 Production of lime, or calcination of dolomite/magnesite",2017.0,2,1179887.0,0.0,0.0,1179887.0,1179887.0,1179887.0,1179887.0,1179887.0,1.0,0.0,1179887.0,1179887.0
Austria,"30 Production of lime, or calcination of dolomite/magnesite",2018.0,2,1163038.0,0.0,0.0,1163038.0,1163038.0,1163038.0,1163038.0,1163038.0,1.0,0.0,1163038.0,1163038.0
Austria,"30 Production of lime, or calcination of dolomite/magnesite",2019.0,2,1105844.0,0.0,0.0,1105844.0,1105844.0,1105844.0,1105844.0,1105844.0,1.0,0.0,1105844.0,1105844.0
Austria,"30 Production of lime, or calcination of dolomite/magnesite",2020.0,2,1047108.0,0.0,0.0,1047108.0,1047108.0,1047108.0,1047108.0,1047108.0,1.0,0.0,1047108.0,1047108.0
Austria,"30 Production of lime, or calcination of dolomite/magnesite",2021.0,2,1258695.0,0.0,0.0,1258695.0,1258695.0,1258695.0,1258695.0,1258695.0,1.0,0.0,1258695.0,1258695.0
Austria,"30 Production of lime, or calcination of dolomite/magnesite",2022.0,2,1188927.0,0.0,0.0,1188927.0,1188927.0,1188927.0,1188927.0,1188927.0,1.0,0.0,1188927.0,1188927.0
Austria,"30 Production of lime, or calcination of dolomite/magnesite",2023.0,2,1194190.0,0.0,0.0,1194190.0,1194190.0,1194190.0,1194190.0,1194190.0,1.0,0.0,1194190.0,1194190.0
Austria,31 Manufacture of glass,2015.0,2,193224.0,0.0,0.0,193224.0,193224.0,193224.0,193224.0,193224.0,1.0,0.0,193224.0,193224.0
Austria,31 Manufacture of glass,2016.0,2,183679.0,0.0,0.0,183679.0,183679.0,183679.0,183679.0,183679.0,1.0,0.0,183679.0,183679.0
Austria,31 Manufacture of glass,2017.0,2,190013.0,0.0,0.0,190013.0,190013.0,190013.0,190013.0,190013.0,1.0,0.0,190013.0,190013.0
Austria,31 Manufacture of glass,2018.0,2,186958.0,0.0,0.0,186958.0,186958.0,186958.0,186958.0,186958.0,1.0,0.0,186958.0,186958.0
Austria,31 Manufacture of glass,2019.0,2,195259.0,0.0,0.0,195259.0,195259.0,195259.0,195259.0,195259.0,1.0,0.0,195259.0,195259.0
Austria,31 Manufacture of glass,2020.0,2,190899.0,0.0,0.0,190899.0,190899.0,190899.0,190899.0,190899.0,1.0,0.0,190899.0,190899.0
Austria,31 Manufacture of glass,2021.0,2,187855.0,0.0,0.0,187855.0,187855.0,187855.0,187855.0,187855.0,1.0,0.0,187855.0,187855.0
Austria,31 Manufacture of glass,2022.0,2,193942.0,0.0,0.0,193942.0,193942.0,193942.0,193942.0,193942.0,1.0,0.0,193942.0,193942.0
Austria,31 Manufacture of glass,2023.0,2,192441.0,0.0,0.0,192441.0,192441.0,192441.0,192441.0,192441.0,1.0,0.0,192441.0,192441.0
Austria,32 Manufacture of ceramics,2015.0,2,341800.0,0.0,0.0,341800.0,341800.0,341800.0,341800.0,341800.0,1.0,0.0,341800.0,341800.0
Austria,32 Manufacture of ceramics,2016.0,2,345982.0,0.0,0.0,345982.0,345982.0,345982.0,345982.0,345982.0,1.0,0.0,345982.0,345982.0
Austria,32 Manufacture of ceramics,2017.0,2,357113.0,0.0,0.0,357113.0,357113.0,357113.0,357113.0,357113.0,1.0,0.0,357113.0,357113.0
Austria,32 Manufacture of ceramics,2018.0,2,373511.0,0.0,0.0,373511.0,373511.0,373511.0,373511.0,373511.0,1.0,0.0,373511.0,373511.0
Austria,32 Manufacture of ceramics,2019.0,2,375454.0,0.0,0.0,375454.0,375454.0,375454.0,375454.0,375454.0,1.0,0.0,375454.0,375454.0
Austria,32 Manufacture of ceramics,2020.0,2,361856.0,0.0,0.0,361856.0,361856.0,361856.0,361856.0,361856.0,1.0,0.0,361856.0,361856.0
Austria,32 Manufacture of ceramics,2021.0,2,350780.0,0.0,0.0,350780.0,350780.0,350780.0,350780.0,350780.0,1.0,0.0,350780.0,350780.0
Austria,32 Manufacture of ceramics,2022.0,2,330846.0,0.0,0.0,330846.0,330846.0,330846.0,330846.0,330846.0,1.0,0.0,330846.0,330846.0
Austria,32 Manufacture of ceramics,2023.0,2,207446.0,0.0,0.0,207446.0,207446.0,207446.0,207446.0,207446.0,1.0,0.0,207446.0,207446.0
Austria,34 Production or processing of gypsum or plasterboard,2015.0,2,48752.0,0.0,0.0,48752.0,48752.0,48752.0,48752.0,48752.0,1.0,0.0,48752.0,48752.0
Austria,34 Production or processing of gypsum or plasterboard,2016.0,2,50561.0,0.0,0.0,50561.0,50561.0,50561.0,50561.0,50561.0,1.0,0.0,50561.0,50561.0
Austria,34 Production or processing of gypsum or plasterboard,2017.0,2,49672.0,0.0,0.0,49672.0,49672.0,49672.0,49672.0,49672.0,1.0,0.0,49672.0,49672.0
Austria,34 Production or processing of gypsum or plasterboard,2018.0,2,52014.0,0.0,0.0,52014.0,52014.0,52014.0,52014.0,52014.0,1.0,0.0,52014.0,52014.0
Austria,34 Production or processing of gypsum or plasterboard,2019.0,2,52425.0,0.0,0.0,52425.0,52425.0,52425.0,52425.0,52425.0,1.0,0.0,52425.0,52425.0
Austria,34 Production or processing of gypsum or plasterboard,2020.0,2,54123.0,0.0,0.0,54123.0,54123.0,54123.0,54123.0,54123.0,1.0,0.0,54123.0,54123.0
Austria,34 Production or processing of gypsum or plasterboard,2021.0,2,25941.0,0.0,0.0,25941.0,25941.0,25941.0,25941.0,25941.0,1.0,0.0,25941.0,25941.0
Austria,34 Production or processing of gypsum or plasterboard,2022.0,2,25825.0,0.0,0.0,25825.0,25825.0,25825.0,25825.0,25825.0,1.0,0.0,25825.0,25825.0
Austria,34 Production or processing of gypsum or plasterboard,2023.0,2,19933.0,0.0,0.0,19933.0,19933.0,19933.0,19933.0,19933.0,1.0,0.0,19933.0,19933.0
Austria,35 Production of pulp,2015.0,2,438474.0,0.0,0.0,438474.0,438474.0,438474.0,438474.0,438474.0,1.0,0.0,438474.0,438474.0
Austria,35 Production of pulp,2016.0,2,441307.0,0.0,0.0,441307.0,441307.0,441307.0,441307.0,441307.0,1.0,0.0,441307.0,441307.0
Austria,35 Production of pulp,2017.0,2,491698.0,0.0,0.0,491698.0,491698.0,491698.0,491698.0,491698.0,1.0,0.0,491698.0,491698.0
Austria,35 Production of pulp,2018.0,2,485166.0,0.0,0.0,485166.0,485166.0,485166.0,485166.0,485166.0,1.0,0.0,485166.0,485166.0
Austria,35 Production of pulp,2019.0,2,440127.0,0.0,0.0,440127.0,440127.0,440127.0,440127.0,440127.0,1.0,0.0,440127.0,440127.0
Austria,35 Production of pulp,2020.0,2,401311.0,0.0,0.0,401311.0,401311.0,401311.0,401311.0,401311.0,1.0,0.0,401311.0,401311.0
Austria,35 Production of pulp,2021.0,2,417269.0,0.0,0.0,417269.0,417269.0,417269.0,417269.0,417269.0,1.0,0.0,417269.0,417269.0
Austria,35 Production of pulp,2022.0,2,266626.0,0.0,0.0,266626.0,266626.0,266626.0,266626.0,266626.0,1.0,0.0,266626.0,266626.0
Austria,35 Production of pulp,2023.0,2,187002.0,0.0,0.0,187002.0,187002.0,187002.0,187002.0,187002.0,1.0,0.0,187002.0,187002.0
Austria,36 Production of paper or cardboard,2015.0,2,1179988.0,0.0,0.0,1179988.0,1179988.0,1179988.0,1179988.0,1179988.0,1.0,0.0,1179988.0,1179988.0
Austria,36 Production of paper or cardboard,2016.0,2,1127053.0,0.0,0.0,1127053.0,1127053.0,1127053.0,1127053.0,1127053.0,1.0,0.0,1127053.0,1127053.0
Austria,36 Production of paper or cardboard,2017.0,2,1154339.0,0.0,0.0,1154339.0,1154339.0,1154339.0,1154339.0,1154339.0,1.0,0.0,1154339.0,1154339.0
Austria,36 Production of paper or cardboard,2018.0,2,1178618.0,0.0,0.0,1178618.0,1178618.0,1178618.0,1178618.0,1178618.0,1.0,0.0,1178618.0,1178618.0
Austria,36 Production of paper or cardboard,2019.0,2,1141883.0,0.0,0.0,1141883.0,1141883.0,1141883.0,1141883.0,1141883.0,1.0,0.0,1141883.0,1141883.0
Austria,36 Production of paper or cardboard,2020.0,2,1102980.0,0.0,0.0,1102980.0,1102980.0,1102980.0,1102980.0,1102980.0,1.0,0.0,1102980.0,1102980.0
Austria,36 Production of paper or cardboard,2021.0,2,1094211.0,0.0,0.0,1094211.0,1094211.0,1094211.0,1094211.0,1094211.0,1.0,0.0,1094211.0,1094211.0
Austria,36 Production of paper or cardboard,2022.0,2,966144.0,0.0,0.0,966144.0,966144.0,966144.0,966144.0,966144.0,1.0,0.0,966144.0,966144.0
Austria,36 Production of paper or cardboard,2023.0,2,782000.0,0.0,0.0,782000.0,782000.0,782000.0,782000.0,782000.0,1.0,0.0,782000.0,782000.0
Austria,38 Production of nitric acid,2015.0,2,46856.0,0.0,0.0,46856.0,46856.0,46856.0,46856.0,46856.0,1.0,0.0,46856.0,46856.0
Austria,38 Production of nitric acid,2016.0,2,36374.0,0.0,0.0,36374.0,36374.0,36374.0,36374.0,36374.0,1.0,0.0,36374.0,36374.0
Austria,38 Production of nitric acid,2017.0,2,38998.0,0.0,0.0,38998.0,38998.0,38998.0,38998.0,38998.0,1.0,0.0,38998.0,38998.0
Austria,38 Production of nitric acid,2018.0,2,56719.0,0.0,0.0,56719.0,56719.0,56719.0,56719.0,56719.0,1.0,0.0,56719.0,56719.0
Austria,38 Production of nitric acid,2019.0,2,81598.0,0.0,0.0,81598.0,81598.0,81598.0,81598.0,81598.0,1.0,0.0,81598.0,81598.0
Austria,38 Production of nitric acid,2020.0,2,53203.0,0.0,0.0,53203.0,53203.0,53203.0,53203.0,53203.0,1.0,0.0,53203.0,53203.0
Austria,38 Production of nitric acid,2021.0,2,42006.0,0.0,0.0,42006.0,42006.0,42006.0,42006.0,42006.0,1.0,0.0,42006.0,42006.0
Austria,38 Production of nitric acid,2022.0,2,23475.0,0.0,0.0,23475.0,23475.0,23475.0,23475.0,23475.0,1.0,0.0,23475.0,23475.0
Austria,38 Production of nitric acid,2023.0,2,27802.0,0.0,0.0,27802.0,27802.0,27802.0,27802.0,27802.0,1.0,0.0,27802.0,27802.0
Austria,41 Production of ammonia,2015.0,2,896718.0,0.0,0.0,896718.0,896718.0,896718.0,896718.0,896718.0,1.0,0.0,896718.0,896718.0
Austria,41 Production of ammonia,2016.0,2,945034.0,0.0,0.0,945034.0,945034.0,945034.0,945034.0,945034.0,1.0,0.0,945034.0,945034.0
Austria,41 Production of ammonia,2017.0,2,880922.0,0.0,0.0,880922.0,880922.0,880922.0,880922.0,880922.0,1.0,0.0,880922.0,880922.0
Austria,41 Production of ammonia,2018.0,2,705651.0,0.0,0.0,705651.0,705651.0,705651.0,705651.0,705651.0,1.0,0.0,705651.0,705651.0
Austria,41 Production of ammonia,2019.0,2,962179.0,0.0,0.0,962179.0,962179.0,962179.0,962179.0,962179.0,1.0,0.0,962179.0,962179.0
Austria,41 Production of ammonia,2020.0,2,912724.0,0.0,0.0,912724.0,912724.0,912724.0,912724.0,912724.0,1.0,0.0,912724.0,912724.0
Austria,41 Production of ammonia,2021.0,2,876301.0,0.0,0.0,876301.0,876301.0,876301.0,876301.0,876301.0,1.0,0.0,876301.0,876301.0
Austria,41 Production of ammonia,2022.0,2,761076.0,0.0,0.0,761076.0,761076.0,761076.0,761076.0,761076.0,1.0,0.0,761076.0,761076.0
Austria,41 Production of ammonia,2023.0,2,803052.0,0.0,0.0,803052.0,803052.0,803052.0,803052.0,803052.0,1.0,0.0,803052.0,803052.0
Austria,42 Production of bulk chemicals,2015.0,2,60923.0,0.0,0.0,60923.0,60923.0,60923.0,60923.0,60923.0,1.0,0.0,60923.0,60923.0
Austria,42 Production of bulk chemicals,2016.0,2,155833.0,0.0,0.0,155833.0,155833.0,155833.0,155833.0,155833.0,1.0,0.0,155833.0,155833.0
Austria,42 Production of bulk chemicals,2017.0,2,152761.0,0.0,0.0,152761.0,152761.0,152761.0,152761.0,152761.0,1.0,0.0,152761.0,152761.0
Austria,42 Production of bulk chemicals,2018.0,2,153735.0,0.0,0.0,153735.0,153735.0,153735.0,153735.0,153735.0,1.0,0.0,153735.0,153735.0
Austria,42 Production of bulk chemicals,2019.0,2,153034.0,0.0,0.0,153034.0,153034.0,153034.0,153034.0,153034.0,1.0,0.0,153034.0,153034.0
Austria,42 Production of bulk chemicals,2020.0,2,154012.0,0.0,0.0,154012.0,154012.0,154012.0,154012.0,154012.0,1.0,0.0,154012.0,154012.0
Austria,42 Production of bulk chemicals,2021.0,2,150304.0,0.0,0.0,150304.0,150304.0,150304.0,150304.0,150304.0,1.0,0.0,150304.0,150304.0
Austria,42 Production of bulk chemicals,2022.0,2,146746.0,0.0,0.0,146746.0,146746.0,146746.0,146746.0,146746.0,1.0,0.0,146746.0,146746.0
Austria,42 Production of bulk chemicals,2023.0,2,111846.0,0.0,0.0,111846.0,111846.0,111846.0,111846.0,111846.0,1.0,0.0,111846.0,111846.0
Austria,99 Other activity opted-in under Art. 24,2015.0,2,113576.0,0.0,0.0,113576.0,113576.0,113576.0,113576.0,113576.0,1.0,0.0,113576.0,113576.0
Austria,99 Other activity opted-in under Art. 24,2016.0,2,111142.0,0.0,0.0,111142.0,111142.0,111142.0,111142.0,111142.0,1.0,0.0,111142.0,111142.0
Austria,99 Other activity opted-in under Art. 24,2017.0,2,124051.0,0.0,0.0,124051.0,124051.0,124051.0,124051.0,124051.0,1.0,0.0,124051.0,124051.0
Austria,99 Other activity opted-in under Art. 24,2018.0,2,111573.0,0.0,0.0,111573.0,111573.0,111573.0,111573.0,111573.0,1.0,0.0,111573.0,111573.0
Austria,99 Other activity opted-in under Art. 24,2019.0,2,106887.0,0.0,0.0,106887.0,106887.0,106887.0,106887.0,106887.0,1.0,0.0,106887.0,106887.0
Austria,99 Other activity opted-in under Art. 24,2020.0,2,99480.0,0.0,0.0,99480.0,99480.0,99480.0,99480.0,99480.0,1.0,0.0,99480.0,99480.0
Austria,99 Other activity opted-in under Art. 24,2021.0,2,102140.0,0.0,0.0,102140.0,102140.0,102140.0,102140.0,102140.0,1.0,0.0,102140.0,102140.0
Austria,99 Other activity opted-in under Art. 24,2022.0,2,111550.0,0.0,0.0,111550.0,111550.0,111550.0,111550.0,111550.0,1.0,0.0,111550.0,111550.0
Austria,99 Other activity opted-in under Art. 24,2023.0,2,89902.0,0.0,0.0,89902.0,89902.0,89902.0,89902.0,89902.0,1.0,0.0,89902.0,89902.0
Belgium,10 Aviation,2015.0,2,1356658.0,0.0,0.0,1356658.0,1356658.0,1356658.0,1356658.0,1356658.0,1.0,0.0,1356658.0,1356658.0
Belgium,10 Aviation,2016.0,2,1463135.0,0.0,0.0,1463135.0,1463135.0,1463135.0,1463135.0,1463135.0,1.0,0.0,1463135.0,1463135.0
Belgium,10 Aviation,2017.0,2,1538462.0,0.0,0.0,1538462.0,1538462.0,1538462.0,1538462.0,1538462.0,1.0,0.0,1538462.0,1538462.0
Belgium,10 Aviation,2018.0,2,1528280.0,0.0,0.0,1528280.0,1528280.0,1528280.0,1528280.0,1528280.0,1.0,0.0,1528280.0,1528280.0
Belgium,10 Aviation,2019.0,2,1383003.0,0.0,0.0,1383003.0,1383003.0,1383003.0,1383003.0,1383003.0,1.0,0.0,1383003.0,1383003.0
Belgium,10 Aviation,2020.0,3,376988.6666666667,262009.57614348544,0.6950065063233167,116978.6,282741.5,559013.0,562248.0,564189.0,4.823010362579138,-0.3295194845232601,6470.0,565483.0
Belgium,10 Aviation,2021.0,3,496709.3333333333,344724.7532020615,0.6940170640416022,154547.2,372532.0,735840.0,740452.0,743219.2,4.809011098227596,-0.3292066184918341,9224.0,745064.0
Belgium,10 Aviation,2022.0,3,675906.6666666666,470851.7511364083,0.6966224396905021,208800.2,506930.0,1003813.0,1008836.5,1011850.6,4.846023135993164,-0.3300301159265908,10047.0,1013860.0
Belgium,10 Aviation,2023.0,3,706794.0,491452.2532176108,0.6953260118473146,219123.6,530095.5,1048382.0,1054286.5,1057829.2,4.8275457321803765,-0.3296204803348326,11809.0,1060191.0
Belgium,20 Combustion of fuels,2015.0,2,16053800.0,0.0,0.0,16053800.0,16053800.0,16053800.0,16053800.0,16053800.0,1.0,0.0,16053800.0,16053800.0
Belgium,20 Combustion of fuels,2016.0,2,15027777.0,0.0,0.0,15027777.0,15027777.0,15027777.0,15027777.0,15027777.0,1.0,0.0,15027777.0,15027777.0
Belgium,20 Combustion of fuels,2017.0,2,15093036.0,0.0,0.0,15093036.0,15093036.0,15093036.0,15093036.0,15093036.0,1.0,0.0,15093036.0,15093036.0
Belgium,20 Combustion of fuels,2018.0,2,15275363.0,0.0,0.0,15275363.0,15275363.0,15275363.0,15275363.0,15275363.0,1.0,0.0,15275363.0,15275363.0
Belgium,20 Combustion of fuels,2019.0,2,15966153.0,0.0,0.0,15966153.0,15966153.0,15966153.0,15966153.0,15966153.0,1.0,0.0,15966153.0,15966153.0
Belgium,20 Combustion of fuels,2020.0,2,14834065.0,0.0,0.0,14834065.0,14834065.0,14834065.0,14834065.0,14834065.0,1.0,0.0,14834065.0,14834065.0
Belgium,20 Combustion of fuels,2021.0,2,13708348.0,0.0,0.0,13708348.0,13708348.0,13708348.0,13708348.0,13708348.0,1.0,0.0,13708348.0,13708348.0
Belgium,20 Combustion of fuels,2022.0,2,14485700.0,0.0,0.0,14485700.0,14485700.0,14485700.0,14485700.0,14485700.0,1.0,0.0,14485700.0,14485700.0
Belgium,20 Combustion of fuels,2023.0,2,11383679.0,0.0,0.0,11383679.0,11383679.0,11383679.0,11383679.0,11383679.0,1.0,0.0,11383679.0,11383679.0
Belgium,20-99 All stationary installations,2015.0,2,44713915.0,0.0,0.0,44713915.0,44713915.0,44713915.0,44713915.0,44713915.0,1.0,0.0,44713915.0,44713915.0
Belgium,20-99 All stationary installations,2016.0,2,43655728.0,0.0,0.0,43655728.0,43655728.0,43655728.0,43655728.0,43655728.0,1.0,0.0,43655728.0,43655728.0
Belgium,20-99 All stationary installations,2017.0,2,43772976.0,0.0,0.0,43772976.0,43772976.0,43772976.0,43772976.0,43772976.0,1.0,0.0,43772976.0,43772976.0
Belgium,20-99 All stationary installations,2018.0,2,44182748.0,0.0,0.0,44182748.0,44182748.0,44182748.0,44182748.0,44182748.0,1.0,0.0,44182748.0,44182748.0
Belgium,20-99 All stationary installations,2019.0,2,44627186.0,0.0,0.0,44627186.0,44627186.0,44627186.0,44627186.0,44627186.0,1.0,0.0,44627186.0,44627186.0
Belgium,20-99 All stationary installations,2020.0,2,41511577.0,0.0,0.0,41511577.0,41511577.0,41511577.0,41511577.0,41511577.0,1.0,0.0,41511577.0,41511577.0
Belgium,20-99 All stationary installations,2021.0,2,41428954.0,0.0,0.0,41428954.0,41428954.0,41428954.0,41428954.0,41428954.0,1.0,0.0,41428954.0,41428954.0
Belgium,20-99 All stationary installations,2022.0,2,39722232.0,0.0,0.0,39722232.0,39722232.0,39722232.0,39722232.0,39722232.0,1.0,0.0,39722232.0,39722232.0
Belgium,20-99 All stationary installations,2023.0,2,35401056.0,0.0,0.0,35401056.0,35401056.0,35401056.0,35401056.0,35401056.0,1.0,0.0,35401056.0,35401056.0
Belgium,21  Refining of mineral oil,2015.0,2,6267719.0,0.0,0.0,6267719.0,6267719.0,6267719.0,6267719.0,6267719.0,1.0,0.0,6267719.0,6267719.0
Belgium,21  Refining of mineral oil,2016.0,2,6083321.0,0.0,0.0,6083321.0,6083321.0,6083321.0,6083321.0,6083321.0,1.0,0.0,6083321.0,6083321.0
Belgium,21  Refining of mineral oil,2017.0,2,6051996.0,0.0,0.0,6051996.0,6051996.0,6051996.0,6051996.0,6051996.0,1.0,0.0,6051996.0,6051996.0
Belgium,21  Refining of mineral oil,2018.0,2,6141592.0,0.0,0.0,6141592.0,6141592.0,6141592.0,6141592.0,6141592.0,1.0,0.0,6141592.0,6141592.0
Belgium,21  Refining of mineral oil,2019.0,2,6616155.0,0.0,0.0,6616155.0,6616155.0,6616155.0,6616155.0,6616155.0,1.0,0.0,6616155.0,6616155.0
Belgium,21  Refining of mineral oil,2020.0,2,5792283.0,0.0,0.0,5792283.0,5792283.0,5792283.0,5792283.0,5792283.0,1.0,0.0,5792283.0,5792283.0
Belgium,21  Refining of mineral oil,2021.0,2,6039538.0,0.0,0.0,6039538.0,6039538.0,6039538.0,6039538.0,6039538.0,1.0,0.0,6039538.0,6039538.0
Belgium,21  Refining of mineral oil,2022.0,2,5657781.0,0.0,0.0,5657781.0,5657781.0,5657781.0,5657781.0,5657781.0,1.0,0.0,5657781.0,5657781.0
Belgium,21  Refining of mineral oil,2023.0,2,5475804.0,0.0,0.0,5475804.0,5475804.0,5475804.0,5475804.0,5475804.0,1.0,0.0,5475804.0,5475804.0
Belgium,21-99 All industrial installations (excl. combustion),2015.0,2,28660115.0,0.0,0.0,28660115.0,28660115.0,28660115.0,28660115.0,28660115.0,1.0,0.0,28660115.0,28660115.0
Belgium,21-99 All industrial installations (excl. combustion),2016.0,2,28627951.0,0.0,0.0,28627951.0,28627951.0,28627951.0,28627951.0,28627951.0,1.0,0.0,28627951.0,28627951.0
Belgium,21-99 All industrial installations (excl. combustion),2017.0,2,28679940.0,0.0,0.0,28679940.0,28679940.0,28679940.0,28679940.0,28679940.0,1.0,0.0,28679940.0,28679940.0
Belgium,21-99 All industrial installations (excl. combustion),2018.0,2,28907385.0,0.0,0.0,28907385.0,28907385.0,28907385.0,28907385.0,28907385.0,1.0,0.0,28907385.0,28907385.0
Belgium,21-99 All industrial installations (excl. combustion),2019.0,2,28661033.0,0.0,0.0,28661033.0,28661033.0,28661033.0,28661033.0,28661033.0,1.0,0.0,28661033.0,28661033.0
Belgium,21-99 All industrial installations (excl. combustion),2020.0,2,26677512.0,0.0,0.0,26677512.0,26677512.0,26677512.0,26677512.0,26677512.0,1.0,0.0,26677512.0,26677512.0
Belgium,21-99 All industrial installations (excl. combustion),2021.0,2,27720606.0,0.0,0.0,27720606.0,27720606.0,27720606.0,27720606.0,27720606.0,1.0,0.0,27720606.0,27720606.0
Belgium,21-99 All industrial installations (excl. combustion),2022.0,2,25236532.0,0.0,0.0,25236532.0,25236532.0,25236532.0,25236532.0,25236532.0,1.0,0.0,25236532.0,25236532.0
Belgium,21-99 All industrial installations (excl. combustion),2023.0,2,24017377.0,0.0,0.0,24017377.0,24017377.0,24017377.0,24017377.0,24017377.0,1.0,0.0,24017377.0,24017377.0
Belgium,24  Production of pig iron or steel,2015.0,2,4523573.0,0.0,0.0,4523573.0,4523573.0,4523573.0,4523573.0,4523573.0,1.0,0.0,4523573.0,4523573.0
Belgium,24  Production of pig iron or steel,2016.0,2,5078033.0,0.0,0.0,5078033.0,5078033.0,5078033.0,5078033.0,5078033.0,1.0,0.0,5078033.0,5078033.0
Belgium,24  Production of pig iron or steel,2017.0,2,4920479.0,0.0,0.0,4920479.0,4920479.0,4920479.0,4920479.0,4920479.0,1.0,0.0,4920479.0,4920479.0
Belgium,24  Production of pig iron or steel,2018.0,2,5049448.0,0.0,0.0,5049448.0,5049448.0,5049448.0,5049448.0,5049448.0,1.0,0.0,5049448.0,5049448.0
Belgium,24  Production of pig iron or steel,2019.0,2,4841850.0,0.0,0.0,4841850.0,4841850.0,4841850.0,4841850.0,4841850.0,1.0,0.0,4841850.0,4841850.0
Belgium,24  Production of pig iron or steel,2020.0,2,3924794.0,0.0,0.0,3924794.0,3924794.0,3924794.0,3924794.0,3924794.0,1.0,0.0,3924794.0,3924794.0
Belgium,24  Production of pig iron or steel,2021.0,2,4520538.0,0.0,0.0,4520538.0,4520538.0,4520538.0,4520538.0,4520538.0,1.0,0.0,4520538.0,4520538.0
Belgium,24  Production of pig iron or steel,2022.0,2,4230026.0,0.0,0.0,4230026.0,4230026.0,4230026.0,4230026.0,4230026.0,1.0,0.0,4230026.0,4230026.0
Belgium,24  Production of pig iron or steel,2023.0,2,4084515.0,0.0,0.0,4084515.0,4084515.0,4084515.0,4084515.0,4084515.0,1.0,0.0,4084515.0,4084515.0
Belgium,25 Production or processing of ferrous metals,2015.0,2,400610.0,0.0,0.0,400610.0,400610.0,400610.0,400610.0,400610.0,1.0,0.0,400610.0,400610.0
Belgium,25 Production or processing of ferrous metals,2016.0,2,425203.0,0.0,0.0,425203.0,425203.0,425203.0,425203.0,425203.0,1.0,0.0,425203.0,425203.0
Belgium,25 Production or processing of ferrous metals,2017.0,2,437475.0,0.0,0.0,437475.0,437475.0,437475.0,437475.0,437475.0,1.0,0.0,437475.0,437475.0
Belgium,25 Production or processing of ferrous metals,2018.0,2,463087.0,0.0,0.0,463087.0,463087.0,463087.0,463087.0,463087.0,1.0,0.0,463087.0,463087.0
Belgium,25 Production or processing of ferrous metals,2019.0,2,437800.0,0.0,0.0,437800.0,437800.0,437800.0,437800.0,437800.0,1.0,0.0,437800.0,437800.0
Belgium,25 Production or processing of ferrous metals,2020.0,2,395168.0,0.0,0.0,395168.0,395168.0,395168.0,395168.0,395168.0,1.0,0.0,395168.0,395168.0
Belgium,25 Production or processing of ferrous metals,2021.0,2,354019.0,0.0,0.0,354019.0,354019.0,354019.0,354019.0,354019.0,1.0,0.0,354019.0,354019.0
Belgium,25 Production or processing of ferrous metals,2022.0,2,317637.0,0.0,0.0,317637.0,317637.0,317637.0,317637.0,317637.0,1.0,0.0,317637.0,317637.0
Belgium,25 Production or processing of ferrous metals,2023.0,2,282092.0,0.0,0.0,282092.0,282092.0,282092.0,282092.0,282092.0,1.0,0.0,282092.0,282092.0
Belgium,28 Production or processing of non-ferrous metals,2015.0,2,424917.0,0.0,0.0,424917.0,424917.0,424917.0,424917.0,424917.0,1.0,0.0,424917.0,424917.0
Belgium,28 Production or processing of non-ferrous metals,2016.0,2,425397.0,0.0,0.0,425397.0,425397.0,425397.0,425397.0,425397.0,1.0,0.0,425397.0,425397.0
Belgium,28 Production or processing of non-ferrous metals,2017.0,2,436140.0,0.0,0.0,436140.0,436140.0,436140.0,436140.0,436140.0,1.0,0.0,436140.0,436140.0
Belgium,28 Production or processing of non-ferrous metals,2018.0,2,455439.0,0.0,0.0,455439.0,455439.0,455439.0,455439.0,455439.0,1.0,0.0,455439.0,455439.0
Belgium,28 Production or processing of non-ferrous metals,2019.0,2,431895.0,0.0,0.0,431895.0,431895.0,431895.0,431895.0,431895.0,1.0,0.0,431895.0,431895.0
Belgium,28 Production or processing of non-ferrous metals,2020.0,2,403272.0,0.0,0.0,403272.0,403272.0,403272.0,403272.0,403272.0,1.0,0.0,403272.0,403272.0
Belgium,28 Production or processing of non-ferrous metals,2021.0,2,420900.0,0.0,0.0,420900.0,420900.0,420900.0,420900.0,420900.0,1.0,0.0,420900.0,420900.0
Belgium,28 Production or processing of non-ferrous metals,2022.0,2,388072.0,0.0,0.0,388072.0,388072.0,388072.0,388072.0,388072.0,1.0,0.0,388072.0,388072.0
Belgium,28 Production or processing of non-ferrous metals,2023.0,2,383155.0,0.0,0.0,383155.0,383155.0,383155.0,383155.0,383155.0,1.0,0.0,383155.0,383155.0
Belgium,29 Production of cement clinker,2015.0,2,3501555.0,0.0,0.0,3501555.0,3501555.0,3501555.0,3501555.0,3501555.0,1.0,0.0,3501555.0,3501555.0
Belgium,29 Production of cement clinker,2016.0,2,3613890.0,0.0,0.0,3613890.0,3613890.0,3613890.0,3613890.0,3613890.0,1.0,0.0,3613890.0,3613890.0
Belgium,29 Production of cement clinker,2017.0,2,3338960.0,0.0,0.0,3338960.0,3338960.0,3338960.0,3338960.0,3338960.0,1.0,0.0,3338960.0,3338960.0
Belgium,29 Production of cement clinker,2018.0,2,3693760.0,0.0,0.0,3693760.0,3693760.0,3693760.0,3693760.0,3693760.0,1.0,0.0,3693760.0,3693760.0
Belgium,29 Production of cement clinker,2019.0,2,4150759.0,0.0,0.0,4150759.0,4150759.0,4150759.0,4150759.0,4150759.0,1.0,0.0,4150759.0,4150759.0
Belgium,29 Production of cement clinker,2020.0,2,3904538.0,0.0,0.0,3904538.0,3904538.0,3904538.0,3904538.0,3904538.0,1.0,0.0,3904538.0,3904538.0
Belgium,29 Production of cement clinker,2021.0,2,3875963.0,0.0,0.0,3875963.0,3875963.0,3875963.0,3875963.0,3875963.0,1.0,0.0,3875963.0,3875963.0
Belgium,29 Production of cement clinker,2022.0,2,3516257.0,0.0,0.0,3516257.0,3516257.0,3516257.0,3516257.0,3516257.0,1.0,0.0,3516257.0,3516257.0
Belgium,29 Production of cement clinker,2023.0,2,3152011.0,0.0,0.0,3152011.0,3152011.0,3152011.0,3152011.0,3152011.0,1.0,0.0,3152011.0,3152011.0
Belgium,"30 Production of lime, or calcination of dolomite/magnesite",2015.0,2,2614333.0,0.0,0.0,2614333.0,2614333.0,2614333.0,2614333.0,2614333.0,1.0,0.0,2614333.0,2614333.0
Belgium,"30 Production of lime, or calcination of dolomite/magnesite",2016.0,2,2473262.0,0.0,0.0,2473262.0,2473262.0,2473262.0,2473262.0,2473262.0,1.0,0.0,2473262.0,2473262.0
Belgium,"30 Production of lime, or calcination of dolomite/magnesite",2017.0,2,2483341.0,0.0,0.0,2483341.0,2483341.0,2483341.0,2483341.0,2483341.0,1.0,0.0,2483341.0,2483341.0
Belgium,"30 Production of lime, or calcination of dolomite/magnesite",2018.0,2,2491364.0,0.0,0.0,2491364.0,2491364.0,2491364.0,2491364.0,2491364.0,1.0,0.0,2491364.0,2491364.0
Belgium,"30 Production of lime, or calcination of dolomite/magnesite",2019.0,2,2199212.0,0.0,0.0,2199212.0,2199212.0,2199212.0,2199212.0,2199212.0,1.0,0.0,2199212.0,2199212.0
Belgium,"30 Production of lime, or calcination of dolomite/magnesite",2020.0,2,1814679.0,0.0,0.0,1814679.0,1814679.0,1814679.0,1814679.0,1814679.0,1.0,0.0,1814679.0,1814679.0
Belgium,"30 Production of lime, or calcination of dolomite/magnesite",2021.0,2,1897059.0,0.0,0.0,1897059.0,1897059.0,1897059.0,1897059.0,1897059.0,1.0,0.0,1897059.0,1897059.0
Belgium,"30 Production of lime, or calcination of dolomite/magnesite",2022.0,2,1687191.0,0.0,0.0,1687191.0,1687191.0,1687191.0,1687191.0,1687191.0,1.0,0.0,1687191.0,1687191.0
Belgium,"30 Production of lime, or calcination of dolomite/magnesite",2023.0,2,1464113.0,0.0,0.0,1464113.0,1464113.0,1464113.0,1464113.0,1464113.0,1.0,0.0,1464113.0,1464113.0
Belgium,31 Manufacture of glass,2015.0,2,705375.0,0.0,0.0,705375.0,705375.0,705375.0,705375.0,705375.0,1.0,0.0,705375.0,705375.0
Belgium,31 Manufacture of glass,2016.0,2,703335.0,0.0,0.0,703335.0,703335.0,703335.0,703335.0,703335.0,1.0,0.0,703335.0,703335.0
Belgium,31 Manufacture of glass,2017.0,2,690344.0,0.0,0.0,690344.0,690344.0,690344.0,690344.0,690344.0,1.0,0.0,690344.0,690344.0
Belgium,31 Manufacture of glass,2018.0,2,683616.0,0.0,0.0,683616.0,683616.0,683616.0,683616.0,683616.0,1.0,0.0,683616.0,683616.0
Belgium,31 Manufacture of glass,2019.0,2,581589.0,0.0,0.0,581589.0,581589.0,581589.0,581589.0,581589.0,1.0,0.0,581589.0,581589.0
Belgium,31 Manufacture of glass,2020.0,2,475678.0,0.0,0.0,475678.0,475678.0,475678.0,475678.0,475678.0,1.0,0.0,475678.0,475678.0
Belgium,31 Manufacture of glass,2021.0,2,630151.0,0.0,0.0,630151.0,630151.0,630151.0,630151.0,630151.0,1.0,0.0,630151.0,630151.0
Belgium,31 Manufacture of glass,2022.0,2,610904.0,0.0,0.0,610904.0,610904.0,610904.0,610904.0,610904.0,1.0,0.0,610904.0,610904.0
Belgium,31 Manufacture of glass,2023.0,2,588695.0,0.0,0.0,588695.0,588695.0,588695.0,588695.0,588695.0,1.0,0.0,588695.0,588695.0
Belgium,32 Manufacture of ceramics,2015.0,2,518810.0,0.0,0.0,518810.0,518810.0,518810.0,518810.0,518810.0,1.0,0.0,518810.0,518810.0
Belgium,32 Manufacture of ceramics,2016.0,2,487193.0,0.0,0.0,487193.0,487193.0,487193.0,487193.0,487193.0,1.0,0.0,487193.0,487193.0
Belgium,32 Manufacture of ceramics,2017.0,2,503331.0,0.0,0.0,503331.0,503331.0,503331.0,503331.0,503331.0,1.0,0.0,503331.0,503331.0
Belgium,32 Manufacture of ceramics,2018.0,2,491966.0,0.0,0.0,491966.0,491966.0,491966.0,491966.0,491966.0,1.0,0.0,491966.0,491966.0
Belgium,32 Manufacture of ceramics,2019.0,2,505823.0,0.0,0.0,505823.0,505823.0,505823.0,505823.0,505823.0,1.0,0.0,505823.0,505823.0
Belgium,32 Manufacture of ceramics,2020.0,2,485724.0,0.0,0.0,485724.0,485724.0,485724.0,485724.0,485724.0,1.0,0.0,485724.0,485724.0
Belgium,32 Manufacture of ceramics,2021.0,2,531178.0,0.0,0.0,531178.0,531178.0,531178.0,531178.0,531178.0,1.0,0.0,531178.0,531178.0
Belgium,32 Manufacture of ceramics,2022.0,2,523462.0,0.0,0.0,523462.0,523462.0,523462.0,523462.0,523462.0,1.0,0.0,523462.0,523462.0
Belgium,32 Manufacture of ceramics,2023.0,2,446557.0,0.0,0.0,446557.0,446557.0,446557.0,446557.0,446557.0,1.0,0.0,446557.0,446557.0
Belgium,33 Manufacture of mineral wool,2015.0,2,39253.0,0.0,0.0,39253.0,39253.0,39253.0,39253.0,39253.0,1.0,0.0,39253.0,39253.0
Belgium,33 Manufacture of mineral wool,2016.0,2,46625.0,0.0,0.0,46625.0,46625.0,46625.0,46625.0,46625.0,1.0,0.0,46625.0,46625.0
Belgium,33 Manufacture of mineral wool,2017.0,2,50521.0,0.0,0.0,50521.0,50521.0,50521.0,50521.0,50521.0,1.0,0.0,50521.0,50521.0
Belgium,33 Manufacture of mineral wool,2018.0,2,63088.0,0.0,0.0,63088.0,63088.0,63088.0,63088.0,63088.0,1.0,0.0,63088.0,63088.0
Belgium,33 Manufacture of mineral wool,2019.0,2,63171.0,0.0,0.0,63171.0,63171.0,63171.0,63171.0,63171.0,1.0,0.0,63171.0,63171.0
Belgium,33 Manufacture of mineral wool,2020.0,2,61769.0,0.0,0.0,61769.0,61769.0,61769.0,61769.0,61769.0,1.0,0.0,61769.0,61769.0
Belgium,33 Manufacture of mineral wool,2021.0,2,66179.0,0.0,0.0,66179.0,66179.0,66179.0,66179.0,66179.0,1.0,0.0,66179.0,66179.0
Belgium,33 Manufacture of mineral wool,2022.0,2,59330.0,0.0,0.0,59330.0,59330.0,59330.0,59330.0,59330.0,1.0,0.0,59330.0,59330.0
Belgium,33 Manufacture of mineral wool,2023.0,2,65408.0,0.0,0.0,65408.0,65408.0,65408.0,65408.0,65408.0,1.0,0.0,65408.0,65408.0
Belgium,35 Production of pulp,2015.0,2,127791.0,0.0,0.0,127791.0,127791.0,127791.0,127791.0,127791.0,1.0,0.0,127791.0,127791.0
Belgium,35 Production of pulp,2016.0,2,124944.0,0.0,0.0,124944.0,124944.0,124944.0,124944.0,124944.0,1.0,0.0,124944.0,124944.0
Belgium,35 Production of pulp,2017.0,2,104406.0,0.0,0.0,104406.0,104406.0,104406.0,104406.0,104406.0,1.0,0.0,104406.0,104406.0
Belgium,35 Production of pulp,2018.0,2,119393.0,0.0,0.0,119393.0,119393.0,119393.0,119393.0,119393.0,1.0,0.0,119393.0,119393.0
Belgium,35 Production of pulp,2019.0,2,127631.0,0.0,0.0,127631.0,127631.0,127631.0,127631.0,127631.0,1.0,0.0,127631.0,127631.0
Belgium,35 Production of pulp,2020.0,2,141324.0,0.0,0.0,141324.0,141324.0,141324.0,141324.0,141324.0,1.0,0.0,141324.0,141324.0
Belgium,35 Production of pulp,2021.0,2,126096.0,0.0,0.0,126096.0,126096.0,126096.0,126096.0,126096.0,1.0,0.0,126096.0,126096.0
Belgium,35 Production of pulp,2022.0,2,110275.0,0.0,0.0,110275.0,110275.0,110275.0,110275.0,110275.0,1.0,0.0,110275.0,110275.0
Belgium,35 Production of pulp,2023.0,2,105159.0,0.0,0.0,105159.0,105159.0,105159.0,105159.0,105159.0,1.0,0.0,105159.0,105159.0
Belgium,36 Production of paper or cardboard,2015.0,2,652148.0,0.0,0.0,652148.0,652148.0,652148.0,652148.0,652148.0,1.0,0.0,652148.0,652148.0
Belgium,36 Production of paper or cardboard,2016.0,2,651217.0,0.0,0.0,651217.0,651217.0,651217.0,651217.0,651217.0,1.0,0.0,651217.0,651217.0
Belgium,36 Production of paper or cardboard,2017.0,2,607620.0,0.0,0.0,607620.0,607620.0,607620.0,607620.0,607620.0,1.0,0.0,607620.0,607620.0
Belgium,36 Production of paper or cardboard,2018.0,2,584540.0,0.0,0.0,584540.0,584540.0,584540.0,584540.0,584540.0,1.0,0.0,584540.0,584540.0
Belgium,36 Production of paper or cardboard,2019.0,2,567353.0,0.0,0.0,567353.0,567353.0,567353.0,567353.0,567353.0,1.0,0.0,567353.0,567353.0
Belgium,36 Production of paper or cardboard,2020.0,2,542804.0,0.0,0.0,542804.0,542804.0,542804.0,542804.0,542804.0,1.0,0.0,542804.0,542804.0
Belgium,36 Production of paper or cardboard,2021.0,2,567193.0,0.0,0.0,567193.0,567193.0,567193.0,567193.0,567193.0,1.0,0.0,567193.0,567193.0
Belgium,36 Production of paper or cardboard,2022.0,2,578794.0,0.0,0.0,578794.0,578794.0,578794.0,578794.0,578794.0,1.0,0.0,578794.0,578794.0
Belgium,36 Production of paper or cardboard,2023.0,2,478121.0,0.0,0.0,478121.0,478121.0,478121.0,478121.0,478121.0,1.0,0.0,478121.0,478121.0
Belgium,37 Production of carbon black,2015.0,2,39261.0,0.0,0.0,39261.0,39261.0,39261.0,39261.0,39261.0,1.0,0.0,39261.0,39261.0
Belgium,37 Production of carbon black,2016.0,2,45730.0,0.0,0.0,45730.0,45730.0,45730.0,45730.0,45730.0,1.0,0.0,45730.0,45730.0
Belgium,37 Production of carbon black,2017.0,2,47681.0,0.0,0.0,47681.0,47681.0,47681.0,47681.0,47681.0,1.0,0.0,47681.0,47681.0
Belgium,37 Production of carbon black,2018.0,2,48289.0,0.0,0.0,48289.0,48289.0,48289.0,48289.0,48289.0,1.0,0.0,48289.0,48289.0
Belgium,37 Production of carbon black,2019.0,2,50227.0,0.0,0.0,50227.0,50227.0,50227.0,50227.0,50227.0,1.0,0.0,50227.0,50227.0
Belgium,37 Production of carbon black,2020.0,2,48191.0,0.0,0.0,48191.0,48191.0,48191.0,48191.0,48191.0,1.0,0.0,48191.0,48191.0
Belgium,37 Production of carbon black,2021.0,2,61926.0,0.0,0.0,61926.0,61926.0,61926.0,61926.0,61926.0,1.0,0.0,61926.0,61926.0
Belgium,37 Production of carbon black,2022.0,2,65970.0,0.0,0.0,65970.0,65970.0,65970.0,65970.0,65970.0,1.0,0.0,65970.0,65970.0
Belgium,37 Production of carbon black,2023.0,2,68208.0,0.0,0.0,68208.0,68208.0,68208.0,68208.0,68208.0,1.0,0.0,68208.0,68208.0
Belgium,38 Production of nitric acid,2015.0,2,1055149.0,0.0,0.0,1055149.0,1055149.0,1055149.0,1055149.0,1055149.0,1.0,0.0,1055149.0,1055149.0
Belgium,38 Production of nitric acid,2016.0,2,1003515.0,0.0,0.0,1003515.0,1003515.0,1003515.0,1003515.0,1003515.0,1.0,0.0,1003515.0,1003515.0
Belgium,38 Production of nitric acid,2017.0,2,1042591.0,0.0,0.0,1042591.0,1042591.0,1042591.0,1042591.0,1042591.0,1.0,0.0,1042591.0,1042591.0
Belgium,38 Production of nitric acid,2018.0,2,784931.0,0.0,0.0,784931.0,784931.0,784931.0,784931.0,784931.0,1.0,0.0,784931.0,784931.0
Belgium,38 Production of nitric acid,2019.0,2,841271.0,0.0,0.0,841271.0,841271.0,841271.0,841271.0,841271.0,1.0,0.0,841271.0,841271.0
Belgium,38 Production of nitric acid,2020.0,2,990071.0,0.0,0.0,990071.0,990071.0,990071.0,990071.0,990071.0,1.0,0.0,990071.0,990071.0
Belgium,38 Production of nitric acid,2021.0,2,701088.0,0.0,0.0,701088.0,701088.0,701088.0,701088.0,701088.0,1.0,0.0,701088.0,701088.0
Belgium,38 Production of nitric acid,2022.0,2,627310.0,0.0,0.0,627310.0,627310.0,627310.0,627310.0,627310.0,1.0,0.0,627310.0,627310.0
Belgium,38 Production of nitric acid,2023.0,2,400084.0,0.0,0.0,400084.0,400084.0,400084.0,400084.0,400084.0,1.0,0.0,400084.0,400084.0
Belgium,42 Production of bulk chemicals,2015.0,2,7171786.0,0.0,0.0,7171786.0,7171786.0,7171786.0,7171786.0,7171786.0,1.0,0.0,7171786.0,7171786.0
Belgium,42 Production of bulk chemicals,2016.0,2,6875092.0,0.0,0.0,6875092.0,6875092.0,6875092.0,6875092.0,6875092.0,1.0,0.0,6875092.0,6875092.0
Belgium,42 Production of bulk chemicals,2017.0,2,7276215.0,0.0,0.0,7276215.0,7276215.0,7276215.0,7276215.0,7276215.0,1.0,0.0,7276215.0,7276215.0
Belgium,42 Production of bulk chemicals,2018.0,2,7115404.0,0.0,0.0,7115404.0,7115404.0,7115404.0,7115404.0,7115404.0,1.0,0.0,7115404.0,7115404.0
Belgium,42 Production of bulk chemicals,2019.0,2,6286884.0,0.0,0.0,6286884.0,6286884.0,6286884.0,6286884.0,6286884.0,1.0,0.0,6286884.0,6286884.0
Belgium,42 Production of bulk chemicals,2020.0,2,6720835.0,0.0,0.0,6720835.0,6720835.0,6720835.0,6720835.0,6720835.0,1.0,0.0,6720835.0,6720835.0
Belgium,42 Production of bulk chemicals,2021.0,2,6900516.0,0.0,0.0,6900516.0,6900516.0,6900516.0,6900516.0,6900516.0,1.0,0.0,6900516.0,6900516.0
Belgium,42 Production of bulk chemicals,2022.0,2,5927766.0,0.0,0.0,5927766.0,5927766.0,5927766.0,5927766.0,5927766.0,1.0,0.0,5927766.0,5927766.0
Belgium,42 Production of bulk chemicals,2023.0,2,6085200.0,0.0,0.0,6085200.0,6085200.0,6085200.0,6085200.0,6085200.0,1.0,0.0,6085200.0,6085200.0
Belgium,43 Production of hydrogen and synthesis gas,2015.0,2,617835.0,0.0,0.0,617835.0,617835.0,617835.0,617835.0,617835.0,1.0,0.0,617835.0,617835.0
Belgium,43 Production of hydrogen and synthesis gas,2016.0,2,591194.0,0.0,0.0,591194.0,591194.0,591194.0,591194.0,591194.0,1.0,0.0,591194.0,591194.0
Belgium,43 Production of hydrogen and synthesis gas,2017.0,2,688840.0,0.0,0.0,688840.0,688840.0,688840.0,688840.0,688840.0,1.0,0.0,688840.0,688840.0
Belgium,43 Production of hydrogen and synthesis gas,2018.0,2,721468.0,0.0,0.0,721468.0,721468.0,721468.0,721468.0,721468.0,1.0,0.0,721468.0,721468.0
Belgium,43 Production of hydrogen and synthesis gas,2019.0,2,959413.0,0.0,0.0,959413.0,959413.0,959413.0,959413.0,959413.0,1.0,0.0,959413.0,959413.0
Belgium,43 Production of hydrogen and synthesis gas,2020.0,2,976382.0,0.0,0.0,976382.0,976382.0,976382.0,976382.0,976382.0,1.0,0.0,976382.0,976382.0
Belgium,43 Production of hydrogen and synthesis gas,2021.0,2,1028262.0,0.0,0.0,1028262.0,1028262.0,1028262.0,1028262.0,1028262.0,1.0,0.0,1028262.0,1028262.0
Belgium,43 Production of hydrogen and synthesis gas,2022.0,2,935757.0,0.0,0.0,935757.0,935757.0,935757.0,935757.0,935757.0,1.0,0.0,935757.0,935757.0
Belgium,43 Production of hydrogen and synthesis gas,2023.0,2,938255.0,0.0,0.0,938255.0,938255.0,938255.0,938255.0,938255.0,1.0,0.0,938255.0,938255.0
Bulgaria,10 Aviation,2015.0,2,261531.0,0.0,0.0,261531.0,261531.0,261531.0,261531.0,261531.0,1.0,0.0,261531.0,261531.0
Bulgaria,10 Aviation,2016.0,2,288886.0,0.0,0.0,288886.0,288886.0,288886.0,288886.0,288886.0,1.0,0.0,288886.0,288886.0
Bulgaria,10 Aviation,2017.0,2,251290.0,0.0,0.0,251290.0,251290.0,251290.0,251290.0,251290.0,1.0,0.0,251290.0,251290.0
Bulgaria,10 Aviation,2018.0,2,257183.0,0.0,0.0,257183.0,257183.0,257183.0,257183.0,257183.0,1.0,0.0,257183.0,257183.0
Bulgaria,10 Aviation,2019.0,2,277839.0,0.0,0.0,277839.0,277839.0,277839.0,277839.0,277839.0,1.0,0.0,277839.0,277839.0
Bulgaria,10 Aviation,2020.0,3,78296.0,54189.86106889984,0.6921153196702238,24488.4,58722.0,115778.0,116611.0,117110.8,4.782296924258016,-0.3286048386181215,1666.0,117444.0
Bulgaria,10 Aviation,2021.0,3,81554.66666666667,56628.779781623016,0.6943659032177559,25350.800000000003,61166.0,120858.0,121595.0,122037.2,4.813938810609526,-0.3293169407840957,1474.0,122332.0
Bulgaria,10 Aviation,2022.0,3,111844.0,77919.72562836704,0.6966822147667022,34545.0,83883.0,166113.0,166939.5,167435.4,4.846877985236648,-0.33004899681699507,1653.0,167766.0
Bulgaria,10 Aviation,2023.0,3,108828.0,75867.38109358988,0.6971310792589213,33571.8,81621.0,161703.0,162472.5,162934.2,4.853305452790735,-0.33019075973095147,1539.0,163242.0
Bulgaria,20 Combustion of fuels,2015.0,2,29935783.0,0.0,0.0,29935783.0,29935783.0,29935783.0,29935783.0,29935783.0,1.0,0.0,29935783.0,29935783.0
Bulgaria,20 Combustion of fuels,2016.0,2,26531705.0,0.0,0.0,26531705.0,26531705.0,26531705.0,26531705.0,26531705.0,1.0,0.0,26531705.0,26531705.0
Bulgaria,20 Combustion of fuels,2017.0,2,27966155.0,0.0,0.0,27966155.0,27966155.0,27966155.0,27966155.0,27966155.0,1.0,0.0,27966155.0,27966155.0
Bulgaria,20 Combustion of fuels,2018.0,2,24598255.0,0.0,0.0,24598255.0,24598255.0,24598255.0,24598255.0,24598255.0,1.0,0.0,24598255.0,24598255.0
Bulgaria,20 Combustion of fuels,2019.0,2,21492368.0,0.0,0.0,21492368.0,21492368.0,21492368.0,21492368.0,21492368.0,1.0,0.0,21492368.0,21492368.0
Bulgaria,20 Combustion of fuels,2020.0,2,16737564.0,0.0,0.0,16737564.0,16737564.0,16737564.0,16737564.0,16737564.0,1.0,0.0,16737564.0,16737564.0
Bulgaria,20 Combustion of fuels,2021.0,2,21706790.0,0.0,0.0,21706790.0,21706790.0,21706790.0,21706790.0,21706790.0,1.0,0.0,21706790.0,21706790.0
Bulgaria,20 Combustion of fuels,2022.0,2,26570869.0,0.0,0.0,26570869.0,26570869.0,26570869.0,26570869.0,26570869.0,1.0,0.0,26570869.0,26570869.0
Bulgaria,20 Combustion of fuels,2023.0,2,15108760.0,0.0,0.0,15108760.0,15108760.0,15108760.0,15108760.0,15108760.0,1.0,0.0,15108760.0,15108760.0
Bulgaria,20-99 All stationary installations,2015.0,2,36260861.0,0.0,0.0,36260861.0,36260861.0,36260861.0,36260861.0,36260861.0,1.0,0.0,36260861.0,36260861.0
Bulgaria,20-99 All stationary installations,2016.0,2,33410834.0,0.0,0.0,33410834.0,33410834.0,33410834.0,33410834.0,33410834.0,1.0,0.0,33410834.0,33410834.0
Bulgaria,20-99 All stationary installations,2017.0,2,34908095.0,0.0,0.0,34908095.0,34908095.0,34908095.0,34908095.0,34908095.0,1.0,0.0,34908095.0,34908095.0
Bulgaria,20-99 All stationary installations,2018.0,2,31028875.0,0.0,0.0,31028875.0,31028875.0,31028875.0,31028875.0,31028875.0,1.0,0.0,31028875.0,31028875.0
Bulgaria,20-99 All stationary installations,2019.0,2,29194151.0,0.0,0.0,29194151.0,29194151.0,29194151.0,29194151.0,29194151.0,1.0,0.0,29194151.0,29194151.0
Bulgaria,20-99 All stationary installations,2020.0,2,23845295.0,0.0,0.0,23845295.0,23845295.0,23845295.0,23845295.0,23845295.0,1.0,0.0,23845295.0,23845295.0
Bulgaria,20-99 All stationary installations,2021.0,2,28935079.0,0.0,0.0,28935079.0,28935079.0,28935079.0,28935079.0,28935079.0,1.0,0.0,28935079.0,28935079.0
Bulgaria,20-99 All stationary installations,2022.0,2,33936118.0,0.0,0.0,33936118.0,33936118.0,33936118.0,33936118.0,33936118.0,1.0,0.0,33936118.0,33936118.0
Bulgaria,20-99 All stationary installations,2023.0,2,21635386.0,0.0,0.0,21635386.0,21635386.0,21635386.0,21635386.0,21635386.0,1.0,0.0,21635386.0,21635386.0
Bulgaria,21  Refining of mineral oil,2015.0,2,1246484.0,0.0,0.0,1246484.0,1246484.0,1246484.0,1246484.0,1246484.0,1.0,0.0,1246484.0,1246484.0
Bulgaria,21  Refining of mineral oil,2016.0,2,1657733.0,0.0,0.0,1657733.0,1657733.0,1657733.0,1657733.0,1657733.0,1.0,0.0,1657733.0,1657733.0
Bulgaria,21  Refining of mineral oil,2017.0,2,1781588.0,0.0,0.0,1781588.0,1781588.0,1781588.0,1781588.0,1781588.0,1.0,0.0,1781588.0,1781588.0
Bulgaria,21  Refining of mineral oil,2018.0,2,1570907.0,0.0,0.0,1570907.0,1570907.0,1570907.0,1570907.0,1570907.0,1.0,0.0,1570907.0,1570907.0
Bulgaria,21  Refining of mineral oil,2019.0,2,2070184.0,0.0,0.0,2070184.0,2070184.0,2070184.0,2070184.0,2070184.0,1.0,0.0,2070184.0,2070184.0
Bulgaria,21  Refining of mineral oil,2020.0,2,1773167.0,0.0,0.0,1773167.0,1773167.0,1773167.0,1773167.0,1773167.0,1.0,0.0,1773167.0,1773167.0
Bulgaria,21  Refining of mineral oil,2021.0,2,1488705.0,0.0,0.0,1488705.0,1488705.0,1488705.0,1488705.0,1488705.0,1.0,0.0,1488705.0,1488705.0
Bulgaria,21  Refining of mineral oil,2022.0,2,2003944.0,0.0,0.0,2003944.0,2003944.0,2003944.0,2003944.0,2003944.0,1.0,0.0,2003944.0,2003944.0
Bulgaria,21  Refining of mineral oil,2023.0,2,1640959.0,0.0,0.0,1640959.0,1640959.0,1640959.0,1640959.0,1640959.0,1.0,0.0,1640959.0,1640959.0
Bulgaria,21-99 All industrial installations (excl. combustion),2015.0,2,6325078.0,0.0,0.0,6325078.0,6325078.0,6325078.0,6325078.0,6325078.0,1.0,0.0,6325078.0,6325078.0
Bulgaria,21-99 All industrial installations (excl. combustion),2016.0,2,6879129.0,0.0,0.0,6879129.0,6879129.0,6879129.0,6879129.0,6879129.0,1.0,0.0,6879129.0,6879129.0
Bulgaria,21-99 All industrial installations (excl. combustion),2017.0,2,6941940.0,0.0,0.0,6941940.0,6941940.0,6941940.0,6941940.0,6941940.0,1.0,0.0,6941940.0,6941940.0
Bulgaria,21-99 All industrial installations (excl. combustion),2018.0,2,6430620.0,0.0,0.0,6430620.0,6430620.0,6430620.0,6430620.0,6430620.0,1.0,0.0,6430620.0,6430620.0
Bulgaria,21-99 All industrial installations (excl. combustion),2019.0,2,7701783.0,0.0,0.0,7701783.0,7701783.0,7701783.0,7701783.0,7701783.0,1.0,0.0,7701783.0,7701783.0
Bulgaria,21-99 All industrial installations (excl. combustion),2020.0,2,7107731.0,0.0,0.0,7107731.0,7107731.0,7107731.0,7107731.0,7107731.0,1.0,0.0,7107731.0,7107731.0
Bulgaria,21-99 All industrial installations (excl. combustion),2021.0,2,7228289.0,0.0,0.0,7228289.0,7228289.0,7228289.0,7228289.0,7228289.0,1.0,0.0,7228289.0,7228289.0
Bulgaria,21-99 All industrial installations (excl. combustion),2022.0,2,7365249.0,0.0,0.0,7365249.0,7365249.0,7365249.0,7365249.0,7365249.0,1.0,0.0,7365249.0,7365249.0
Bulgaria,21-99 All industrial installations (excl. combustion),2023.0,2,6526626.0,0.0,0.0,6526626.0,6526626.0,6526626.0,6526626.0,6526626.0,1.0,0.0,6526626.0,6526626.0
Bulgaria,24  Production of pig iron or steel,2015.0,2,129914.0,0.0,0.0,129914.0,129914.0,129914.0,129914.0,129914.0,1.0,0.0,129914.0,129914.0
Bulgaria,24  Production of pig iron or steel,2016.0,2,124563.0,0.0,0.0,124563.0,124563.0,124563.0,124563.0,124563.0,1.0,0.0,124563.0,124563.0
Bulgaria,24  Production of pig iron or steel,2017.0,2,127067.0,0.0,0.0,127067.0,127067.0,127067.0,127067.0,127067.0,1.0,0.0,127067.0,127067.0
Bulgaria,24  Production of pig iron or steel,2018.0,2,131245.0,0.0,0.0,131245.0,131245.0,131245.0,131245.0,131245.0,1.0,0.0,131245.0,131245.0
Bulgaria,24  Production of pig iron or steel,2019.0,2,109744.0,0.0,0.0,109744.0,109744.0,109744.0,109744.0,109744.0,1.0,0.0,109744.0,109744.0
Bulgaria,24  Production of pig iron or steel,2020.0,2,91676.0,0.0,0.0,91676.0,91676.0,91676.0,91676.0,91676.0,1.0,0.0,91676.0,91676.0
Bulgaria,24  Production of pig iron or steel,2021.0,2,95247.0,0.0,0.0,95247.0,95247.0,95247.0,95247.0,95247.0,1.0,0.0,95247.0,95247.0
Bulgaria,24  Production of pig iron or steel,2022.0,2,93260.0,0.0,0.0,93260.0,93260.0,93260.0,93260.0,93260.0,1.0,0.0,93260.0,93260.0
Bulgaria,24  Production of pig iron or steel,2023.0,2,87953.0,0.0,0.0,87953.0,87953.0,87953.0,87953.0,87953.0,1.0,0.0,87953.0,87953.0
Bulgaria,25 Production or processing of ferrous metals,2015.0,2,24257.0,0.0,0.0,24257.0,24257.0,24257.0,24257.0,24257.0,1.0,0.0,24257.0,24257.0
Bulgaria,25 Production or processing of ferrous metals,2016.0,2,29776.0,0.0,0.0,29776.0,29776.0,29776.0,29776.0,29776.0,1.0,0.0,29776.0,29776.0
Bulgaria,25 Production or processing of ferrous metals,2017.0,2,19574.0,0.0,0.0,19574.0,19574.0,19574.0,19574.0,19574.0,1.0,0.0,19574.0,19574.0
Bulgaria,25 Production or processing of ferrous metals,2018.0,2,33502.0,0.0,0.0,33502.0,33502.0,33502.0,33502.0,33502.0,1.0,0.0,33502.0,33502.0
Bulgaria,25 Production or processing of ferrous metals,2019.0,2,30884.0,0.0,0.0,30884.0,30884.0,30884.0,30884.0,30884.0,1.0,0.0,30884.0,30884.0
Bulgaria,25 Production or processing of ferrous metals,2020.0,2,34772.0,0.0,0.0,34772.0,34772.0,34772.0,34772.0,34772.0,1.0,0.0,34772.0,34772.0
Bulgaria,25 Production or processing of ferrous metals,2021.0,2,40595.0,0.0,0.0,40595.0,40595.0,40595.0,40595.0,40595.0,1.0,0.0,40595.0,40595.0
Bulgaria,25 Production or processing of ferrous metals,2022.0,2,31790.0,0.0,0.0,31790.0,31790.0,31790.0,31790.0,31790.0,1.0,0.0,31790.0,31790.0
Bulgaria,25 Production or processing of ferrous metals,2023.0,2,39117.0,0.0,0.0,39117.0,39117.0,39117.0,39117.0,39117.0,1.0,0.0,39117.0,39117.0
Bulgaria,28 Production or processing of non-ferrous metals,2015.0,2,304106.0,0.0,0.0,304106.0,304106.0,304106.0,304106.0,304106.0,1.0,0.0,304106.0,304106.0
Bulgaria,28 Production or processing of non-ferrous metals,2016.0,2,309396.0,0.0,0.0,309396.0,309396.0,309396.0,309396.0,309396.0,1.0,0.0,309396.0,309396.0
Bulgaria,28 Production or processing of non-ferrous metals,2017.0,2,279127.0,0.0,0.0,279127.0,279127.0,279127.0,279127.0,279127.0,1.0,0.0,279127.0,279127.0
Bulgaria,28 Production or processing of non-ferrous metals,2018.0,2,309209.0,0.0,0.0,309209.0,309209.0,309209.0,309209.0,309209.0,1.0,0.0,309209.0,309209.0
Bulgaria,28 Production or processing of non-ferrous metals,2019.0,2,288366.0,0.0,0.0,288366.0,288366.0,288366.0,288366.0,288366.0,1.0,0.0,288366.0,288366.0
Bulgaria,28 Production or processing of non-ferrous metals,2020.0,2,278038.0,0.0,0.0,278038.0,278038.0,278038.0,278038.0,278038.0,1.0,0.0,278038.0,278038.0
Bulgaria,28 Production or processing of non-ferrous metals,2021.0,2,285921.0,0.0,0.0,285921.0,285921.0,285921.0,285921.0,285921.0,1.0,0.0,285921.0,285921.0
Bulgaria,28 Production or processing of non-ferrous metals,2022.0,2,291350.0,0.0,0.0,291350.0,291350.0,291350.0,291350.0,291350.0,1.0,0.0,291350.0,291350.0
Bulgaria,28 Production or processing of non-ferrous metals,2023.0,2,276704.0,0.0,0.0,276704.0,276704.0,276704.0,276704.0,276704.0,1.0,0.0,276704.0,276704.0
Bulgaria,29 Production of cement clinker,2015.0,2,1658733.0,0.0,0.0,1658733.0,1658733.0,1658733.0,1658733.0,1658733.0,1.0,0.0,1658733.0,1658733.0
Bulgaria,29 Production of cement clinker,2016.0,2,1768538.0,0.0,0.0,1768538.0,1768538.0,1768538.0,1768538.0,1768538.0,1.0,0.0,1768538.0,1768538.0
Bulgaria,29 Production of cement clinker,2017.0,2,1798015.0,0.0,0.0,1798015.0,1798015.0,1798015.0,1798015.0,1798015.0,1.0,0.0,1798015.0,1798015.0
Bulgaria,29 Production of cement clinker,2018.0,2,1731687.0,0.0,0.0,1731687.0,1731687.0,1731687.0,1731687.0,1731687.0,1.0,0.0,1731687.0,1731687.0
Bulgaria,29 Production of cement clinker,2019.0,2,1618798.0,0.0,0.0,1618798.0,1618798.0,1618798.0,1618798.0,1618798.0,1.0,0.0,1618798.0,1618798.0
Bulgaria,29 Production of cement clinker,2020.0,2,1555217.0,0.0,0.0,1555217.0,1555217.0,1555217.0,1555217.0,1555217.0,1.0,0.0,1555217.0,1555217.0
Bulgaria,29 Production of cement clinker,2021.0,2,1525578.0,0.0,0.0,1525578.0,1525578.0,1525578.0,1525578.0,1525578.0,1.0,0.0,1525578.0,1525578.0
Bulgaria,29 Production of cement clinker,2022.0,2,1507156.0,0.0,0.0,1507156.0,1507156.0,1507156.0,1507156.0,1507156.0,1.0,0.0,1507156.0,1507156.0
Bulgaria,29 Production of cement clinker,2023.0,2,1470203.0,0.0,0.0,1470203.0,1470203.0,1470203.0,1470203.0,1470203.0,1.0,0.0,1470203.0,1470203.0
Bulgaria,"30 Production of lime, or calcination of dolomite/magnesite",2015.0,2,263892.0,0.0,0.0,263892.0,263892.0,263892.0,263892.0,263892.0,1.0,0.0,263892.0,263892.0
Bulgaria,"30 Production of lime, or calcination of dolomite/magnesite",2016.0,2,250410.0,0.0,0.0,250410.0,250410.0,250410.0,250410.0,250410.0,1.0,0.0,250410.0,250410.0
Bulgaria,"30 Production of lime, or calcination of dolomite/magnesite",2017.0,2,224977.0,0.0,0.0,224977.0,224977.0,224977.0,224977.0,224977.0,1.0,0.0,224977.0,224977.0
Bulgaria,"30 Production of lime, or calcination of dolomite/magnesite",2018.0,2,250476.0,0.0,0.0,250476.0,250476.0,250476.0,250476.0,250476.0,1.0,0.0,250476.0,250476.0
Bulgaria,"30 Production of lime, or calcination of dolomite/magnesite",2019.0,2,242977.0,0.0,0.0,242977.0,242977.0,242977.0,242977.0,242977.0,1.0,0.0,242977.0,242977.0
Bulgaria,"30 Production of lime, or calcination of dolomite/magnesite",2020.0,2,229904.0,0.0,0.0,229904.0,229904.0,229904.0,229904.0,229904.0,1.0,0.0,229904.0,229904.0
Bulgaria,"30 Production of lime, or calcination of dolomite/magnesite",2021.0,2,204895.0,0.0,0.0,204895.0,204895.0,204895.0,204895.0,204895.0,1.0,0.0,204895.0,204895.0
Bulgaria,"30 Production of lime, or calcination of dolomite/magnesite",2022.0,2,169326.0,0.0,0.0,169326.0,169326.0,169326.0,169326.0,169326.0,1.0,0.0,169326.0,169326.0
Bulgaria,"30 Production of lime, or calcination of dolomite/magnesite",2023.0,2,220237.0,0.0,0.0,220237.0,220237.0,220237.0,220237.0,220237.0,1.0,0.0,220237.0,220237.0
Bulgaria,31 Manufacture of glass,2015.0,2,541306.0,0.0,0.0,541306.0,541306.0,541306.0,541306.0,541306.0,1.0,0.0,541306.0,541306.0
Bulgaria,31 Manufacture of glass,2016.0,2,566129.0,0.0,0.0,566129.0,566129.0,566129.0,566129.0,566129.0,1.0,0.0,566129.0,566129.0
Bulgaria,31 Manufacture of glass,2017.0,2,577128.0,0.0,0.0,577128.0,577128.0,577128.0,577128.0,577128.0,1.0,0.0,577128.0,577128.0
Bulgaria,31 Manufacture of glass,2018.0,2,551086.0,0.0,0.0,551086.0,551086.0,551086.0,551086.0,551086.0,1.0,0.0,551086.0,551086.0
Bulgaria,31 Manufacture of glass,2019.0,2,523294.0,0.0,0.0,523294.0,523294.0,523294.0,523294.0,523294.0,1.0,0.0,523294.0,523294.0
Bulgaria,31 Manufacture of glass,2020.0,2,561007.0,0.0,0.0,561007.0,561007.0,561007.0,561007.0,561007.0,1.0,0.0,561007.0,561007.0
Bulgaria,31 Manufacture of glass,2021.0,2,639285.0,0.0,0.0,639285.0,639285.0,639285.0,639285.0,639285.0,1.0,0.0,639285.0,639285.0
Bulgaria,31 Manufacture of glass,2022.0,2,626505.0,0.0,0.0,626505.0,626505.0,626505.0,626505.0,626505.0,1.0,0.0,626505.0,626505.0
Bulgaria,31 Manufacture of glass,2023.0,2,585700.0,0.0,0.0,585700.0,585700.0,585700.0,585700.0,585700.0,1.0,0.0,585700.0,585700.0
Bulgaria,32 Manufacture of ceramics,2015.0,2,188207.0,0.0,0.0,188207.0,188207.0,188207.0,188207.0,188207.0,1.0,0.0,188207.0,188207.0
Bulgaria,32 Manufacture of ceramics,2016.0,2,203353.0,0.0,0.0,203353.0,203353.0,203353.0,203353.0,203353.0,1.0,0.0,203353.0,203353.0
Bulgaria,32 Manufacture of ceramics,2017.0,2,203428.0,0.0,0.0,203428.0,203428.0,203428.0,203428.0,203428.0,1.0,0.0,203428.0,203428.0
Bulgaria,32 Manufacture of ceramics,2018.0,2,200588.0,0.0,0.0,200588.0,200588.0,200588.0,200588.0,200588.0,1.0,0.0,200588.0,200588.0
Bulgaria,32 Manufacture of ceramics,2019.0,2,187538.0,0.0,0.0,187538.0,187538.0,187538.0,187538.0,187538.0,1.0,0.0,187538.0,187538.0
Bulgaria,32 Manufacture of ceramics,2020.0,2,178365.0,0.0,0.0,178365.0,178365.0,178365.0,178365.0,178365.0,1.0,0.0,178365.0,178365.0
Bulgaria,32 Manufacture of ceramics,2021.0,2,197134.0,0.0,0.0,197134.0,197134.0,197134.0,197134.0,197134.0,1.0,0.0,197134.0,197134.0
Bulgaria,32 Manufacture of ceramics,2022.0,2,185298.0,0.0,0.0,185298.0,185298.0,185298.0,185298.0,185298.0,1.0,0.0,185298.0,185298.0
Bulgaria,32 Manufacture of ceramics,2023.0,2,148580.0,0.0,0.0,148580.0,148580.0,148580.0,148580.0,148580.0,1.0,0.0,148580.0,148580.0
Bulgaria,33 Manufacture of mineral wool,2023.0,2,2648.0,0.0,0.0,2648.0,2648.0,2648.0,2648.0,2648.0,1.0,0.0,2648.0,2648.0
Bulgaria,34 Production or processing of gypsum or plasterboard,2015.0,2,34375.0,0.0,0.0,34375.0,34375.0,34375.0,34375.0,34375.0,1.0,0.0,34375.0,34375.0
Bulgaria,34 Production or processing of gypsum or plasterboard,2016.0,2,35693.0,0.0,0.0,35693.0,35693.0,35693.0,35693.0,35693.0,1.0,0.0,35693.0,35693.0
Bulgaria,34 Production or processing of gypsum or plasterboard,2017.0,2,41541.0,0.0,0.0,41541.0,41541.0,41541.0,41541.0,41541.0,1.0,0.0,41541.0,41541.0
Bulgaria,34 Production or processing of gypsum or plasterboard,2018.0,2,42926.0,0.0,0.0,42926.0,42926.0,42926.0,42926.0,42926.0,1.0,0.0,42926.0,42926.0
Bulgaria,34 Production or processing of gypsum or plasterboard,2019.0,2,50624.0,0.0,0.0,50624.0,50624.0,50624.0,50624.0,50624.0,1.0,0.0,50624.0,50624.0
Bulgaria,34 Production or processing of gypsum or plasterboard,2020.0,2,56465.0,0.0,0.0,56465.0,56465.0,56465.0,56465.0,56465.0,1.0,0.0,56465.0,56465.0
Bulgaria,34 Production or processing of gypsum or plasterboard,2021.0,2,58522.0,0.0,0.0,58522.0,58522.0,58522.0,58522.0,58522.0,1.0,0.0,58522.0,58522.0
Bulgaria,34 Production or processing of gypsum or plasterboard,2022.0,2,23558.0,0.0,0.0,23558.0,23558.0,23558.0,23558.0,23558.0,1.0,0.0,23558.0,23558.0
Bulgaria,34 Production or processing of gypsum or plasterboard,2023.0,2,24622.0,0.0,0.0,24622.0,24622.0,24622.0,24622.0,24622.0,1.0,0.0,24622.0,24622.0
Bulgaria,35 Production of pulp,2015.0,2,15042.0,0.0,0.0,15042.0,15042.0,15042.0,15042.0,15042.0,1.0,0.0,15042.0,15042.0
Bulgaria,35 Production of pulp,2016.0,2,13666.0,0.0,0.0,13666.0,13666.0,13666.0,13666.0,13666.0,1.0,0.0,13666.0,13666.0
Bulgaria,35 Production of pulp,2017.0,2,14930.0,0.0,0.0,14930.0,14930.0,14930.0,14930.0,14930.0,1.0,0.0,14930.0,14930.0
Bulgaria,35 Production of pulp,2018.0,2,15235.0,0.0,0.0,15235.0,15235.0,15235.0,15235.0,15235.0,1.0,0.0,15235.0,15235.0
Bulgaria,35 Production of pulp,2019.0,2,15619.0,0.0,0.0,15619.0,15619.0,15619.0,15619.0,15619.0,1.0,0.0,15619.0,15619.0
Bulgaria,35 Production of pulp,2020.0,2,10030.0,0.0,0.0,10030.0,10030.0,10030.0,10030.0,10030.0,1.0,0.0,10030.0,10030.0
Bulgaria,35 Production of pulp,2021.0,2,13807.0,0.0,0.0,13807.0,13807.0,13807.0,13807.0,13807.0,1.0,0.0,13807.0,13807.0
Bulgaria,35 Production of pulp,2022.0,2,11327.0,0.0,0.0,11327.0,11327.0,11327.0,11327.0,11327.0,1.0,0.0,11327.0,11327.0
Bulgaria,35 Production of pulp,2023.0,2,9186.0,0.0,0.0,9186.0,9186.0,9186.0,9186.0,9186.0,1.0,0.0,9186.0,9186.0
Bulgaria,36 Production of paper or cardboard,2015.0,2,82947.0,0.0,0.0,82947.0,82947.0,82947.0,82947.0,82947.0,1.0,0.0,82947.0,82947.0
Bulgaria,36 Production of paper or cardboard,2016.0,2,85960.0,0.0,0.0,85960.0,85960.0,85960.0,85960.0,85960.0,1.0,0.0,85960.0,85960.0
Bulgaria,36 Production of paper or cardboard,2017.0,2,72322.0,0.0,0.0,72322.0,72322.0,72322.0,72322.0,72322.0,1.0,0.0,72322.0,72322.0
Bulgaria,36 Production of paper or cardboard,2018.0,2,76874.0,0.0,0.0,76874.0,76874.0,76874.0,76874.0,76874.0,1.0,0.0,76874.0,76874.0
Bulgaria,36 Production of paper or cardboard,2019.0,2,72464.0,0.0,0.0,72464.0,72464.0,72464.0,72464.0,72464.0,1.0,0.0,72464.0,72464.0
Bulgaria,36 Production of paper or cardboard,2020.0,2,70251.0,0.0,0.0,70251.0,70251.0,70251.0,70251.0,70251.0,1.0,0.0,70251.0,70251.0
Bulgaria,36 Production of paper or cardboard,2021.0,2,74925.0,0.0,0.0,74925.0,74925.0,74925.0,74925.0,74925.0,1.0,0.0,74925.0,74925.0
Bulgaria,36 Production of paper or cardboard,2022.0,2,56648.0,0.0,0.0,56648.0,56648.0,56648.0,56648.0,56648.0,1.0,0.0,56648.0,56648.0
Bulgaria,36 Production of paper or cardboard,2023.0,2,58142.0,0.0,0.0,58142.0,58142.0,58142.0,58142.0,58142.0,1.0,0.0,58142.0,58142.0
Bulgaria,38 Production of nitric acid,2015.0,2,544934.0,0.0,0.0,544934.0,544934.0,544934.0,544934.0,544934.0,1.0,0.0,544934.0,544934.0
Bulgaria,38 Production of nitric acid,2016.0,2,567192.0,0.0,0.0,567192.0,567192.0,567192.0,567192.0,567192.0,1.0,0.0,567192.0,567192.0
Bulgaria,38 Production of nitric acid,2017.0,2,554956.0,0.0,0.0,554956.0,554956.0,554956.0,554956.0,554956.0,1.0,0.0,554956.0,554956.0
Bulgaria,38 Production of nitric acid,2018.0,2,313440.0,0.0,0.0,313440.0,313440.0,313440.0,313440.0,313440.0,1.0,0.0,313440.0,313440.0
Bulgaria,38 Production of nitric acid,2019.0,2,112645.0,0.0,0.0,112645.0,112645.0,112645.0,112645.0,112645.0,1.0,0.0,112645.0,112645.0
Bulgaria,38 Production of nitric acid,2020.0,2,83900.0,0.0,0.0,83900.0,83900.0,83900.0,83900.0,83900.0,1.0,0.0,83900.0,83900.0
Bulgaria,38 Production of nitric acid,2021.0,2,94370.0,0.0,0.0,94370.0,94370.0,94370.0,94370.0,94370.0,1.0,0.0,94370.0,94370.0
Bulgaria,38 Production of nitric acid,2022.0,2,73447.0,0.0,0.0,73447.0,73447.0,73447.0,73447.0,73447.0,1.0,0.0,73447.0,73447.0
Bulgaria,38 Production of nitric acid,2023.0,2,60813.0,0.0,0.0,60813.0,60813.0,60813.0,60813.0,60813.0,1.0,0.0,60813.0,60813.0
Bulgaria,41 Production of ammonia,2015.0,2,753748.0,0.0,0.0,753748.0,753748.0,753748.0,753748.0,753748.0,1.0,0.0,753748.0,753748.0
Bulgaria,41 Production of ammonia,2016.0,2,748013.0,0.0,0.0,748013.0,748013.0,748013.0,748013.0,748013.0,1.0,0.0,748013.0,748013.0
Bulgaria,41 Production of ammonia,2017.0,2,726049.0,0.0,0.0,726049.0,726049.0,726049.0,726049.0,726049.0,1.0,0.0,726049.0,726049.0
Bulgaria,41 Production of ammonia,2018.0,2,691841.0,0.0,0.0,691841.0,691841.0,691841.0,691841.0,691841.0,1.0,0.0,691841.0,691841.0
Bulgaria,41 Production of ammonia,2019.0,2,666977.0,0.0,0.0,666977.0,666977.0,666977.0,666977.0,666977.0,1.0,0.0,666977.0,666977.0
Bulgaria,41 Production of ammonia,2020.0,2,690432.0,0.0,0.0,690432.0,690432.0,690432.0,690432.0,690432.0,1.0,0.0,690432.0,690432.0
Bulgaria,41 Production of ammonia,2021.0,2,681436.0,0.0,0.0,681436.0,681436.0,681436.0,681436.0,681436.0,1.0,0.0,681436.0,681436.0
Bulgaria,41 Production of ammonia,2022.0,2,554714.0,0.0,0.0,554714.0,554714.0,554714.0,554714.0,554714.0,1.0,0.0,554714.0,554714.0
Bulgaria,41 Production of ammonia,2023.0,2,515627.0,0.0,0.0,515627.0,515627.0,515627.0,515627.0,515627.0,1.0,0.0,515627.0,515627.0
Bulgaria,44 Production of soda ash and sodium bicarbonate,2015.0,2,537133.0,0.0,0.0,537133.0,537133.0,537133.0,537133.0,537133.0,1.0,0.0,537133.0,537133.0
Bulgaria,44 Production of soda ash and sodium bicarbonate,2016.0,2,518707.0,0.0,0.0,518707.0,518707.0,518707.0,518707.0,518707.0,1.0,0.0,518707.0,518707.0
Bulgaria,44 Production of soda ash and sodium bicarbonate,2017.0,2,521238.0,0.0,0.0,521238.0,521238.0,521238.0,521238.0,521238.0,1.0,0.0,521238.0,521238.0
Bulgaria,44 Production of soda ash and sodium bicarbonate,2018.0,2,511604.0,0.0,0.0,511604.0,511604.0,511604.0,511604.0,511604.0,1.0,0.0,511604.0,511604.0
Bulgaria,44 Production of soda ash and sodium bicarbonate,2019.0,2,1711669.0,0.0,0.0,1711669.0,1711669.0,1711669.0,1711669.0,1711669.0,1.0,0.0,1711669.0,1711669.0
Bulgaria,44 Production of soda ash and sodium bicarbonate,2020.0,2,1494507.0,0.0,0.0,1494507.0,1494507.0,1494507.0,1494507.0,1494507.0,1.0,0.0,1494507.0,1494507.0
Bulgaria,44 Production of soda ash and sodium bicarbonate,2021.0,2,1827869.0,0.0,0.0,1827869.0,1827869.0,1827869.0,1827869.0,1827869.0,1.0,0.0,1827869.0,1827869.0
Bulgaria,44 Production of soda ash and sodium bicarbonate,2022.0,2,1736926.0,0.0,0.0,1736926.0,1736926.0,1736926.0,1736926.0,1736926.0,1.0,0.0,1736926.0,1736926.0
Bulgaria,44 Production of soda ash and sodium bicarbonate,2023.0,2,1386135.0,0.0,0.0,1386135.0,1386135.0,1386135.0,1386135.0,1386135.0,1.0,0.0,1386135.0,1386135.0
Croatia,10 Aviation,2015.0,2,154276.0,0.0,0.0,154276.0,154276.0,154276.0,154276.0,154276.0,1.0,0.0,154276.0,154276.0
Croatia,10 Aviation,2016.0,2,162454.0,0.0,0.0,162454.0,162454.0,162454.0,162454.0,162454.0,1.0,0.0,162454.0,162454.0
Croatia,10 Aviation,2017.0,2,171297.0,0.0,0.0,171297.0,171297.0,171297.0,171297.0,171297.0,1.0,0.0,171297.0,171297.0
Croatia,10 Aviation,2018.0,2,174695.0,0.0,0.0,174695.0,174695.0,174695.0,174695.0,174695.0,1.0,0.0,174695.0,174695.0
Croatia,10 Aviation,2019.0,2,178606.0,0.0,0.0,178606.0,178606.0,178606.0,178606.0,178606.0,1.0,0.0,178606.0,178606.0
Croatia,10 Aviation,2020.0,3,49885.333333333336,33923.576328106814,0.6800310644699874,16119.400000000001,37414.0,72905.0,73866.5,74443.4,4.618248818194225,-0.3247670212576397,1923.0,74828.0
Croatia,10 Aviation,2021.0,3,72525.33333333333,49630.028506495495,0.684313001063934,23168.2,54394.0,106437.0,107612.5,108317.8,4.675279046278951,-0.32612972018972664,2351.0,108788.0
Croatia,10 Aviation,2022.0,3,110386.66666666667,75195.59576346359,0.6812017975914686,35558.0,82790.0,161510.0,163545.0,164766.0,4.633725181393779,-0.32513991222772476,4070.0,165580.0
Croatia,10 Aviation,2023.0,3,115964.66666666667,78499.46673421137,0.6769257308336277,37781.6,86973.5,168960.0,171453.5,172949.6,4.577614500179982,-0.32377678258320053,4987.0,173947.0
Croatia,20 Combustion of fuels,2015.0,2,3269703.0,0.0,0.0,3269703.0,3269703.0,3269703.0,3269703.0,3269703.0,1.0,0.0,3269703.0,3269703.0
Croatia,20 Combustion of fuels,2016.0,2,3588251.0,0.0,0.0,3588251.0,3588251.0,3588251.0,3588251.0,3588251.0,1.0,0.0,3588251.0,3588251.0
Croatia,20 Combustion of fuels,2017.0,2,3197703.0,0.0,0.0,3197703.0,3197703.0,3197703.0,3197703.0,3197703.0,1.0,0.0,3197703.0,3197703.0
Croatia,20 Combustion of fuels,2018.0,2,2640359.0,0.0,0.0,2640359.0,2640359.0,2640359.0,2640359.0,2640359.0,1.0,0.0,2640359.0,2640359.0
Croatia,20 Combustion of fuels,2019.0,2,2939502.0,0.0,0.0,2939502.0,2939502.0,2939502.0,2939502.0,2939502.0,1.0,0.0,2939502.0,2939502.0
Croatia,20 Combustion of fuels,2020.0,2,2891303.0,0.0,0.0,2891303.0,2891303.0,2891303.0,2891303.0,2891303.0,1.0,0.0,2891303.0,2891303.0
Croatia,20 Combustion of fuels,2021.0,2,3004043.0,0.0,0.0,3004043.0,3004043.0,3004043.0,3004043.0,3004043.0,1.0,0.0,3004043.0,3004043.0
Croatia,20 Combustion of fuels,2022.0,2,3346977.0,0.0,0.0,3346977.0,3346977.0,3346977.0,3346977.0,3346977.0,1.0,0.0,3346977.0,3346977.0
Croatia,20 Combustion of fuels,2023.0,2,3318094.0,0.0,0.0,3318094.0,3318094.0,3318094.0,3318094.0,3318094.0,1.0,0.0,3318094.0,3318094.0
Croatia,20-99 All stationary installations,2015.0,2,8386120.0,0.0,0.0,8386120.0,8386120.0,8386120.0,8386120.0,8386120.0,1.0,0.0,8386120.0,8386120.0
Croatia,20-99 All stationary installations,2016.0,2,8267141.0,0.0,0.0,8267141.0,8267141.0,8267141.0,8267141.0,8267141.0,1.0,0.0,8267141.0,8267141.0
Croatia,20-99 All stationary installations,2017.0,2,8367776.0,0.0,0.0,8367776.0,8367776.0,8367776.0,8367776.0,8367776.0,1.0,0.0,8367776.0,8367776.0
Croatia,20-99 All stationary installations,2018.0,2,7444621.0,0.0,0.0,7444621.0,7444621.0,7444621.0,7444621.0,7444621.0,1.0,0.0,7444621.0,7444621.0
Croatia,20-99 All stationary installations,2019.0,2,7514711.0,0.0,0.0,7514711.0,7514711.0,7514711.0,7514711.0,7514711.0,1.0,0.0,7514711.0,7514711.0
Croatia,20-99 All stationary installations,2020.0,2,7323810.0,0.0,0.0,7323810.0,7323810.0,7323810.0,7323810.0,7323810.0,1.0,0.0,7323810.0,7323810.0
Croatia,20-99 All stationary installations,2021.0,2,6996696.0,0.0,0.0,6996696.0,6996696.0,6996696.0,6996696.0,6996696.0,1.0,0.0,6996696.0,6996696.0
Croatia,20-99 All stationary installations,2022.0,2,6455403.0,0.0,0.0,6455403.0,6455403.0,6455403.0,6455403.0,6455403.0,1.0,0.0,6455403.0,6455403.0
Croatia,20-99 All stationary installations,2023.0,2,6567049.0,0.0,0.0,6567049.0,6567049.0,6567049.0,6567049.0,6567049.0,1.0,0.0,6567049.0,6567049.0
Croatia,21  Refining of mineral oil,2015.0,2,1319967.0,0.0,0.0,1319967.0,1319967.0,1319967.0,1319967.0,1319967.0,1.0,0.0,1319967.0,1319967.0
Croatia,21  Refining of mineral oil,2016.0,2,1301702.0,0.0,0.0,1301702.0,1301702.0,1301702.0,1301702.0,1301702.0,1.0,0.0,1301702.0,1301702.0
Croatia,21  Refining of mineral oil,2017.0,2,1343886.0,0.0,0.0,1343886.0,1343886.0,1343886.0,1343886.0,1343886.0,1.0,0.0,1343886.0,1343886.0
Croatia,21  Refining of mineral oil,2018.0,2,1316700.0,0.0,0.0,1316700.0,1316700.0,1316700.0,1316700.0,1316700.0,1.0,0.0,1316700.0,1316700.0
Croatia,21  Refining of mineral oil,2019.0,2,1016922.0,0.0,0.0,1016922.0,1016922.0,1016922.0,1016922.0,1016922.0,1.0,0.0,1016922.0,1016922.0
Croatia,21  Refining of mineral oil,2020.0,2,806029.0,0.0,0.0,806029.0,806029.0,806029.0,806029.0,806029.0,1.0,0.0,806029.0,806029.0
Croatia,21  Refining of mineral oil,2021.0,2,733819.0,0.0,0.0,733819.0,733819.0,733819.0,733819.0,733819.0,1.0,0.0,733819.0,733819.0
Croatia,21  Refining of mineral oil,2022.0,2,698532.0,0.0,0.0,698532.0,698532.0,698532.0,698532.0,698532.0,1.0,0.0,698532.0,698532.0
Croatia,21  Refining of mineral oil,2023.0,2,678325.0,0.0,0.0,678325.0,678325.0,678325.0,678325.0,678325.0,1.0,0.0,678325.0,678325.0
Croatia,21-99 All industrial installations (excl. combustion),2015.0,2,5116417.0,0.0,0.0,5116417.0,5116417.0,5116417.0,5116417.0,5116417.0,1.0,0.0,5116417.0,5116417.0
Croatia,21-99 All industrial installations (excl. combustion),2016.0,2,4678890.0,0.0,0.0,4678890.0,4678890.0,4678890.0,4678890.0,4678890.0,1.0,0.0,4678890.0,4678890.0
Croatia,21-99 All industrial installations (excl. combustion),2017.0,2,5170073.0,0.0,0.0,5170073.0,5170073.0,5170073.0,5170073.0,5170073.0,1.0,0.0,5170073.0,5170073.0
Croatia,21-99 All industrial installations (excl. combustion),2018.0,2,4804262.0,0.0,0.0,4804262.0,4804262.0,4804262.0,4804262.0,4804262.0,1.0,0.0,4804262.0,4804262.0
Croatia,21-99 All industrial installations (excl. combustion),2019.0,2,4575209.0,0.0,0.0,4575209.0,4575209.0,4575209.0,4575209.0,4575209.0,1.0,0.0,4575209.0,4575209.0
Croatia,21-99 All industrial installations (excl. combustion),2020.0,2,4432507.0,0.0,0.0,4432507.0,4432507.0,4432507.0,4432507.0,4432507.0,1.0,0.0,4432507.0,4432507.0
Croatia,21-99 All industrial installations (excl. combustion),2021.0,2,3992653.0,0.0,0.0,3992653.0,3992653.0,3992653.0,3992653.0,3992653.0,1.0,0.0,3992653.0,3992653.0
Croatia,21-99 All industrial installations (excl. combustion),2022.0,2,3108426.0,0.0,0.0,3108426.0,3108426.0,3108426.0,3108426.0,3108426.0,1.0,0.0,3108426.0,3108426.0
Croatia,21-99 All industrial installations (excl. combustion),2023.0,2,3248955.0,0.0,0.0,3248955.0,3248955.0,3248955.0,3248955.0,3248955.0,1.0,0.0,3248955.0,3248955.0
Croatia,24  Production of pig iron or steel,2015.0,2,22612.0,0.0,0.0,22612.0,22612.0,22612.0,22612.0,22612.0,1.0,0.0,22612.0,22612.0
Croatia,24  Production of pig iron or steel,2016.0,2,4394.0,0.0,0.0,4394.0,4394.0,4394.0,4394.0,4394.0,1.0,0.0,4394.0,4394.0
Croatia,24  Production of pig iron or steel,2017.0,2,4722.0,0.0,0.0,4722.0,4722.0,4722.0,4722.0,4722.0,1.0,0.0,4722.0,4722.0
Croatia,24  Production of pig iron or steel,2018.0,2,23103.0,0.0,0.0,23103.0,23103.0,23103.0,23103.0,23103.0,1.0,0.0,23103.0,23103.0
Croatia,24  Production of pig iron or steel,2019.0,2,13576.0,0.0,0.0,13576.0,13576.0,13576.0,13576.0,13576.0,1.0,0.0,13576.0,13576.0
Croatia,24  Production of pig iron or steel,2020.0,2,10389.0,0.0,0.0,10389.0,10389.0,10389.0,10389.0,10389.0,1.0,0.0,10389.0,10389.0
Croatia,24  Production of pig iron or steel,2021.0,2,25512.0,0.0,0.0,25512.0,25512.0,25512.0,25512.0,25512.0,1.0,0.0,25512.0,25512.0
Croatia,24  Production of pig iron or steel,2022.0,2,25041.0,0.0,0.0,25041.0,25041.0,25041.0,25041.0,25041.0,1.0,0.0,25041.0,25041.0
Croatia,24  Production of pig iron or steel,2023.0,2,33099.0,0.0,0.0,33099.0,33099.0,33099.0,33099.0,33099.0,1.0,0.0,33099.0,33099.0
Croatia,27 Production of secondary aluminium,2019.0,2,7251.0,0.0,0.0,7251.0,7251.0,7251.0,7251.0,7251.0,1.0,0.0,7251.0,7251.0
Croatia,27 Production of secondary aluminium,2020.0,2,15188.0,0.0,0.0,15188.0,15188.0,15188.0,15188.0,15188.0,1.0,0.0,15188.0,15188.0
Croatia,27 Production of secondary aluminium,2021.0,2,16874.0,0.0,0.0,16874.0,16874.0,16874.0,16874.0,16874.0,1.0,0.0,16874.0,16874.0
Croatia,27 Production of secondary aluminium,2022.0,2,14562.0,0.0,0.0,14562.0,14562.0,14562.0,14562.0,14562.0,1.0,0.0,14562.0,14562.0
Croatia,27 Production of secondary aluminium,2023.0,2,15151.0,0.0,0.0,15151.0,15151.0,15151.0,15151.0,15151.0,1.0,0.0,15151.0,15151.0
Croatia,29 Production of cement clinker,2015.0,2,1895922.0,0.0,0.0,1895922.0,1895922.0,1895922.0,1895922.0,1895922.0,1.0,0.0,1895922.0,1895922.0
Croatia,29 Production of cement clinker,2016.0,2,1765093.0,0.0,0.0,1765093.0,1765093.0,1765093.0,1765093.0,1765093.0,1.0,0.0,1765093.0,1765093.0
Croatia,29 Production of cement clinker,2017.0,2,2097914.0,0.0,0.0,2097914.0,2097914.0,2097914.0,2097914.0,2097914.0,1.0,0.0,2097914.0,2097914.0
Croatia,29 Production of cement clinker,2018.0,2,1961720.0,0.0,0.0,1961720.0,1961720.0,1961720.0,1961720.0,1961720.0,1.0,0.0,1961720.0,1961720.0
Croatia,29 Production of cement clinker,2019.0,2,1890088.0,0.0,0.0,1890088.0,1890088.0,1890088.0,1890088.0,1890088.0,1.0,0.0,1890088.0,1890088.0
Croatia,29 Production of cement clinker,2020.0,2,1946533.0,0.0,0.0,1946533.0,1946533.0,1946533.0,1946533.0,1946533.0,1.0,0.0,1946533.0,1946533.0
Croatia,29 Production of cement clinker,2021.0,2,1950373.0,0.0,0.0,1950373.0,1950373.0,1950373.0,1950373.0,1950373.0,1.0,0.0,1950373.0,1950373.0
Croatia,29 Production of cement clinker,2022.0,2,1783156.0,0.0,0.0,1783156.0,1783156.0,1783156.0,1783156.0,1783156.0,1.0,0.0,1783156.0,1783156.0
Croatia,29 Production of cement clinker,2023.0,2,1788504.0,0.0,0.0,1788504.0,1788504.0,1788504.0,1788504.0,1788504.0,1.0,0.0,1788504.0,1788504.0
Croatia,"30 Production of lime, or calcination of dolomite/magnesite",2015.0,2,86403.0,0.0,0.0,86403.0,86403.0,86403.0,86403.0,86403.0,1.0,0.0,86403.0,86403.0
Croatia,"30 Production of lime, or calcination of dolomite/magnesite",2016.0,2,77392.0,0.0,0.0,77392.0,77392.0,77392.0,77392.0,77392.0,1.0,0.0,77392.0,77392.0
Croatia,"30 Production of lime, or calcination of dolomite/magnesite",2017.0,2,100379.0,0.0,0.0,100379.0,100379.0,100379.0,100379.0,100379.0,1.0,0.0,100379.0,100379.0
Croatia,"30 Production of lime, or calcination of dolomite/magnesite",2018.0,2,107234.0,0.0,0.0,107234.0,107234.0,107234.0,107234.0,107234.0,1.0,0.0,107234.0,107234.0
Croatia,"30 Production of lime, or calcination of dolomite/magnesite",2019.0,2,114175.0,0.0,0.0,114175.0,114175.0,114175.0,114175.0,114175.0,1.0,0.0,114175.0,114175.0
Croatia,"30 Production of lime, or calcination of dolomite/magnesite",2020.0,2,126993.0,0.0,0.0,126993.0,126993.0,126993.0,126993.0,126993.0,1.0,0.0,126993.0,126993.0
Croatia,"30 Production of lime, or calcination of dolomite/magnesite",2021.0,2,148899.0,0.0,0.0,148899.0,148899.0,148899.0,148899.0,148899.0,1.0,0.0,148899.0,148899.0
Croatia,"30 Production of lime, or calcination of dolomite/magnesite",2022.0,2,133239.0,0.0,0.0,133239.0,133239.0,133239.0,133239.0,133239.0,1.0,0.0,133239.0,133239.0
Croatia,"30 Production of lime, or calcination of dolomite/magnesite",2023.0,2,116790.0,0.0,0.0,116790.0,116790.0,116790.0,116790.0,116790.0,1.0,0.0,116790.0,116790.0
Croatia,31 Manufacture of glass,2015.0,2,104150.0,0.0,0.0,104150.0,104150.0,104150.0,104150.0,104150.0,1.0,0.0,104150.0,104150.0
Croatia,31 Manufacture of glass,2016.0,2,108328.0,0.0,0.0,108328.0,108328.0,108328.0,108328.0,108328.0,1.0,0.0,108328.0,108328.0
Croatia,31 Manufacture of glass,2017.0,2,107493.0,0.0,0.0,107493.0,107493.0,107493.0,107493.0,107493.0,1.0,0.0,107493.0,107493.0
Croatia,31 Manufacture of glass,2018.0,2,106370.0,0.0,0.0,106370.0,106370.0,106370.0,106370.0,106370.0,1.0,0.0,106370.0,106370.0
Croatia,31 Manufacture of glass,2019.0,2,105329.0,0.0,0.0,105329.0,105329.0,105329.0,105329.0,105329.0,1.0,0.0,105329.0,105329.0
Croatia,31 Manufacture of glass,2020.0,2,95449.0,0.0,0.0,95449.0,95449.0,95449.0,95449.0,95449.0,1.0,0.0,95449.0,95449.0
Croatia,31 Manufacture of glass,2021.0,2,111834.0,0.0,0.0,111834.0,111834.0,111834.0,111834.0,111834.0,1.0,0.0,111834.0,111834.0
Croatia,31 Manufacture of glass,2022.0,2,117145.0,0.0,0.0,117145.0,117145.0,117145.0,117145.0,117145.0,1.0,0.0,117145.0,117145.0
Croatia,31 Manufacture of glass,2023.0,2,118540.0,0.0,0.0,118540.0,118540.0,118540.0,118540.0,118540.0,1.0,0.0,118540.0,118540.0
Croatia,32 Manufacture of ceramics,2015.0,2,75829.0,0.0,0.0,75829.0,75829.0,75829.0,75829.0,75829.0,1.0,0.0,75829.0,75829.0
Croatia,32 Manufacture of ceramics,2016.0,2,78241.0,0.0,0.0,78241.0,78241.0,78241.0,78241.0,78241.0,1.0,0.0,78241.0,78241.0
Croatia,32 Manufacture of ceramics,2017.0,2,74772.0,0.0,0.0,74772.0,74772.0,74772.0,74772.0,74772.0,1.0,0.0,74772.0,74772.0
Croatia,32 Manufacture of ceramics,2018.0,2,83713.0,0.0,0.0,83713.0,83713.0,83713.0,83713.0,83713.0,1.0,0.0,83713.0,83713.0
Croatia,32 Manufacture of ceramics,2019.0,2,58532.0,0.0,0.0,58532.0,58532.0,58532.0,58532.0,58532.0,1.0,0.0,58532.0,58532.0
Croatia,32 Manufacture of ceramics,2020.0,2,56143.0,0.0,0.0,56143.0,56143.0,56143.0,56143.0,56143.0,1.0,0.0,56143.0,56143.0
Croatia,32 Manufacture of ceramics,2021.0,2,52256.0,0.0,0.0,52256.0,52256.0,52256.0,52256.0,52256.0,1.0,0.0,52256.0,52256.0
Croatia,32 Manufacture of ceramics,2022.0,2,56197.0,0.0,0.0,56197.0,56197.0,56197.0,56197.0,56197.0,1.0,0.0,56197.0,56197.0
Croatia,32 Manufacture of ceramics,2023.0,2,46343.0,0.0,0.0,46343.0,46343.0,46343.0,46343.0,46343.0,1.0,0.0,46343.0,46343.0
Croatia,33 Manufacture of mineral wool,2015.0,2,92914.0,0.0,0.0,92914.0,92914.0,92914.0,92914.0,92914.0,1.0,0.0,92914.0,92914.0
Croatia,33 Manufacture of mineral wool,2016.0,2,96535.0,0.0,0.0,96535.0,96535.0,96535.0,96535.0,96535.0,1.0,0.0,96535.0,96535.0
Croatia,33 Manufacture of mineral wool,2017.0,2,104856.0,0.0,0.0,104856.0,104856.0,104856.0,104856.0,104856.0,1.0,0.0,104856.0,104856.0
Croatia,33 Manufacture of mineral wool,2018.0,2,103563.0,0.0,0.0,103563.0,103563.0,103563.0,103563.0,103563.0,1.0,0.0,103563.0,103563.0
Croatia,33 Manufacture of mineral wool,2019.0,2,101555.0,0.0,0.0,101555.0,101555.0,101555.0,101555.0,101555.0,1.0,0.0,101555.0,101555.0
Croatia,33 Manufacture of mineral wool,2020.0,2,98146.0,0.0,0.0,98146.0,98146.0,98146.0,98146.0,98146.0,1.0,0.0,98146.0,98146.0
Croatia,33 Manufacture of mineral wool,2021.0,2,106728.0,0.0,0.0,106728.0,106728.0,106728.0,106728.0,106728.0,1.0,0.0,106728.0,106728.0
Croatia,33 Manufacture of mineral wool,2022.0,2,103036.0,0.0,0.0,103036.0,103036.0,103036.0,103036.0,103036.0,1.0,0.0,103036.0,103036.0
Croatia,33 Manufacture of mineral wool,2023.0,2,93901.0,0.0,0.0,93901.0,93901.0,93901.0,93901.0,93901.0,1.0,0.0,93901.0,93901.0
Croatia,36 Production of paper or cardboard,2019.0,2,10966.0,0.0,0.0,10966.0,10966.0,10966.0,10966.0,10966.0,1.0,0.0,10966.0,10966.0
Croatia,36 Production of paper or cardboard,2020.0,2,13628.0,0.0,0.0,13628.0,13628.0,13628.0,13628.0,13628.0,1.0,0.0,13628.0,13628.0
Croatia,36 Production of paper or cardboard,2021.0,2,13708.0,0.0,0.0,13708.0,13708.0,13708.0,13708.0,13708.0,1.0,0.0,13708.0,13708.0
Croatia,36 Production of paper or cardboard,2022.0,2,14090.0,0.0,0.0,14090.0,14090.0,14090.0,14090.0,14090.0,1.0,0.0,14090.0,14090.0
Croatia,36 Production of paper or cardboard,2023.0,2,13400.0,0.0,0.0,13400.0,13400.0,13400.0,13400.0,13400.0,1.0,0.0,13400.0,13400.0
Croatia,41 Production of ammonia,2015.0,2,1518620.0,0.0,0.0,1518620.0,1518620.0,1518620.0,1518620.0,1518620.0,1.0,0.0,1518620.0,1518620.0
Croatia,41 Production of ammonia,2016.0,2,1247205.0,0.0,0.0,1247205.0,1247205.0,1247205.0,1247205.0,1247205.0,1.0,0.0,1247205.0,1247205.0
Croatia,41 Production of ammonia,2017.0,2,1336051.0,0.0,0.0,1336051.0,1336051.0,1336051.0,1336051.0,1336051.0,1.0,0.0,1336051.0,1336051.0
Croatia,41 Production of ammonia,2018.0,2,1101859.0,0.0,0.0,1101859.0,1101859.0,1101859.0,1101859.0,1101859.0,1.0,0.0,1101859.0,1101859.0
Croatia,41 Production of ammonia,2019.0,2,1256815.0,0.0,0.0,1256815.0,1256815.0,1256815.0,1256815.0,1256815.0,1.0,0.0,1256815.0,1256815.0
Croatia,41 Production of ammonia,2020.0,2,1264009.0,0.0,0.0,1264009.0,1264009.0,1264009.0,1264009.0,1264009.0,1.0,0.0,1264009.0,1264009.0
Croatia,41 Production of ammonia,2021.0,2,832650.0,0.0,0.0,832650.0,832650.0,832650.0,832650.0,832650.0,1.0,0.0,832650.0,832650.0
Croatia,41 Production of ammonia,2022.0,2,163428.0,0.0,0.0,163428.0,163428.0,163428.0,163428.0,163428.0,1.0,0.0,163428.0,163428.0
Croatia,41 Production of ammonia,2023.0,2,344902.0,0.0,0.0,344902.0,344902.0,344902.0,344902.0,344902.0,1.0,0.0,344902.0,344902.0
Cyprus,10 Aviation,2015.0,2,2761.0,0.0,0.0,2761.0,2761.0,2761.0,2761.0,2761.0,1.0,0.0,2761.0,2761.0
Cyprus,10 Aviation,2016.0,2,36633.0,0.0,0.0,36633.0,36633.0,36633.0,36633.0,36633.0,1.0,0.0,36633.0,36633.0
Cyprus,10 Aviation,2017.0,2,102553.0,0.0,0.0,102553.0,102553.0,102553.0,102553.0,102553.0,1.0,0.0,102553.0,102553.0
Cyprus,10 Aviation,2018.0,2,24490.0,0.0,0.0,24490.0,24490.0,24490.0,24490.0,24490.0,1.0,0.0,24490.0,24490.0
Cyprus,10 Aviation,2019.0,2,28831.0,0.0,0.0,28831.0,28831.0,28831.0,28831.0,28831.0,1.0,0.0,28831.0,28831.0
Cyprus,10 Aviation,2020.0,3,8182.666666666667,5301.492703841899,0.6478930304515926,2872.4,6137.0,11578.0,11926.0,12134.8,4.2246205263890815,-0.3144315898104393,696.0,12274.0
Cyprus,10 Aviation,2021.0,3,4975.333333333333,3491.9616581832947,0.7018548153925958,1514.8000000000002,3731.5,7426.0,7444.5,7455.6,4.921837866385001,-0.33168073607575144,37.0,7463.0
Cyprus,10 Aviation,2022.0,3,22070.666666666668,15572.389269330366,0.7055695011174877,6650.0,16553.0,33058.0,33082.0,33096.4,4.976902255639098,-0.3328500372540728,48.0,33106.0
Cyprus,10 Aviation,2023.0,3,41544.0,28203.41742886253,0.6788806429054143,13465.2,31158.0,60646.0,61481.0,61982.0,4.603125092831893,-0.32440036801677463,1670.0,62316.0
Cyprus,20 Combustion of fuels,2015.0,2,3023003.0,0.0,0.0,3023003.0,3023003.0,3023003.0,3023003.0,3023003.0,1.0,0.0,3023003.0,3023003.0
Cyprus,20 Combustion of fuels,2016.0,2,3300001.0,0.0,0.0,3300001.0,3300001.0,3300001.0,3300001.0,3300001.0,1.0,0.0,3300001.0,3300001.0
Cyprus,20 Combustion of fuels,2017.0,2,3287834.0,0.0,0.0,3287834.0,3287834.0,3287834.0,3287834.0,3287834.0,1.0,0.0,3287834.0,3287834.0
Cyprus,20 Combustion of fuels,2018.0,2,3342360.0,0.0,0.0,3342360.0,3342360.0,3342360.0,3342360.0,3342360.0,1.0,0.0,3342360.0,3342360.0
Cyprus,20 Combustion of fuels,2019.0,2,3282056.0,0.0,0.0,3282056.0,3282056.0,3282056.0,3282056.0,3282056.0,1.0,0.0,3282056.0,3282056.0
Cyprus,20 Combustion of fuels,2020.0,2,3003729.0,0.0,0.0,3003729.0,3003729.0,3003729.0,3003729.0,3003729.0,1.0,0.0,3003729.0,3003729.0
Cyprus,20 Combustion of fuels,2021.0,2,3077688.0,0.0,0.0,3077688.0,3077688.0,3077688.0,3077688.0,3077688.0,1.0,0.0,3077688.0,3077688.0
Cyprus,20 Combustion of fuels,2022.0,2,3098942.0,0.0,0.0,3098942.0,3098942.0,3098942.0,3098942.0,3098942.0,1.0,0.0,3098942.0,3098942.0
Cyprus,20 Combustion of fuels,2023.0,2,3049920.0,0.0,0.0,3049920.0,3049920.0,3049920.0,3049920.0,3049920.0,1.0,0.0,3049920.0,3049920.0
Cyprus,20-99 All stationary installations,2015.0,2,4369326.0,0.0,0.0,4369326.0,4369326.0,4369326.0,4369326.0,4369326.0,1.0,0.0,4369326.0,4369326.0
Cyprus,20-99 All stationary installations,2016.0,2,4649223.0,0.0,0.0,4649223.0,4649223.0,4649223.0,4649223.0,4649223.0,1.0,0.0,4649223.0,4649223.0
Cyprus,20-99 All stationary installations,2017.0,2,4672871.0,0.0,0.0,4672871.0,4672871.0,4672871.0,4672871.0,4672871.0,1.0,0.0,4672871.0,4672871.0
Cyprus,20-99 All stationary installations,2018.0,2,4585570.0,0.0,0.0,4585570.0,4585570.0,4585570.0,4585570.0,4585570.0,1.0,0.0,4585570.0,4585570.0
Cyprus,20-99 All stationary installations,2019.0,2,4471662.0,0.0,0.0,4471662.0,4471662.0,4471662.0,4471662.0,4471662.0,1.0,0.0,4471662.0,4471662.0
Cyprus,20-99 All stationary installations,2020.0,2,4294888.0,0.0,0.0,4294888.0,4294888.0,4294888.0,4294888.0,4294888.0,1.0,0.0,4294888.0,4294888.0
Cyprus,20-99 All stationary installations,2021.0,2,4314996.0,0.0,0.0,4314996.0,4314996.0,4314996.0,4314996.0,4314996.0,1.0,0.0,4314996.0,4314996.0
Cyprus,20-99 All stationary installations,2022.0,2,4328319.0,0.0,0.0,4328319.0,4328319.0,4328319.0,4328319.0,4328319.0,1.0,0.0,4328319.0,4328319.0
Cyprus,20-99 All stationary installations,2023.0,2,4343281.0,0.0,0.0,4343281.0,4343281.0,4343281.0,4343281.0,4343281.0,1.0,0.0,4343281.0,4343281.0
Cyprus,21-99 All industrial installations (excl. combustion),2015.0,2,1346323.0,0.0,0.0,1346323.0,1346323.0,1346323.0,1346323.0,1346323.0,1.0,0.0,1346323.0,1346323.0
Cyprus,21-99 All industrial installations (excl. combustion),2016.0,2,1349222.0,0.0,0.0,1349222.0,1349222.0,1349222.0,1349222.0,1349222.0,1.0,0.0,1349222.0,1349222.0
Cyprus,21-99 All industrial installations (excl. combustion),2017.0,2,1385037.0,0.0,0.0,1385037.0,1385037.0,1385037.0,1385037.0,1385037.0,1.0,0.0,1385037.0,1385037.0
Cyprus,21-99 All industrial installations (excl. combustion),2018.0,2,1243210.0,0.0,0.0,1243210.0,1243210.0,1243210.0,1243210.0,1243210.0,1.0,0.0,1243210.0,1243210.0
Cyprus,21-99 All industrial installations (excl. combustion),2019.0,2,1189606.0,0.0,0.0,1189606.0,1189606.0,1189606.0,1189606.0,1189606.0,1.0,0.0,1189606.0,1189606.0
Cyprus,21-99 All industrial installations (excl. combustion),2020.0,2,1291159.0,0.0,0.0,1291159.0,1291159.0,1291159.0,1291159.0,1291159.0,1.0,0.0,1291159.0,1291159.0
Cyprus,21-99 All industrial installations (excl. combustion),2021.0,2,1237308.0,0.0,0.0,1237308.0,1237308.0,1237308.0,1237308.0,1237308.0,1.0,0.0,1237308.0,1237308.0
Cyprus,21-99 All industrial installations (excl. combustion),2022.0,2,1229377.0,0.0,0.0,1229377.0,1229377.0,1229377.0,1229377.0,1229377.0,1.0,0.0,1229377.0,1229377.0
Cyprus,21-99 All industrial installations (excl. combustion),2023.0,2,1293361.0,0.0,0.0,1293361.0,1293361.0,1293361.0,1293361.0,1293361.0,1.0,0.0,1293361.0,1293361.0
Cyprus,29 Production of cement clinker,2015.0,2,1326076.0,0.0,0.0,1326076.0,1326076.0,1326076.0,1326076.0,1326076.0,1.0,0.0,1326076.0,1326076.0
Cyprus,29 Production of cement clinker,2016.0,2,1323548.0,0.0,0.0,1323548.0,1323548.0,1323548.0,1323548.0,1323548.0,1.0,0.0,1323548.0,1323548.0
Cyprus,29 Production of cement clinker,2017.0,2,1352831.0,0.0,0.0,1352831.0,1352831.0,1352831.0,1352831.0,1352831.0,1.0,0.0,1352831.0,1352831.0
Cyprus,29 Production of cement clinker,2018.0,2,1210929.0,0.0,0.0,1210929.0,1210929.0,1210929.0,1210929.0,1210929.0,1.0,0.0,1210929.0,1210929.0
Cyprus,29 Production of cement clinker,2019.0,2,1142452.0,0.0,0.0,1142452.0,1142452.0,1142452.0,1142452.0,1142452.0,1.0,0.0,1142452.0,1142452.0
Cyprus,29 Production of cement clinker,2020.0,2,1249819.0,0.0,0.0,1249819.0,1249819.0,1249819.0,1249819.0,1249819.0,1.0,0.0,1249819.0,1249819.0
Cyprus,29 Production of cement clinker,2021.0,2,1196620.0,0.0,0.0,1196620.0,1196620.0,1196620.0,1196620.0,1196620.0,1.0,0.0,1196620.0,1196620.0
Cyprus,29 Production of cement clinker,2022.0,2,1186720.0,0.0,0.0,1186720.0,1186720.0,1186720.0,1186720.0,1186720.0,1.0,0.0,1186720.0,1186720.0
Cyprus,29 Production of cement clinker,2023.0,2,1249178.0,0.0,0.0,1249178.0,1249178.0,1249178.0,1249178.0,1249178.0,1.0,0.0,1249178.0,1249178.0
Cyprus,32 Manufacture of ceramics,2015.0,2,20247.0,0.0,0.0,20247.0,20247.0,20247.0,20247.0,20247.0,1.0,0.0,20247.0,20247.0
Cyprus,32 Manufacture of ceramics,2016.0,2,25674.0,0.0,0.0,25674.0,25674.0,25674.0,25674.0,25674.0,1.0,0.0,25674.0,25674.0
Cyprus,32 Manufacture of ceramics,2017.0,2,32206.0,0.0,0.0,32206.0,32206.0,32206.0,32206.0,32206.0,1.0,0.0,32206.0,32206.0
Cyprus,32 Manufacture of ceramics,2018.0,2,32281.0,0.0,0.0,32281.0,32281.0,32281.0,32281.0,32281.0,1.0,0.0,32281.0,32281.0
Cyprus,32 Manufacture of ceramics,2019.0,2,47154.0,0.0,0.0,47154.0,47154.0,47154.0,47154.0,47154.0,1.0,0.0,47154.0,47154.0
Cyprus,32 Manufacture of ceramics,2020.0,2,41340.0,0.0,0.0,41340.0,41340.0,41340.0,41340.0,41340.0,1.0,0.0,41340.0,41340.0
Cyprus,32 Manufacture of ceramics,2021.0,2,40688.0,0.0,0.0,40688.0,40688.0,40688.0,40688.0,40688.0,1.0,0.0,40688.0,40688.0
Cyprus,32 Manufacture of ceramics,2022.0,2,42657.0,0.0,0.0,42657.0,42657.0,42657.0,42657.0,42657.0,1.0,0.0,42657.0,42657.0
Cyprus,32 Manufacture of ceramics,2023.0,2,44183.0,0.0,0.0,44183.0,44183.0,44183.0,44183.0,44183.0,1.0,0.0,44183.0,44183.0
Czechia,10 Aviation,2015.0,2,430429.0,0.0,0.0,430429.0,430429.0,430429.0,430429.0,430429.0,1.0,0.0,430429.0,430429.0
Czechia,10 Aviation,2016.0,2,478557.0,0.0,0.0,478557.0,478557.0,478557.0,478557.0,478557.0,1.0,0.0,478557.0,478557.0
Czechia,10 Aviation,2017.0,2,495045.0,0.0,0.0,495045.0,495045.0,495045.0,495045.0,495045.0,1.0,0.0,495045.0,495045.0
Czechia,10 Aviation,2018.0,2,512962.0,0.0,0.0,512962.0,512962.0,512962.0,512962.0,512962.0,1.0,0.0,512962.0,512962.0
Czechia,10 Aviation,2019.0,2,484353.0,0.0,0.0,484353.0,484353.0,484353.0,484353.0,484353.0,1.0,0.0,484353.0,484353.0
Czechia,10 Aviation,2020.0,3,66229.33333333333,46685.622464404274,0.704908536968578,19992.4,49672.0,99138.0,99241.0,99302.8,4.967027470438767,-0.3326421323884683,206.0,99344.0
Czechia,10 Aviation,2021.0,3,109550.66666666667,76890.56317188013,0.7018721611785121,33352.4,82163.0,163514.0,163920.0,164163.6,4.922092563053933,-0.33168620100694146,812.0,164326.0
Czechia,10 Aviation,2022.0,3,174041.33333333334,122327.62434362712,0.702865359628903,52839.4,130531.0,260017.0,260539.5,260853.0,4.936713891527913,-0.33199903981940415,1045.0,261062.0
Czechia,10 Aviation,2023.0,3,175089.33333333334,122885.94078882888,0.7018470997024122,53309.200000000004,131317.0,261330.0,261982.0,262373.2,4.921724580372619,-0.33167830516993213,1304.0,262634.0
Czechia,20 Combustion of fuels,2015.0,2,54587818.0,0.0,0.0,54587818.0,54587818.0,54587818.0,54587818.0,54587818.0,1.0,0.0,54587818.0,54587818.0
Czechia,20 Combustion of fuels,2016.0,2,55100713.0,0.0,0.0,55100713.0,55100713.0,55100713.0,55100713.0,55100713.0,1.0,0.0,55100713.0,55100713.0
Czechia,20 Combustion of fuels,2017.0,2,54732140.0,0.0,0.0,54732140.0,54732140.0,54732140.0,54732140.0,54732140.0,1.0,0.0,54732140.0,54732140.0
Czechia,20 Combustion of fuels,2018.0,2,54058794.0,0.0,0.0,54058794.0,54058794.0,54058794.0,54058794.0,54058794.0,1.0,0.0,54058794.0,54058794.0
Czechia,20 Combustion of fuels,2019.0,2,50135646.0,0.0,0.0,50135646.0,50135646.0,50135646.0,50135646.0,50135646.0,1.0,0.0,50135646.0,50135646.0
Czechia,20 Combustion of fuels,2020.0,2,42777609.0,0.0,0.0,42777609.0,42777609.0,42777609.0,42777609.0,42777609.0,1.0,0.0,42777609.0,42777609.0
Czechia,20 Combustion of fuels,2021.0,2,45239652.0,0.0,0.0,45239652.0,45239652.0,45239652.0,45239652.0,45239652.0,1.0,0.0,45239652.0,45239652.0
Czechia,20 Combustion of fuels,2022.0,2,45641622.0,0.0,0.0,45641622.0,45641622.0,45641622.0,45641622.0,45641622.0,1.0,0.0,45641622.0,45641622.0
Czechia,20 Combustion of fuels,2023.0,2,37277033.0,0.0,0.0,37277033.0,37277033.0,37277033.0,37277033.0,37277033.0,1.0,0.0,37277033.0,37277033.0
Czechia,20-99 All stationary installations,2015.0,2,66648045.0,0.0,0.0,66648045.0,66648045.0,66648045.0,66648045.0,66648045.0,1.0,0.0,66648045.0,66648045.0
Czechia,20-99 All stationary installations,2016.0,2,67530907.0,0.0,0.0,67530907.0,67530907.0,67530907.0,67530907.0,67530907.0,1.0,0.0,67530907.0,67530907.0
Czechia,20-99 All stationary installations,2017.0,2,66975758.0,0.0,0.0,66975758.0,66975758.0,66975758.0,66975758.0,66975758.0,1.0,0.0,66975758.0,66975758.0
Czechia,20-99 All stationary installations,2018.0,2,66913386.0,0.0,0.0,66913386.0,66913386.0,66913386.0,66913386.0,66913386.0,1.0,0.0,66913386.0,66913386.0
Czechia,20-99 All stationary installations,2019.0,2,62519244.0,0.0,0.0,62519244.0,62519244.0,62519244.0,62519244.0,62519244.0,1.0,0.0,62519244.0,62519244.0
Czechia,20-99 All stationary installations,2020.0,2,54675715.0,0.0,0.0,54675715.0,54675715.0,54675715.0,54675715.0,54675715.0,1.0,0.0,54675715.0,54675715.0
Czechia,20-99 All stationary installations,2021.0,2,57871344.0,0.0,0.0,57871344.0,57871344.0,57871344.0,57871344.0,57871344.0,1.0,0.0,57871344.0,57871344.0
Czechia,20-99 All stationary installations,2022.0,2,57044774.0,0.0,0.0,57044774.0,57044774.0,57044774.0,57044774.0,57044774.0,1.0,0.0,57044774.0,57044774.0
Czechia,20-99 All stationary installations,2023.0,2,46671393.0,0.0,0.0,46671393.0,46671393.0,46671393.0,46671393.0,46671393.0,1.0,0.0,46671393.0,46671393.0
Czechia,21  Refining of mineral oil,2015.0,2,925482.0,0.0,0.0,925482.0,925482.0,925482.0,925482.0,925482.0,1.0,0.0,925482.0,925482.0
Czechia,21  Refining of mineral oil,2016.0,2,714284.0,0.0,0.0,714284.0,714284.0,714284.0,714284.0,714284.0,1.0,0.0,714284.0,714284.0
Czechia,21  Refining of mineral oil,2017.0,2,995680.0,0.0,0.0,995680.0,995680.0,995680.0,995680.0,995680.0,1.0,0.0,995680.0,995680.0
Czechia,21  Refining of mineral oil,2018.0,2,922926.0,0.0,0.0,922926.0,922926.0,922926.0,922926.0,922926.0,1.0,0.0,922926.0,922926.0
Czechia,21  Refining of mineral oil,2019.0,2,980700.0,0.0,0.0,980700.0,980700.0,980700.0,980700.0,980700.0,1.0,0.0,980700.0,980700.0
Czechia,21  Refining of mineral oil,2020.0,2,804323.0,0.0,0.0,804323.0,804323.0,804323.0,804323.0,804323.0,1.0,0.0,804323.0,804323.0
Czechia,21  Refining of mineral oil,2021.0,2,957662.0,0.0,0.0,957662.0,957662.0,957662.0,957662.0,957662.0,1.0,0.0,957662.0,957662.0
Czechia,21  Refining of mineral oil,2022.0,2,901918.0,0.0,0.0,901918.0,901918.0,901918.0,901918.0,901918.0,1.0,0.0,901918.0,901918.0
Czechia,21  Refining of mineral oil,2023.0,2,946111.0,0.0,0.0,946111.0,946111.0,946111.0,946111.0,946111.0,1.0,0.0,946111.0,946111.0
Czechia,21-99 All industrial installations (excl. combustion),2015.0,2,12060227.0,0.0,0.0,12060227.0,12060227.0,12060227.0,12060227.0,12060227.0,1.0,0.0,12060227.0,12060227.0
Czechia,21-99 All industrial installations (excl. combustion),2016.0,2,12430194.0,0.0,0.0,12430194.0,12430194.0,12430194.0,12430194.0,12430194.0,1.0,0.0,12430194.0,12430194.0
Czechia,21-99 All industrial installations (excl. combustion),2017.0,2,12243618.0,0.0,0.0,12243618.0,12243618.0,12243618.0,12243618.0,12243618.0,1.0,0.0,12243618.0,12243618.0
Czechia,21-99 All industrial installations (excl. combustion),2018.0,2,12854592.0,0.0,0.0,12854592.0,12854592.0,12854592.0,12854592.0,12854592.0,1.0,0.0,12854592.0,12854592.0
Czechia,21-99 All industrial installations (excl. combustion),2019.0,2,12383598.0,0.0,0.0,12383598.0,12383598.0,12383598.0,12383598.0,12383598.0,1.0,0.0,12383598.0,12383598.0
Czechia,21-99 All industrial installations (excl. combustion),2020.0,2,11898106.0,0.0,0.0,11898106.0,11898106.0,11898106.0,11898106.0,11898106.0,1.0,0.0,11898106.0,11898106.0
Czechia,21-99 All industrial installations (excl. combustion),2021.0,2,12631692.0,0.0,0.0,12631692.0,12631692.0,12631692.0,12631692.0,12631692.0,1.0,0.0,12631692.0,12631692.0
Czechia,21-99 All industrial installations (excl. combustion),2022.0,2,11403152.0,0.0,0.0,11403152.0,11403152.0,11403152.0,11403152.0,11403152.0,1.0,0.0,11403152.0,11403152.0
Czechia,21-99 All industrial installations (excl. combustion),2023.0,2,9394360.0,0.0,0.0,9394360.0,9394360.0,9394360.0,9394360.0,9394360.0,1.0,0.0,9394360.0,9394360.0
Czechia,24  Production of pig iron or steel,2015.0,2,5613532.0,0.0,0.0,5613532.0,5613532.0,5613532.0,5613532.0,5613532.0,1.0,0.0,5613532.0,5613532.0
Czechia,24  Production of pig iron or steel,2016.0,2,5968422.0,0.0,0.0,5968422.0,5968422.0,5968422.0,5968422.0,5968422.0,1.0,0.0,5968422.0,5968422.0
Czechia,24  Production of pig iron or steel,2017.0,2,5364123.0,0.0,0.0,5364123.0,5364123.0,5364123.0,5364123.0,5364123.0,1.0,0.0,5364123.0,5364123.0
Czechia,24  Production of pig iron or steel,2018.0,2,5712755.0,0.0,0.0,5712755.0,5712755.0,5712755.0,5712755.0,5712755.0,1.0,0.0,5712755.0,5712755.0
Czechia,24  Production of pig iron or steel,2019.0,2,5217745.0,0.0,0.0,5217745.0,5217745.0,5217745.0,5217745.0,5217745.0,1.0,0.0,5217745.0,5217745.0
Czechia,24  Production of pig iron or steel,2020.0,2,5288261.0,0.0,0.0,5288261.0,5288261.0,5288261.0,5288261.0,5288261.0,1.0,0.0,5288261.0,5288261.0
Czechia,24  Production of pig iron or steel,2021.0,2,5709998.0,0.0,0.0,5709998.0,5709998.0,5709998.0,5709998.0,5709998.0,1.0,0.0,5709998.0,5709998.0
Czechia,24  Production of pig iron or steel,2022.0,2,4938546.0,0.0,0.0,4938546.0,4938546.0,4938546.0,4938546.0,4938546.0,1.0,0.0,4938546.0,4938546.0
Czechia,24  Production of pig iron or steel,2023.0,2,3898732.0,0.0,0.0,3898732.0,3898732.0,3898732.0,3898732.0,3898732.0,1.0,0.0,3898732.0,3898732.0
Czechia,25 Production or processing of ferrous metals,2015.0,2,112865.0,0.0,0.0,112865.0,112865.0,112865.0,112865.0,112865.0,1.0,0.0,112865.0,112865.0
Czechia,25 Production or processing of ferrous metals,2016.0,2,98555.0,0.0,0.0,98555.0,98555.0,98555.0,98555.0,98555.0,1.0,0.0,98555.0,98555.0
Czechia,25 Production or processing of ferrous metals,2017.0,2,101457.0,0.0,0.0,101457.0,101457.0,101457.0,101457.0,101457.0,1.0,0.0,101457.0,101457.0
Czechia,25 Production or processing of ferrous metals,2018.0,2,100579.0,0.0,0.0,100579.0,100579.0,100579.0,100579.0,100579.0,1.0,0.0,100579.0,100579.0
Czechia,25 Production or processing of ferrous metals,2019.0,2,91813.0,0.0,0.0,91813.0,91813.0,91813.0,91813.0,91813.0,1.0,0.0,91813.0,91813.0
Czechia,25 Production or processing of ferrous metals,2020.0,2,92176.0,0.0,0.0,92176.0,92176.0,92176.0,92176.0,92176.0,1.0,0.0,92176.0,92176.0
Czechia,25 Production or processing of ferrous metals,2021.0,2,95358.0,0.0,0.0,95358.0,95358.0,95358.0,95358.0,95358.0,1.0,0.0,95358.0,95358.0
Czechia,25 Production or processing of ferrous metals,2022.0,2,88217.0,0.0,0.0,88217.0,88217.0,88217.0,88217.0,88217.0,1.0,0.0,88217.0,88217.0
Czechia,25 Production or processing of ferrous metals,2023.0,2,79722.0,0.0,0.0,79722.0,79722.0,79722.0,79722.0,79722.0,1.0,0.0,79722.0,79722.0
Czechia,27 Production of secondary aluminium,2015.0,2,18256.0,0.0,0.0,18256.0,18256.0,18256.0,18256.0,18256.0,1.0,0.0,18256.0,18256.0
Czechia,27 Production of secondary aluminium,2016.0,2,19866.0,0.0,0.0,19866.0,19866.0,19866.0,19866.0,19866.0,1.0,0.0,19866.0,19866.0
Czechia,27 Production of secondary aluminium,2017.0,2,22935.0,0.0,0.0,22935.0,22935.0,22935.0,22935.0,22935.0,1.0,0.0,22935.0,22935.0
Czechia,27 Production of secondary aluminium,2018.0,2,23281.0,0.0,0.0,23281.0,23281.0,23281.0,23281.0,23281.0,1.0,0.0,23281.0,23281.0
Czechia,27 Production of secondary aluminium,2019.0,2,22547.0,0.0,0.0,22547.0,22547.0,22547.0,22547.0,22547.0,1.0,0.0,22547.0,22547.0
Czechia,27 Production of secondary aluminium,2020.0,2,20861.0,0.0,0.0,20861.0,20861.0,20861.0,20861.0,20861.0,1.0,0.0,20861.0,20861.0
Czechia,27 Production of secondary aluminium,2021.0,2,24131.0,0.0,0.0,24131.0,24131.0,24131.0,24131.0,24131.0,1.0,0.0,24131.0,24131.0
Czechia,27 Production of secondary aluminium,2022.0,2,22998.0,0.0,0.0,22998.0,22998.0,22998.0,22998.0,22998.0,1.0,0.0,22998.0,22998.0
Czechia,27 Production of secondary aluminium,2023.0,2,20233.0,0.0,0.0,20233.0,20233.0,20233.0,20233.0,20233.0,1.0,0.0,20233.0,20233.0
Czechia,29 Production of cement clinker,2015.0,2,2291397.0,0.0,0.0,2291397.0,2291397.0,2291397.0,2291397.0,2291397.0,1.0,0.0,2291397.0,2291397.0
Czechia,29 Production of cement clinker,2016.0,2,2525956.0,0.0,0.0,2525956.0,2525956.0,2525956.0,2525956.0,2525956.0,1.0,0.0,2525956.0,2525956.0
Czechia,29 Production of cement clinker,2017.0,2,2588940.0,0.0,0.0,2588940.0,2588940.0,2588940.0,2588940.0,2588940.0,1.0,0.0,2588940.0,2588940.0
Czechia,29 Production of cement clinker,2018.0,2,2792598.0,0.0,0.0,2792598.0,2792598.0,2792598.0,2792598.0,2792598.0,1.0,0.0,2792598.0,2792598.0
Czechia,29 Production of cement clinker,2019.0,2,2917269.0,0.0,0.0,2917269.0,2917269.0,2917269.0,2917269.0,2917269.0,1.0,0.0,2917269.0,2917269.0
Czechia,29 Production of cement clinker,2020.0,2,2748134.0,0.0,0.0,2748134.0,2748134.0,2748134.0,2748134.0,2748134.0,1.0,0.0,2748134.0,2748134.0
Czechia,29 Production of cement clinker,2021.0,2,2822158.0,0.0,0.0,2822158.0,2822158.0,2822158.0,2822158.0,2822158.0,1.0,0.0,2822158.0,2822158.0
Czechia,29 Production of cement clinker,2022.0,2,2647948.0,0.0,0.0,2647948.0,2647948.0,2647948.0,2647948.0,2647948.0,1.0,0.0,2647948.0,2647948.0
Czechia,29 Production of cement clinker,2023.0,2,2123019.0,0.0,0.0,2123019.0,2123019.0,2123019.0,2123019.0,2123019.0,1.0,0.0,2123019.0,2123019.0
Czechia,"30 Production of lime, or calcination of dolomite/magnesite",2015.0,2,1170485.0,0.0,0.0,1170485.0,1170485.0,1170485.0,1170485.0,1170485.0,1.0,0.0,1170485.0,1170485.0
Czechia,"30 Production of lime, or calcination of dolomite/magnesite",2016.0,2,1172836.0,0.0,0.0,1172836.0,1172836.0,1172836.0,1172836.0,1172836.0,1.0,0.0,1172836.0,1172836.0
Czechia,"30 Production of lime, or calcination of dolomite/magnesite",2017.0,2,1230127.0,0.0,0.0,1230127.0,1230127.0,1230127.0,1230127.0,1230127.0,1.0,0.0,1230127.0,1230127.0
Czechia,"30 Production of lime, or calcination of dolomite/magnesite",2018.0,2,1358476.0,0.0,0.0,1358476.0,1358476.0,1358476.0,1358476.0,1358476.0,1.0,0.0,1358476.0,1358476.0
Czechia,"30 Production of lime, or calcination of dolomite/magnesite",2019.0,2,1226889.0,0.0,0.0,1226889.0,1226889.0,1226889.0,1226889.0,1226889.0,1.0,0.0,1226889.0,1226889.0
Czechia,"30 Production of lime, or calcination of dolomite/magnesite",2020.0,2,1170960.0,0.0,0.0,1170960.0,1170960.0,1170960.0,1170960.0,1170960.0,1.0,0.0,1170960.0,1170960.0
Czechia,"30 Production of lime, or calcination of dolomite/magnesite",2021.0,2,1203002.0,0.0,0.0,1203002.0,1203002.0,1203002.0,1203002.0,1203002.0,1.0,0.0,1203002.0,1203002.0
Czechia,"30 Production of lime, or calcination of dolomite/magnesite",2022.0,2,1041925.0,0.0,0.0,1041925.0,1041925.0,1041925.0,1041925.0,1041925.0,1.0,0.0,1041925.0,1041925.0
Czechia,"30 Production of lime, or calcination of dolomite/magnesite",2023.0,2,852203.0,0.0,0.0,852203.0,852203.0,852203.0,852203.0,852203.0,1.0,0.0,852203.0,852203.0
Czechia,31 Manufacture of glass,2015.0,2,724323.0,0.0,0.0,724323.0,724323.0,724323.0,724323.0,724323.0,1.0,0.0,724323.0,724323.0
Czechia,31 Manufacture of glass,2016.0,2,727127.0,0.0,0.0,727127.0,727127.0,727127.0,727127.0,727127.0,1.0,0.0,727127.0,727127.0
Czechia,31 Manufacture of glass,2017.0,2,750593.0,0.0,0.0,750593.0,750593.0,750593.0,750593.0,750593.0,1.0,0.0,750593.0,750593.0
Czechia,31 Manufacture of glass,2018.0,2,739117.0,0.0,0.0,739117.0,739117.0,739117.0,739117.0,739117.0,1.0,0.0,739117.0,739117.0
Czechia,31 Manufacture of glass,2019.0,2,732325.0,0.0,0.0,732325.0,732325.0,732325.0,732325.0,732325.0,1.0,0.0,732325.0,732325.0
Czechia,31 Manufacture of glass,2020.0,2,715215.0,0.0,0.0,715215.0,715215.0,715215.0,715215.0,715215.0,1.0,0.0,715215.0,715215.0
Czechia,31 Manufacture of glass,2021.0,2,735996.0,0.0,0.0,735996.0,735996.0,735996.0,735996.0,735996.0,1.0,0.0,735996.0,735996.0
Czechia,31 Manufacture of glass,2022.0,2,724937.0,0.0,0.0,724937.0,724937.0,724937.0,724937.0,724937.0,1.0,0.0,724937.0,724937.0
Czechia,31 Manufacture of glass,2023.0,2,679103.0,0.0,0.0,679103.0,679103.0,679103.0,679103.0,679103.0,1.0,0.0,679103.0,679103.0
Czechia,32 Manufacture of ceramics,2015.0,2,381168.0,0.0,0.0,381168.0,381168.0,381168.0,381168.0,381168.0,1.0,0.0,381168.0,381168.0
Czechia,32 Manufacture of ceramics,2016.0,2,401519.0,0.0,0.0,401519.0,401519.0,401519.0,401519.0,401519.0,1.0,0.0,401519.0,401519.0
Czechia,32 Manufacture of ceramics,2017.0,2,409302.0,0.0,0.0,409302.0,409302.0,409302.0,409302.0,409302.0,1.0,0.0,409302.0,409302.0
Czechia,32 Manufacture of ceramics,2018.0,2,424632.0,0.0,0.0,424632.0,424632.0,424632.0,424632.0,424632.0,1.0,0.0,424632.0,424632.0
Czechia,32 Manufacture of ceramics,2019.0,2,453305.0,0.0,0.0,453305.0,453305.0,453305.0,453305.0,453305.0,1.0,0.0,453305.0,453305.0
Czechia,32 Manufacture of ceramics,2020.0,2,411866.0,0.0,0.0,411866.0,411866.0,411866.0,411866.0,411866.0,1.0,0.0,411866.0,411866.0
Czechia,32 Manufacture of ceramics,2021.0,2,420946.0,0.0,0.0,420946.0,420946.0,420946.0,420946.0,420946.0,1.0,0.0,420946.0,420946.0
Czechia,32 Manufacture of ceramics,2022.0,2,415100.0,0.0,0.0,415100.0,415100.0,415100.0,415100.0,415100.0,1.0,0.0,415100.0,415100.0
Czechia,32 Manufacture of ceramics,2023.0,2,257954.0,0.0,0.0,257954.0,257954.0,257954.0,257954.0,257954.0,1.0,0.0,257954.0,257954.0
Czechia,33 Manufacture of mineral wool,2015.0,2,56908.0,0.0,0.0,56908.0,56908.0,56908.0,56908.0,56908.0,1.0,0.0,56908.0,56908.0
Czechia,33 Manufacture of mineral wool,2016.0,2,59662.0,0.0,0.0,59662.0,59662.0,59662.0,59662.0,59662.0,1.0,0.0,59662.0,59662.0
Czechia,33 Manufacture of mineral wool,2017.0,2,61573.0,0.0,0.0,61573.0,61573.0,61573.0,61573.0,61573.0,1.0,0.0,61573.0,61573.0
Czechia,33 Manufacture of mineral wool,2018.0,2,60807.0,0.0,0.0,60807.0,60807.0,60807.0,60807.0,60807.0,1.0,0.0,60807.0,60807.0
Czechia,33 Manufacture of mineral wool,2019.0,2,53596.0,0.0,0.0,53596.0,53596.0,53596.0,53596.0,53596.0,1.0,0.0,53596.0,53596.0
Czechia,33 Manufacture of mineral wool,2020.0,2,52157.0,0.0,0.0,52157.0,52157.0,52157.0,52157.0,52157.0,1.0,0.0,52157.0,52157.0
Czechia,33 Manufacture of mineral wool,2021.0,2,57299.0,0.0,0.0,57299.0,57299.0,57299.0,57299.0,57299.0,1.0,0.0,57299.0,57299.0
Czechia,33 Manufacture of mineral wool,2022.0,2,59829.0,0.0,0.0,59829.0,59829.0,59829.0,59829.0,59829.0,1.0,0.0,59829.0,59829.0
Czechia,33 Manufacture of mineral wool,2023.0,2,50407.0,0.0,0.0,50407.0,50407.0,50407.0,50407.0,50407.0,1.0,0.0,50407.0,50407.0
Czechia,35 Production of pulp,2015.0,2,18843.0,0.0,0.0,18843.0,18843.0,18843.0,18843.0,18843.0,1.0,0.0,18843.0,18843.0
Czechia,35 Production of pulp,2016.0,2,17527.0,0.0,0.0,17527.0,17527.0,17527.0,17527.0,17527.0,1.0,0.0,17527.0,17527.0
Czechia,35 Production of pulp,2017.0,2,16753.0,0.0,0.0,16753.0,16753.0,16753.0,16753.0,16753.0,1.0,0.0,16753.0,16753.0
Czechia,35 Production of pulp,2018.0,2,14677.0,0.0,0.0,14677.0,14677.0,14677.0,14677.0,14677.0,1.0,0.0,14677.0,14677.0
Czechia,35 Production of pulp,2019.0,2,15117.0,0.0,0.0,15117.0,15117.0,15117.0,15117.0,15117.0,1.0,0.0,15117.0,15117.0
Czechia,35 Production of pulp,2020.0,2,15404.0,0.0,0.0,15404.0,15404.0,15404.0,15404.0,15404.0,1.0,0.0,15404.0,15404.0
Czechia,35 Production of pulp,2021.0,2,15193.0,0.0,0.0,15193.0,15193.0,15193.0,15193.0,15193.0,1.0,0.0,15193.0,15193.0
Czechia,35 Production of pulp,2022.0,2,15129.0,0.0,0.0,15129.0,15129.0,15129.0,15129.0,15129.0,1.0,0.0,15129.0,15129.0
Czechia,35 Production of pulp,2023.0,2,13797.0,0.0,0.0,13797.0,13797.0,13797.0,13797.0,13797.0,1.0,0.0,13797.0,13797.0
Czechia,36 Production of paper or cardboard,2015.0,2,125647.0,0.0,0.0,125647.0,125647.0,125647.0,125647.0,125647.0,1.0,0.0,125647.0,125647.0
Czechia,36 Production of paper or cardboard,2016.0,2,119119.0,0.0,0.0,119119.0,119119.0,119119.0,119119.0,119119.0,1.0,0.0,119119.0,119119.0
Czechia,36 Production of paper or cardboard,2017.0,2,120109.0,0.0,0.0,120109.0,120109.0,120109.0,120109.0,120109.0,1.0,0.0,120109.0,120109.0
Czechia,36 Production of paper or cardboard,2018.0,2,121004.0,0.0,0.0,121004.0,121004.0,121004.0,121004.0,121004.0,1.0,0.0,121004.0,121004.0
Czechia,36 Production of paper or cardboard,2019.0,2,120050.0,0.0,0.0,120050.0,120050.0,120050.0,120050.0,120050.0,1.0,0.0,120050.0,120050.0
Czechia,36 Production of paper or cardboard,2020.0,2,118037.0,0.0,0.0,118037.0,118037.0,118037.0,118037.0,118037.0,1.0,0.0,118037.0,118037.0
Czechia,36 Production of paper or cardboard,2021.0,2,132876.0,0.0,0.0,132876.0,132876.0,132876.0,132876.0,132876.0,1.0,0.0,132876.0,132876.0
Czechia,36 Production of paper or cardboard,2022.0,2,124775.0,0.0,0.0,124775.0,124775.0,124775.0,124775.0,124775.0,1.0,0.0,124775.0,124775.0
Czechia,36 Production of paper or cardboard,2023.0,2,110881.0,0.0,0.0,110881.0,110881.0,110881.0,110881.0,110881.0,1.0,0.0,110881.0,110881.0
Czechia,38 Production of nitric acid,2015.0,2,182675.0,0.0,0.0,182675.0,182675.0,182675.0,182675.0,182675.0,1.0,0.0,182675.0,182675.0
Czechia,38 Production of nitric acid,2016.0,2,171696.0,0.0,0.0,171696.0,171696.0,171696.0,171696.0,171696.0,1.0,0.0,171696.0,171696.0
Czechia,38 Production of nitric acid,2017.0,2,150778.0,0.0,0.0,150778.0,150778.0,150778.0,150778.0,150778.0,1.0,0.0,150778.0,150778.0
Czechia,38 Production of nitric acid,2018.0,2,141870.0,0.0,0.0,141870.0,141870.0,141870.0,141870.0,141870.0,1.0,0.0,141870.0,141870.0
Czechia,38 Production of nitric acid,2019.0,2,157623.0,0.0,0.0,157623.0,157623.0,157623.0,157623.0,157623.0,1.0,0.0,157623.0,157623.0
Czechia,38 Production of nitric acid,2020.0,2,153915.0,0.0,0.0,153915.0,153915.0,153915.0,153915.0,153915.0,1.0,0.0,153915.0,153915.0
Czechia,38 Production of nitric acid,2021.0,2,150934.0,0.0,0.0,150934.0,150934.0,150934.0,150934.0,150934.0,1.0,0.0,150934.0,150934.0
Czechia,38 Production of nitric acid,2022.0,2,135617.0,0.0,0.0,135617.0,135617.0,135617.0,135617.0,135617.0,1.0,0.0,135617.0,135617.0
Czechia,38 Production of nitric acid,2023.0,2,119248.0,0.0,0.0,119248.0,119248.0,119248.0,119248.0,119248.0,1.0,0.0,119248.0,119248.0
Czechia,42 Production of bulk chemicals,2015.0,2,376707.0,0.0,0.0,376707.0,376707.0,376707.0,376707.0,376707.0,1.0,0.0,376707.0,376707.0
Czechia,42 Production of bulk chemicals,2016.0,2,375040.0,0.0,0.0,375040.0,375040.0,375040.0,375040.0,375040.0,1.0,0.0,375040.0,375040.0
Czechia,42 Production of bulk chemicals,2017.0,2,362347.0,0.0,0.0,362347.0,362347.0,362347.0,362347.0,362347.0,1.0,0.0,362347.0,362347.0
Czechia,42 Production of bulk chemicals,2018.0,2,353955.0,0.0,0.0,353955.0,353955.0,353955.0,353955.0,353955.0,1.0,0.0,353955.0,353955.0
Czechia,42 Production of bulk chemicals,2019.0,2,316866.0,0.0,0.0,316866.0,316866.0,316866.0,316866.0,316866.0,1.0,0.0,316866.0,316866.0
Czechia,42 Production of bulk chemicals,2020.0,2,238260.0,0.0,0.0,238260.0,238260.0,238260.0,238260.0,238260.0,1.0,0.0,238260.0,238260.0
Czechia,42 Production of bulk chemicals,2021.0,2,234775.0,0.0,0.0,234775.0,234775.0,234775.0,234775.0,234775.0,1.0,0.0,234775.0,234775.0
Czechia,42 Production of bulk chemicals,2022.0,2,217120.0,0.0,0.0,217120.0,217120.0,217120.0,217120.0,217120.0,1.0,0.0,217120.0,217120.0
Czechia,42 Production of bulk chemicals,2023.0,2,177788.0,0.0,0.0,177788.0,177788.0,177788.0,177788.0,177788.0,1.0,0.0,177788.0,177788.0
Czechia,99 Other activity opted-in under Art. 24,2015.0,2,61939.0,0.0,0.0,61939.0,61939.0,61939.0,61939.0,61939.0,1.0,0.0,61939.0,61939.0
Czechia,99 Other activity opted-in under Art. 24,2016.0,2,58585.0,0.0,0.0,58585.0,58585.0,58585.0,58585.0,58585.0,1.0,0.0,58585.0,58585.0
Czechia,99 Other activity opted-in under Art. 24,2017.0,2,68901.0,0.0,0.0,68901.0,68901.0,68901.0,68901.0,68901.0,1.0,0.0,68901.0,68901.0
Czechia,99 Other activity opted-in under Art. 24,2018.0,2,87915.0,0.0,0.0,87915.0,87915.0,87915.0,87915.0,87915.0,1.0,0.0,87915.0,87915.0
Czechia,99 Other activity opted-in under Art. 24,2019.0,2,77753.0,0.0,0.0,77753.0,77753.0,77753.0,77753.0,77753.0,1.0,0.0,77753.0,77753.0
Czechia,99 Other activity opted-in under Art. 24,2020.0,2,68537.0,0.0,0.0,68537.0,68537.0,68537.0,68537.0,68537.0,1.0,0.0,68537.0,68537.0
Czechia,99 Other activity opted-in under Art. 24,2021.0,2,71364.0,0.0,0.0,71364.0,71364.0,71364.0,71364.0,71364.0,1.0,0.0,71364.0,71364.0
Czechia,99 Other activity opted-in under Art. 24,2022.0,2,69093.0,0.0,0.0,69093.0,69093.0,69093.0,69093.0,69093.0,1.0,0.0,69093.0,69093.0
Czechia,99 Other activity opted-in under Art. 24,2023.0,2,65162.0,0.0,0.0,65162.0,65162.0,65162.0,65162.0,65162.0,1.0,0.0,65162.0,65162.0
Denmark,10 Aviation,2015.0,2,532135.0,0.0,0.0,532135.0,532135.0,532135.0,532135.0,532135.0,1.0,0.0,532135.0,532135.0
Denmark,10 Aviation,2016.0,2,558122.0,0.0,0.0,558122.0,558122.0,558122.0,558122.0,558122.0,1.0,0.0,558122.0,558122.0
Denmark,10 Aviation,2017.0,2,604757.0,0.0,0.0,604757.0,604757.0,604757.0,604757.0,604757.0,1.0,0.0,604757.0,604757.0
Denmark,10 Aviation,2018.0,2,547262.0,0.0,0.0,547262.0,547262.0,547262.0,547262.0,547262.0,1.0,0.0,547262.0,547262.0
Denmark,10 Aviation,2019.0,2,560180.0,0.0,0.0,560180.0,560180.0,560180.0,560180.0,560180.0,1.0,0.0,560180.0,560180.0
Denmark,10 Aviation,2020.0,3,138310.0,97443.77432140034,0.7045316630858242,41795.4,103732.5,206961.0,207213.0,207364.2,4.961412021418625,-0.33252355819053814,504.0,207465.0
Denmark,10 Aviation,2021.0,3,174042.66666666666,122520.56268869955,0.7039685442383834,52676.600000000006,130532.0,260291.0,260677.5,260909.4,4.953041768071591,-0.3323463467451149,773.0,261064.0
Denmark,10 Aviation,2022.0,3,308214.0,216790.05841750832,0.7033751173454429,93441.0,231160.5,460693.0,461507.0,461995.4,4.944247172012286,-0.33215954571246664,1628.0,462321.0
Denmark,10 Aviation,2023.0,3,314188.0,220972.6495036584,0.7033134604238813,95268.6,235641.0,469595.0,470438.5,470944.6,4.943334949815574,-0.332140134074008,1687.0,471282.0
Denmark,20 Combustion of fuels,2015.0,2,12757507.0,0.0,0.0,12757507.0,12757507.0,12757507.0,12757507.0,12757507.0,1.0,0.0,12757507.0,12757507.0
Denmark,20 Combustion of fuels,2016.0,2,14004821.0,0.0,0.0,14004821.0,14004821.0,14004821.0,14004821.0,14004821.0,1.0,0.0,14004821.0,14004821.0
Denmark,20 Combustion of fuels,2017.0,2,11524680.0,0.0,0.0,11524680.0,11524680.0,11524680.0,11524680.0,11524680.0,1.0,0.0,11524680.0,11524680.0
Denmark,20 Combustion of fuels,2018.0,2,11527811.0,0.0,0.0,11527811.0,11527811.0,11527811.0,11527811.0,11527811.0,1.0,0.0,11527811.0,11527811.0
Denmark,20 Combustion of fuels,2019.0,2,8553867.0,0.0,0.0,8553867.0,8553867.0,8553867.0,8553867.0,8553867.0,1.0,0.0,8553867.0,8553867.0
Denmark,20 Combustion of fuels,2020.0,2,7244759.0,0.0,0.0,7244759.0,7244759.0,7244759.0,7244759.0,7244759.0,1.0,0.0,7244759.0,7244759.0
Denmark,20 Combustion of fuels,2021.0,2,8092634.0,0.0,0.0,8092634.0,8092634.0,8092634.0,8092634.0,8092634.0,1.0,0.0,8092634.0,8092634.0
Denmark,20 Combustion of fuels,2022.0,2,8031953.0,0.0,0.0,8031953.0,8031953.0,8031953.0,8031953.0,8031953.0,1.0,0.0,8031953.0,8031953.0
Denmark,20 Combustion of fuels,2023.0,2,6398532.0,0.0,0.0,6398532.0,6398532.0,6398532.0,6398532.0,6398532.0,1.0,0.0,6398532.0,6398532.0
Denmark,20-99 All stationary installations,2015.0,2,15795936.0,0.0,0.0,15795936.0,15795936.0,15795936.0,15795936.0,15795936.0,1.0,0.0,15795936.0,15795936.0
Denmark,20-99 All stationary installations,2016.0,2,17220334.0,0.0,0.0,17220334.0,17220334.0,17220334.0,17220334.0,17220334.0,1.0,0.0,17220334.0,17220334.0
Denmark,20-99 All stationary installations,2017.0,2,15062601.0,0.0,0.0,15062601.0,15062601.0,15062601.0,15062601.0,15062601.0,1.0,0.0,15062601.0,15062601.0
Denmark,20-99 All stationary installations,2018.0,2,14954342.0,0.0,0.0,14954342.0,14954342.0,14954342.0,14954342.0,14954342.0,1.0,0.0,14954342.0,14954342.0
Denmark,20-99 All stationary installations,2019.0,2,12040553.0,0.0,0.0,12040553.0,12040553.0,12040553.0,12040553.0,12040553.0,1.0,0.0,12040553.0,12040553.0
Denmark,20-99 All stationary installations,2020.0,2,10832424.0,0.0,0.0,10832424.0,10832424.0,10832424.0,10832424.0,10832424.0,1.0,0.0,10832424.0,10832424.0
Denmark,20-99 All stationary installations,2021.0,2,11618665.0,0.0,0.0,11618665.0,11618665.0,11618665.0,11618665.0,11618665.0,1.0,0.0,11618665.0,11618665.0
Denmark,20-99 All stationary installations,2022.0,2,11214235.0,0.0,0.0,11214235.0,11214235.0,11214235.0,11214235.0,11214235.0,1.0,0.0,11214235.0,11214235.0
Denmark,20-99 All stationary installations,2023.0,2,9244098.0,0.0,0.0,9244098.0,9244098.0,9244098.0,9244098.0,9244098.0,1.0,0.0,9244098.0,9244098.0
Denmark,21  Refining of mineral oil,2015.0,2,990980.0,0.0,0.0,990980.0,990980.0,990980.0,990980.0,990980.0,1.0,0.0,990980.0,990980.0
Denmark,21  Refining of mineral oil,2016.0,2,885080.0,0.0,0.0,885080.0,885080.0,885080.0,885080.0,885080.0,1.0,0.0,885080.0,885080.0
Denmark,21  Refining of mineral oil,2017.0,2,947335.0,0.0,0.0,947335.0,947335.0,947335.0,947335.0,947335.0,1.0,0.0,947335.0,947335.0
Denmark,21  Refining of mineral oil,2018.0,2,920522.0,0.0,0.0,920522.0,920522.0,920522.0,920522.0,920522.0,1.0,0.0,920522.0,920522.0
Denmark,21  Refining of mineral oil,2019.0,2,973439.0,0.0,0.0,973439.0,973439.0,973439.0,973439.0,973439.0,1.0,0.0,973439.0,973439.0
Denmark,21  Refining of mineral oil,2020.0,2,931660.0,0.0,0.0,931660.0,931660.0,931660.0,931660.0,931660.0,1.0,0.0,931660.0,931660.0
Denmark,21  Refining of mineral oil,2021.0,2,961078.0,0.0,0.0,961078.0,961078.0,961078.0,961078.0,961078.0,1.0,0.0,961078.0,961078.0
Denmark,21  Refining of mineral oil,2022.0,2,929002.0,0.0,0.0,929002.0,929002.0,929002.0,929002.0,929002.0,1.0,0.0,929002.0,929002.0
Denmark,21  Refining of mineral oil,2023.0,2,928199.0,0.0,0.0,928199.0,928199.0,928199.0,928199.0,928199.0,1.0,0.0,928199.0,928199.0
Denmark,21-99 All industrial installations (excl. combustion),2015.0,2,3038429.0,0.0,0.0,3038429.0,3038429.0,3038429.0,3038429.0,3038429.0,1.0,0.0,3038429.0,3038429.0
Denmark,21-99 All industrial installations (excl. combustion),2016.0,2,3215513.0,0.0,0.0,3215513.0,3215513.0,3215513.0,3215513.0,3215513.0,1.0,0.0,3215513.0,3215513.0
Denmark,21-99 All industrial installations (excl. combustion),2017.0,2,3537921.0,0.0,0.0,3537921.0,3537921.0,3537921.0,3537921.0,3537921.0,1.0,0.0,3537921.0,3537921.0
Denmark,21-99 All industrial installations (excl. combustion),2018.0,2,3426531.0,0.0,0.0,3426531.0,3426531.0,3426531.0,3426531.0,3426531.0,1.0,0.0,3426531.0,3426531.0
Denmark,21-99 All industrial installations (excl. combustion),2019.0,2,3486686.0,0.0,0.0,3486686.0,3486686.0,3486686.0,3486686.0,3486686.0,1.0,0.0,3486686.0,3486686.0
Denmark,21-99 All industrial installations (excl. combustion),2020.0,2,3587665.0,0.0,0.0,3587665.0,3587665.0,3587665.0,3587665.0,3587665.0,1.0,0.0,3587665.0,3587665.0
Denmark,21-99 All industrial installations (excl. combustion),2021.0,2,3526031.0,0.0,0.0,3526031.0,3526031.0,3526031.0,3526031.0,3526031.0,1.0,0.0,3526031.0,3526031.0
Denmark,21-99 All industrial installations (excl. combustion),2022.0,2,3182282.0,0.0,0.0,3182282.0,3182282.0,3182282.0,3182282.0,3182282.0,1.0,0.0,3182282.0,3182282.0
Denmark,21-99 All industrial installations (excl. combustion),2023.0,2,2845566.0,0.0,0.0,2845566.0,2845566.0,2845566.0,2845566.0,2845566.0,1.0,0.0,2845566.0,2845566.0
Denmark,29 Production of cement clinker,2015.0,2,1780564.0,0.0,0.0,1780564.0,1780564.0,1780564.0,1780564.0,1780564.0,1.0,0.0,1780564.0,1780564.0
Denmark,29 Production of cement clinker,2016.0,2,2054900.0,0.0,0.0,2054900.0,2054900.0,2054900.0,2054900.0,2054900.0,1.0,0.0,2054900.0,2054900.0
Denmark,29 Production of cement clinker,2017.0,2,2277214.0,0.0,0.0,2277214.0,2277214.0,2277214.0,2277214.0,2277214.0,1.0,0.0,2277214.0,2277214.0
Denmark,29 Production of cement clinker,2018.0,2,2190706.0,0.0,0.0,2190706.0,2190706.0,2190706.0,2190706.0,2190706.0,1.0,0.0,2190706.0,2190706.0
Denmark,29 Production of cement clinker,2019.0,2,2189152.0,0.0,0.0,2189152.0,2189152.0,2189152.0,2189152.0,2189152.0,1.0,0.0,2189152.0,2189152.0
Denmark,29 Production of cement clinker,2020.0,2,2339867.0,0.0,0.0,2339867.0,2339867.0,2339867.0,2339867.0,2339867.0,1.0,0.0,2339867.0,2339867.0
Denmark,29 Production of cement clinker,2021.0,2,2248048.0,0.0,0.0,2248048.0,2248048.0,2248048.0,2248048.0,2248048.0,1.0,0.0,2248048.0,2248048.0
Denmark,29 Production of cement clinker,2022.0,2,1979482.0,0.0,0.0,1979482.0,1979482.0,1979482.0,1979482.0,1979482.0,1.0,0.0,1979482.0,1979482.0
Denmark,29 Production of cement clinker,2023.0,2,1704342.0,0.0,0.0,1704342.0,1704342.0,1704342.0,1704342.0,1704342.0,1.0,0.0,1704342.0,1704342.0
Denmark,31 Manufacture of glass,2015.0,2,66794.0,0.0,0.0,66794.0,66794.0,66794.0,66794.0,66794.0,1.0,0.0,66794.0,66794.0
Denmark,31 Manufacture of glass,2016.0,2,68366.0,0.0,0.0,68366.0,68366.0,68366.0,68366.0,68366.0,1.0,0.0,68366.0,68366.0
Denmark,31 Manufacture of glass,2017.0,2,64987.0,0.0,0.0,64987.0,64987.0,64987.0,64987.0,64987.0,1.0,0.0,64987.0,64987.0
Denmark,31 Manufacture of glass,2018.0,2,64896.0,0.0,0.0,64896.0,64896.0,64896.0,64896.0,64896.0,1.0,0.0,64896.0,64896.0
Denmark,31 Manufacture of glass,2019.0,2,64837.0,0.0,0.0,64837.0,64837.0,64837.0,64837.0,64837.0,1.0,0.0,64837.0,64837.0
Denmark,31 Manufacture of glass,2020.0,2,60970.0,0.0,0.0,60970.0,60970.0,60970.0,60970.0,60970.0,1.0,0.0,60970.0,60970.0
Denmark,31 Manufacture of glass,2021.0,2,64156.0,0.0,0.0,64156.0,64156.0,64156.0,64156.0,64156.0,1.0,0.0,64156.0,64156.0
Denmark,31 Manufacture of glass,2022.0,2,62996.0,0.0,0.0,62996.0,62996.0,62996.0,62996.0,62996.0,1.0,0.0,62996.0,62996.0
Denmark,31 Manufacture of glass,2023.0,2,59842.0,0.0,0.0,59842.0,59842.0,59842.0,59842.0,59842.0,1.0,0.0,59842.0,59842.0
Denmark,32 Manufacture of ceramics,2015.0,2,186997.0,0.0,0.0,186997.0,186997.0,186997.0,186997.0,186997.0,1.0,0.0,186997.0,186997.0
Denmark,32 Manufacture of ceramics,2016.0,2,201684.0,0.0,0.0,201684.0,201684.0,201684.0,201684.0,201684.0,1.0,0.0,201684.0,201684.0
Denmark,32 Manufacture of ceramics,2017.0,2,247017.0,0.0,0.0,247017.0,247017.0,247017.0,247017.0,247017.0,1.0,0.0,247017.0,247017.0
Denmark,32 Manufacture of ceramics,2018.0,2,249772.0,0.0,0.0,249772.0,249772.0,249772.0,249772.0,249772.0,1.0,0.0,249772.0,249772.0
Denmark,32 Manufacture of ceramics,2019.0,2,258307.0,0.0,0.0,258307.0,258307.0,258307.0,258307.0,258307.0,1.0,0.0,258307.0,258307.0
Denmark,32 Manufacture of ceramics,2020.0,2,254004.0,0.0,0.0,254004.0,254004.0,254004.0,254004.0,254004.0,1.0,0.0,254004.0,254004.0
Denmark,32 Manufacture of ceramics,2021.0,2,252377.0,0.0,0.0,252377.0,252377.0,252377.0,252377.0,252377.0,1.0,0.0,252377.0,252377.0
Denmark,32 Manufacture of ceramics,2022.0,2,210662.0,0.0,0.0,210662.0,210662.0,210662.0,210662.0,210662.0,1.0,0.0,210662.0,210662.0
Denmark,32 Manufacture of ceramics,2023.0,2,150659.0,0.0,0.0,150659.0,150659.0,150659.0,150659.0,150659.0,1.0,0.0,150659.0,150659.0
Denmark,36 Production of paper or cardboard,2015.0,2,13094.0,0.0,0.0,13094.0,13094.0,13094.0,13094.0,13094.0,1.0,0.0,13094.0,13094.0
Denmark,36 Production of paper or cardboard,2016.0,2,5483.0,0.0,0.0,5483.0,5483.0,5483.0,5483.0,5483.0,1.0,0.0,5483.0,5483.0
Denmark,36 Production of paper or cardboard,2017.0,2,1368.0,0.0,0.0,1368.0,1368.0,1368.0,1368.0,1368.0,1.0,0.0,1368.0,1368.0
Denmark,36 Production of paper or cardboard,2018.0,2,635.0,0.0,0.0,635.0,635.0,635.0,635.0,635.0,1.0,0.0,635.0,635.0
Denmark,36 Production of paper or cardboard,2019.0,2,951.0,0.0,0.0,951.0,951.0,951.0,951.0,951.0,1.0,0.0,951.0,951.0
Denmark,36 Production of paper or cardboard,2020.0,2,1164.0,0.0,0.0,1164.0,1164.0,1164.0,1164.0,1164.0,1.0,0.0,1164.0,1164.0
Denmark,36 Production of paper or cardboard,2021.0,2,372.0,0.0,0.0,372.0,372.0,372.0,372.0,372.0,1.0,0.0,372.0,372.0
Denmark,36 Production of paper or cardboard,2022.0,2,140.0,0.0,0.0,140.0,140.0,140.0,140.0,140.0,1.0,0.0,140.0,140.0
Denmark,36 Production of paper or cardboard,2023.0,2,2524.0,0.0,0.0,2524.0,2524.0,2524.0,2524.0,2524.0,1.0,0.0,2524.0,2524.0
Estonia,10 Aviation,2015.0,2,72986.0,0.0,0.0,72986.0,72986.0,72986.0,72986.0,72986.0,1.0,0.0,72986.0,72986.0
Estonia,10 Aviation,2016.0,2,15149.0,0.0,0.0,15149.0,15149.0,15149.0,15149.0,15149.0,1.0,0.0,15149.0,15149.0
Estonia,10 Aviation,2017.0,2,32360.0,0.0,0.0,32360.0,32360.0,32360.0,32360.0,32360.0,1.0,0.0,32360.0,32360.0
Estonia,10 Aviation,2018.0,2,36181.0,0.0,0.0,36181.0,36181.0,36181.0,36181.0,36181.0,1.0,0.0,36181.0,36181.0
Estonia,10 Aviation,2019.0,2,28397.0,0.0,0.0,28397.0,28397.0,28397.0,28397.0,28397.0,1.0,0.0,28397.0,28397.0
Estonia,10 Aviation,2021.0,2,9525.0,0.0,0.0,9525.0,9525.0,9525.0,9525.0,9525.0,1.0,0.0,9525.0,9525.0
Estonia,10 Aviation,2022.0,2,4243.0,0.0,0.0,4243.0,4243.0,4243.0,4243.0,4243.0,1.0,0.0,4243.0,4243.0
Estonia,10 Aviation,2023.0,3,51626.0,36472.57260828562,0.7064768257909895,15515.400000000001,38719.5,77393.0,77416.0,77429.8,4.990512651945808,-0.3331353280216256,46.0,77439.0
Estonia,20 Combustion of fuels,2015.0,2,10166657.0,0.0,0.0,10166657.0,10166657.0,10166657.0,10166657.0,10166657.0,1.0,0.0,10166657.0,10166657.0
Estonia,20 Combustion of fuels,2016.0,2,11692807.0,0.0,0.0,11692807.0,11692807.0,11692807.0,11692807.0,11692807.0,1.0,0.0,11692807.0,11692807.0
Estonia,20 Combustion of fuels,2017.0,2,12465598.0,0.0,0.0,12465598.0,12465598.0,12465598.0,12465598.0,12465598.0,1.0,0.0,12465598.0,12465598.0
Estonia,20 Combustion of fuels,2018.0,2,11579637.0,0.0,0.0,11579637.0,11579637.0,11579637.0,11579637.0,11579637.0,1.0,0.0,11579637.0,11579637.0
Estonia,20 Combustion of fuels,2019.0,2,6158260.0,0.0,0.0,6158260.0,6158260.0,6158260.0,6158260.0,6158260.0,1.0,0.0,6158260.0,6158260.0
Estonia,20 Combustion of fuels,2020.0,2,3873952.0,0.0,0.0,3873952.0,3873952.0,3873952.0,3873952.0,3873952.0,1.0,0.0,3873952.0,3873952.0
Estonia,20 Combustion of fuels,2021.0,2,5139916.0,0.0,0.0,5139916.0,5139916.0,5139916.0,5139916.0,5139916.0,1.0,0.0,5139916.0,5139916.0
Estonia,20 Combustion of fuels,2022.0,2,6707471.0,0.0,0.0,6707471.0,6707471.0,6707471.0,6707471.0,6707471.0,1.0,0.0,6707471.0,6707471.0
Estonia,20 Combustion of fuels,2023.0,2,3209752.0,0.0,0.0,3209752.0,3209752.0,3209752.0,3209752.0,3209752.0,1.0,0.0,3209752.0,3209752.0
Estonia,20-99 All stationary installations,2015.0,2,11894068.0,0.0,0.0,11894068.0,11894068.0,11894068.0,11894068.0,11894068.0,1.0,0.0,11894068.0,11894068.0
Estonia,20-99 All stationary installations,2016.0,2,13447175.0,0.0,0.0,13447175.0,13447175.0,13447175.0,13447175.0,13447175.0,1.0,0.0,13447175.0,13447175.0
Estonia,20-99 All stationary installations,2017.0,2,14670571.0,0.0,0.0,14670571.0,14670571.0,14670571.0,14670571.0,14670571.0,1.0,0.0,14670571.0,14670571.0
Estonia,20-99 All stationary installations,2018.0,2,13853417.0,0.0,0.0,13853417.0,13853417.0,13853417.0,13853417.0,13853417.0,1.0,0.0,13853417.0,13853417.0
Estonia,20-99 All stationary installations,2019.0,2,8486473.0,0.0,0.0,8486473.0,8486473.0,8486473.0,8486473.0,8486473.0,1.0,0.0,8486473.0,8486473.0
Estonia,20-99 All stationary installations,2020.0,2,5617417.0,0.0,0.0,5617417.0,5617417.0,5617417.0,5617417.0,5617417.0,1.0,0.0,5617417.0,5617417.0
Estonia,20-99 All stationary installations,2021.0,2,6850057.0,0.0,0.0,6850057.0,6850057.0,6850057.0,6850057.0,6850057.0,1.0,0.0,6850057.0,6850057.0
Estonia,20-99 All stationary installations,2022.0,2,8407460.0,0.0,0.0,8407460.0,8407460.0,8407460.0,8407460.0,8407460.0,1.0,0.0,8407460.0,8407460.0
Estonia,20-99 All stationary installations,2023.0,2,5260450.0,0.0,0.0,5260450.0,5260450.0,5260450.0,5260450.0,5260450.0,1.0,0.0,5260450.0,5260450.0
Estonia,21  Refining of mineral oil,2015.0,2,1223359.0,0.0,0.0,1223359.0,1223359.0,1223359.0,1223359.0,1223359.0,1.0,0.0,1223359.0,1223359.0
Estonia,21  Refining of mineral oil,2016.0,2,1300912.0,0.0,0.0,1300912.0,1300912.0,1300912.0,1300912.0,1300912.0,1.0,0.0,1300912.0,1300912.0
Estonia,21  Refining of mineral oil,2017.0,2,1512893.0,0.0,0.0,1512893.0,1512893.0,1512893.0,1512893.0,1512893.0,1.0,0.0,1512893.0,1512893.0
Estonia,21  Refining of mineral oil,2018.0,2,1603842.0,0.0,0.0,1603842.0,1603842.0,1603842.0,1603842.0,1603842.0,1.0,0.0,1603842.0,1603842.0
Estonia,21  Refining of mineral oil,2019.0,2,1663747.0,0.0,0.0,1663747.0,1663747.0,1663747.0,1663747.0,1663747.0,1.0,0.0,1663747.0,1663747.0
Estonia,21  Refining of mineral oil,2020.0,2,1608677.0,0.0,0.0,1608677.0,1608677.0,1608677.0,1608677.0,1608677.0,1.0,0.0,1608677.0,1608677.0
Estonia,21  Refining of mineral oil,2021.0,2,1595268.0,0.0,0.0,1595268.0,1595268.0,1595268.0,1595268.0,1595268.0,1.0,0.0,1595268.0,1595268.0
Estonia,21  Refining of mineral oil,2022.0,2,1602972.0,0.0,0.0,1602972.0,1602972.0,1602972.0,1602972.0,1602972.0,1.0,0.0,1602972.0,1602972.0
Estonia,21  Refining of mineral oil,2023.0,2,1960729.0,0.0,0.0,1960729.0,1960729.0,1960729.0,1960729.0,1960729.0,1.0,0.0,1960729.0,1960729.0
Estonia,21-99 All industrial installations (excl. combustion),2015.0,2,1727411.0,0.0,0.0,1727411.0,1727411.0,1727411.0,1727411.0,1727411.0,1.0,0.0,1727411.0,1727411.0
Estonia,21-99 All industrial installations (excl. combustion),2016.0,2,1754368.0,0.0,0.0,1754368.0,1754368.0,1754368.0,1754368.0,1754368.0,1.0,0.0,1754368.0,1754368.0
Estonia,21-99 All industrial installations (excl. combustion),2017.0,2,2204973.0,0.0,0.0,2204973.0,2204973.0,2204973.0,2204973.0,2204973.0,1.0,0.0,2204973.0,2204973.0
Estonia,21-99 All industrial installations (excl. combustion),2018.0,2,2273780.0,0.0,0.0,2273780.0,2273780.0,2273780.0,2273780.0,2273780.0,1.0,0.0,2273780.0,2273780.0
Estonia,21-99 All industrial installations (excl. combustion),2019.0,2,2328213.0,0.0,0.0,2328213.0,2328213.0,2328213.0,2328213.0,2328213.0,1.0,0.0,2328213.0,2328213.0
Estonia,21-99 All industrial installations (excl. combustion),2020.0,2,1743465.0,0.0,0.0,1743465.0,1743465.0,1743465.0,1743465.0,1743465.0,1.0,0.0,1743465.0,1743465.0
Estonia,21-99 All industrial installations (excl. combustion),2021.0,2,1710141.0,0.0,0.0,1710141.0,1710141.0,1710141.0,1710141.0,1710141.0,1.0,0.0,1710141.0,1710141.0
Estonia,21-99 All industrial installations (excl. combustion),2022.0,2,1699989.0,0.0,0.0,1699989.0,1699989.0,1699989.0,1699989.0,1699989.0,1.0,0.0,1699989.0,1699989.0
Estonia,21-99 All industrial installations (excl. combustion),2023.0,2,2050698.0,0.0,0.0,2050698.0,2050698.0,2050698.0,2050698.0,2050698.0,1.0,0.0,2050698.0,2050698.0
Estonia,29 Production of cement clinker,2015.0,2,379310.0,0.0,0.0,379310.0,379310.0,379310.0,379310.0,379310.0,1.0,0.0,379310.0,379310.0
Estonia,29 Production of cement clinker,2016.0,2,331299.0,0.0,0.0,331299.0,331299.0,331299.0,331299.0,331299.0,1.0,0.0,331299.0,331299.0
Estonia,29 Production of cement clinker,2017.0,2,559629.0,0.0,0.0,559629.0,559629.0,559629.0,559629.0,559629.0,1.0,0.0,559629.0,559629.0
Estonia,29 Production of cement clinker,2018.0,2,547647.0,0.0,0.0,547647.0,547647.0,547647.0,547647.0,547647.0,1.0,0.0,547647.0,547647.0
Estonia,29 Production of cement clinker,2019.0,2,547282.0,0.0,0.0,547282.0,547282.0,547282.0,547282.0,547282.0,1.0,0.0,547282.0,547282.0
Estonia,29 Production of cement clinker,2020.0,2,36815.0,0.0,0.0,36815.0,36815.0,36815.0,36815.0,36815.0,1.0,0.0,36815.0,36815.0
Estonia,"30 Production of lime, or calcination of dolomite/magnesite",2015.0,2,39174.0,0.0,0.0,39174.0,39174.0,39174.0,39174.0,39174.0,1.0,0.0,39174.0,39174.0
Estonia,"30 Production of lime, or calcination of dolomite/magnesite",2016.0,2,38366.0,0.0,0.0,38366.0,38366.0,38366.0,38366.0,38366.0,1.0,0.0,38366.0,38366.0
Estonia,"30 Production of lime, or calcination of dolomite/magnesite",2017.0,2,48436.0,0.0,0.0,48436.0,48436.0,48436.0,48436.0,48436.0,1.0,0.0,48436.0,48436.0
Estonia,"30 Production of lime, or calcination of dolomite/magnesite",2018.0,2,48814.0,0.0,0.0,48814.0,48814.0,48814.0,48814.0,48814.0,1.0,0.0,48814.0,48814.0
Estonia,"30 Production of lime, or calcination of dolomite/magnesite",2019.0,2,41675.0,0.0,0.0,41675.0,41675.0,41675.0,41675.0,41675.0,1.0,0.0,41675.0,41675.0
Estonia,"30 Production of lime, or calcination of dolomite/magnesite",2020.0,2,25120.0,0.0,0.0,25120.0,25120.0,25120.0,25120.0,25120.0,1.0,0.0,25120.0,25120.0
Estonia,"30 Production of lime, or calcination of dolomite/magnesite",2021.0,2,33490.0,0.0,0.0,33490.0,33490.0,33490.0,33490.0,33490.0,1.0,0.0,33490.0,33490.0
Estonia,"30 Production of lime, or calcination of dolomite/magnesite",2022.0,2,3232.0,0.0,0.0,3232.0,3232.0,3232.0,3232.0,3232.0,1.0,0.0,3232.0,3232.0
Estonia,31 Manufacture of glass,2015.0,2,33380.0,0.0,0.0,33380.0,33380.0,33380.0,33380.0,33380.0,1.0,0.0,33380.0,33380.0
Estonia,31 Manufacture of glass,2016.0,2,31593.0,0.0,0.0,31593.0,31593.0,31593.0,31593.0,31593.0,1.0,0.0,31593.0,31593.0
Estonia,31 Manufacture of glass,2017.0,2,32676.0,0.0,0.0,32676.0,32676.0,32676.0,32676.0,32676.0,1.0,0.0,32676.0,32676.0
Estonia,31 Manufacture of glass,2018.0,2,32397.0,0.0,0.0,32397.0,32397.0,32397.0,32397.0,32397.0,1.0,0.0,32397.0,32397.0
Estonia,31 Manufacture of glass,2019.0,2,33652.0,0.0,0.0,33652.0,33652.0,33652.0,33652.0,33652.0,1.0,0.0,33652.0,33652.0
Estonia,31 Manufacture of glass,2020.0,2,30061.0,0.0,0.0,30061.0,30061.0,30061.0,30061.0,30061.0,1.0,0.0,30061.0,30061.0
Estonia,31 Manufacture of glass,2021.0,2,34441.0,0.0,0.0,34441.0,34441.0,34441.0,34441.0,34441.0,1.0,0.0,34441.0,34441.0
Estonia,31 Manufacture of glass,2022.0,2,32892.0,0.0,0.0,32892.0,32892.0,32892.0,32892.0,32892.0,1.0,0.0,32892.0,32892.0
Estonia,31 Manufacture of glass,2023.0,2,31320.0,0.0,0.0,31320.0,31320.0,31320.0,31320.0,31320.0,1.0,0.0,31320.0,31320.0
Estonia,32 Manufacture of ceramics,2015.0,2,5204.0,0.0,0.0,5204.0,5204.0,5204.0,5204.0,5204.0,1.0,0.0,5204.0,5204.0
Estonia,32 Manufacture of ceramics,2016.0,2,5972.0,0.0,0.0,5972.0,5972.0,5972.0,5972.0,5972.0,1.0,0.0,5972.0,5972.0
Estonia,32 Manufacture of ceramics,2017.0,2,5905.0,0.0,0.0,5905.0,5905.0,5905.0,5905.0,5905.0,1.0,0.0,5905.0,5905.0
Estonia,32 Manufacture of ceramics,2018.0,2,5440.0,0.0,0.0,5440.0,5440.0,5440.0,5440.0,5440.0,1.0,0.0,5440.0,5440.0
Estonia,32 Manufacture of ceramics,2019.0,2,5551.0,0.0,0.0,5551.0,5551.0,5551.0,5551.0,5551.0,1.0,0.0,5551.0,5551.0
Estonia,32 Manufacture of ceramics,2020.0,2,5687.0,0.0,0.0,5687.0,5687.0,5687.0,5687.0,5687.0,1.0,0.0,5687.0,5687.0
Estonia,32 Manufacture of ceramics,2021.0,2,6220.0,0.0,0.0,6220.0,6220.0,6220.0,6220.0,6220.0,1.0,0.0,6220.0,6220.0
Estonia,32 Manufacture of ceramics,2022.0,2,24640.0,0.0,0.0,24640.0,24640.0,24640.0,24640.0,24640.0,1.0,0.0,24640.0,24640.0
Estonia,32 Manufacture of ceramics,2023.0,2,32628.0,0.0,0.0,32628.0,32628.0,32628.0,32628.0,32628.0,1.0,0.0,32628.0,32628.0
Estonia,35 Production of pulp,2015.0,2,22662.0,0.0,0.0,22662.0,22662.0,22662.0,22662.0,22662.0,1.0,0.0,22662.0,22662.0
Estonia,35 Production of pulp,2016.0,2,21666.0,0.0,0.0,21666.0,21666.0,21666.0,21666.0,21666.0,1.0,0.0,21666.0,21666.0
Estonia,35 Production of pulp,2017.0,2,19736.0,0.0,0.0,19736.0,19736.0,19736.0,19736.0,19736.0,1.0,0.0,19736.0,19736.0
Estonia,35 Production of pulp,2018.0,2,25213.0,0.0,0.0,25213.0,25213.0,25213.0,25213.0,25213.0,1.0,0.0,25213.0,25213.0
Estonia,35 Production of pulp,2019.0,2,26690.0,0.0,0.0,26690.0,26690.0,26690.0,26690.0,26690.0,1.0,0.0,26690.0,26690.0
Estonia,35 Production of pulp,2020.0,2,26337.0,0.0,0.0,26337.0,26337.0,26337.0,26337.0,26337.0,1.0,0.0,26337.0,26337.0
Estonia,35 Production of pulp,2021.0,2,27834.0,0.0,0.0,27834.0,27834.0,27834.0,27834.0,27834.0,1.0,0.0,27834.0,27834.0
Estonia,35 Production of pulp,2022.0,2,25586.0,0.0,0.0,25586.0,25586.0,25586.0,25586.0,25586.0,1.0,0.0,25586.0,25586.0
Estonia,35 Production of pulp,2023.0,2,19628.0,0.0,0.0,19628.0,19628.0,19628.0,19628.0,19628.0,1.0,0.0,19628.0,19628.0
Estonia,36 Production of paper or cardboard,2015.0,2,24322.0,0.0,0.0,24322.0,24322.0,24322.0,24322.0,24322.0,1.0,0.0,24322.0,24322.0
Estonia,36 Production of paper or cardboard,2016.0,2,24560.0,0.0,0.0,24560.0,24560.0,24560.0,24560.0,24560.0,1.0,0.0,24560.0,24560.0
Estonia,36 Production of paper or cardboard,2017.0,2,25698.0,0.0,0.0,25698.0,25698.0,25698.0,25698.0,25698.0,1.0,0.0,25698.0,25698.0
Estonia,36 Production of paper or cardboard,2018.0,2,10427.0,0.0,0.0,10427.0,10427.0,10427.0,10427.0,10427.0,1.0,0.0,10427.0,10427.0
Estonia,36 Production of paper or cardboard,2019.0,2,9616.0,0.0,0.0,9616.0,9616.0,9616.0,9616.0,9616.0,1.0,0.0,9616.0,9616.0
Estonia,36 Production of paper or cardboard,2020.0,2,10768.0,0.0,0.0,10768.0,10768.0,10768.0,10768.0,10768.0,1.0,0.0,10768.0,10768.0
Estonia,36 Production of paper or cardboard,2021.0,2,12888.0,0.0,0.0,12888.0,12888.0,12888.0,12888.0,12888.0,1.0,0.0,12888.0,12888.0
Estonia,36 Production of paper or cardboard,2022.0,2,10667.0,0.0,0.0,10667.0,10667.0,10667.0,10667.0,10667.0,1.0,0.0,10667.0,10667.0
Estonia,36 Production of paper or cardboard,2023.0,2,6393.0,0.0,0.0,6393.0,6393.0,6393.0,6393.0,6393.0,1.0,0.0,6393.0,6393.0
Finland,10 Aviation,2015.0,2,952946.0,0.0,0.0,952946.0,952946.0,952946.0,952946.0,952946.0,1.0,0.0,952946.0,952946.0
Finland,10 Aviation,2016.0,2,988867.0,0.0,0.0,988867.0,988867.0,988867.0,988867.0,988867.0,1.0,0.0,988867.0,988867.0
Finland,10 Aviation,2017.0,2,1051966.0,0.0,0.0,1051966.0,1051966.0,1051966.0,1051966.0,1051966.0,1.0,0.0,1051966.0,1051966.0
Finland,10 Aviation,2018.0,2,1170188.0,0.0,0.0,1170188.0,1170188.0,1170188.0,1170188.0,1170188.0,1.0,0.0,1170188.0,1170188.0
Finland,10 Aviation,2019.0,2,1252207.0,0.0,0.0,1252207.0,1252207.0,1252207.0,1252207.0,1252207.0,1.0,0.0,1252207.0,1252207.0
Finland,10 Aviation,2020.0,3,267217.3333333333,181687.353985417,0.6799235353448267,86370.40000000001,200413.0,390484.0,395655.0,398757.6,4.616831692339042,-0.3247327601835541,10342.0,400826.0
Finland,10 Aviation,2021.0,3,226958.0,153538.47713846844,0.6765061250912876,74025.6,170218.5,330540.0,335488.5,338457.6,4.572169627804435,-0.3236428472815822,9897.0,340437.0
Finland,10 Aviation,2022.0,3,637503.3333333334,435472.2316553478,0.6830901250011991,204319.6,478127.5,934474.0,945364.5,951898.8,4.65887168925546,-0.3257408675858775,21781.0,956255.0
Finland,10 Aviation,2023.0,3,697417.3333333334,478025.6203038587,0.6854226263908823,222125.80000000002,523063.0,1024625.0,1035375.5,1041825.8,4.690251199995678,-0.3264823421525387,21501.0,1046126.0
Finland,20 Combustion of fuels,2015.0,2,13240190.0,0.0,0.0,13240190.0,13240190.0,13240190.0,13240190.0,13240190.0,1.0,0.0,13240190.0,13240190.0
Finland,20 Combustion of fuels,2016.0,2,14323411.0,0.0,0.0,14323411.0,14323411.0,14323411.0,14323411.0,14323411.0,1.0,0.0,14323411.0,14323411.0
Finland,20 Combustion of fuels,2017.0,2,12599065.0,0.0,0.0,12599065.0,12599065.0,12599065.0,12599065.0,12599065.0,1.0,0.0,12599065.0,12599065.0
Finland,20 Combustion of fuels,2018.0,2,13698546.0,0.0,0.0,13698546.0,13698546.0,13698546.0,13698546.0,13698546.0,1.0,0.0,13698546.0,13698546.0
Finland,20 Combustion of fuels,2019.0,2,11594866.0,0.0,0.0,11594866.0,11594866.0,11594866.0,11594866.0,11594866.0,1.0,0.0,11594866.0,11594866.0
Finland,20 Combustion of fuels,2020.0,2,8439505.0,0.0,0.0,8439505.0,8439505.0,8439505.0,8439505.0,8439505.0,1.0,0.0,8439505.0,8439505.0
Finland,20 Combustion of fuels,2021.0,2,8561850.0,0.0,0.0,8561850.0,8561850.0,8561850.0,8561850.0,8561850.0,1.0,0.0,8561850.0,8561850.0
Finland,20 Combustion of fuels,2022.0,2,8284169.0,0.0,0.0,8284169.0,8284169.0,8284169.0,8284169.0,8284169.0,1.0,0.0,8284169.0,8284169.0
Finland,20 Combustion of fuels,2023.0,2,5177458.0,0.0,0.0,5177458.0,5177458.0,5177458.0,5177458.0,5177458.0,1.0,0.0,5177458.0,5177458.0
Finland,20-99 All stationary installations,2015.0,2,25345406.0,0.0,0.0,25345406.0,25345406.0,25345406.0,25345406.0,25345406.0,1.0,0.0,25345406.0,25345406.0
Finland,20-99 All stationary installations,2016.0,2,27121173.0,0.0,0.0,27121173.0,27121173.0,27121173.0,27121173.0,27121173.0,1.0,0.0,27121173.0,27121173.0
Finland,20-99 All stationary installations,2017.0,2,25043551.0,0.0,0.0,25043551.0,25043551.0,25043551.0,25043551.0,25043551.0,1.0,0.0,25043551.0,25043551.0
Finland,20-99 All stationary installations,2018.0,2,26170972.0,0.0,0.0,26170972.0,26170972.0,26170972.0,26170972.0,26170972.0,1.0,0.0,26170972.0,26170972.0
Finland,20-99 All stationary installations,2019.0,2,23242612.0,0.0,0.0,23242612.0,23242612.0,23242612.0,23242612.0,23242612.0,1.0,0.0,23242612.0,23242612.0
Finland,20-99 All stationary installations,2020.0,2,19580017.0,0.0,0.0,19580017.0,19580017.0,19580017.0,19580017.0,19580017.0,1.0,0.0,19580017.0,19580017.0
Finland,20-99 All stationary installations,2021.0,2,20312564.0,0.0,0.0,20312564.0,20312564.0,20312564.0,20312564.0,20312564.0,1.0,0.0,20312564.0,20312564.0
Finland,20-99 All stationary installations,2022.0,2,19020773.0,0.0,0.0,19020773.0,19020773.0,19020773.0,19020773.0,19020773.0,1.0,0.0,19020773.0,19020773.0
Finland,20-99 All stationary installations,2023.0,2,15367274.0,0.0,0.0,15367274.0,15367274.0,15367274.0,15367274.0,15367274.0,1.0,0.0,15367274.0,15367274.0
Finland,21  Refining of mineral oil,2015.0,2,2909575.0,0.0,0.0,2909575.0,2909575.0,2909575.0,2909575.0,2909575.0,1.0,0.0,2909575.0,2909575.0
Finland,21  Refining of mineral oil,2016.0,2,3240705.0,0.0,0.0,3240705.0,3240705.0,3240705.0,3240705.0,3240705.0,1.0,0.0,3240705.0,3240705.0
Finland,21  Refining of mineral oil,2017.0,2,3298474.0,0.0,0.0,3298474.0,3298474.0,3298474.0,3298474.0,3298474.0,1.0,0.0,3298474.0,3298474.0
Finland,21  Refining of mineral oil,2018.0,2,3168344.0,0.0,0.0,3168344.0,3168344.0,3168344.0,3168344.0,3168344.0,1.0,0.0,3168344.0,3168344.0
Finland,21  Refining of mineral oil,2019.0,2,3301425.0,0.0,0.0,3301425.0,3301425.0,3301425.0,3301425.0,3301425.0,1.0,0.0,3301425.0,3301425.0
Finland,21  Refining of mineral oil,2020.0,2,3056496.0,0.0,0.0,3056496.0,3056496.0,3056496.0,3056496.0,3056496.0,1.0,0.0,3056496.0,3056496.0
Finland,21  Refining of mineral oil,2021.0,2,2565250.0,0.0,0.0,2565250.0,2565250.0,2565250.0,2565250.0,2565250.0,1.0,0.0,2565250.0,2565250.0
Finland,21  Refining of mineral oil,2022.0,2,2737356.0,0.0,0.0,2737356.0,2737356.0,2737356.0,2737356.0,2737356.0,1.0,0.0,2737356.0,2737356.0
Finland,21  Refining of mineral oil,2023.0,2,2768570.0,0.0,0.0,2768570.0,2768570.0,2768570.0,2768570.0,2768570.0,1.0,0.0,2768570.0,2768570.0
Finland,21-99 All industrial installations (excl. combustion),2015.0,2,12105216.0,0.0,0.0,12105216.0,12105216.0,12105216.0,12105216.0,12105216.0,1.0,0.0,12105216.0,12105216.0
Finland,21-99 All industrial installations (excl. combustion),2016.0,2,12797762.0,0.0,0.0,12797762.0,12797762.0,12797762.0,12797762.0,12797762.0,1.0,0.0,12797762.0,12797762.0
Finland,21-99 All industrial installations (excl. combustion),2017.0,2,12444486.0,0.0,0.0,12444486.0,12444486.0,12444486.0,12444486.0,12444486.0,1.0,0.0,12444486.0,12444486.0
Finland,21-99 All industrial installations (excl. combustion),2018.0,2,12472426.0,0.0,0.0,12472426.0,12472426.0,12472426.0,12472426.0,12472426.0,1.0,0.0,12472426.0,12472426.0
Finland,21-99 All industrial installations (excl. combustion),2019.0,2,11647746.0,0.0,0.0,11647746.0,11647746.0,11647746.0,11647746.0,11647746.0,1.0,0.0,11647746.0,11647746.0
Finland,21-99 All industrial installations (excl. combustion),2020.0,2,11140512.0,0.0,0.0,11140512.0,11140512.0,11140512.0,11140512.0,11140512.0,1.0,0.0,11140512.0,11140512.0
Finland,21-99 All industrial installations (excl. combustion),2021.0,2,11750714.0,0.0,0.0,11750714.0,11750714.0,11750714.0,11750714.0,11750714.0,1.0,0.0,11750714.0,11750714.0
Finland,21-99 All industrial installations (excl. combustion),2022.0,2,10736604.0,0.0,0.0,10736604.0,10736604.0,10736604.0,10736604.0,10736604.0,1.0,0.0,10736604.0,10736604.0
Finland,21-99 All industrial installations (excl. combustion),2023.0,2,10189816.0,0.0,0.0,10189816.0,10189816.0,10189816.0,10189816.0,10189816.0,1.0,0.0,10189816.0,10189816.0
Finland,23 Metal ore roasting or sintering,2015.0,2,7827.0,0.0,0.0,7827.0,7827.0,7827.0,7827.0,7827.0,1.0,0.0,7827.0,7827.0
Finland,23 Metal ore roasting or sintering,2016.0,2,7310.0,0.0,0.0,7310.0,7310.0,7310.0,7310.0,7310.0,1.0,0.0,7310.0,7310.0
Finland,23 Metal ore roasting or sintering,2017.0,2,8246.0,0.0,0.0,8246.0,8246.0,8246.0,8246.0,8246.0,1.0,0.0,8246.0,8246.0
Finland,23 Metal ore roasting or sintering,2018.0,2,7282.0,0.0,0.0,7282.0,7282.0,7282.0,7282.0,7282.0,1.0,0.0,7282.0,7282.0
Finland,23 Metal ore roasting or sintering,2019.0,2,8732.0,0.0,0.0,8732.0,8732.0,8732.0,8732.0,8732.0,1.0,0.0,8732.0,8732.0
Finland,23 Metal ore roasting or sintering,2020.0,2,9378.0,0.0,0.0,9378.0,9378.0,9378.0,9378.0,9378.0,1.0,0.0,9378.0,9378.0
Finland,23 Metal ore roasting or sintering,2021.0,2,8984.0,0.0,0.0,8984.0,8984.0,8984.0,8984.0,8984.0,1.0,0.0,8984.0,8984.0
Finland,23 Metal ore roasting or sintering,2022.0,2,6669.0,0.0,0.0,6669.0,6669.0,6669.0,6669.0,6669.0,1.0,0.0,6669.0,6669.0
Finland,23 Metal ore roasting or sintering,2023.0,2,7969.0,0.0,0.0,7969.0,7969.0,7969.0,7969.0,7969.0,1.0,0.0,7969.0,7969.0
Finland,24  Production of pig iron or steel,2015.0,2,4703761.0,0.0,0.0,4703761.0,4703761.0,4703761.0,4703761.0,4703761.0,1.0,0.0,4703761.0,4703761.0
Finland,24  Production of pig iron or steel,2016.0,2,4891081.0,0.0,0.0,4891081.0,4891081.0,4891081.0,4891081.0,4891081.0,1.0,0.0,4891081.0,4891081.0
Finland,24  Production of pig iron or steel,2017.0,2,4516679.0,0.0,0.0,4516679.0,4516679.0,4516679.0,4516679.0,4516679.0,1.0,0.0,4516679.0,4516679.0
Finland,24  Production of pig iron or steel,2018.0,2,4807428.0,0.0,0.0,4807428.0,4807428.0,4807428.0,4807428.0,4807428.0,1.0,0.0,4807428.0,4807428.0
Finland,24  Production of pig iron or steel,2019.0,2,4068769.0,0.0,0.0,4068769.0,4068769.0,4068769.0,4068769.0,4068769.0,1.0,0.0,4068769.0,4068769.0
Finland,24  Production of pig iron or steel,2020.0,2,4039810.0,0.0,0.0,4039810.0,4039810.0,4039810.0,4039810.0,4039810.0,1.0,0.0,4039810.0,4039810.0
Finland,24  Production of pig iron or steel,2021.0,2,5012511.0,0.0,0.0,5012511.0,5012511.0,5012511.0,5012511.0,5012511.0,1.0,0.0,5012511.0,5012511.0
Finland,24  Production of pig iron or steel,2022.0,2,4300088.0,0.0,0.0,4300088.0,4300088.0,4300088.0,4300088.0,4300088.0,1.0,0.0,4300088.0,4300088.0
Finland,24  Production of pig iron or steel,2023.0,2,4408290.0,0.0,0.0,4408290.0,4408290.0,4408290.0,4408290.0,4408290.0,1.0,0.0,4408290.0,4408290.0
Finland,25 Production or processing of ferrous metals,2015.0,2,81153.0,0.0,0.0,81153.0,81153.0,81153.0,81153.0,81153.0,1.0,0.0,81153.0,81153.0
Finland,25 Production or processing of ferrous metals,2016.0,2,86814.0,0.0,0.0,86814.0,86814.0,86814.0,86814.0,86814.0,1.0,0.0,86814.0,86814.0
Finland,25 Production or processing of ferrous metals,2017.0,2,83101.0,0.0,0.0,83101.0,83101.0,83101.0,83101.0,83101.0,1.0,0.0,83101.0,83101.0
Finland,25 Production or processing of ferrous metals,2018.0,2,77102.0,0.0,0.0,77102.0,77102.0,77102.0,77102.0,77102.0,1.0,0.0,77102.0,77102.0
Finland,25 Production or processing of ferrous metals,2019.0,2,70583.0,0.0,0.0,70583.0,70583.0,70583.0,70583.0,70583.0,1.0,0.0,70583.0,70583.0
Finland,25 Production or processing of ferrous metals,2020.0,2,74619.0,0.0,0.0,74619.0,74619.0,74619.0,74619.0,74619.0,1.0,0.0,74619.0,74619.0
Finland,25 Production or processing of ferrous metals,2021.0,2,79283.0,0.0,0.0,79283.0,79283.0,79283.0,79283.0,79283.0,1.0,0.0,79283.0,79283.0
Finland,25 Production or processing of ferrous metals,2022.0,2,61428.0,0.0,0.0,61428.0,61428.0,61428.0,61428.0,61428.0,1.0,0.0,61428.0,61428.0
Finland,25 Production or processing of ferrous metals,2023.0,2,64824.0,0.0,0.0,64824.0,64824.0,64824.0,64824.0,64824.0,1.0,0.0,64824.0,64824.0
Finland,28 Production or processing of non-ferrous metals,2015.0,2,80908.0,0.0,0.0,80908.0,80908.0,80908.0,80908.0,80908.0,1.0,0.0,80908.0,80908.0
Finland,28 Production or processing of non-ferrous metals,2016.0,2,82310.0,0.0,0.0,82310.0,82310.0,82310.0,82310.0,82310.0,1.0,0.0,82310.0,82310.0
Finland,28 Production or processing of non-ferrous metals,2017.0,2,81132.0,0.0,0.0,81132.0,81132.0,81132.0,81132.0,81132.0,1.0,0.0,81132.0,81132.0
Finland,28 Production or processing of non-ferrous metals,2018.0,2,95265.0,0.0,0.0,95265.0,95265.0,95265.0,95265.0,95265.0,1.0,0.0,95265.0,95265.0
Finland,28 Production or processing of non-ferrous metals,2019.0,2,84415.0,0.0,0.0,84415.0,84415.0,84415.0,84415.0,84415.0,1.0,0.0,84415.0,84415.0
Finland,28 Production or processing of non-ferrous metals,2020.0,2,84926.0,0.0,0.0,84926.0,84926.0,84926.0,84926.0,84926.0,1.0,0.0,84926.0,84926.0
Finland,28 Production or processing of non-ferrous metals,2021.0,2,66813.0,0.0,0.0,66813.0,66813.0,66813.0,66813.0,66813.0,1.0,0.0,66813.0,66813.0
Finland,28 Production or processing of non-ferrous metals,2022.0,2,65091.0,0.0,0.0,65091.0,65091.0,65091.0,65091.0,65091.0,1.0,0.0,65091.0,65091.0
Finland,28 Production or processing of non-ferrous metals,2023.0,2,71614.0,0.0,0.0,71614.0,71614.0,71614.0,71614.0,71614.0,1.0,0.0,71614.0,71614.0
Finland,29 Production of cement clinker,2015.0,2,701990.0,0.0,0.0,701990.0,701990.0,701990.0,701990.0,701990.0,1.0,0.0,701990.0,701990.0
Finland,29 Production of cement clinker,2016.0,2,827398.0,0.0,0.0,827398.0,827398.0,827398.0,827398.0,827398.0,1.0,0.0,827398.0,827398.0
Finland,29 Production of cement clinker,2017.0,2,905985.0,0.0,0.0,905985.0,905985.0,905985.0,905985.0,905985.0,1.0,0.0,905985.0,905985.0
Finland,29 Production of cement clinker,2018.0,2,891409.0,0.0,0.0,891409.0,891409.0,891409.0,891409.0,891409.0,1.0,0.0,891409.0,891409.0
Finland,29 Production of cement clinker,2019.0,2,871058.0,0.0,0.0,871058.0,871058.0,871058.0,871058.0,871058.0,1.0,0.0,871058.0,871058.0
Finland,29 Production of cement clinker,2020.0,2,850921.0,0.0,0.0,850921.0,850921.0,850921.0,850921.0,850921.0,1.0,0.0,850921.0,850921.0
Finland,29 Production of cement clinker,2021.0,2,906599.0,0.0,0.0,906599.0,906599.0,906599.0,906599.0,906599.0,1.0,0.0,906599.0,906599.0
Finland,29 Production of cement clinker,2022.0,2,885342.0,0.0,0.0,885342.0,885342.0,885342.0,885342.0,885342.0,1.0,0.0,885342.0,885342.0
Finland,29 Production of cement clinker,2023.0,2,663883.0,0.0,0.0,663883.0,663883.0,663883.0,663883.0,663883.0,1.0,0.0,663883.0,663883.0
Finland,"30 Production of lime, or calcination of dolomite/magnesite",2015.0,2,572311.0,0.0,0.0,572311.0,572311.0,572311.0,572311.0,572311.0,1.0,0.0,572311.0,572311.0
Finland,"30 Production of lime, or calcination of dolomite/magnesite",2016.0,2,627543.0,0.0,0.0,627543.0,627543.0,627543.0,627543.0,627543.0,1.0,0.0,627543.0,627543.0
Finland,"30 Production of lime, or calcination of dolomite/magnesite",2017.0,2,645724.0,0.0,0.0,645724.0,645724.0,645724.0,645724.0,645724.0,1.0,0.0,645724.0,645724.0
Finland,"30 Production of lime, or calcination of dolomite/magnesite",2018.0,2,485245.0,0.0,0.0,485245.0,485245.0,485245.0,485245.0,485245.0,1.0,0.0,485245.0,485245.0
Finland,"30 Production of lime, or calcination of dolomite/magnesite",2019.0,2,423133.0,0.0,0.0,423133.0,423133.0,423133.0,423133.0,423133.0,1.0,0.0,423133.0,423133.0
Finland,"30 Production of lime, or calcination of dolomite/magnesite",2020.0,2,424655.0,0.0,0.0,424655.0,424655.0,424655.0,424655.0,424655.0,1.0,0.0,424655.0,424655.0
Finland,"30 Production of lime, or calcination of dolomite/magnesite",2021.0,2,481425.0,0.0,0.0,481425.0,481425.0,481425.0,481425.0,481425.0,1.0,0.0,481425.0,481425.0
Finland,"30 Production of lime, or calcination of dolomite/magnesite",2022.0,2,405539.0,0.0,0.0,405539.0,405539.0,405539.0,405539.0,405539.0,1.0,0.0,405539.0,405539.0
Finland,"30 Production of lime, or calcination of dolomite/magnesite",2023.0,2,373397.0,0.0,0.0,373397.0,373397.0,373397.0,373397.0,373397.0,1.0,0.0,373397.0,373397.0
Finland,31 Manufacture of glass,2015.0,2,20427.0,0.0,0.0,20427.0,20427.0,20427.0,20427.0,20427.0,1.0,0.0,20427.0,20427.0
Finland,31 Manufacture of glass,2016.0,2,20634.0,0.0,0.0,20634.0,20634.0,20634.0,20634.0,20634.0,1.0,0.0,20634.0,20634.0
Finland,31 Manufacture of glass,2017.0,2,20926.0,0.0,0.0,20926.0,20926.0,20926.0,20926.0,20926.0,1.0,0.0,20926.0,20926.0
Finland,31 Manufacture of glass,2018.0,2,20992.0,0.0,0.0,20992.0,20992.0,20992.0,20992.0,20992.0,1.0,0.0,20992.0,20992.0
Finland,31 Manufacture of glass,2019.0,2,21108.0,0.0,0.0,21108.0,21108.0,21108.0,21108.0,21108.0,1.0,0.0,21108.0,21108.0
Finland,31 Manufacture of glass,2020.0,2,14060.0,0.0,0.0,14060.0,14060.0,14060.0,14060.0,14060.0,1.0,0.0,14060.0,14060.0
Finland,32 Manufacture of ceramics,2015.0,2,36780.0,0.0,0.0,36780.0,36780.0,36780.0,36780.0,36780.0,1.0,0.0,36780.0,36780.0
Finland,32 Manufacture of ceramics,2016.0,2,43283.0,0.0,0.0,43283.0,43283.0,43283.0,43283.0,43283.0,1.0,0.0,43283.0,43283.0
Finland,32 Manufacture of ceramics,2017.0,2,46973.0,0.0,0.0,46973.0,46973.0,46973.0,46973.0,46973.0,1.0,0.0,46973.0,46973.0
Finland,32 Manufacture of ceramics,2018.0,2,41942.0,0.0,0.0,41942.0,41942.0,41942.0,41942.0,41942.0,1.0,0.0,41942.0,41942.0
Finland,32 Manufacture of ceramics,2019.0,2,45996.0,0.0,0.0,45996.0,45996.0,45996.0,45996.0,45996.0,1.0,0.0,45996.0,45996.0
Finland,32 Manufacture of ceramics,2020.0,2,47966.0,0.0,0.0,47966.0,47966.0,47966.0,47966.0,47966.0,1.0,0.0,47966.0,47966.0
Finland,32 Manufacture of ceramics,2021.0,2,41174.0,0.0,0.0,41174.0,41174.0,41174.0,41174.0,41174.0,1.0,0.0,41174.0,41174.0
Finland,32 Manufacture of ceramics,2022.0,2,35205.0,0.0,0.0,35205.0,35205.0,35205.0,35205.0,35205.0,1.0,0.0,35205.0,35205.0
Finland,32 Manufacture of ceramics,2023.0,2,10961.0,0.0,0.0,10961.0,10961.0,10961.0,10961.0,10961.0,1.0,0.0,10961.0,10961.0
Finland,33 Manufacture of mineral wool,2015.0,2,61185.0,0.0,0.0,61185.0,61185.0,61185.0,61185.0,61185.0,1.0,0.0,61185.0,61185.0
Finland,33 Manufacture of mineral wool,2016.0,2,49458.0,0.0,0.0,49458.0,49458.0,49458.0,49458.0,49458.0,1.0,0.0,49458.0,49458.0
Finland,33 Manufacture of mineral wool,2017.0,2,48598.0,0.0,0.0,48598.0,48598.0,48598.0,48598.0,48598.0,1.0,0.0,48598.0,48598.0
Finland,33 Manufacture of mineral wool,2018.0,2,48331.0,0.0,0.0,48331.0,48331.0,48331.0,48331.0,48331.0,1.0,0.0,48331.0,48331.0
Finland,33 Manufacture of mineral wool,2019.0,2,37629.0,0.0,0.0,37629.0,37629.0,37629.0,37629.0,37629.0,1.0,0.0,37629.0,37629.0
Finland,33 Manufacture of mineral wool,2020.0,2,33429.0,0.0,0.0,33429.0,33429.0,33429.0,33429.0,33429.0,1.0,0.0,33429.0,33429.0
Finland,33 Manufacture of mineral wool,2021.0,2,39673.0,0.0,0.0,39673.0,39673.0,39673.0,39673.0,39673.0,1.0,0.0,39673.0,39673.0
Finland,33 Manufacture of mineral wool,2022.0,2,43539.0,0.0,0.0,43539.0,43539.0,43539.0,43539.0,43539.0,1.0,0.0,43539.0,43539.0
Finland,33 Manufacture of mineral wool,2023.0,2,25086.0,0.0,0.0,25086.0,25086.0,25086.0,25086.0,25086.0,1.0,0.0,25086.0,25086.0
Finland,34 Production or processing of gypsum or plasterboard,2015.0,2,13515.0,0.0,0.0,13515.0,13515.0,13515.0,13515.0,13515.0,1.0,0.0,13515.0,13515.0
Finland,34 Production or processing of gypsum or plasterboard,2016.0,2,16579.0,0.0,0.0,16579.0,16579.0,16579.0,16579.0,16579.0,1.0,0.0,16579.0,16579.0
Finland,34 Production or processing of gypsum or plasterboard,2017.0,2,15064.0,0.0,0.0,15064.0,15064.0,15064.0,15064.0,15064.0,1.0,0.0,15064.0,15064.0
Finland,34 Production or processing of gypsum or plasterboard,2018.0,2,15928.0,0.0,0.0,15928.0,15928.0,15928.0,15928.0,15928.0,1.0,0.0,15928.0,15928.0
Finland,34 Production or processing of gypsum or plasterboard,2019.0,2,15246.0,0.0,0.0,15246.0,15246.0,15246.0,15246.0,15246.0,1.0,0.0,15246.0,15246.0
Finland,34 Production or processing of gypsum or plasterboard,2020.0,2,15557.0,0.0,0.0,15557.0,15557.0,15557.0,15557.0,15557.0,1.0,0.0,15557.0,15557.0
Finland,34 Production or processing of gypsum or plasterboard,2021.0,2,17817.0,0.0,0.0,17817.0,17817.0,17817.0,17817.0,17817.0,1.0,0.0,17817.0,17817.0
Finland,34 Production or processing of gypsum or plasterboard,2022.0,2,16395.0,0.0,0.0,16395.0,16395.0,16395.0,16395.0,16395.0,1.0,0.0,16395.0,16395.0
Finland,34 Production or processing of gypsum or plasterboard,2023.0,2,12029.0,0.0,0.0,12029.0,12029.0,12029.0,12029.0,12029.0,1.0,0.0,12029.0,12029.0
Finland,35 Production of pulp,2015.0,2,330460.0,0.0,0.0,330460.0,330460.0,330460.0,330460.0,330460.0,1.0,0.0,330460.0,330460.0
Finland,35 Production of pulp,2016.0,2,341085.0,0.0,0.0,341085.0,341085.0,341085.0,341085.0,341085.0,1.0,0.0,341085.0,341085.0
Finland,35 Production of pulp,2017.0,2,305699.0,0.0,0.0,305699.0,305699.0,305699.0,305699.0,305699.0,1.0,0.0,305699.0,305699.0
Finland,35 Production of pulp,2018.0,2,292130.0,0.0,0.0,292130.0,292130.0,292130.0,292130.0,292130.0,1.0,0.0,292130.0,292130.0
Finland,35 Production of pulp,2019.0,2,312263.0,0.0,0.0,312263.0,312263.0,312263.0,312263.0,312263.0,1.0,0.0,312263.0,312263.0
Finland,35 Production of pulp,2020.0,2,318411.0,0.0,0.0,318411.0,318411.0,318411.0,318411.0,318411.0,1.0,0.0,318411.0,318411.0
Finland,35 Production of pulp,2021.0,2,296595.0,0.0,0.0,296595.0,296595.0,296595.0,296595.0,296595.0,1.0,0.0,296595.0,296595.0
Finland,35 Production of pulp,2022.0,2,288961.0,0.0,0.0,288961.0,288961.0,288961.0,288961.0,288961.0,1.0,0.0,288961.0,288961.0
Finland,35 Production of pulp,2023.0,2,225932.0,0.0,0.0,225932.0,225932.0,225932.0,225932.0,225932.0,1.0,0.0,225932.0,225932.0
Finland,36 Production of paper or cardboard,2015.0,2,1793018.0,0.0,0.0,1793018.0,1793018.0,1793018.0,1793018.0,1793018.0,1.0,0.0,1793018.0,1793018.0
Finland,36 Production of paper or cardboard,2016.0,2,1743925.0,0.0,0.0,1743925.0,1743925.0,1743925.0,1743925.0,1743925.0,1.0,0.0,1743925.0,1743925.0
Finland,36 Production of paper or cardboard,2017.0,2,1709741.0,0.0,0.0,1709741.0,1709741.0,1709741.0,1709741.0,1709741.0,1.0,0.0,1709741.0,1709741.0
Finland,36 Production of paper or cardboard,2018.0,2,1768516.0,0.0,0.0,1768516.0,1768516.0,1768516.0,1768516.0,1768516.0,1.0,0.0,1768516.0,1768516.0
Finland,36 Production of paper or cardboard,2019.0,2,1653563.0,0.0,0.0,1653563.0,1653563.0,1653563.0,1653563.0,1653563.0,1.0,0.0,1653563.0,1653563.0
Finland,36 Production of paper or cardboard,2020.0,2,1443352.0,0.0,0.0,1443352.0,1443352.0,1443352.0,1443352.0,1443352.0,1.0,0.0,1443352.0,1443352.0
Finland,36 Production of paper or cardboard,2021.0,2,1465035.0,0.0,0.0,1465035.0,1465035.0,1465035.0,1465035.0,1465035.0,1.0,0.0,1465035.0,1465035.0
Finland,36 Production of paper or cardboard,2022.0,2,1214349.0,0.0,0.0,1214349.0,1214349.0,1214349.0,1214349.0,1214349.0,1.0,0.0,1214349.0,1214349.0
Finland,36 Production of paper or cardboard,2023.0,2,1003024.0,0.0,0.0,1003024.0,1003024.0,1003024.0,1003024.0,1003024.0,1.0,0.0,1003024.0,1003024.0
Finland,38 Production of nitric acid,2015.0,2,195526.0,0.0,0.0,195526.0,195526.0,195526.0,195526.0,195526.0,1.0,0.0,195526.0,195526.0
Finland,38 Production of nitric acid,2016.0,2,193699.0,0.0,0.0,193699.0,193699.0,193699.0,193699.0,193699.0,1.0,0.0,193699.0,193699.0
Finland,38 Production of nitric acid,2017.0,2,187295.0,0.0,0.0,187295.0,187295.0,187295.0,187295.0,187295.0,1.0,0.0,187295.0,187295.0
Finland,38 Production of nitric acid,2018.0,2,151921.0,0.0,0.0,151921.0,151921.0,151921.0,151921.0,151921.0,1.0,0.0,151921.0,151921.0
Finland,38 Production of nitric acid,2019.0,2,140613.0,0.0,0.0,140613.0,140613.0,140613.0,140613.0,140613.0,1.0,0.0,140613.0,140613.0
Finland,38 Production of nitric acid,2020.0,2,153473.0,0.0,0.0,153473.0,153473.0,153473.0,153473.0,153473.0,1.0,0.0,153473.0,153473.0
Finland,38 Production of nitric acid,2021.0,2,156716.0,0.0,0.0,156716.0,156716.0,156716.0,156716.0,156716.0,1.0,0.0,156716.0,156716.0
Finland,38 Production of nitric acid,2022.0,2,74940.0,0.0,0.0,74940.0,74940.0,74940.0,74940.0,74940.0,1.0,0.0,74940.0,74940.0
Finland,38 Production of nitric acid,2023.0,2,51321.0,0.0,0.0,51321.0,51321.0,51321.0,51321.0,51321.0,1.0,0.0,51321.0,51321.0
Finland,42 Production of bulk chemicals,2015.0,2,554162.0,0.0,0.0,554162.0,554162.0,554162.0,554162.0,554162.0,1.0,0.0,554162.0,554162.0
Finland,42 Production of bulk chemicals,2016.0,2,572356.0,0.0,0.0,572356.0,572356.0,572356.0,572356.0,572356.0,1.0,0.0,572356.0,572356.0
Finland,42 Production of bulk chemicals,2017.0,2,531690.0,0.0,0.0,531690.0,531690.0,531690.0,531690.0,531690.0,1.0,0.0,531690.0,531690.0
Finland,42 Production of bulk chemicals,2018.0,2,548245.0,0.0,0.0,548245.0,548245.0,548245.0,548245.0,548245.0,1.0,0.0,548245.0,548245.0
Finland,42 Production of bulk chemicals,2019.0,2,562045.0,0.0,0.0,562045.0,562045.0,562045.0,562045.0,562045.0,1.0,0.0,562045.0,562045.0
Finland,42 Production of bulk chemicals,2020.0,2,559227.0,0.0,0.0,559227.0,559227.0,559227.0,559227.0,559227.0,1.0,0.0,559227.0,559227.0
Finland,42 Production of bulk chemicals,2021.0,2,561678.0,0.0,0.0,561678.0,561678.0,561678.0,561678.0,561678.0,1.0,0.0,561678.0,561678.0
Finland,42 Production of bulk chemicals,2022.0,2,554268.0,0.0,0.0,554268.0,554268.0,554268.0,554268.0,554268.0,1.0,0.0,554268.0,554268.0
Finland,42 Production of bulk chemicals,2023.0,2,468691.0,0.0,0.0,468691.0,468691.0,468691.0,468691.0,468691.0,1.0,0.0,468691.0,468691.0
Finland,99 Other activity opted-in under Art. 24,2015.0,2,42618.0,0.0,0.0,42618.0,42618.0,42618.0,42618.0,42618.0,1.0,0.0,42618.0,42618.0
Finland,99 Other activity opted-in under Art. 24,2016.0,2,53582.0,0.0,0.0,53582.0,53582.0,53582.0,53582.0,53582.0,1.0,0.0,53582.0,53582.0
Finland,99 Other activity opted-in under Art. 24,2017.0,2,39159.0,0.0,0.0,39159.0,39159.0,39159.0,39159.0,39159.0,1.0,0.0,39159.0,39159.0
Finland,99 Other activity opted-in under Art. 24,2018.0,2,52346.0,0.0,0.0,52346.0,52346.0,52346.0,52346.0,52346.0,1.0,0.0,52346.0,52346.0
Finland,99 Other activity opted-in under Art. 24,2019.0,2,31168.0,0.0,0.0,31168.0,31168.0,31168.0,31168.0,31168.0,1.0,0.0,31168.0,31168.0
Finland,99 Other activity opted-in under Art. 24,2020.0,2,14232.0,0.0,0.0,14232.0,14232.0,14232.0,14232.0,14232.0,1.0,0.0,14232.0,14232.0
Finland,99 Other activity opted-in under Art. 24,2021.0,2,51161.0,0.0,0.0,51161.0,51161.0,51161.0,51161.0,51161.0,1.0,0.0,51161.0,51161.0
Finland,99 Other activity opted-in under Art. 24,2022.0,2,47434.0,0.0,0.0,47434.0,47434.0,47434.0,47434.0,47434.0,1.0,0.0,47434.0,47434.0
Finland,99 Other activity opted-in under Art. 24,2023.0,2,34225.0,0.0,0.0,34225.0,34225.0,34225.0,34225.0,34225.0,1.0,0.0,34225.0,34225.0
France,10 Aviation,2015.0,2,4055404.0,0.0,0.0,4055404.0,4055404.0,4055404.0,4055404.0,4055404.0,1.0,0.0,4055404.0,4055404.0
France,10 Aviation,2016.0,2,4067686.0,0.0,0.0,4067686.0,4067686.0,4067686.0,4067686.0,4067686.0,1.0,0.0,4067686.0,4067686.0
France,10 Aviation,2017.0,2,4178059.0,0.0,0.0,4178059.0,4178059.0,4178059.0,4178059.0,4178059.0,1.0,0.0,4178059.0,4178059.0
France,10 Aviation,2018.0,2,4237451.0,0.0,0.0,4237451.0,4237451.0,4237451.0,4237451.0,4237451.0,1.0,0.0,4237451.0,4237451.0
France,10 Aviation,2019.0,2,4221394.0,0.0,0.0,4221394.0,4221394.0,4221394.0,4221394.0,4221394.0,1.0,0.0,4221394.0,4221394.0
France,10 Aviation,2020.0,3,1239534.0,865249.4630209255,0.6980441545136523,381412.80000000005,929650.5,1843380.0,1851340.5,1856116.8,4.866425038698229,-0.3304790348631017,15921.0,1859301.0
France,10 Aviation,2021.0,3,1508049.3333333333,1055230.340547293,0.6997319764167483,461868.4,1131037.0,2246318.0,2254196.0,2258922.8,4.890836437392123,-0.331011570207989,15756.0,2262074.0
France,10 Aviation,2022.0,3,2154973.3333333335,1501164.477349131,0.6966046651849354,665744.2000000001,1616230.0,3200373.0,3216416.5,3226042.6,4.8457689905522265,-0.33002450146328166,32087.0,3232460.0
France,10 Aviation,2023.0,3,2096263.3333333333,1459093.3897856649,0.6960448940665843,648607.6,1572197.5,3111514.0,3127954.5,3137818.8,4.837776800641867,-0.32984766014871947,32881.0,3144395.0
France,20 Combustion of fuels,2015.0,2,45724300.0,0.0,0.0,45724300.0,45724300.0,45724300.0,45724300.0,45724300.0,1.0,0.0,45724300.0,45724300.0
France,20 Combustion of fuels,2016.0,2,48374595.0,0.0,0.0,48374595.0,48374595.0,48374595.0,48374595.0,48374595.0,1.0,0.0,48374595.0,48374595.0
France,20 Combustion of fuels,2017.0,2,53162093.0,0.0,0.0,53162093.0,53162093.0,53162093.0,53162093.0,53162093.0,1.0,0.0,53162093.0,53162093.0
France,20 Combustion of fuels,2018.0,2,44197919.0,0.0,0.0,44197919.0,44197919.0,44197919.0,44197919.0,44197919.0,1.0,0.0,44197919.0,44197919.0
France,20 Combustion of fuels,2019.0,2,42225498.0,0.0,0.0,42225498.0,42225498.0,42225498.0,42225498.0,42225498.0,1.0,0.0,42225498.0,42225498.0
France,20 Combustion of fuels,2020.0,2,37994688.0,0.0,0.0,37994688.0,37994688.0,37994688.0,37994688.0,37994688.0,1.0,0.0,37994688.0,37994688.0
France,20 Combustion of fuels,2021.0,2,40510003.0,0.0,0.0,40510003.0,40510003.0,40510003.0,40510003.0,40510003.0,1.0,0.0,40510003.0,40510003.0
France,20 Combustion of fuels,2022.0,2,41058223.0,0.0,0.0,41058223.0,41058223.0,41058223.0,41058223.0,41058223.0,1.0,0.0,41058223.0,41058223.0
France,20 Combustion of fuels,2023.0,2,31541198.0,0.0,0.0,31541198.0,31541198.0,31541198.0,31541198.0,31541198.0,1.0,0.0,31541198.0,31541198.0
France,20-99 All stationary installations,2015.0,2,99694769.0,0.0,0.0,99694769.0,99694769.0,99694769.0,99694769.0,99694769.0,1.0,0.0,99694769.0,99694769.0
France,20-99 All stationary installations,2016.0,2,101715243.0,0.0,0.0,101715243.0,101715243.0,101715243.0,101715243.0,101715243.0,1.0,0.0,101715243.0,101715243.0
France,20-99 All stationary installations,2017.0,2,106842018.0,0.0,0.0,106842018.0,106842018.0,106842018.0,106842018.0,106842018.0,1.0,0.0,106842018.0,106842018.0
France,20-99 All stationary installations,2018.0,2,97489683.0,0.0,0.0,97489683.0,97489683.0,97489683.0,97489683.0,97489683.0,1.0,0.0,97489683.0,97489683.0
France,20-99 All stationary installations,2019.0,2,94303855.0,0.0,0.0,94303855.0,94303855.0,94303855.0,94303855.0,94303855.0,1.0,0.0,94303855.0,94303855.0
France,20-99 All stationary installations,2020.0,2,82135542.0,0.0,0.0,82135542.0,82135542.0,82135542.0,82135542.0,82135542.0,1.0,0.0,82135542.0,82135542.0
France,20-99 All stationary installations,2021.0,2,87616705.0,0.0,0.0,87616705.0,87616705.0,87616705.0,87616705.0,87616705.0,1.0,0.0,87616705.0,87616705.0
France,20-99 All stationary installations,2022.0,2,84934766.0,0.0,0.0,84934766.0,84934766.0,84934766.0,84934766.0,84934766.0,1.0,0.0,84934766.0,84934766.0
France,20-99 All stationary installations,2023.0,2,70598060.0,0.0,0.0,70598060.0,70598060.0,70598060.0,70598060.0,70598060.0,1.0,0.0,70598060.0,70598060.0
France,21  Refining of mineral oil,2015.0,2,11102567.0,0.0,0.0,11102567.0,11102567.0,11102567.0,11102567.0,11102567.0,1.0,0.0,11102567.0,11102567.0
France,21  Refining of mineral oil,2016.0,2,10886461.0,0.0,0.0,10886461.0,10886461.0,10886461.0,10886461.0,10886461.0,1.0,0.0,10886461.0,10886461.0
France,21  Refining of mineral oil,2017.0,2,10288451.0,0.0,0.0,10288451.0,10288451.0,10288451.0,10288451.0,10288451.0,1.0,0.0,10288451.0,10288451.0
France,21  Refining of mineral oil,2018.0,2,9800198.0,0.0,0.0,9800198.0,9800198.0,9800198.0,9800198.0,9800198.0,1.0,0.0,9800198.0,9800198.0
France,21  Refining of mineral oil,2019.0,2,9385444.0,0.0,0.0,9385444.0,9385444.0,9385444.0,9385444.0,9385444.0,1.0,0.0,9385444.0,9385444.0
France,21  Refining of mineral oil,2020.0,2,7836632.0,0.0,0.0,7836632.0,7836632.0,7836632.0,7836632.0,7836632.0,1.0,0.0,7836632.0,7836632.0
France,21  Refining of mineral oil,2021.0,2,7192233.0,0.0,0.0,7192233.0,7192233.0,7192233.0,7192233.0,7192233.0,1.0,0.0,7192233.0,7192233.0
France,21  Refining of mineral oil,2022.0,2,7184502.0,0.0,0.0,7184502.0,7184502.0,7184502.0,7184502.0,7184502.0,1.0,0.0,7184502.0,7184502.0
France,21  Refining of mineral oil,2023.0,2,7772770.0,0.0,0.0,7772770.0,7772770.0,7772770.0,7772770.0,7772770.0,1.0,0.0,7772770.0,7772770.0
France,21-99 All industrial installations (excl. combustion),2015.0,2,53970469.0,0.0,0.0,53970469.0,53970469.0,53970469.0,53970469.0,53970469.0,1.0,0.0,53970469.0,53970469.0
France,21-99 All industrial installations (excl. combustion),2016.0,2,53340648.0,0.0,0.0,53340648.0,53340648.0,53340648.0,53340648.0,53340648.0,1.0,0.0,53340648.0,53340648.0
France,21-99 All industrial installations (excl. combustion),2017.0,2,53679925.0,0.0,0.0,53679925.0,53679925.0,53679925.0,53679925.0,53679925.0,1.0,0.0,53679925.0,53679925.0
France,21-99 All industrial installations (excl. combustion),2018.0,2,53291764.0,0.0,0.0,53291764.0,53291764.0,53291764.0,53291764.0,53291764.0,1.0,0.0,53291764.0,53291764.0
France,21-99 All industrial installations (excl. combustion),2019.0,2,52078357.0,0.0,0.0,52078357.0,52078357.0,52078357.0,52078357.0,52078357.0,1.0,0.0,52078357.0,52078357.0
France,21-99 All industrial installations (excl. combustion),2020.0,2,44140854.0,0.0,0.0,44140854.0,44140854.0,44140854.0,44140854.0,44140854.0,1.0,0.0,44140854.0,44140854.0
France,21-99 All industrial installations (excl. combustion),2021.0,2,47106702.0,0.0,0.0,47106702.0,47106702.0,47106702.0,47106702.0,47106702.0,1.0,0.0,47106702.0,47106702.0
France,21-99 All industrial installations (excl. combustion),2022.0,2,43876543.0,0.0,0.0,43876543.0,43876543.0,43876543.0,43876543.0,43876543.0,1.0,0.0,43876543.0,43876543.0
France,21-99 All industrial installations (excl. combustion),2023.0,2,39056862.0,0.0,0.0,39056862.0,39056862.0,39056862.0,39056862.0,39056862.0,1.0,0.0,39056862.0,39056862.0
France,24  Production of pig iron or steel,2015.0,2,16643487.0,0.0,0.0,16643487.0,16643487.0,16643487.0,16643487.0,16643487.0,1.0,0.0,16643487.0,16643487.0
France,24  Production of pig iron or steel,2016.0,2,15995479.0,0.0,0.0,15995479.0,15995479.0,15995479.0,15995479.0,15995479.0,1.0,0.0,15995479.0,15995479.0
France,24  Production of pig iron or steel,2017.0,2,17459747.0,0.0,0.0,17459747.0,17459747.0,17459747.0,17459747.0,17459747.0,1.0,0.0,17459747.0,17459747.0
France,24  Production of pig iron or steel,2018.0,2,16988142.0,0.0,0.0,16988142.0,16988142.0,16988142.0,16988142.0,16988142.0,1.0,0.0,16988142.0,16988142.0
France,24  Production of pig iron or steel,2019.0,2,16459942.0,0.0,0.0,16459942.0,16459942.0,16459942.0,16459942.0,16459942.0,1.0,0.0,16459942.0,16459942.0
France,24  Production of pig iron or steel,2020.0,2,12754474.0,0.0,0.0,12754474.0,12754474.0,12754474.0,12754474.0,12754474.0,1.0,0.0,12754474.0,12754474.0
France,24  Production of pig iron or steel,2021.0,2,15481146.0,0.0,0.0,15481146.0,15481146.0,15481146.0,15481146.0,15481146.0,1.0,0.0,15481146.0,15481146.0
France,24  Production of pig iron or steel,2022.0,2,14056865.0,0.0,0.0,14056865.0,14056865.0,14056865.0,14056865.0,14056865.0,1.0,0.0,14056865.0,14056865.0
France,24  Production of pig iron or steel,2023.0,2,11508929.0,0.0,0.0,11508929.0,11508929.0,11508929.0,11508929.0,11508929.0,1.0,0.0,11508929.0,11508929.0
France,25 Production or processing of ferrous metals,2015.0,2,953540.0,0.0,0.0,953540.0,953540.0,953540.0,953540.0,953540.0,1.0,0.0,953540.0,953540.0
France,25 Production or processing of ferrous metals,2016.0,2,942716.0,0.0,0.0,942716.0,942716.0,942716.0,942716.0,942716.0,1.0,0.0,942716.0,942716.0
France,25 Production or processing of ferrous metals,2017.0,2,882394.0,0.0,0.0,882394.0,882394.0,882394.0,882394.0,882394.0,1.0,0.0,882394.0,882394.0
France,25 Production or processing of ferrous metals,2018.0,2,944166.0,0.0,0.0,944166.0,944166.0,944166.0,944166.0,944166.0,1.0,0.0,944166.0,944166.0
France,25 Production or processing of ferrous metals,2019.0,2,889774.0,0.0,0.0,889774.0,889774.0,889774.0,889774.0,889774.0,1.0,0.0,889774.0,889774.0
France,25 Production or processing of ferrous metals,2020.0,2,702087.0,0.0,0.0,702087.0,702087.0,702087.0,702087.0,702087.0,1.0,0.0,702087.0,702087.0
France,25 Production or processing of ferrous metals,2021.0,2,839509.0,0.0,0.0,839509.0,839509.0,839509.0,839509.0,839509.0,1.0,0.0,839509.0,839509.0
France,25 Production or processing of ferrous metals,2022.0,2,765925.0,0.0,0.0,765925.0,765925.0,765925.0,765925.0,765925.0,1.0,0.0,765925.0,765925.0
France,25 Production or processing of ferrous metals,2023.0,2,601016.0,0.0,0.0,601016.0,601016.0,601016.0,601016.0,601016.0,1.0,0.0,601016.0,601016.0
France,26 Production of primary aluminium,2015.0,2,1013727.0,0.0,0.0,1013727.0,1013727.0,1013727.0,1013727.0,1013727.0,1.0,0.0,1013727.0,1013727.0
France,26 Production of primary aluminium,2016.0,2,1100496.0,0.0,0.0,1100496.0,1100496.0,1100496.0,1100496.0,1100496.0,1.0,0.0,1100496.0,1100496.0
France,26 Production of primary aluminium,2017.0,2,1035256.0,0.0,0.0,1035256.0,1035256.0,1035256.0,1035256.0,1035256.0,1.0,0.0,1035256.0,1035256.0
France,26 Production of primary aluminium,2018.0,2,998986.0,0.0,0.0,998986.0,998986.0,998986.0,998986.0,998986.0,1.0,0.0,998986.0,998986.0
France,26 Production of primary aluminium,2019.0,2,1011911.0,0.0,0.0,1011911.0,1011911.0,1011911.0,1011911.0,1011911.0,1.0,0.0,1011911.0,1011911.0
France,26 Production of primary aluminium,2020.0,2,980094.0,0.0,0.0,980094.0,980094.0,980094.0,980094.0,980094.0,1.0,0.0,980094.0,980094.0
France,26 Production of primary aluminium,2021.0,2,984065.0,0.0,0.0,984065.0,984065.0,984065.0,984065.0,984065.0,1.0,0.0,984065.0,984065.0
France,26 Production of primary aluminium,2022.0,2,795471.0,0.0,0.0,795471.0,795471.0,795471.0,795471.0,795471.0,1.0,0.0,795471.0,795471.0
France,26 Production of primary aluminium,2023.0,2,737039.0,0.0,0.0,737039.0,737039.0,737039.0,737039.0,737039.0,1.0,0.0,737039.0,737039.0
France,28 Production or processing of non-ferrous metals,2015.0,2,1044508.0,0.0,0.0,1044508.0,1044508.0,1044508.0,1044508.0,1044508.0,1.0,0.0,1044508.0,1044508.0
France,28 Production or processing of non-ferrous metals,2016.0,2,1207126.0,0.0,0.0,1207126.0,1207126.0,1207126.0,1207126.0,1207126.0,1.0,0.0,1207126.0,1207126.0
France,28 Production or processing of non-ferrous metals,2017.0,2,1233296.0,0.0,0.0,1233296.0,1233296.0,1233296.0,1233296.0,1233296.0,1.0,0.0,1233296.0,1233296.0
France,28 Production or processing of non-ferrous metals,2018.0,2,1253105.0,0.0,0.0,1253105.0,1253105.0,1253105.0,1253105.0,1253105.0,1.0,0.0,1253105.0,1253105.0
France,28 Production or processing of non-ferrous metals,2019.0,2,1094675.0,0.0,0.0,1094675.0,1094675.0,1094675.0,1094675.0,1094675.0,1.0,0.0,1094675.0,1094675.0
France,28 Production or processing of non-ferrous metals,2020.0,2,737341.0,0.0,0.0,737341.0,737341.0,737341.0,737341.0,737341.0,1.0,0.0,737341.0,737341.0
France,28 Production or processing of non-ferrous metals,2021.0,2,911651.0,0.0,0.0,911651.0,911651.0,911651.0,911651.0,911651.0,1.0,0.0,911651.0,911651.0
France,28 Production or processing of non-ferrous metals,2022.0,2,879406.0,0.0,0.0,879406.0,879406.0,879406.0,879406.0,879406.0,1.0,0.0,879406.0,879406.0
France,28 Production or processing of non-ferrous metals,2023.0,2,746587.0,0.0,0.0,746587.0,746587.0,746587.0,746587.0,746587.0,1.0,0.0,746587.0,746587.0
France,29 Production of cement clinker,2015.0,2,11496997.0,0.0,0.0,11496997.0,11496997.0,11496997.0,11496997.0,11496997.0,1.0,0.0,11496997.0,11496997.0
France,29 Production of cement clinker,2016.0,2,11584658.0,0.0,0.0,11584658.0,11584658.0,11584658.0,11584658.0,11584658.0,1.0,0.0,11584658.0,11584658.0
France,29 Production of cement clinker,2017.0,2,11168249.0,0.0,0.0,11168249.0,11168249.0,11168249.0,11168249.0,11168249.0,1.0,0.0,11168249.0,11168249.0
France,29 Production of cement clinker,2018.0,2,11713025.0,0.0,0.0,11713025.0,11713025.0,11713025.0,11713025.0,11713025.0,1.0,0.0,11713025.0,11713025.0
France,29 Production of cement clinker,2019.0,2,11815796.0,0.0,0.0,11815796.0,11815796.0,11815796.0,11815796.0,11815796.0,1.0,0.0,11815796.0,11815796.0
France,29 Production of cement clinker,2020.0,2,10651379.0,0.0,0.0,10651379.0,10651379.0,10651379.0,10651379.0,10651379.0,1.0,0.0,10651379.0,10651379.0
France,29 Production of cement clinker,2021.0,2,11306736.0,0.0,0.0,11306736.0,11306736.0,11306736.0,11306736.0,11306736.0,1.0,0.0,11306736.0,11306736.0
France,29 Production of cement clinker,2022.0,2,10792425.0,0.0,0.0,10792425.0,10792425.0,10792425.0,10792425.0,10792425.0,1.0,0.0,10792425.0,10792425.0
France,29 Production of cement clinker,2023.0,2,9474505.0,0.0,0.0,9474505.0,9474505.0,9474505.0,9474505.0,9474505.0,1.0,0.0,9474505.0,9474505.0
France,"30 Production of lime, or calcination of dolomite/magnesite",2015.0,2,1423933.0,0.0,0.0,1423933.0,1423933.0,1423933.0,1423933.0,1423933.0,1.0,0.0,1423933.0,1423933.0
France,"30 Production of lime, or calcination of dolomite/magnesite",2016.0,2,1360728.0,0.0,0.0,1360728.0,1360728.0,1360728.0,1360728.0,1360728.0,1.0,0.0,1360728.0,1360728.0
France,"30 Production of lime, or calcination of dolomite/magnesite",2017.0,2,1364066.0,0.0,0.0,1364066.0,1364066.0,1364066.0,1364066.0,1364066.0,1.0,0.0,1364066.0,1364066.0
France,"30 Production of lime, or calcination of dolomite/magnesite",2018.0,2,1374628.0,0.0,0.0,1374628.0,1374628.0,1374628.0,1374628.0,1374628.0,1.0,0.0,1374628.0,1374628.0
France,"30 Production of lime, or calcination of dolomite/magnesite",2019.0,2,1382945.0,0.0,0.0,1382945.0,1382945.0,1382945.0,1382945.0,1382945.0,1.0,0.0,1382945.0,1382945.0
France,"30 Production of lime, or calcination of dolomite/magnesite",2020.0,2,1215709.0,0.0,0.0,1215709.0,1215709.0,1215709.0,1215709.0,1215709.0,1.0,0.0,1215709.0,1215709.0
France,"30 Production of lime, or calcination of dolomite/magnesite",2021.0,2,1442997.0,0.0,0.0,1442997.0,1442997.0,1442997.0,1442997.0,1442997.0,1.0,0.0,1442997.0,1442997.0
France,"30 Production of lime, or calcination of dolomite/magnesite",2022.0,2,1198569.0,0.0,0.0,1198569.0,1198569.0,1198569.0,1198569.0,1198569.0,1.0,0.0,1198569.0,1198569.0
France,"30 Production of lime, or calcination of dolomite/magnesite",2023.0,2,945789.0,0.0,0.0,945789.0,945789.0,945789.0,945789.0,945789.0,1.0,0.0,945789.0,945789.0
France,31 Manufacture of glass,2015.0,2,2611079.0,0.0,0.0,2611079.0,2611079.0,2611079.0,2611079.0,2611079.0,1.0,0.0,2611079.0,2611079.0
France,31 Manufacture of glass,2016.0,2,2586955.0,0.0,0.0,2586955.0,2586955.0,2586955.0,2586955.0,2586955.0,1.0,0.0,2586955.0,2586955.0
France,31 Manufacture of glass,2017.0,2,2599636.0,0.0,0.0,2599636.0,2599636.0,2599636.0,2599636.0,2599636.0,1.0,0.0,2599636.0,2599636.0
France,31 Manufacture of glass,2018.0,2,2618816.0,0.0,0.0,2618816.0,2618816.0,2618816.0,2618816.0,2618816.0,1.0,0.0,2618816.0,2618816.0
France,31 Manufacture of glass,2019.0,2,2590546.0,0.0,0.0,2590546.0,2590546.0,2590546.0,2590546.0,2590546.0,1.0,0.0,2590546.0,2590546.0
France,31 Manufacture of glass,2020.0,2,2352027.0,0.0,0.0,2352027.0,2352027.0,2352027.0,2352027.0,2352027.0,1.0,0.0,2352027.0,2352027.0
France,31 Manufacture of glass,2021.0,2,2428736.0,0.0,0.0,2428736.0,2428736.0,2428736.0,2428736.0,2428736.0,1.0,0.0,2428736.0,2428736.0
France,31 Manufacture of glass,2022.0,2,2424663.0,0.0,0.0,2424663.0,2424663.0,2424663.0,2424663.0,2424663.0,1.0,0.0,2424663.0,2424663.0
France,31 Manufacture of glass,2023.0,2,2071636.0,0.0,0.0,2071636.0,2071636.0,2071636.0,2071636.0,2071636.0,1.0,0.0,2071636.0,2071636.0
France,32 Manufacture of ceramics,2015.0,2,677018.0,0.0,0.0,677018.0,677018.0,677018.0,677018.0,677018.0,1.0,0.0,677018.0,677018.0
France,32 Manufacture of ceramics,2016.0,2,675713.0,0.0,0.0,675713.0,675713.0,675713.0,675713.0,675713.0,1.0,0.0,675713.0,675713.0
France,32 Manufacture of ceramics,2017.0,2,684040.0,0.0,0.0,684040.0,684040.0,684040.0,684040.0,684040.0,1.0,0.0,684040.0,684040.0
France,32 Manufacture of ceramics,2018.0,2,688175.0,0.0,0.0,688175.0,688175.0,688175.0,688175.0,688175.0,1.0,0.0,688175.0,688175.0
France,32 Manufacture of ceramics,2019.0,2,697351.0,0.0,0.0,697351.0,697351.0,697351.0,697351.0,697351.0,1.0,0.0,697351.0,697351.0
France,32 Manufacture of ceramics,2020.0,2,634780.0,0.0,0.0,634780.0,634780.0,634780.0,634780.0,634780.0,1.0,0.0,634780.0,634780.0
France,32 Manufacture of ceramics,2021.0,2,709852.0,0.0,0.0,709852.0,709852.0,709852.0,709852.0,709852.0,1.0,0.0,709852.0,709852.0
France,32 Manufacture of ceramics,2022.0,2,680004.0,0.0,0.0,680004.0,680004.0,680004.0,680004.0,680004.0,1.0,0.0,680004.0,680004.0
France,32 Manufacture of ceramics,2023.0,2,605316.0,0.0,0.0,605316.0,605316.0,605316.0,605316.0,605316.0,1.0,0.0,605316.0,605316.0
France,33 Manufacture of mineral wool,2015.0,2,132485.0,0.0,0.0,132485.0,132485.0,132485.0,132485.0,132485.0,1.0,0.0,132485.0,132485.0
France,33 Manufacture of mineral wool,2016.0,2,125478.0,0.0,0.0,125478.0,125478.0,125478.0,125478.0,125478.0,1.0,0.0,125478.0,125478.0
France,33 Manufacture of mineral wool,2017.0,2,137476.0,0.0,0.0,137476.0,137476.0,137476.0,137476.0,137476.0,1.0,0.0,137476.0,137476.0
France,33 Manufacture of mineral wool,2018.0,2,144552.0,0.0,0.0,144552.0,144552.0,144552.0,144552.0,144552.0,1.0,0.0,144552.0,144552.0
France,33 Manufacture of mineral wool,2019.0,2,145985.0,0.0,0.0,145985.0,145985.0,145985.0,145985.0,145985.0,1.0,0.0,145985.0,145985.0
France,33 Manufacture of mineral wool,2020.0,2,131932.0,0.0,0.0,131932.0,131932.0,131932.0,131932.0,131932.0,1.0,0.0,131932.0,131932.0
France,33 Manufacture of mineral wool,2021.0,2,142142.0,0.0,0.0,142142.0,142142.0,142142.0,142142.0,142142.0,1.0,0.0,142142.0,142142.0
France,33 Manufacture of mineral wool,2022.0,2,137130.0,0.0,0.0,137130.0,137130.0,137130.0,137130.0,137130.0,1.0,0.0,137130.0,137130.0
France,33 Manufacture of mineral wool,2023.0,2,133896.0,0.0,0.0,133896.0,133896.0,133896.0,133896.0,133896.0,1.0,0.0,133896.0,133896.0
France,34 Production or processing of gypsum or plasterboard,2015.0,2,155275.0,0.0,0.0,155275.0,155275.0,155275.0,155275.0,155275.0,1.0,0.0,155275.0,155275.0
France,34 Production or processing of gypsum or plasterboard,2016.0,2,162417.0,0.0,0.0,162417.0,162417.0,162417.0,162417.0,162417.0,1.0,0.0,162417.0,162417.0
France,34 Production or processing of gypsum or plasterboard,2017.0,2,164429.0,0.0,0.0,164429.0,164429.0,164429.0,164429.0,164429.0,1.0,0.0,164429.0,164429.0
France,34 Production or processing of gypsum or plasterboard,2018.0,2,160848.0,0.0,0.0,160848.0,160848.0,160848.0,160848.0,160848.0,1.0,0.0,160848.0,160848.0
France,34 Production or processing of gypsum or plasterboard,2019.0,2,161004.0,0.0,0.0,161004.0,161004.0,161004.0,161004.0,161004.0,1.0,0.0,161004.0,161004.0
France,34 Production or processing of gypsum or plasterboard,2020.0,2,150679.0,0.0,0.0,150679.0,150679.0,150679.0,150679.0,150679.0,1.0,0.0,150679.0,150679.0
France,34 Production or processing of gypsum or plasterboard,2021.0,2,172524.0,0.0,0.0,172524.0,172524.0,172524.0,172524.0,172524.0,1.0,0.0,172524.0,172524.0
France,34 Production or processing of gypsum or plasterboard,2022.0,2,152880.0,0.0,0.0,152880.0,152880.0,152880.0,152880.0,152880.0,1.0,0.0,152880.0,152880.0
France,34 Production or processing of gypsum or plasterboard,2023.0,2,151156.0,0.0,0.0,151156.0,151156.0,151156.0,151156.0,151156.0,1.0,0.0,151156.0,151156.0
France,35 Production of pulp,2015.0,2,1792092.0,0.0,0.0,1792092.0,1792092.0,1792092.0,1792092.0,1792092.0,1.0,0.0,1792092.0,1792092.0
France,35 Production of pulp,2016.0,2,1800212.0,0.0,0.0,1800212.0,1800212.0,1800212.0,1800212.0,1800212.0,1.0,0.0,1800212.0,1800212.0
France,35 Production of pulp,2017.0,2,1735384.0,0.0,0.0,1735384.0,1735384.0,1735384.0,1735384.0,1735384.0,1.0,0.0,1735384.0,1735384.0
France,35 Production of pulp,2018.0,2,1609336.0,0.0,0.0,1609336.0,1609336.0,1609336.0,1609336.0,1609336.0,1.0,0.0,1609336.0,1609336.0
France,35 Production of pulp,2019.0,2,1481806.0,0.0,0.0,1481806.0,1481806.0,1481806.0,1481806.0,1481806.0,1.0,0.0,1481806.0,1481806.0
France,35 Production of pulp,2020.0,2,1441339.0,0.0,0.0,1441339.0,1441339.0,1441339.0,1441339.0,1441339.0,1.0,0.0,1441339.0,1441339.0
France,35 Production of pulp,2021.0,2,1427130.0,0.0,0.0,1427130.0,1427130.0,1427130.0,1427130.0,1427130.0,1.0,0.0,1427130.0,1427130.0
France,35 Production of pulp,2022.0,2,1361235.0,0.0,0.0,1361235.0,1361235.0,1361235.0,1361235.0,1361235.0,1.0,0.0,1361235.0,1361235.0
France,35 Production of pulp,2023.0,2,1145549.0,0.0,0.0,1145549.0,1145549.0,1145549.0,1145549.0,1145549.0,1.0,0.0,1145549.0,1145549.0
France,36 Production of paper or cardboard,2015.0,2,302195.0,0.0,0.0,302195.0,302195.0,302195.0,302195.0,302195.0,1.0,0.0,302195.0,302195.0
France,36 Production of paper or cardboard,2016.0,2,294867.0,0.0,0.0,294867.0,294867.0,294867.0,294867.0,294867.0,1.0,0.0,294867.0,294867.0
France,36 Production of paper or cardboard,2017.0,2,297036.0,0.0,0.0,297036.0,297036.0,297036.0,297036.0,297036.0,1.0,0.0,297036.0,297036.0
France,36 Production of paper or cardboard,2018.0,2,294719.0,0.0,0.0,294719.0,294719.0,294719.0,294719.0,294719.0,1.0,0.0,294719.0,294719.0
France,36 Production of paper or cardboard,2019.0,2,267724.0,0.0,0.0,267724.0,267724.0,267724.0,267724.0,267724.0,1.0,0.0,267724.0,267724.0
France,36 Production of paper or cardboard,2020.0,2,230759.0,0.0,0.0,230759.0,230759.0,230759.0,230759.0,230759.0,1.0,0.0,230759.0,230759.0
France,36 Production of paper or cardboard,2021.0,2,291184.0,0.0,0.0,291184.0,291184.0,291184.0,291184.0,291184.0,1.0,0.0,291184.0,291184.0
France,36 Production of paper or cardboard,2022.0,2,275974.0,0.0,0.0,275974.0,275974.0,275974.0,275974.0,275974.0,1.0,0.0,275974.0,275974.0
France,36 Production of paper or cardboard,2023.0,2,236126.0,0.0,0.0,236126.0,236126.0,236126.0,236126.0,236126.0,1.0,0.0,236126.0,236126.0
France,37 Production of carbon black,2015.0,2,279506.0,0.0,0.0,279506.0,279506.0,279506.0,279506.0,279506.0,1.0,0.0,279506.0,279506.0
France,37 Production of carbon black,2016.0,2,284090.0,0.0,0.0,284090.0,284090.0,284090.0,284090.0,284090.0,1.0,0.0,284090.0,284090.0
France,37 Production of carbon black,2017.0,2,249265.0,0.0,0.0,249265.0,249265.0,249265.0,249265.0,249265.0,1.0,0.0,249265.0,249265.0
France,37 Production of carbon black,2018.0,2,258050.0,0.0,0.0,258050.0,258050.0,258050.0,258050.0,258050.0,1.0,0.0,258050.0,258050.0
France,37 Production of carbon black,2019.0,2,245542.0,0.0,0.0,245542.0,245542.0,245542.0,245542.0,245542.0,1.0,0.0,245542.0,245542.0
France,37 Production of carbon black,2020.0,2,212162.0,0.0,0.0,212162.0,212162.0,212162.0,212162.0,212162.0,1.0,0.0,212162.0,212162.0
France,37 Production of carbon black,2021.0,2,204597.0,0.0,0.0,204597.0,204597.0,204597.0,204597.0,204597.0,1.0,0.0,204597.0,204597.0
France,37 Production of carbon black,2022.0,2,191795.0,0.0,0.0,191795.0,191795.0,191795.0,191795.0,191795.0,1.0,0.0,191795.0,191795.0
France,37 Production of carbon black,2023.0,2,165712.0,0.0,0.0,165712.0,165712.0,165712.0,165712.0,165712.0,1.0,0.0,165712.0,165712.0
France,38 Production of nitric acid,2015.0,2,375384.0,0.0,0.0,375384.0,375384.0,375384.0,375384.0,375384.0,1.0,0.0,375384.0,375384.0
France,38 Production of nitric acid,2016.0,2,407296.0,0.0,0.0,407296.0,407296.0,407296.0,407296.0,407296.0,1.0,0.0,407296.0,407296.0
France,38 Production of nitric acid,2017.0,2,300803.0,0.0,0.0,300803.0,300803.0,300803.0,300803.0,300803.0,1.0,0.0,300803.0,300803.0
France,38 Production of nitric acid,2018.0,2,437962.0,0.0,0.0,437962.0,437962.0,437962.0,437962.0,437962.0,1.0,0.0,437962.0,437962.0
France,38 Production of nitric acid,2019.0,2,416488.0,0.0,0.0,416488.0,416488.0,416488.0,416488.0,416488.0,1.0,0.0,416488.0,416488.0
France,38 Production of nitric acid,2020.0,2,323627.0,0.0,0.0,323627.0,323627.0,323627.0,323627.0,323627.0,1.0,0.0,323627.0,323627.0
France,38 Production of nitric acid,2021.0,2,149012.0,0.0,0.0,149012.0,149012.0,149012.0,149012.0,149012.0,1.0,0.0,149012.0,149012.0
France,38 Production of nitric acid,2022.0,2,127059.0,0.0,0.0,127059.0,127059.0,127059.0,127059.0,127059.0,1.0,0.0,127059.0,127059.0
France,38 Production of nitric acid,2023.0,2,108811.0,0.0,0.0,108811.0,108811.0,108811.0,108811.0,108811.0,1.0,0.0,108811.0,108811.0
France,41 Production of ammonia,2015.0,2,1495286.0,0.0,0.0,1495286.0,1495286.0,1495286.0,1495286.0,1495286.0,1.0,0.0,1495286.0,1495286.0
France,41 Production of ammonia,2016.0,2,1573315.0,0.0,0.0,1573315.0,1573315.0,1573315.0,1573315.0,1573315.0,1.0,0.0,1573315.0,1573315.0
France,41 Production of ammonia,2017.0,2,1559930.0,0.0,0.0,1559930.0,1559930.0,1559930.0,1559930.0,1559930.0,1.0,0.0,1559930.0,1559930.0
France,41 Production of ammonia,2018.0,2,1582454.0,0.0,0.0,1582454.0,1582454.0,1582454.0,1582454.0,1582454.0,1.0,0.0,1582454.0,1582454.0
France,41 Production of ammonia,2019.0,2,1643768.0,0.0,0.0,1643768.0,1643768.0,1643768.0,1643768.0,1643768.0,1.0,0.0,1643768.0,1643768.0
France,41 Production of ammonia,2020.0,2,1509617.0,0.0,0.0,1509617.0,1509617.0,1509617.0,1509617.0,1509617.0,1.0,0.0,1509617.0,1509617.0
France,41 Production of ammonia,2021.0,2,1069041.0,0.0,0.0,1069041.0,1069041.0,1069041.0,1069041.0,1069041.0,1.0,0.0,1069041.0,1069041.0
France,41 Production of ammonia,2022.0,2,660656.0,0.0,0.0,660656.0,660656.0,660656.0,660656.0,660656.0,1.0,0.0,660656.0,660656.0
France,41 Production of ammonia,2023.0,2,233348.0,0.0,0.0,233348.0,233348.0,233348.0,233348.0,233348.0,1.0,0.0,233348.0,233348.0
France,42 Production of bulk chemicals,2015.0,2,1348217.0,0.0,0.0,1348217.0,1348217.0,1348217.0,1348217.0,1348217.0,1.0,0.0,1348217.0,1348217.0
France,42 Production of bulk chemicals,2016.0,2,1191251.0,0.0,0.0,1191251.0,1191251.0,1191251.0,1191251.0,1191251.0,1.0,0.0,1191251.0,1191251.0
France,42 Production of bulk chemicals,2017.0,2,1365663.0,0.0,0.0,1365663.0,1365663.0,1365663.0,1365663.0,1365663.0,1.0,0.0,1365663.0,1365663.0
France,42 Production of bulk chemicals,2018.0,2,1352400.0,0.0,0.0,1352400.0,1352400.0,1352400.0,1352400.0,1352400.0,1.0,0.0,1352400.0,1352400.0
France,42 Production of bulk chemicals,2019.0,2,1258823.0,0.0,0.0,1258823.0,1258823.0,1258823.0,1258823.0,1258823.0,1.0,0.0,1258823.0,1258823.0
France,42 Production of bulk chemicals,2020.0,2,1223571.0,0.0,0.0,1223571.0,1223571.0,1223571.0,1223571.0,1223571.0,1.0,0.0,1223571.0,1223571.0
France,42 Production of bulk chemicals,2021.0,2,1300360.0,0.0,0.0,1300360.0,1300360.0,1300360.0,1300360.0,1300360.0,1.0,0.0,1300360.0,1300360.0
France,42 Production of bulk chemicals,2022.0,2,1010634.0,0.0,0.0,1010634.0,1010634.0,1010634.0,1010634.0,1010634.0,1.0,0.0,1010634.0,1010634.0
France,42 Production of bulk chemicals,2023.0,2,904561.0,0.0,0.0,904561.0,904561.0,904561.0,904561.0,904561.0,1.0,0.0,904561.0,904561.0
France,43 Production of hydrogen and synthesis gas,2015.0,2,510514.0,0.0,0.0,510514.0,510514.0,510514.0,510514.0,510514.0,1.0,0.0,510514.0,510514.0
France,43 Production of hydrogen and synthesis gas,2016.0,2,533954.0,0.0,0.0,533954.0,533954.0,533954.0,533954.0,533954.0,1.0,0.0,533954.0,533954.0
France,43 Production of hydrogen and synthesis gas,2017.0,2,555129.0,0.0,0.0,555129.0,555129.0,555129.0,555129.0,555129.0,1.0,0.0,555129.0,555129.0
France,43 Production of hydrogen and synthesis gas,2018.0,2,511867.0,0.0,0.0,511867.0,511867.0,511867.0,511867.0,511867.0,1.0,0.0,511867.0,511867.0
France,43 Production of hydrogen and synthesis gas,2019.0,2,531303.0,0.0,0.0,531303.0,531303.0,531303.0,531303.0,531303.0,1.0,0.0,531303.0,531303.0
France,43 Production of hydrogen and synthesis gas,2020.0,2,512213.0,0.0,0.0,512213.0,512213.0,512213.0,512213.0,512213.0,1.0,0.0,512213.0,512213.0
France,43 Production of hydrogen and synthesis gas,2021.0,2,517898.0,0.0,0.0,517898.0,517898.0,517898.0,517898.0,517898.0,1.0,0.0,517898.0,517898.0
France,43 Production of hydrogen and synthesis gas,2022.0,2,621753.0,0.0,0.0,621753.0,621753.0,621753.0,621753.0,621753.0,1.0,0.0,621753.0,621753.0
France,43 Production of hydrogen and synthesis gas,2023.0,2,1009539.0,0.0,0.0,1009539.0,1009539.0,1009539.0,1009539.0,1009539.0,1.0,0.0,1009539.0,1009539.0
France,44 Production of soda ash and sodium bicarbonate,2015.0,2,612659.0,0.0,0.0,612659.0,612659.0,612659.0,612659.0,612659.0,1.0,0.0,612659.0,612659.0
France,44 Production of soda ash and sodium bicarbonate,2016.0,2,627436.0,0.0,0.0,627436.0,627436.0,627436.0,627436.0,627436.0,1.0,0.0,627436.0,627436.0
France,44 Production of soda ash and sodium bicarbonate,2017.0,2,599675.0,0.0,0.0,599675.0,599675.0,599675.0,599675.0,599675.0,1.0,0.0,599675.0,599675.0
France,44 Production of soda ash and sodium bicarbonate,2018.0,2,560335.0,0.0,0.0,560335.0,560335.0,560335.0,560335.0,560335.0,1.0,0.0,560335.0,560335.0
France,44 Production of soda ash and sodium bicarbonate,2019.0,2,597530.0,0.0,0.0,597530.0,597530.0,597530.0,597530.0,597530.0,1.0,0.0,597530.0,597530.0
France,44 Production of soda ash and sodium bicarbonate,2020.0,2,540432.0,0.0,0.0,540432.0,540432.0,540432.0,540432.0,540432.0,1.0,0.0,540432.0,540432.0
France,44 Production of soda ash and sodium bicarbonate,2021.0,2,535889.0,0.0,0.0,535889.0,535889.0,535889.0,535889.0,535889.0,1.0,0.0,535889.0,535889.0
France,44 Production of soda ash and sodium bicarbonate,2022.0,2,559597.0,0.0,0.0,559597.0,559597.0,559597.0,559597.0,559597.0,1.0,0.0,559597.0,559597.0
France,44 Production of soda ash and sodium bicarbonate,2023.0,2,504577.0,0.0,0.0,504577.0,504577.0,504577.0,504577.0,504577.0,1.0,0.0,504577.0,504577.0
Germany,10 Aviation,2015.0,2,9084128.0,0.0,0.0,9084128.0,9084128.0,9084128.0,9084128.0,9084128.0,1.0,0.0,9084128.0,9084128.0
Germany,10 Aviation,2016.0,2,9437775.0,0.0,0.0,9437775.0,9437775.0,9437775.0,9437775.0,9437775.0,1.0,0.0,9437775.0,9437775.0
Germany,10 Aviation,2017.0,2,9260428.0,0.0,0.0,9260428.0,9260428.0,9260428.0,9260428.0,9260428.0,1.0,0.0,9260428.0,9260428.0
Germany,10 Aviation,2018.0,2,9525832.0,0.0,0.0,9525832.0,9525832.0,9525832.0,9525832.0,9525832.0,1.0,0.0,9525832.0,9525832.0
Germany,10 Aviation,2019.0,2,9138103.0,0.0,0.0,9138103.0,9138103.0,9138103.0,9138103.0,9138103.0,1.0,0.0,9138103.0,9138103.0
Germany,10 Aviation,2020.0,3,2640073.3333333335,1844344.5793026013,0.6985959655044688,811126.6000000001,1980055.0,3928269.0,3944189.5,3953741.8,4.874383111095111,-0.33065318892657025,31841.0,3960110.0
Germany,10 Aviation,2021.0,3,3127136.6666666665,2185769.4393725265,0.6989683126648958,959778.2000000001,2345352.5,4654643.0,4672674.0,4683492.6,4.8797655541665765,-0.3307706766182623,36062.0,4690705.0
Germany,10 Aviation,2022.0,3,4876678.666666667,3398621.693136335,0.6969131914240678,1505288.0,3657509.0,7244544.0,7279781.0,7300923.2,4.850183619347261,-0.33012194911892223,70474.0,7315018.0
Germany,10 Aviation,2023.0,3,5124126.0,3569354.2433141414,0.6965781566093694,1583131.8,3843094.5,7609699.0,7647944.0,7670891.0,4.845390004799348,-0.3300161280620777,76490.0,7686189.0
Germany,20 Combustion of fuels,2015.0,2,333808113.0,0.0,0.0,333808113.0,333808113.0,333808113.0,333808113.0,333808113.0,1.0,0.0,333808113.0,333808113.0
Germany,20 Combustion of fuels,2016.0,2,331044131.0,0.0,0.0,331044131.0,331044131.0,331044131.0,331044131.0,331044131.0,1.0,0.0,331044131.0,331044131.0
Germany,20 Combustion of fuels,2017.0,2,313364522.0,0.0,0.0,313364522.0,313364522.0,313364522.0,313364522.0,313364522.0,1.0,0.0,313364522.0,313364522.0
Germany,20 Combustion of fuels,2018.0,2,300177766.0,0.0,0.0,300177766.0,300177766.0,300177766.0,300177766.0,300177766.0,1.0,0.0,300177766.0,300177766.0
Germany,20 Combustion of fuels,2019.0,2,245440558.0,0.0,0.0,245440558.0,245440558.0,245440558.0,245440558.0,245440558.0,1.0,0.0,245440558.0,245440558.0
Germany,20 Combustion of fuels,2020.0,2,208244548.0,0.0,0.0,208244548.0,208244548.0,208244548.0,208244548.0,208244548.0,1.0,0.0,208244548.0,208244548.0
Germany,20 Combustion of fuels,2021.0,2,237505750.0,0.0,0.0,237505750.0,237505750.0,237505750.0,237505750.0,237505750.0,1.0,0.0,237505750.0,237505750.0
Germany,20 Combustion of fuels,2022.0,2,243643446.0,0.0,0.0,243643446.0,243643446.0,243643446.0,243643446.0,243643446.0,1.0,0.0,243643446.0,243643446.0
Germany,20 Combustion of fuels,2023.0,2,190121966.0,0.0,0.0,190121966.0,190121966.0,190121966.0,190121966.0,190121966.0,1.0,0.0,190121966.0,190121966.0
Germany,20-99 All stationary installations,2015.0,2,455614228.0,0.0,0.0,455614228.0,455614228.0,455614228.0,455614228.0,455614228.0,1.0,0.0,455614228.0,455614228.0
Germany,20-99 All stationary installations,2016.0,2,452813442.0,0.0,0.0,452813442.0,452813442.0,452813442.0,452813442.0,452813442.0,1.0,0.0,452813442.0,452813442.0
Germany,20-99 All stationary installations,2017.0,2,437612723.0,0.0,0.0,437612723.0,437612723.0,437612723.0,437612723.0,437612723.0,1.0,0.0,437612723.0,437612723.0
Germany,20-99 All stationary installations,2018.0,2,422846329.0,0.0,0.0,422846329.0,422846329.0,422846329.0,422846329.0,422846329.0,1.0,0.0,422846329.0,422846329.0
Germany,20-99 All stationary installations,2019.0,2,363319576.0,0.0,0.0,363319576.0,363319576.0,363319576.0,363319576.0,363319576.0,1.0,0.0,363319576.0,363319576.0
Germany,20-99 All stationary installations,2020.0,2,320714091.0,0.0,0.0,320714091.0,320714091.0,320714091.0,320714091.0,320714091.0,1.0,0.0,320714091.0,320714091.0
Germany,20-99 All stationary installations,2021.0,2,355096984.0,0.0,0.0,355096984.0,355096984.0,355096984.0,355096984.0,355096984.0,1.0,0.0,355096984.0,355096984.0
Germany,20-99 All stationary installations,2022.0,2,353961616.0,0.0,0.0,353961616.0,353961616.0,353961616.0,353961616.0,353961616.0,1.0,0.0,353961616.0,353961616.0
Germany,20-99 All stationary installations,2023.0,2,289379202.0,0.0,0.0,289379202.0,289379202.0,289379202.0,289379202.0,289379202.0,1.0,0.0,289379202.0,289379202.0
Germany,21  Refining of mineral oil,2015.0,2,23694616.0,0.0,0.0,23694616.0,23694616.0,23694616.0,23694616.0,23694616.0,1.0,0.0,23694616.0,23694616.0
Germany,21  Refining of mineral oil,2016.0,2,23890174.0,0.0,0.0,23890174.0,23890174.0,23890174.0,23890174.0,23890174.0,1.0,0.0,23890174.0,23890174.0
Germany,21  Refining of mineral oil,2017.0,2,23643929.0,0.0,0.0,23643929.0,23643929.0,23643929.0,23643929.0,23643929.0,1.0,0.0,23643929.0,23643929.0
Germany,21  Refining of mineral oil,2018.0,2,22585575.0,0.0,0.0,22585575.0,22585575.0,22585575.0,22585575.0,22585575.0,1.0,0.0,22585575.0,22585575.0
Germany,21  Refining of mineral oil,2019.0,2,22156016.0,0.0,0.0,22156016.0,22156016.0,22156016.0,22156016.0,22156016.0,1.0,0.0,22156016.0,22156016.0
Germany,21  Refining of mineral oil,2020.0,2,21480022.0,0.0,0.0,21480022.0,21480022.0,21480022.0,21480022.0,21480022.0,1.0,0.0,21480022.0,21480022.0
Germany,21  Refining of mineral oil,2021.0,2,21398094.0,0.0,0.0,21398094.0,21398094.0,21398094.0,21398094.0,21398094.0,1.0,0.0,21398094.0,21398094.0
Germany,21  Refining of mineral oil,2022.0,2,22337081.0,0.0,0.0,22337081.0,22337081.0,22337081.0,22337081.0,22337081.0,1.0,0.0,22337081.0,22337081.0
Germany,21  Refining of mineral oil,2023.0,2,20052218.0,0.0,0.0,20052218.0,20052218.0,20052218.0,20052218.0,20052218.0,1.0,0.0,20052218.0,20052218.0
Germany,21-99 All industrial installations (excl. combustion),2015.0,2,121806115.0,0.0,0.0,121806115.0,121806115.0,121806115.0,121806115.0,121806115.0,1.0,0.0,121806115.0,121806115.0
Germany,21-99 All industrial installations (excl. combustion),2016.0,2,121769311.0,0.0,0.0,121769311.0,121769311.0,121769311.0,121769311.0,121769311.0,1.0,0.0,121769311.0,121769311.0
Germany,21-99 All industrial installations (excl. combustion),2017.0,2,124248201.0,0.0,0.0,124248201.0,124248201.0,124248201.0,124248201.0,124248201.0,1.0,0.0,124248201.0,124248201.0
Germany,21-99 All industrial installations (excl. combustion),2018.0,2,122668563.0,0.0,0.0,122668563.0,122668563.0,122668563.0,122668563.0,122668563.0,1.0,0.0,122668563.0,122668563.0
Germany,21-99 All industrial installations (excl. combustion),2019.0,2,117879018.0,0.0,0.0,117879018.0,117879018.0,117879018.0,117879018.0,117879018.0,1.0,0.0,117879018.0,117879018.0
Germany,21-99 All industrial installations (excl. combustion),2020.0,2,112469543.0,0.0,0.0,112469543.0,112469543.0,112469543.0,112469543.0,112469543.0,1.0,0.0,112469543.0,112469543.0
Germany,21-99 All industrial installations (excl. combustion),2021.0,2,117591234.0,0.0,0.0,117591234.0,117591234.0,117591234.0,117591234.0,117591234.0,1.0,0.0,117591234.0,117591234.0
Germany,21-99 All industrial installations (excl. combustion),2022.0,2,110318170.0,0.0,0.0,110318170.0,110318170.0,110318170.0,110318170.0,110318170.0,1.0,0.0,110318170.0,110318170.0
Germany,21-99 All industrial installations (excl. combustion),2023.0,2,99257236.0,0.0,0.0,99257236.0,99257236.0,99257236.0,99257236.0,99257236.0,1.0,0.0,99257236.0,99257236.0
Germany,22  Production of coke,2015.0,2,3751413.0,0.0,0.0,3751413.0,3751413.0,3751413.0,3751413.0,3751413.0,1.0,0.0,3751413.0,3751413.0
Germany,22  Production of coke,2016.0,2,3860753.0,0.0,0.0,3860753.0,3860753.0,3860753.0,3860753.0,3860753.0,1.0,0.0,3860753.0,3860753.0
Germany,22  Production of coke,2017.0,2,3952184.0,0.0,0.0,3952184.0,3952184.0,3952184.0,3952184.0,3952184.0,1.0,0.0,3952184.0,3952184.0
Germany,22  Production of coke,2018.0,2,3852773.0,0.0,0.0,3852773.0,3852773.0,3852773.0,3852773.0,3852773.0,1.0,0.0,3852773.0,3852773.0
Germany,22  Production of coke,2019.0,2,3734684.0,0.0,0.0,3734684.0,3734684.0,3734684.0,3734684.0,3734684.0,1.0,0.0,3734684.0,3734684.0
Germany,22  Production of coke,2020.0,2,3309214.0,0.0,0.0,3309214.0,3309214.0,3309214.0,3309214.0,3309214.0,1.0,0.0,3309214.0,3309214.0
Germany,22  Production of coke,2021.0,2,3697695.0,0.0,0.0,3697695.0,3697695.0,3697695.0,3697695.0,3697695.0,1.0,0.0,3697695.0,3697695.0
Germany,22  Production of coke,2022.0,2,3769578.0,0.0,0.0,3769578.0,3769578.0,3769578.0,3769578.0,3769578.0,1.0,0.0,3769578.0,3769578.0
Germany,22  Production of coke,2023.0,2,3324150.0,0.0,0.0,3324150.0,3324150.0,3324150.0,3324150.0,3324150.0,1.0,0.0,3324150.0,3324150.0
Germany,23 Metal ore roasting or sintering,2015.0,2,79866.0,0.0,0.0,79866.0,79866.0,79866.0,79866.0,79866.0,1.0,0.0,79866.0,79866.0
Germany,23 Metal ore roasting or sintering,2016.0,2,64772.0,0.0,0.0,64772.0,64772.0,64772.0,64772.0,64772.0,1.0,0.0,64772.0,64772.0
Germany,23 Metal ore roasting or sintering,2017.0,2,69471.0,0.0,0.0,69471.0,69471.0,69471.0,69471.0,69471.0,1.0,0.0,69471.0,69471.0
Germany,23 Metal ore roasting or sintering,2018.0,2,80645.0,0.0,0.0,80645.0,80645.0,80645.0,80645.0,80645.0,1.0,0.0,80645.0,80645.0
Germany,23 Metal ore roasting or sintering,2019.0,2,79149.0,0.0,0.0,79149.0,79149.0,79149.0,79149.0,79149.0,1.0,0.0,79149.0,79149.0
Germany,23 Metal ore roasting or sintering,2020.0,2,81019.0,0.0,0.0,81019.0,81019.0,81019.0,81019.0,81019.0,1.0,0.0,81019.0,81019.0
Germany,23 Metal ore roasting or sintering,2021.0,2,72621.0,0.0,0.0,72621.0,72621.0,72621.0,72621.0,72621.0,1.0,0.0,72621.0,72621.0
Germany,23 Metal ore roasting or sintering,2022.0,2,62355.0,0.0,0.0,62355.0,62355.0,62355.0,62355.0,62355.0,1.0,0.0,62355.0,62355.0
Germany,23 Metal ore roasting or sintering,2023.0,2,62486.0,0.0,0.0,62486.0,62486.0,62486.0,62486.0,62486.0,1.0,0.0,62486.0,62486.0
Germany,24  Production of pig iron or steel,2015.0,2,29544004.0,0.0,0.0,29544004.0,29544004.0,29544004.0,29544004.0,29544004.0,1.0,0.0,29544004.0,29544004.0
Germany,24  Production of pig iron or steel,2016.0,2,28610011.0,0.0,0.0,28610011.0,28610011.0,28610011.0,28610011.0,28610011.0,1.0,0.0,28610011.0,28610011.0
Germany,24  Production of pig iron or steel,2017.0,2,29877260.0,0.0,0.0,29877260.0,29877260.0,29877260.0,29877260.0,29877260.0,1.0,0.0,29877260.0,29877260.0
Germany,24  Production of pig iron or steel,2018.0,2,30139010.0,0.0,0.0,30139010.0,30139010.0,30139010.0,30139010.0,30139010.0,1.0,0.0,30139010.0,30139010.0
Germany,24  Production of pig iron or steel,2019.0,2,28342719.0,0.0,0.0,28342719.0,28342719.0,28342719.0,28342719.0,28342719.0,1.0,0.0,28342719.0,28342719.0
Germany,24  Production of pig iron or steel,2020.0,2,25065607.0,0.0,0.0,25065607.0,25065607.0,25065607.0,25065607.0,25065607.0,1.0,0.0,25065607.0,25065607.0
Germany,24  Production of pig iron or steel,2021.0,2,28285827.0,0.0,0.0,28285827.0,28285827.0,28285827.0,28285827.0,28285827.0,1.0,0.0,28285827.0,28285827.0
Germany,24  Production of pig iron or steel,2022.0,2,26374751.0,0.0,0.0,26374751.0,26374751.0,26374751.0,26374751.0,26374751.0,1.0,0.0,26374751.0,26374751.0
Germany,24  Production of pig iron or steel,2023.0,2,26282585.0,0.0,0.0,26282585.0,26282585.0,26282585.0,26282585.0,26282585.0,1.0,0.0,26282585.0,26282585.0
Germany,25 Production or processing of ferrous metals,2015.0,2,3748469.0,0.0,0.0,3748469.0,3748469.0,3748469.0,3748469.0,3748469.0,1.0,0.0,3748469.0,3748469.0
Germany,25 Production or processing of ferrous metals,2016.0,2,3766813.0,0.0,0.0,3766813.0,3766813.0,3766813.0,3766813.0,3766813.0,1.0,0.0,3766813.0,3766813.0
Germany,25 Production or processing of ferrous metals,2017.0,2,3848160.0,0.0,0.0,3848160.0,3848160.0,3848160.0,3848160.0,3848160.0,1.0,0.0,3848160.0,3848160.0
Germany,25 Production or processing of ferrous metals,2018.0,2,3772404.0,0.0,0.0,3772404.0,3772404.0,3772404.0,3772404.0,3772404.0,1.0,0.0,3772404.0,3772404.0
Germany,25 Production or processing of ferrous metals,2019.0,2,3345032.0,0.0,0.0,3345032.0,3345032.0,3345032.0,3345032.0,3345032.0,1.0,0.0,3345032.0,3345032.0
Germany,25 Production or processing of ferrous metals,2020.0,2,2901727.0,0.0,0.0,2901727.0,2901727.0,2901727.0,2901727.0,2901727.0,1.0,0.0,2901727.0,2901727.0
Germany,25 Production or processing of ferrous metals,2021.0,2,3207601.0,0.0,0.0,3207601.0,3207601.0,3207601.0,3207601.0,3207601.0,1.0,0.0,3207601.0,3207601.0
Germany,25 Production or processing of ferrous metals,2022.0,2,2876680.0,0.0,0.0,2876680.0,2876680.0,2876680.0,2876680.0,2876680.0,1.0,0.0,2876680.0,2876680.0
Germany,25 Production or processing of ferrous metals,2023.0,2,2673467.0,0.0,0.0,2673467.0,2673467.0,2673467.0,2673467.0,2673467.0,1.0,0.0,2673467.0,2673467.0
Germany,26 Production of primary aluminium,2015.0,2,1406002.0,0.0,0.0,1406002.0,1406002.0,1406002.0,1406002.0,1406002.0,1.0,0.0,1406002.0,1406002.0
Germany,26 Production of primary aluminium,2016.0,2,1407907.0,0.0,0.0,1407907.0,1407907.0,1407907.0,1407907.0,1407907.0,1.0,0.0,1407907.0,1407907.0
Germany,26 Production of primary aluminium,2017.0,2,1413900.0,0.0,0.0,1413900.0,1413900.0,1413900.0,1413900.0,1413900.0,1.0,0.0,1413900.0,1413900.0
Germany,26 Production of primary aluminium,2018.0,2,1427131.0,0.0,0.0,1427131.0,1427131.0,1427131.0,1427131.0,1427131.0,1.0,0.0,1427131.0,1427131.0
Germany,26 Production of primary aluminium,2019.0,2,1346282.0,0.0,0.0,1346282.0,1346282.0,1346282.0,1346282.0,1346282.0,1.0,0.0,1346282.0,1346282.0
Germany,26 Production of primary aluminium,2020.0,2,1376417.0,0.0,0.0,1376417.0,1376417.0,1376417.0,1376417.0,1376417.0,1.0,0.0,1376417.0,1376417.0
Germany,26 Production of primary aluminium,2021.0,2,1306592.0,0.0,0.0,1306592.0,1306592.0,1306592.0,1306592.0,1306592.0,1.0,0.0,1306592.0,1306592.0
Germany,26 Production of primary aluminium,2022.0,2,954063.0,0.0,0.0,954063.0,954063.0,954063.0,954063.0,954063.0,1.0,0.0,954063.0,954063.0
Germany,26 Production of primary aluminium,2023.0,2,533300.0,0.0,0.0,533300.0,533300.0,533300.0,533300.0,533300.0,1.0,0.0,533300.0,533300.0
Germany,27 Production of secondary aluminium,2015.0,2,551320.0,0.0,0.0,551320.0,551320.0,551320.0,551320.0,551320.0,1.0,0.0,551320.0,551320.0
Germany,27 Production of secondary aluminium,2016.0,2,579975.0,0.0,0.0,579975.0,579975.0,579975.0,579975.0,579975.0,1.0,0.0,579975.0,579975.0
Germany,27 Production of secondary aluminium,2017.0,2,563252.0,0.0,0.0,563252.0,563252.0,563252.0,563252.0,563252.0,1.0,0.0,563252.0,563252.0
Germany,27 Production of secondary aluminium,2018.0,2,577616.0,0.0,0.0,577616.0,577616.0,577616.0,577616.0,577616.0,1.0,0.0,577616.0,577616.0
Germany,27 Production of secondary aluminium,2019.0,2,555557.0,0.0,0.0,555557.0,555557.0,555557.0,555557.0,555557.0,1.0,0.0,555557.0,555557.0
Germany,27 Production of secondary aluminium,2020.0,2,498969.0,0.0,0.0,498969.0,498969.0,498969.0,498969.0,498969.0,1.0,0.0,498969.0,498969.0
Germany,27 Production of secondary aluminium,2021.0,2,570085.0,0.0,0.0,570085.0,570085.0,570085.0,570085.0,570085.0,1.0,0.0,570085.0,570085.0
Germany,27 Production of secondary aluminium,2022.0,2,549289.0,0.0,0.0,549289.0,549289.0,549289.0,549289.0,549289.0,1.0,0.0,549289.0,549289.0
Germany,27 Production of secondary aluminium,2023.0,2,520434.0,0.0,0.0,520434.0,520434.0,520434.0,520434.0,520434.0,1.0,0.0,520434.0,520434.0
Germany,28 Production or processing of non-ferrous metals,2015.0,2,995720.0,0.0,0.0,995720.0,995720.0,995720.0,995720.0,995720.0,1.0,0.0,995720.0,995720.0
Germany,28 Production or processing of non-ferrous metals,2016.0,2,1005029.0,0.0,0.0,1005029.0,1005029.0,1005029.0,1005029.0,1005029.0,1.0,0.0,1005029.0,1005029.0
Germany,28 Production or processing of non-ferrous metals,2017.0,2,1025319.0,0.0,0.0,1025319.0,1025319.0,1025319.0,1025319.0,1025319.0,1.0,0.0,1025319.0,1025319.0
Germany,28 Production or processing of non-ferrous metals,2018.0,2,1024445.0,0.0,0.0,1024445.0,1024445.0,1024445.0,1024445.0,1024445.0,1.0,0.0,1024445.0,1024445.0
Germany,28 Production or processing of non-ferrous metals,2019.0,2,1035526.0,0.0,0.0,1035526.0,1035526.0,1035526.0,1035526.0,1035526.0,1.0,0.0,1035526.0,1035526.0
Germany,28 Production or processing of non-ferrous metals,2020.0,2,1015850.0,0.0,0.0,1015850.0,1015850.0,1015850.0,1015850.0,1015850.0,1.0,0.0,1015850.0,1015850.0
Germany,28 Production or processing of non-ferrous metals,2021.0,2,1017390.0,0.0,0.0,1017390.0,1017390.0,1017390.0,1017390.0,1017390.0,1.0,0.0,1017390.0,1017390.0
Germany,28 Production or processing of non-ferrous metals,2022.0,2,923814.0,0.0,0.0,923814.0,923814.0,923814.0,923814.0,923814.0,1.0,0.0,923814.0,923814.0
Germany,28 Production or processing of non-ferrous metals,2023.0,2,871111.0,0.0,0.0,871111.0,871111.0,871111.0,871111.0,871111.0,1.0,0.0,871111.0,871111.0
Germany,29 Production of cement clinker,2015.0,2,19131531.0,0.0,0.0,19131531.0,19131531.0,19131531.0,19131531.0,19131531.0,1.0,0.0,19131531.0,19131531.0
Germany,29 Production of cement clinker,2016.0,2,19348828.0,0.0,0.0,19348828.0,19348828.0,19348828.0,19348828.0,19348828.0,1.0,0.0,19348828.0,19348828.0
Germany,29 Production of cement clinker,2017.0,2,20464671.0,0.0,0.0,20464671.0,20464671.0,20464671.0,20464671.0,20464671.0,1.0,0.0,20464671.0,20464671.0
Germany,29 Production of cement clinker,2018.0,2,19998154.0,0.0,0.0,19998154.0,19998154.0,19998154.0,19998154.0,19998154.0,1.0,0.0,19998154.0,19998154.0
Germany,29 Production of cement clinker,2019.0,2,19989115.0,0.0,0.0,19989115.0,19989115.0,19989115.0,19989115.0,19989115.0,1.0,0.0,19989115.0,19989115.0
Germany,29 Production of cement clinker,2020.0,2,20134201.0,0.0,0.0,20134201.0,20134201.0,20134201.0,20134201.0,20134201.0,1.0,0.0,20134201.0,20134201.0
Germany,29 Production of cement clinker,2021.0,2,20531906.0,0.0,0.0,20531906.0,20531906.0,20531906.0,20531906.0,20531906.0,1.0,0.0,20531906.0,20531906.0
Germany,29 Production of cement clinker,2022.0,2,18762506.0,0.0,0.0,18762506.0,18762506.0,18762506.0,18762506.0,18762506.0,1.0,0.0,18762506.0,18762506.0
Germany,29 Production of cement clinker,2023.0,2,16100328.0,0.0,0.0,16100328.0,16100328.0,16100328.0,16100328.0,16100328.0,1.0,0.0,16100328.0,16100328.0
Germany,"30 Production of lime, or calcination of dolomite/magnesite",2015.0,2,9157607.0,0.0,0.0,9157607.0,9157607.0,9157607.0,9157607.0,9157607.0,1.0,0.0,9157607.0,9157607.0
Germany,"30 Production of lime, or calcination of dolomite/magnesite",2016.0,2,9056243.0,0.0,0.0,9056243.0,9056243.0,9056243.0,9056243.0,9056243.0,1.0,0.0,9056243.0,9056243.0
Germany,"30 Production of lime, or calcination of dolomite/magnesite",2017.0,2,9344839.0,0.0,0.0,9344839.0,9344839.0,9344839.0,9344839.0,9344839.0,1.0,0.0,9344839.0,9344839.0
Germany,"30 Production of lime, or calcination of dolomite/magnesite",2018.0,2,9437729.0,0.0,0.0,9437729.0,9437729.0,9437729.0,9437729.0,9437729.0,1.0,0.0,9437729.0,9437729.0
Germany,"30 Production of lime, or calcination of dolomite/magnesite",2019.0,2,8775882.0,0.0,0.0,8775882.0,8775882.0,8775882.0,8775882.0,8775882.0,1.0,0.0,8775882.0,8775882.0
Germany,"30 Production of lime, or calcination of dolomite/magnesite",2020.0,2,8212883.0,0.0,0.0,8212883.0,8212883.0,8212883.0,8212883.0,8212883.0,1.0,0.0,8212883.0,8212883.0
Germany,"30 Production of lime, or calcination of dolomite/magnesite",2021.0,2,8775387.0,0.0,0.0,8775387.0,8775387.0,8775387.0,8775387.0,8775387.0,1.0,0.0,8775387.0,8775387.0
Germany,"30 Production of lime, or calcination of dolomite/magnesite",2022.0,2,8662855.0,0.0,0.0,8662855.0,8662855.0,8662855.0,8662855.0,8662855.0,1.0,0.0,8662855.0,8662855.0
Germany,"30 Production of lime, or calcination of dolomite/magnesite",2023.0,2,7359431.0,0.0,0.0,7359431.0,7359431.0,7359431.0,7359431.0,7359431.0,1.0,0.0,7359431.0,7359431.0
Germany,31 Manufacture of glass,2015.0,2,3772375.0,0.0,0.0,3772375.0,3772375.0,3772375.0,3772375.0,3772375.0,1.0,0.0,3772375.0,3772375.0
Germany,31 Manufacture of glass,2016.0,2,3826228.0,0.0,0.0,3826228.0,3826228.0,3826228.0,3826228.0,3826228.0,1.0,0.0,3826228.0,3826228.0
Germany,31 Manufacture of glass,2017.0,2,3739589.0,0.0,0.0,3739589.0,3739589.0,3739589.0,3739589.0,3739589.0,1.0,0.0,3739589.0,3739589.0
Germany,31 Manufacture of glass,2018.0,2,3817720.0,0.0,0.0,3817720.0,3817720.0,3817720.0,3817720.0,3817720.0,1.0,0.0,3817720.0,3817720.0
Germany,31 Manufacture of glass,2019.0,2,3693624.0,0.0,0.0,3693624.0,3693624.0,3693624.0,3693624.0,3693624.0,1.0,0.0,3693624.0,3693624.0
Germany,31 Manufacture of glass,2020.0,2,3598789.0,0.0,0.0,3598789.0,3598789.0,3598789.0,3598789.0,3598789.0,1.0,0.0,3598789.0,3598789.0
Germany,31 Manufacture of glass,2021.0,2,3722763.0,0.0,0.0,3722763.0,3722763.0,3722763.0,3722763.0,3722763.0,1.0,0.0,3722763.0,3722763.0
Germany,31 Manufacture of glass,2022.0,2,3690799.0,0.0,0.0,3690799.0,3690799.0,3690799.0,3690799.0,3690799.0,1.0,0.0,3690799.0,3690799.0
Germany,31 Manufacture of glass,2023.0,2,3360634.0,0.0,0.0,3360634.0,3360634.0,3360634.0,3360634.0,3360634.0,1.0,0.0,3360634.0,3360634.0
Germany,32 Manufacture of ceramics,2015.0,2,1988502.0,0.0,0.0,1988502.0,1988502.0,1988502.0,1988502.0,1988502.0,1.0,0.0,1988502.0,1988502.0
Germany,32 Manufacture of ceramics,2016.0,2,2025394.0,0.0,0.0,2025394.0,2025394.0,2025394.0,2025394.0,2025394.0,1.0,0.0,2025394.0,2025394.0
Germany,32 Manufacture of ceramics,2017.0,2,2040686.0,0.0,0.0,2040686.0,2040686.0,2040686.0,2040686.0,2040686.0,1.0,0.0,2040686.0,2040686.0
Germany,32 Manufacture of ceramics,2018.0,2,2051942.0,0.0,0.0,2051942.0,2051942.0,2051942.0,2051942.0,2051942.0,1.0,0.0,2051942.0,2051942.0
Germany,32 Manufacture of ceramics,2019.0,2,1993938.0,0.0,0.0,1993938.0,1993938.0,1993938.0,1993938.0,1993938.0,1.0,0.0,1993938.0,1993938.0
Germany,32 Manufacture of ceramics,2020.0,2,1878154.0,0.0,0.0,1878154.0,1878154.0,1878154.0,1878154.0,1878154.0,1.0,0.0,1878154.0,1878154.0
Germany,32 Manufacture of ceramics,2021.0,2,1878569.0,0.0,0.0,1878569.0,1878569.0,1878569.0,1878569.0,1878569.0,1.0,0.0,1878569.0,1878569.0
Germany,32 Manufacture of ceramics,2022.0,2,1746833.0,0.0,0.0,1746833.0,1746833.0,1746833.0,1746833.0,1746833.0,1.0,0.0,1746833.0,1746833.0
Germany,32 Manufacture of ceramics,2023.0,2,1172591.0,0.0,0.0,1172591.0,1172591.0,1172591.0,1172591.0,1172591.0,1.0,0.0,1172591.0,1172591.0
Germany,33 Manufacture of mineral wool,2015.0,2,362664.0,0.0,0.0,362664.0,362664.0,362664.0,362664.0,362664.0,1.0,0.0,362664.0,362664.0
Germany,33 Manufacture of mineral wool,2016.0,2,371581.0,0.0,0.0,371581.0,371581.0,371581.0,371581.0,371581.0,1.0,0.0,371581.0,371581.0
Germany,33 Manufacture of mineral wool,2017.0,2,385940.0,0.0,0.0,385940.0,385940.0,385940.0,385940.0,385940.0,1.0,0.0,385940.0,385940.0
Germany,33 Manufacture of mineral wool,2018.0,2,405296.0,0.0,0.0,405296.0,405296.0,405296.0,405296.0,405296.0,1.0,0.0,405296.0,405296.0
Germany,33 Manufacture of mineral wool,2019.0,2,360692.0,0.0,0.0,360692.0,360692.0,360692.0,360692.0,360692.0,1.0,0.0,360692.0,360692.0
Germany,33 Manufacture of mineral wool,2020.0,2,349758.0,0.0,0.0,349758.0,349758.0,349758.0,349758.0,349758.0,1.0,0.0,349758.0,349758.0
Germany,33 Manufacture of mineral wool,2021.0,2,394736.0,0.0,0.0,394736.0,394736.0,394736.0,394736.0,394736.0,1.0,0.0,394736.0,394736.0
Germany,33 Manufacture of mineral wool,2022.0,2,400305.0,0.0,0.0,400305.0,400305.0,400305.0,400305.0,400305.0,1.0,0.0,400305.0,400305.0
Germany,33 Manufacture of mineral wool,2023.0,2,306919.0,0.0,0.0,306919.0,306919.0,306919.0,306919.0,306919.0,1.0,0.0,306919.0,306919.0
Germany,34 Production or processing of gypsum or plasterboard,2015.0,2,268859.0,0.0,0.0,268859.0,268859.0,268859.0,268859.0,268859.0,1.0,0.0,268859.0,268859.0
Germany,34 Production or processing of gypsum or plasterboard,2016.0,2,269190.0,0.0,0.0,269190.0,269190.0,269190.0,269190.0,269190.0,1.0,0.0,269190.0,269190.0
Germany,34 Production or processing of gypsum or plasterboard,2017.0,2,268920.0,0.0,0.0,268920.0,268920.0,268920.0,268920.0,268920.0,1.0,0.0,268920.0,268920.0
Germany,34 Production or processing of gypsum or plasterboard,2018.0,2,271002.0,0.0,0.0,271002.0,271002.0,271002.0,271002.0,271002.0,1.0,0.0,271002.0,271002.0
Germany,34 Production or processing of gypsum or plasterboard,2019.0,2,272973.0,0.0,0.0,272973.0,272973.0,272973.0,272973.0,272973.0,1.0,0.0,272973.0,272973.0
Germany,34 Production or processing of gypsum or plasterboard,2020.0,2,276084.0,0.0,0.0,276084.0,276084.0,276084.0,276084.0,276084.0,1.0,0.0,276084.0,276084.0
Germany,34 Production or processing of gypsum or plasterboard,2021.0,2,300311.0,0.0,0.0,300311.0,300311.0,300311.0,300311.0,300311.0,1.0,0.0,300311.0,300311.0
Germany,34 Production or processing of gypsum or plasterboard,2022.0,2,275140.0,0.0,0.0,275140.0,275140.0,275140.0,275140.0,275140.0,1.0,0.0,275140.0,275140.0
Germany,34 Production or processing of gypsum or plasterboard,2023.0,2,235001.0,0.0,0.0,235001.0,235001.0,235001.0,235001.0,235001.0,1.0,0.0,235001.0,235001.0
Germany,35 Production of pulp,2015.0,2,333828.0,0.0,0.0,333828.0,333828.0,333828.0,333828.0,333828.0,1.0,0.0,333828.0,333828.0
Germany,35 Production of pulp,2016.0,2,336736.0,0.0,0.0,336736.0,336736.0,336736.0,336736.0,336736.0,1.0,0.0,336736.0,336736.0
Germany,35 Production of pulp,2017.0,2,345889.0,0.0,0.0,345889.0,345889.0,345889.0,345889.0,345889.0,1.0,0.0,345889.0,345889.0
Germany,35 Production of pulp,2018.0,2,351208.0,0.0,0.0,351208.0,351208.0,351208.0,351208.0,351208.0,1.0,0.0,351208.0,351208.0
Germany,35 Production of pulp,2019.0,2,336674.0,0.0,0.0,336674.0,336674.0,336674.0,336674.0,336674.0,1.0,0.0,336674.0,336674.0
Germany,35 Production of pulp,2020.0,2,350988.0,0.0,0.0,350988.0,350988.0,350988.0,350988.0,350988.0,1.0,0.0,350988.0,350988.0
Germany,35 Production of pulp,2021.0,2,346550.0,0.0,0.0,346550.0,346550.0,346550.0,346550.0,346550.0,1.0,0.0,346550.0,346550.0
Germany,35 Production of pulp,2022.0,2,367979.0,0.0,0.0,367979.0,367979.0,367979.0,367979.0,367979.0,1.0,0.0,367979.0,367979.0
Germany,35 Production of pulp,2023.0,2,360470.0,0.0,0.0,360470.0,360470.0,360470.0,360470.0,360470.0,1.0,0.0,360470.0,360470.0
Germany,36 Production of paper or cardboard,2015.0,2,5327926.0,0.0,0.0,5327926.0,5327926.0,5327926.0,5327926.0,5327926.0,1.0,0.0,5327926.0,5327926.0
Germany,36 Production of paper or cardboard,2016.0,2,5267452.0,0.0,0.0,5267452.0,5267452.0,5267452.0,5267452.0,5267452.0,1.0,0.0,5267452.0,5267452.0
Germany,36 Production of paper or cardboard,2017.0,2,5333219.0,0.0,0.0,5333219.0,5333219.0,5333219.0,5333219.0,5333219.0,1.0,0.0,5333219.0,5333219.0
Germany,36 Production of paper or cardboard,2018.0,2,5229834.0,0.0,0.0,5229834.0,5229834.0,5229834.0,5229834.0,5229834.0,1.0,0.0,5229834.0,5229834.0
Germany,36 Production of paper or cardboard,2019.0,2,4955905.0,0.0,0.0,4955905.0,4955905.0,4955905.0,4955905.0,4955905.0,1.0,0.0,4955905.0,4955905.0
Germany,36 Production of paper or cardboard,2020.0,2,4829788.0,0.0,0.0,4829788.0,4829788.0,4829788.0,4829788.0,4829788.0,1.0,0.0,4829788.0,4829788.0
Germany,36 Production of paper or cardboard,2021.0,2,5036919.0,0.0,0.0,5036919.0,5036919.0,5036919.0,5036919.0,5036919.0,1.0,0.0,5036919.0,5036919.0
Germany,36 Production of paper or cardboard,2022.0,2,4483310.0,0.0,0.0,4483310.0,4483310.0,4483310.0,4483310.0,4483310.0,1.0,0.0,4483310.0,4483310.0
Germany,36 Production of paper or cardboard,2023.0,2,3687410.0,0.0,0.0,3687410.0,3687410.0,3687410.0,3687410.0,3687410.0,1.0,0.0,3687410.0,3687410.0
Germany,37 Production of carbon black,2015.0,2,678056.0,0.0,0.0,678056.0,678056.0,678056.0,678056.0,678056.0,1.0,0.0,678056.0,678056.0
Germany,37 Production of carbon black,2016.0,2,703225.0,0.0,0.0,703225.0,703225.0,703225.0,703225.0,703225.0,1.0,0.0,703225.0,703225.0
Germany,37 Production of carbon black,2017.0,2,608081.0,0.0,0.0,608081.0,608081.0,608081.0,608081.0,608081.0,1.0,0.0,608081.0,608081.0
Germany,37 Production of carbon black,2018.0,2,620668.0,0.0,0.0,620668.0,620668.0,620668.0,620668.0,620668.0,1.0,0.0,620668.0,620668.0
Germany,37 Production of carbon black,2019.0,2,579455.0,0.0,0.0,579455.0,579455.0,579455.0,579455.0,579455.0,1.0,0.0,579455.0,579455.0
Germany,37 Production of carbon black,2020.0,2,517572.0,0.0,0.0,517572.0,517572.0,517572.0,517572.0,517572.0,1.0,0.0,517572.0,517572.0
Germany,37 Production of carbon black,2021.0,2,582250.0,0.0,0.0,582250.0,582250.0,582250.0,582250.0,582250.0,1.0,0.0,582250.0,582250.0
Germany,37 Production of carbon black,2022.0,2,568100.0,0.0,0.0,568100.0,568100.0,568100.0,568100.0,568100.0,1.0,0.0,568100.0,568100.0
Germany,37 Production of carbon black,2023.0,2,529122.0,0.0,0.0,529122.0,529122.0,529122.0,529122.0,529122.0,1.0,0.0,529122.0,529122.0
Germany,38 Production of nitric acid,2015.0,2,745384.0,0.0,0.0,745384.0,745384.0,745384.0,745384.0,745384.0,1.0,0.0,745384.0,745384.0
Germany,38 Production of nitric acid,2016.0,2,684846.0,0.0,0.0,684846.0,684846.0,684846.0,684846.0,684846.0,1.0,0.0,684846.0,684846.0
Germany,38 Production of nitric acid,2017.0,2,681197.0,0.0,0.0,681197.0,681197.0,681197.0,681197.0,681197.0,1.0,0.0,681197.0,681197.0
Germany,38 Production of nitric acid,2018.0,2,661279.0,0.0,0.0,661279.0,661279.0,661279.0,661279.0,661279.0,1.0,0.0,661279.0,661279.0
Germany,38 Production of nitric acid,2019.0,2,558448.0,0.0,0.0,558448.0,558448.0,558448.0,558448.0,558448.0,1.0,0.0,558448.0,558448.0
Germany,38 Production of nitric acid,2020.0,2,576258.0,0.0,0.0,576258.0,576258.0,576258.0,576258.0,576258.0,1.0,0.0,576258.0,576258.0
Germany,38 Production of nitric acid,2021.0,2,396861.0,0.0,0.0,396861.0,396861.0,396861.0,396861.0,396861.0,1.0,0.0,396861.0,396861.0
Germany,38 Production of nitric acid,2022.0,2,336919.0,0.0,0.0,336919.0,336919.0,336919.0,336919.0,336919.0,1.0,0.0,336919.0,336919.0
Germany,38 Production of nitric acid,2023.0,2,211665.0,0.0,0.0,211665.0,211665.0,211665.0,211665.0,211665.0,1.0,0.0,211665.0,211665.0
Germany,39 Production of adipic acid,2015.0,2,135601.0,0.0,0.0,135601.0,135601.0,135601.0,135601.0,135601.0,1.0,0.0,135601.0,135601.0
Germany,39 Production of adipic acid,2016.0,2,126289.0,0.0,0.0,126289.0,126289.0,126289.0,126289.0,126289.0,1.0,0.0,126289.0,126289.0
Germany,39 Production of adipic acid,2017.0,2,131752.0,0.0,0.0,131752.0,131752.0,131752.0,131752.0,131752.0,1.0,0.0,131752.0,131752.0
Germany,39 Production of adipic acid,2018.0,2,111673.0,0.0,0.0,111673.0,111673.0,111673.0,111673.0,111673.0,1.0,0.0,111673.0,111673.0
Germany,39 Production of adipic acid,2019.0,2,113963.0,0.0,0.0,113963.0,113963.0,113963.0,113963.0,113963.0,1.0,0.0,113963.0,113963.0
Germany,39 Production of adipic acid,2020.0,2,110945.0,0.0,0.0,110945.0,110945.0,110945.0,110945.0,110945.0,1.0,0.0,110945.0,110945.0
Germany,39 Production of adipic acid,2021.0,2,117418.0,0.0,0.0,117418.0,117418.0,117418.0,117418.0,117418.0,1.0,0.0,117418.0,117418.0
Germany,39 Production of adipic acid,2022.0,2,100858.0,0.0,0.0,100858.0,100858.0,100858.0,100858.0,100858.0,1.0,0.0,100858.0,100858.0
Germany,39 Production of adipic acid,2023.0,2,67838.0,0.0,0.0,67838.0,67838.0,67838.0,67838.0,67838.0,1.0,0.0,67838.0,67838.0
Germany,40 Production of glyoxal and glyoxylic acid,2015.0,2,9070.0,0.0,0.0,9070.0,9070.0,9070.0,9070.0,9070.0,1.0,0.0,9070.0,9070.0
Germany,40 Production of glyoxal and glyoxylic acid,2016.0,2,11112.0,0.0,0.0,11112.0,11112.0,11112.0,11112.0,11112.0,1.0,0.0,11112.0,11112.0
Germany,40 Production of glyoxal and glyoxylic acid,2017.0,2,9940.0,0.0,0.0,9940.0,9940.0,9940.0,9940.0,9940.0,1.0,0.0,9940.0,9940.0
Germany,40 Production of glyoxal and glyoxylic acid,2018.0,2,10833.0,0.0,0.0,10833.0,10833.0,10833.0,10833.0,10833.0,1.0,0.0,10833.0,10833.0
Germany,40 Production of glyoxal and glyoxylic acid,2019.0,2,10099.0,0.0,0.0,10099.0,10099.0,10099.0,10099.0,10099.0,1.0,0.0,10099.0,10099.0
Germany,40 Production of glyoxal and glyoxylic acid,2020.0,2,11818.0,0.0,0.0,11818.0,11818.0,11818.0,11818.0,11818.0,1.0,0.0,11818.0,11818.0
Germany,41 Production of ammonia,2015.0,2,4463274.0,0.0,0.0,4463274.0,4463274.0,4463274.0,4463274.0,4463274.0,1.0,0.0,4463274.0,4463274.0
Germany,41 Production of ammonia,2016.0,2,4548011.0,0.0,0.0,4548011.0,4548011.0,4548011.0,4548011.0,4548011.0,1.0,0.0,4548011.0,4548011.0
Germany,41 Production of ammonia,2017.0,2,4455300.0,0.0,0.0,4455300.0,4455300.0,4455300.0,4455300.0,4455300.0,1.0,0.0,4455300.0,4455300.0
Germany,41 Production of ammonia,2018.0,2,4592666.0,0.0,0.0,4592666.0,4592666.0,4592666.0,4592666.0,4592666.0,1.0,0.0,4592666.0,4592666.0
Germany,41 Production of ammonia,2019.0,2,4363344.0,0.0,0.0,4363344.0,4363344.0,4363344.0,4363344.0,4363344.0,1.0,0.0,4363344.0,4363344.0
Germany,41 Production of ammonia,2020.0,2,4488414.0,0.0,0.0,4488414.0,4488414.0,4488414.0,4488414.0,4488414.0,1.0,0.0,4488414.0,4488414.0
Germany,41 Production of ammonia,2021.0,2,4627290.0,0.0,0.0,4627290.0,4627290.0,4627290.0,4627290.0,4627290.0,1.0,0.0,4627290.0,4627290.0
Germany,41 Production of ammonia,2022.0,2,3138213.0,0.0,0.0,3138213.0,3138213.0,3138213.0,3138213.0,3138213.0,1.0,0.0,3138213.0,3138213.0
Germany,41 Production of ammonia,2023.0,2,2838050.0,0.0,0.0,2838050.0,2838050.0,2838050.0,2838050.0,2838050.0,1.0,0.0,2838050.0,2838050.0
Germany,42 Production of bulk chemicals,2015.0,2,8049888.0,0.0,0.0,8049888.0,8049888.0,8049888.0,8049888.0,8049888.0,1.0,0.0,8049888.0,8049888.0
Germany,42 Production of bulk chemicals,2016.0,2,8311523.0,0.0,0.0,8311523.0,8311523.0,8311523.0,8311523.0,8311523.0,1.0,0.0,8311523.0,8311523.0
Germany,42 Production of bulk chemicals,2017.0,2,8287747.0,0.0,0.0,8287747.0,8287747.0,8287747.0,8287747.0,8287747.0,1.0,0.0,8287747.0,8287747.0
Germany,42 Production of bulk chemicals,2018.0,2,8022211.0,0.0,0.0,8022211.0,8022211.0,8022211.0,8022211.0,8022211.0,1.0,0.0,8022211.0,8022211.0
Germany,42 Production of bulk chemicals,2019.0,2,7593729.0,0.0,0.0,7593729.0,7593729.0,7593729.0,7593729.0,7593729.0,1.0,0.0,7593729.0,7593729.0
Germany,42 Production of bulk chemicals,2020.0,2,7864808.0,0.0,0.0,7864808.0,7864808.0,7864808.0,7864808.0,7864808.0,1.0,0.0,7864808.0,7864808.0
Germany,42 Production of bulk chemicals,2021.0,2,8045209.0,0.0,0.0,8045209.0,8045209.0,8045209.0,8045209.0,8045209.0,1.0,0.0,8045209.0,8045209.0
Germany,42 Production of bulk chemicals,2022.0,2,6873752.0,0.0,0.0,6873752.0,6873752.0,6873752.0,6873752.0,6873752.0,1.0,0.0,6873752.0,6873752.0
Germany,42 Production of bulk chemicals,2023.0,2,5764528.0,0.0,0.0,5764528.0,5764528.0,5764528.0,5764528.0,5764528.0,1.0,0.0,5764528.0,5764528.0
Germany,43 Production of hydrogen and synthesis gas,2015.0,2,3046461.0,0.0,0.0,3046461.0,3046461.0,3046461.0,3046461.0,3046461.0,1.0,0.0,3046461.0,3046461.0
Germany,43 Production of hydrogen and synthesis gas,2016.0,2,3170755.0,0.0,0.0,3170755.0,3170755.0,3170755.0,3170755.0,3170755.0,1.0,0.0,3170755.0,3170755.0
Germany,43 Production of hydrogen and synthesis gas,2017.0,2,3189746.0,0.0,0.0,3189746.0,3189746.0,3189746.0,3189746.0,3189746.0,1.0,0.0,3189746.0,3189746.0
Germany,43 Production of hydrogen and synthesis gas,2018.0,2,3102719.0,0.0,0.0,3102719.0,3102719.0,3102719.0,3102719.0,3102719.0,1.0,0.0,3102719.0,3102719.0
Germany,43 Production of hydrogen and synthesis gas,2019.0,2,3128562.0,0.0,0.0,3128562.0,3128562.0,3128562.0,3128562.0,3128562.0,1.0,0.0,3128562.0,3128562.0
Germany,43 Production of hydrogen and synthesis gas,2020.0,2,3028868.0,0.0,0.0,3028868.0,3028868.0,3028868.0,3028868.0,3028868.0,1.0,0.0,3028868.0,3028868.0
Germany,43 Production of hydrogen and synthesis gas,2021.0,2,2752903.0,0.0,0.0,2752903.0,2752903.0,2752903.0,2752903.0,2752903.0,1.0,0.0,2752903.0,2752903.0
Germany,43 Production of hydrogen and synthesis gas,2022.0,2,2575457.0,0.0,0.0,2575457.0,2575457.0,2575457.0,2575457.0,2575457.0,1.0,0.0,2575457.0,2575457.0
Germany,43 Production of hydrogen and synthesis gas,2023.0,2,2512426.0,0.0,0.0,2512426.0,2512426.0,2512426.0,2512426.0,2512426.0,1.0,0.0,2512426.0,2512426.0
Germany,44 Production of soda ash and sodium bicarbonate,2015.0,2,563679.0,0.0,0.0,563679.0,563679.0,563679.0,563679.0,563679.0,1.0,0.0,563679.0,563679.0
Germany,44 Production of soda ash and sodium bicarbonate,2016.0,2,526464.0,0.0,0.0,526464.0,526464.0,526464.0,526464.0,526464.0,1.0,0.0,526464.0,526464.0
Germany,44 Production of soda ash and sodium bicarbonate,2017.0,2,567210.0,0.0,0.0,567210.0,567210.0,567210.0,567210.0,567210.0,1.0,0.0,567210.0,567210.0
Germany,44 Production of soda ash and sodium bicarbonate,2018.0,2,523752.0,0.0,0.0,523752.0,523752.0,523752.0,523752.0,523752.0,1.0,0.0,523752.0,523752.0
Germany,44 Production of soda ash and sodium bicarbonate,2019.0,2,557389.0,0.0,0.0,557389.0,557389.0,557389.0,557389.0,557389.0,1.0,0.0,557389.0,557389.0
Germany,44 Production of soda ash and sodium bicarbonate,2020.0,2,511116.0,0.0,0.0,511116.0,511116.0,511116.0,511116.0,511116.0,1.0,0.0,511116.0,511116.0
Germany,44 Production of soda ash and sodium bicarbonate,2021.0,2,526060.0,0.0,0.0,526060.0,526060.0,526060.0,526060.0,526060.0,1.0,0.0,526060.0,526060.0
Germany,44 Production of soda ash and sodium bicarbonate,2022.0,2,487326.0,0.0,0.0,487326.0,487326.0,487326.0,487326.0,487326.0,1.0,0.0,487326.0,487326.0
Germany,44 Production of soda ash and sodium bicarbonate,2023.0,2,430824.0,0.0,0.0,430824.0,430824.0,430824.0,430824.0,430824.0,1.0,0.0,430824.0,430824.0
Germany,99 Other activity opted-in under Art. 24,2018.0,2,278.0,0.0,0.0,278.0,278.0,278.0,278.0,278.0,1.0,0.0,278.0,278.0
Germany,99 Other activity opted-in under Art. 24,2019.0,2,261.0,0.0,0.0,261.0,261.0,261.0,261.0,261.0,1.0,0.0,261.0,261.0
Germany,99 Other activity opted-in under Art. 24,2020.0,2,274.0,0.0,0.0,274.0,274.0,274.0,274.0,274.0,1.0,0.0,274.0,274.0
Germany,99 Other activity opted-in under Art. 24,2021.0,2,197.0,0.0,0.0,197.0,197.0,197.0,197.0,197.0,1.0,0.0,197.0,197.0
Germany,99 Other activity opted-in under Art. 24,2022.0,2,207.0,0.0,0.0,207.0,207.0,207.0,207.0,207.0,1.0,0.0,207.0,207.0
Germany,99 Other activity opted-in under Art. 24,2023.0,2,248.0,0.0,0.0,248.0,248.0,248.0,248.0,248.0,1.0,0.0,248.0,248.0
Greece,10 Aviation,2015.0,2,952885.0,0.0,0.0,952885.0,952885.0,952885.0,952885.0,952885.0,1.0,0.0,952885.0,952885.0
Greece,10 Aviation,2016.0,2,1035881.0,0.0,0.0,1035881.0,1035881.0,1035881.0,1035881.0,1035881.0,1.0,0.0,1035881.0,1035881.0
Greece,10 Aviation,2017.0,2,1083288.0,0.0,0.0,1083288.0,1083288.0,1083288.0,1083288.0,1083288.0,1.0,0.0,1083288.0,1083288.0
Greece,10 Aviation,2018.0,2,1156450.0,0.0,0.0,1156450.0,1156450.0,1156450.0,1156450.0,1156450.0,1.0,0.0,1156450.0,1156450.0
Greece,10 Aviation,2019.0,2,1220992.0,0.0,0.0,1220992.0,1220992.0,1220992.0,1220992.0,1220992.0,1.0,0.0,1220992.0,1220992.0
Greece,10 Aviation,2020.0,3,330840.0,227434.72480252438,0.6874462725260682,104797.8,248130.0,487017.0,491638.5,494411.4,4.717765067587297,-0.32712489420868085,9243.0,496260.0
Greece,10 Aviation,2021.0,3,491973.3333333333,337407.8218312208,0.6858254278644252,156522.4,368980.0,723076.0,730518.0,734983.2,4.6957061736850445,-0.32661029504760863,14884.0,737960.0
Greece,10 Aviation,2022.0,3,758536.0,522907.8358799633,0.6893645599944673,239029.80000000002,568902.0,1118689.0,1128246.5,1133981.0,4.744098852946369,-0.3277333647388594,19115.0,1137804.0
Greece,10 Aviation,2023.0,3,894950.0,619519.4772160114,0.692239205783576,279816.0,671212.5,1323540.0,1332982.5,1338648.0,4.784029505103353,-0.3286440583272807,18885.0,1342425.0
Greece,20 Combustion of fuels,2015.0,2,37100919.0,0.0,0.0,37100919.0,37100919.0,37100919.0,37100919.0,37100919.0,1.0,0.0,37100919.0,37100919.0
Greece,20 Combustion of fuels,2016.0,2,32450016.0,0.0,0.0,32450016.0,32450016.0,32450016.0,32450016.0,32450016.0,1.0,0.0,32450016.0,32450016.0
Greece,20 Combustion of fuels,2017.0,2,36058345.0,0.0,0.0,36058345.0,36058345.0,36058345.0,36058345.0,36058345.0,1.0,0.0,36058345.0,36058345.0
Greece,20 Combustion of fuels,2018.0,2,33752266.0,0.0,0.0,33752266.0,33752266.0,33752266.0,33752266.0,33752266.0,1.0,0.0,33752266.0,33752266.0
Greece,20 Combustion of fuels,2019.0,2,27809747.0,0.0,0.0,27809747.0,27809747.0,27809747.0,27809747.0,27809747.0,1.0,0.0,27809747.0,27809747.0
Greece,20 Combustion of fuels,2020.0,2,20263137.0,0.0,0.0,20263137.0,20263137.0,20263137.0,20263137.0,20263137.0,1.0,0.0,20263137.0,20263137.0
Greece,20 Combustion of fuels,2021.0,2,20888368.0,0.0,0.0,20888368.0,20888368.0,20888368.0,20888368.0,20888368.0,1.0,0.0,20888368.0,20888368.0
Greece,20 Combustion of fuels,2022.0,2,19712307.0,0.0,0.0,19712307.0,19712307.0,19712307.0,19712307.0,19712307.0,1.0,0.0,19712307.0,19712307.0
Greece,20 Combustion of fuels,2023.0,2,13769521.0,0.0,0.0,13769521.0,13769521.0,13769521.0,13769521.0,13769521.0,1.0,0.0,13769521.0,13769521.0
Greece,20-99 All stationary installations,2015.0,2,49876100.0,0.0,0.0,49876100.0,49876100.0,49876100.0,49876100.0,49876100.0,1.0,0.0,49876100.0,49876100.0
Greece,20-99 All stationary installations,2016.0,2,46299722.0,0.0,0.0,46299722.0,46299722.0,46299722.0,46299722.0,46299722.0,1.0,0.0,46299722.0,46299722.0
Greece,20-99 All stationary installations,2017.0,2,49572075.0,0.0,0.0,49572075.0,49572075.0,49572075.0,49572075.0,49572075.0,1.0,0.0,49572075.0,49572075.0
Greece,20-99 All stationary installations,2018.0,2,47105832.0,0.0,0.0,47105832.0,47105832.0,47105832.0,47105832.0,47105832.0,1.0,0.0,47105832.0,47105832.0
Greece,20-99 All stationary installations,2019.0,2,40476026.0,0.0,0.0,40476026.0,40476026.0,40476026.0,40476026.0,40476026.0,1.0,0.0,40476026.0,40476026.0
Greece,20-99 All stationary installations,2020.0,2,31728304.0,0.0,0.0,31728304.0,31728304.0,31728304.0,31728304.0,31728304.0,1.0,0.0,31728304.0,31728304.0
Greece,20-99 All stationary installations,2021.0,2,33250959.0,0.0,0.0,33250959.0,33250959.0,33250959.0,33250959.0,33250959.0,1.0,0.0,33250959.0,33250959.0
Greece,20-99 All stationary installations,2022.0,2,31630344.0,0.0,0.0,31630344.0,31630344.0,31630344.0,31630344.0,31630344.0,1.0,0.0,31630344.0,31630344.0
Greece,20-99 All stationary installations,2023.0,2,25466131.0,0.0,0.0,25466131.0,25466131.0,25466131.0,25466131.0,25466131.0,1.0,0.0,25466131.0,25466131.0
Greece,21  Refining of mineral oil,2015.0,2,5517482.0,0.0,0.0,5517482.0,5517482.0,5517482.0,5517482.0,5517482.0,1.0,0.0,5517482.0,5517482.0
Greece,21  Refining of mineral oil,2016.0,2,5879297.0,0.0,0.0,5879297.0,5879297.0,5879297.0,5879297.0,5879297.0,1.0,0.0,5879297.0,5879297.0
Greece,21  Refining of mineral oil,2017.0,2,5468660.0,0.0,0.0,5468660.0,5468660.0,5468660.0,5468660.0,5468660.0,1.0,0.0,5468660.0,5468660.0
Greece,21  Refining of mineral oil,2018.0,2,5786481.0,0.0,0.0,5786481.0,5786481.0,5786481.0,5786481.0,5786481.0,1.0,0.0,5786481.0,5786481.0
Greece,21  Refining of mineral oil,2019.0,2,5364430.0,0.0,0.0,5364430.0,5364430.0,5364430.0,5364430.0,5364430.0,1.0,0.0,5364430.0,5364430.0
Greece,21  Refining of mineral oil,2020.0,2,5247998.0,0.0,0.0,5247998.0,5247998.0,5247998.0,5247998.0,5247998.0,1.0,0.0,5247998.0,5247998.0
Greece,21  Refining of mineral oil,2021.0,2,5876502.0,0.0,0.0,5876502.0,5876502.0,5876502.0,5876502.0,5876502.0,1.0,0.0,5876502.0,5876502.0
Greece,21  Refining of mineral oil,2022.0,2,5902182.0,0.0,0.0,5902182.0,5902182.0,5902182.0,5902182.0,5902182.0,1.0,0.0,5902182.0,5902182.0
Greece,21  Refining of mineral oil,2023.0,2,5872376.0,0.0,0.0,5872376.0,5872376.0,5872376.0,5872376.0,5872376.0,1.0,0.0,5872376.0,5872376.0
Greece,21-99 All industrial installations (excl. combustion),2015.0,2,12775181.0,0.0,0.0,12775181.0,12775181.0,12775181.0,12775181.0,12775181.0,1.0,0.0,12775181.0,12775181.0
Greece,21-99 All industrial installations (excl. combustion),2016.0,2,13849706.0,0.0,0.0,13849706.0,13849706.0,13849706.0,13849706.0,13849706.0,1.0,0.0,13849706.0,13849706.0
Greece,21-99 All industrial installations (excl. combustion),2017.0,2,13513730.0,0.0,0.0,13513730.0,13513730.0,13513730.0,13513730.0,13513730.0,1.0,0.0,13513730.0,13513730.0
Greece,21-99 All industrial installations (excl. combustion),2018.0,2,13353566.0,0.0,0.0,13353566.0,13353566.0,13353566.0,13353566.0,13353566.0,1.0,0.0,13353566.0,13353566.0
Greece,21-99 All industrial installations (excl. combustion),2019.0,2,12666279.0,0.0,0.0,12666279.0,12666279.0,12666279.0,12666279.0,12666279.0,1.0,0.0,12666279.0,12666279.0
Greece,21-99 All industrial installations (excl. combustion),2020.0,2,11465167.0,0.0,0.0,11465167.0,11465167.0,11465167.0,11465167.0,11465167.0,1.0,0.0,11465167.0,11465167.0
Greece,21-99 All industrial installations (excl. combustion),2021.0,2,12362591.0,0.0,0.0,12362591.0,12362591.0,12362591.0,12362591.0,12362591.0,1.0,0.0,12362591.0,12362591.0
Greece,21-99 All industrial installations (excl. combustion),2022.0,2,11918037.0,0.0,0.0,11918037.0,11918037.0,11918037.0,11918037.0,11918037.0,1.0,0.0,11918037.0,11918037.0
Greece,21-99 All industrial installations (excl. combustion),2023.0,2,11696610.0,0.0,0.0,11696610.0,11696610.0,11696610.0,11696610.0,11696610.0,1.0,0.0,11696610.0,11696610.0
Greece,24  Production of pig iron or steel,2015.0,2,99455.0,0.0,0.0,99455.0,99455.0,99455.0,99455.0,99455.0,1.0,0.0,99455.0,99455.0
Greece,24  Production of pig iron or steel,2016.0,2,100698.0,0.0,0.0,100698.0,100698.0,100698.0,100698.0,100698.0,1.0,0.0,100698.0,100698.0
Greece,24  Production of pig iron or steel,2017.0,2,110218.0,0.0,0.0,110218.0,110218.0,110218.0,110218.0,110218.0,1.0,0.0,110218.0,110218.0
Greece,24  Production of pig iron or steel,2018.0,2,114208.0,0.0,0.0,114208.0,114208.0,114208.0,114208.0,114208.0,1.0,0.0,114208.0,114208.0
Greece,24  Production of pig iron or steel,2019.0,2,107615.0,0.0,0.0,107615.0,107615.0,107615.0,107615.0,107615.0,1.0,0.0,107615.0,107615.0
Greece,24  Production of pig iron or steel,2020.0,2,103844.0,0.0,0.0,103844.0,103844.0,103844.0,103844.0,103844.0,1.0,0.0,103844.0,103844.0
Greece,24  Production of pig iron or steel,2021.0,2,128614.0,0.0,0.0,128614.0,128614.0,128614.0,128614.0,128614.0,1.0,0.0,128614.0,128614.0
Greece,24  Production of pig iron or steel,2022.0,2,125045.0,0.0,0.0,125045.0,125045.0,125045.0,125045.0,125045.0,1.0,0.0,125045.0,125045.0
Greece,24  Production of pig iron or steel,2023.0,2,92172.0,0.0,0.0,92172.0,92172.0,92172.0,92172.0,92172.0,1.0,0.0,92172.0,92172.0
Greece,25 Production or processing of ferrous metals,2015.0,2,836501.0,0.0,0.0,836501.0,836501.0,836501.0,836501.0,836501.0,1.0,0.0,836501.0,836501.0
Greece,25 Production or processing of ferrous metals,2016.0,2,821343.0,0.0,0.0,821343.0,821343.0,821343.0,821343.0,821343.0,1.0,0.0,821343.0,821343.0
Greece,25 Production or processing of ferrous metals,2017.0,2,833586.0,0.0,0.0,833586.0,833586.0,833586.0,833586.0,833586.0,1.0,0.0,833586.0,833586.0
Greece,25 Production or processing of ferrous metals,2018.0,2,758785.0,0.0,0.0,758785.0,758785.0,758785.0,758785.0,758785.0,1.0,0.0,758785.0,758785.0
Greece,25 Production or processing of ferrous metals,2019.0,2,672897.0,0.0,0.0,672897.0,672897.0,672897.0,672897.0,672897.0,1.0,0.0,672897.0,672897.0
Greece,25 Production or processing of ferrous metals,2020.0,2,363725.0,0.0,0.0,363725.0,363725.0,363725.0,363725.0,363725.0,1.0,0.0,363725.0,363725.0
Greece,25 Production or processing of ferrous metals,2021.0,2,271747.0,0.0,0.0,271747.0,271747.0,271747.0,271747.0,271747.0,1.0,0.0,271747.0,271747.0
Greece,25 Production or processing of ferrous metals,2022.0,2,154048.0,0.0,0.0,154048.0,154048.0,154048.0,154048.0,154048.0,1.0,0.0,154048.0,154048.0
Greece,25 Production or processing of ferrous metals,2023.0,2,24696.0,0.0,0.0,24696.0,24696.0,24696.0,24696.0,24696.0,1.0,0.0,24696.0,24696.0
Greece,27 Production of secondary aluminium,2015.0,2,95007.0,0.0,0.0,95007.0,95007.0,95007.0,95007.0,95007.0,1.0,0.0,95007.0,95007.0
Greece,27 Production of secondary aluminium,2016.0,2,89322.0,0.0,0.0,89322.0,89322.0,89322.0,89322.0,89322.0,1.0,0.0,89322.0,89322.0
Greece,27 Production of secondary aluminium,2017.0,2,97309.0,0.0,0.0,97309.0,97309.0,97309.0,97309.0,97309.0,1.0,0.0,97309.0,97309.0
Greece,27 Production of secondary aluminium,2018.0,2,105905.0,0.0,0.0,105905.0,105905.0,105905.0,105905.0,105905.0,1.0,0.0,105905.0,105905.0
Greece,27 Production of secondary aluminium,2019.0,2,106792.0,0.0,0.0,106792.0,106792.0,106792.0,106792.0,106792.0,1.0,0.0,106792.0,106792.0
Greece,27 Production of secondary aluminium,2020.0,2,106927.0,0.0,0.0,106927.0,106927.0,106927.0,106927.0,106927.0,1.0,0.0,106927.0,106927.0
Greece,27 Production of secondary aluminium,2021.0,2,118810.0,0.0,0.0,118810.0,118810.0,118810.0,118810.0,118810.0,1.0,0.0,118810.0,118810.0
Greece,27 Production of secondary aluminium,2022.0,2,121398.0,0.0,0.0,121398.0,121398.0,121398.0,121398.0,121398.0,1.0,0.0,121398.0,121398.0
Greece,27 Production of secondary aluminium,2023.0,2,123750.0,0.0,0.0,123750.0,123750.0,123750.0,123750.0,123750.0,1.0,0.0,123750.0,123750.0
Greece,28 Production or processing of non-ferrous metals,2015.0,2,24713.0,0.0,0.0,24713.0,24713.0,24713.0,24713.0,24713.0,1.0,0.0,24713.0,24713.0
Greece,28 Production or processing of non-ferrous metals,2016.0,2,20736.0,0.0,0.0,20736.0,20736.0,20736.0,20736.0,20736.0,1.0,0.0,20736.0,20736.0
Greece,28 Production or processing of non-ferrous metals,2017.0,2,20171.0,0.0,0.0,20171.0,20171.0,20171.0,20171.0,20171.0,1.0,0.0,20171.0,20171.0
Greece,28 Production or processing of non-ferrous metals,2018.0,2,22174.0,0.0,0.0,22174.0,22174.0,22174.0,22174.0,22174.0,1.0,0.0,22174.0,22174.0
Greece,28 Production or processing of non-ferrous metals,2019.0,2,21551.0,0.0,0.0,21551.0,21551.0,21551.0,21551.0,21551.0,1.0,0.0,21551.0,21551.0
Greece,28 Production or processing of non-ferrous metals,2020.0,2,22329.0,0.0,0.0,22329.0,22329.0,22329.0,22329.0,22329.0,1.0,0.0,22329.0,22329.0
Greece,28 Production or processing of non-ferrous metals,2021.0,2,24525.0,0.0,0.0,24525.0,24525.0,24525.0,24525.0,24525.0,1.0,0.0,24525.0,24525.0
Greece,28 Production or processing of non-ferrous metals,2022.0,2,20610.0,0.0,0.0,20610.0,20610.0,20610.0,20610.0,20610.0,1.0,0.0,20610.0,20610.0
Greece,28 Production or processing of non-ferrous metals,2023.0,2,18338.0,0.0,0.0,18338.0,18338.0,18338.0,18338.0,18338.0,1.0,0.0,18338.0,18338.0
Greece,29 Production of cement clinker,2015.0,2,5522820.0,0.0,0.0,5522820.0,5522820.0,5522820.0,5522820.0,5522820.0,1.0,0.0,5522820.0,5522820.0
Greece,29 Production of cement clinker,2016.0,2,6046898.0,0.0,0.0,6046898.0,6046898.0,6046898.0,6046898.0,6046898.0,1.0,0.0,6046898.0,6046898.0
Greece,29 Production of cement clinker,2017.0,2,5922421.0,0.0,0.0,5922421.0,5922421.0,5922421.0,5922421.0,5922421.0,1.0,0.0,5922421.0,5922421.0
Greece,29 Production of cement clinker,2018.0,2,5467145.0,0.0,0.0,5467145.0,5467145.0,5467145.0,5467145.0,5467145.0,1.0,0.0,5467145.0,5467145.0
Greece,29 Production of cement clinker,2019.0,2,5347553.0,0.0,0.0,5347553.0,5347553.0,5347553.0,5347553.0,5347553.0,1.0,0.0,5347553.0,5347553.0
Greece,29 Production of cement clinker,2020.0,2,4708677.0,0.0,0.0,4708677.0,4708677.0,4708677.0,4708677.0,4708677.0,1.0,0.0,4708677.0,4708677.0
Greece,29 Production of cement clinker,2021.0,2,4967282.0,0.0,0.0,4967282.0,4967282.0,4967282.0,4967282.0,4967282.0,1.0,0.0,4967282.0,4967282.0
Greece,29 Production of cement clinker,2022.0,2,4543250.0,0.0,0.0,4543250.0,4543250.0,4543250.0,4543250.0,4543250.0,1.0,0.0,4543250.0,4543250.0
Greece,29 Production of cement clinker,2023.0,2,4689229.0,0.0,0.0,4689229.0,4689229.0,4689229.0,4689229.0,4689229.0,1.0,0.0,4689229.0,4689229.0
Greece,"30 Production of lime, or calcination of dolomite/magnesite",2015.0,2,445747.0,0.0,0.0,445747.0,445747.0,445747.0,445747.0,445747.0,1.0,0.0,445747.0,445747.0
Greece,"30 Production of lime, or calcination of dolomite/magnesite",2016.0,2,524960.0,0.0,0.0,524960.0,524960.0,524960.0,524960.0,524960.0,1.0,0.0,524960.0,524960.0
Greece,"30 Production of lime, or calcination of dolomite/magnesite",2017.0,2,558401.0,0.0,0.0,558401.0,558401.0,558401.0,558401.0,558401.0,1.0,0.0,558401.0,558401.0
Greece,"30 Production of lime, or calcination of dolomite/magnesite",2018.0,2,604712.0,0.0,0.0,604712.0,604712.0,604712.0,604712.0,604712.0,1.0,0.0,604712.0,604712.0
Greece,"30 Production of lime, or calcination of dolomite/magnesite",2019.0,2,570868.0,0.0,0.0,570868.0,570868.0,570868.0,570868.0,570868.0,1.0,0.0,570868.0,570868.0
Greece,"30 Production of lime, or calcination of dolomite/magnesite",2020.0,2,451982.0,0.0,0.0,451982.0,451982.0,451982.0,451982.0,451982.0,1.0,0.0,451982.0,451982.0
Greece,"30 Production of lime, or calcination of dolomite/magnesite",2021.0,2,535794.0,0.0,0.0,535794.0,535794.0,535794.0,535794.0,535794.0,1.0,0.0,535794.0,535794.0
Greece,"30 Production of lime, or calcination of dolomite/magnesite",2022.0,2,494779.0,0.0,0.0,494779.0,494779.0,494779.0,494779.0,494779.0,1.0,0.0,494779.0,494779.0
Greece,"30 Production of lime, or calcination of dolomite/magnesite",2023.0,2,442223.0,0.0,0.0,442223.0,442223.0,442223.0,442223.0,442223.0,1.0,0.0,442223.0,442223.0
Greece,31 Manufacture of glass,2015.0,2,47258.0,0.0,0.0,47258.0,47258.0,47258.0,47258.0,47258.0,1.0,0.0,47258.0,47258.0
Greece,31 Manufacture of glass,2016.0,2,47843.0,0.0,0.0,47843.0,47843.0,47843.0,47843.0,47843.0,1.0,0.0,47843.0,47843.0
Greece,31 Manufacture of glass,2017.0,2,48556.0,0.0,0.0,48556.0,48556.0,48556.0,48556.0,48556.0,1.0,0.0,48556.0,48556.0
Greece,31 Manufacture of glass,2018.0,2,48441.0,0.0,0.0,48441.0,48441.0,48441.0,48441.0,48441.0,1.0,0.0,48441.0,48441.0
Greece,31 Manufacture of glass,2019.0,2,47028.0,0.0,0.0,47028.0,47028.0,47028.0,47028.0,47028.0,1.0,0.0,47028.0,47028.0
Greece,31 Manufacture of glass,2020.0,2,47285.0,0.0,0.0,47285.0,47285.0,47285.0,47285.0,47285.0,1.0,0.0,47285.0,47285.0
Greece,31 Manufacture of glass,2021.0,2,47541.0,0.0,0.0,47541.0,47541.0,47541.0,47541.0,47541.0,1.0,0.0,47541.0,47541.0
Greece,31 Manufacture of glass,2022.0,2,49610.0,0.0,0.0,49610.0,49610.0,49610.0,49610.0,49610.0,1.0,0.0,49610.0,49610.0
Greece,31 Manufacture of glass,2023.0,2,46819.0,0.0,0.0,46819.0,46819.0,46819.0,46819.0,46819.0,1.0,0.0,46819.0,46819.0
Greece,32 Manufacture of ceramics,2015.0,2,72088.0,0.0,0.0,72088.0,72088.0,72088.0,72088.0,72088.0,1.0,0.0,72088.0,72088.0
Greece,32 Manufacture of ceramics,2016.0,2,64650.0,0.0,0.0,64650.0,64650.0,64650.0,64650.0,64650.0,1.0,0.0,64650.0,64650.0
Greece,32 Manufacture of ceramics,2017.0,2,79734.0,0.0,0.0,79734.0,79734.0,79734.0,79734.0,79734.0,1.0,0.0,79734.0,79734.0
Greece,32 Manufacture of ceramics,2018.0,2,93190.0,0.0,0.0,93190.0,93190.0,93190.0,93190.0,93190.0,1.0,0.0,93190.0,93190.0
Greece,32 Manufacture of ceramics,2019.0,2,98516.0,0.0,0.0,98516.0,98516.0,98516.0,98516.0,98516.0,1.0,0.0,98516.0,98516.0
Greece,32 Manufacture of ceramics,2020.0,2,113416.0,0.0,0.0,113416.0,113416.0,113416.0,113416.0,113416.0,1.0,0.0,113416.0,113416.0
Greece,32 Manufacture of ceramics,2021.0,2,108726.0,0.0,0.0,108726.0,108726.0,108726.0,108726.0,108726.0,1.0,0.0,108726.0,108726.0
Greece,32 Manufacture of ceramics,2022.0,2,123161.0,0.0,0.0,123161.0,123161.0,123161.0,123161.0,123161.0,1.0,0.0,123161.0,123161.0
Greece,32 Manufacture of ceramics,2023.0,2,98953.0,0.0,0.0,98953.0,98953.0,98953.0,98953.0,98953.0,1.0,0.0,98953.0,98953.0
Greece,33 Manufacture of mineral wool,2015.0,2,5346.0,0.0,0.0,5346.0,5346.0,5346.0,5346.0,5346.0,1.0,0.0,5346.0,5346.0
Greece,33 Manufacture of mineral wool,2016.0,2,10446.0,0.0,0.0,10446.0,10446.0,10446.0,10446.0,10446.0,1.0,0.0,10446.0,10446.0
Greece,33 Manufacture of mineral wool,2017.0,2,15852.0,0.0,0.0,15852.0,15852.0,15852.0,15852.0,15852.0,1.0,0.0,15852.0,15852.0
Greece,33 Manufacture of mineral wool,2018.0,2,16446.0,0.0,0.0,16446.0,16446.0,16446.0,16446.0,16446.0,1.0,0.0,16446.0,16446.0
Greece,33 Manufacture of mineral wool,2019.0,2,13569.0,0.0,0.0,13569.0,13569.0,13569.0,13569.0,13569.0,1.0,0.0,13569.0,13569.0
Greece,33 Manufacture of mineral wool,2020.0,2,13925.0,0.0,0.0,13925.0,13925.0,13925.0,13925.0,13925.0,1.0,0.0,13925.0,13925.0
Greece,33 Manufacture of mineral wool,2021.0,2,15604.0,0.0,0.0,15604.0,15604.0,15604.0,15604.0,15604.0,1.0,0.0,15604.0,15604.0
Greece,33 Manufacture of mineral wool,2022.0,2,15143.0,0.0,0.0,15143.0,15143.0,15143.0,15143.0,15143.0,1.0,0.0,15143.0,15143.0
Greece,33 Manufacture of mineral wool,2023.0,2,14640.0,0.0,0.0,14640.0,14640.0,14640.0,14640.0,14640.0,1.0,0.0,14640.0,14640.0
Greece,34 Production or processing of gypsum or plasterboard,2022.0,2,15300.0,0.0,0.0,15300.0,15300.0,15300.0,15300.0,15300.0,1.0,0.0,15300.0,15300.0
Greece,34 Production or processing of gypsum or plasterboard,2023.0,2,21352.0,0.0,0.0,21352.0,21352.0,21352.0,21352.0,21352.0,1.0,0.0,21352.0,21352.0
Greece,36 Production of paper or cardboard,2015.0,2,108764.0,0.0,0.0,108764.0,108764.0,108764.0,108764.0,108764.0,1.0,0.0,108764.0,108764.0
Greece,36 Production of paper or cardboard,2016.0,2,75601.0,0.0,0.0,75601.0,75601.0,75601.0,75601.0,75601.0,1.0,0.0,75601.0,75601.0
Greece,36 Production of paper or cardboard,2017.0,2,71119.0,0.0,0.0,71119.0,71119.0,71119.0,71119.0,71119.0,1.0,0.0,71119.0,71119.0
Greece,36 Production of paper or cardboard,2018.0,2,68539.0,0.0,0.0,68539.0,68539.0,68539.0,68539.0,68539.0,1.0,0.0,68539.0,68539.0
Greece,36 Production of paper or cardboard,2019.0,2,70502.0,0.0,0.0,70502.0,70502.0,70502.0,70502.0,70502.0,1.0,0.0,70502.0,70502.0
Greece,36 Production of paper or cardboard,2020.0,2,69725.0,0.0,0.0,69725.0,69725.0,69725.0,69725.0,69725.0,1.0,0.0,69725.0,69725.0
Greece,36 Production of paper or cardboard,2021.0,2,66616.0,0.0,0.0,66616.0,66616.0,66616.0,66616.0,66616.0,1.0,0.0,66616.0,66616.0
Greece,36 Production of paper or cardboard,2022.0,2,85735.0,0.0,0.0,85735.0,85735.0,85735.0,85735.0,85735.0,1.0,0.0,85735.0,85735.0
Greece,36 Production of paper or cardboard,2023.0,2,97904.0,0.0,0.0,97904.0,97904.0,97904.0,97904.0,97904.0,1.0,0.0,97904.0,97904.0
Greece,41 Production of ammonia,2016.0,2,167912.0,0.0,0.0,167912.0,167912.0,167912.0,167912.0,167912.0,1.0,0.0,167912.0,167912.0
Greece,41 Production of ammonia,2017.0,2,287703.0,0.0,0.0,287703.0,287703.0,287703.0,287703.0,287703.0,1.0,0.0,287703.0,287703.0
Greece,41 Production of ammonia,2018.0,2,267540.0,0.0,0.0,267540.0,267540.0,267540.0,267540.0,267540.0,1.0,0.0,267540.0,267540.0
Greece,41 Production of ammonia,2019.0,2,244958.0,0.0,0.0,244958.0,244958.0,244958.0,244958.0,244958.0,1.0,0.0,244958.0,244958.0
Greece,41 Production of ammonia,2020.0,2,215334.0,0.0,0.0,215334.0,215334.0,215334.0,215334.0,215334.0,1.0,0.0,215334.0,215334.0
Greece,41 Production of ammonia,2021.0,2,200830.0,0.0,0.0,200830.0,200830.0,200830.0,200830.0,200830.0,1.0,0.0,200830.0,200830.0
Greece,41 Production of ammonia,2022.0,2,267776.0,0.0,0.0,267776.0,267776.0,267776.0,267776.0,267776.0,1.0,0.0,267776.0,267776.0
Greece,41 Production of ammonia,2023.0,2,154158.0,0.0,0.0,154158.0,154158.0,154158.0,154158.0,154158.0,1.0,0.0,154158.0,154158.0
Hungary,10 Aviation,2015.0,2,1558359.0,0.0,0.0,1558359.0,1558359.0,1558359.0,1558359.0,1558359.0,1.0,0.0,1558359.0,1558359.0
Hungary,10 Aviation,2016.0,2,1855247.0,0.0,0.0,1855247.0,1855247.0,1855247.0,1855247.0,1855247.0,1.0,0.0,1855247.0,1855247.0
Hungary,10 Aviation,2017.0,2,2110107.0,0.0,0.0,2110107.0,2110107.0,2110107.0,2110107.0,2110107.0,1.0,0.0,2110107.0,2110107.0
Hungary,10 Aviation,2018.0,2,2329329.0,0.0,0.0,2329329.0,2329329.0,2329329.0,2329329.0,2329329.0,1.0,0.0,2329329.0,2329329.0
Hungary,10 Aviation,2019.0,2,2384088.0,0.0,0.0,2384088.0,2384088.0,2384088.0,2384088.0,2384088.0,1.0,0.0,2384088.0,2384088.0
Hungary,10 Aviation,2020.0,3,824492.6666666666,581274.9237760811,0.705009210240901,248816.0,618369.5,1234292.0,1235515.5,1236249.6,4.9685293550254,-0.33267380317647177,2447.0,1236739.0
Hungary,10 Aviation,2021.0,3,818872.6666666666,577481.1308295901,0.7052148085248787,246977.0,614154.5,1226117.0,1227213.0,1227870.6,4.971598974803322,-0.33273847758720865,2192.0,1228309.0
Hungary,10 Aviation,2022.0,3,1488639.3333333333,1050238.559483934,0.7055023577351403,448619.2,1116479.5,2229580.0,2231269.5,2232283.2,4.975897598676116,-0.33282892042949874,3379.0,2232959.0
Hungary,10 Aviation,2023.0,3,1217915.3333333333,859267.9255491594,0.7055235302748134,367011.4,913436.5,1824145.0,1825509.0,1826327.4,4.976214362823606,-0.3328355793387572,2728.0,1826873.0
Hungary,20 Combustion of fuels,2015.0,2,14036490.0,0.0,0.0,14036490.0,14036490.0,14036490.0,14036490.0,14036490.0,1.0,0.0,14036490.0,14036490.0
Hungary,20 Combustion of fuels,2016.0,2,14131384.0,0.0,0.0,14131384.0,14131384.0,14131384.0,14131384.0,14131384.0,1.0,0.0,14131384.0,14131384.0
Hungary,20 Combustion of fuels,2017.0,2,14162686.0,0.0,0.0,14162686.0,14162686.0,14162686.0,14162686.0,14162686.0,1.0,0.0,14162686.0,14162686.0
Hungary,20 Combustion of fuels,2018.0,2,13593185.0,0.0,0.0,13593185.0,13593185.0,13593185.0,13593185.0,13593185.0,1.0,0.0,13593185.0,13593185.0
Hungary,20 Combustion of fuels,2019.0,2,12939552.0,0.0,0.0,12939552.0,12939552.0,12939552.0,12939552.0,12939552.0,1.0,0.0,12939552.0,12939552.0
Hungary,20 Combustion of fuels,2020.0,2,12651080.0,0.0,0.0,12651080.0,12651080.0,12651080.0,12651080.0,12651080.0,1.0,0.0,12651080.0,12651080.0
Hungary,20 Combustion of fuels,2021.0,2,11591087.0,0.0,0.0,11591087.0,11591087.0,11591087.0,11591087.0,11591087.0,1.0,0.0,11591087.0,11591087.0
Hungary,20 Combustion of fuels,2022.0,2,10892272.0,0.0,0.0,10892272.0,10892272.0,10892272.0,10892272.0,10892272.0,1.0,0.0,10892272.0,10892272.0
Hungary,20 Combustion of fuels,2023.0,2,9359669.0,0.0,0.0,9359669.0,9359669.0,9359669.0,9359669.0,9359669.0,1.0,0.0,9359669.0,9359669.0
Hungary,20-99 All stationary installations,2015.0,2,19649901.0,0.0,0.0,19649901.0,19649901.0,19649901.0,19649901.0,19649901.0,1.0,0.0,19649901.0,19649901.0
Hungary,20-99 All stationary installations,2016.0,2,19400528.0,0.0,0.0,19400528.0,19400528.0,19400528.0,19400528.0,19400528.0,1.0,0.0,19400528.0,19400528.0
Hungary,20-99 All stationary installations,2017.0,2,20642090.0,0.0,0.0,20642090.0,20642090.0,20642090.0,20642090.0,20642090.0,1.0,0.0,20642090.0,20642090.0
Hungary,20-99 All stationary installations,2018.0,2,20054307.0,0.0,0.0,20054307.0,20054307.0,20054307.0,20054307.0,20054307.0,1.0,0.0,20054307.0,20054307.0
Hungary,20-99 All stationary installations,2019.0,2,19527471.0,0.0,0.0,19527471.0,19527471.0,19527471.0,19527471.0,19527471.0,1.0,0.0,19527471.0,19527471.0
Hungary,20-99 All stationary installations,2020.0,2,18904209.0,0.0,0.0,18904209.0,18904209.0,18904209.0,18904209.0,18904209.0,1.0,0.0,18904209.0,18904209.0
Hungary,20-99 All stationary installations,2021.0,2,17615142.0,0.0,0.0,17615142.0,17615142.0,17615142.0,17615142.0,17615142.0,1.0,0.0,17615142.0,17615142.0
Hungary,20-99 All stationary installations,2022.0,2,15558989.0,0.0,0.0,15558989.0,15558989.0,15558989.0,15558989.0,15558989.0,1.0,0.0,15558989.0,15558989.0
Hungary,20-99 All stationary installations,2023.0,2,13436680.0,0.0,0.0,13436680.0,13436680.0,13436680.0,13436680.0,13436680.0,1.0,0.0,13436680.0,13436680.0
Hungary,21-99 All industrial installations (excl. combustion),2015.0,2,5613411.0,0.0,0.0,5613411.0,5613411.0,5613411.0,5613411.0,5613411.0,1.0,0.0,5613411.0,5613411.0
Hungary,21-99 All industrial installations (excl. combustion),2016.0,2,5269144.0,0.0,0.0,5269144.0,5269144.0,5269144.0,5269144.0,5269144.0,1.0,0.0,5269144.0,5269144.0
Hungary,21-99 All industrial installations (excl. combustion),2017.0,2,6479404.0,0.0,0.0,6479404.0,6479404.0,6479404.0,6479404.0,6479404.0,1.0,0.0,6479404.0,6479404.0
Hungary,21-99 All industrial installations (excl. combustion),2018.0,2,6461122.0,0.0,0.0,6461122.0,6461122.0,6461122.0,6461122.0,6461122.0,1.0,0.0,6461122.0,6461122.0
Hungary,21-99 All industrial installations (excl. combustion),2019.0,2,6587919.0,0.0,0.0,6587919.0,6587919.0,6587919.0,6587919.0,6587919.0,1.0,0.0,6587919.0,6587919.0
Hungary,21-99 All industrial installations (excl. combustion),2020.0,2,6253129.0,0.0,0.0,6253129.0,6253129.0,6253129.0,6253129.0,6253129.0,1.0,0.0,6253129.0,6253129.0
Hungary,21-99 All industrial installations (excl. combustion),2021.0,2,6024055.0,0.0,0.0,6024055.0,6024055.0,6024055.0,6024055.0,6024055.0,1.0,0.0,6024055.0,6024055.0
Hungary,21-99 All industrial installations (excl. combustion),2022.0,2,4666717.0,0.0,0.0,4666717.0,4666717.0,4666717.0,4666717.0,4666717.0,1.0,0.0,4666717.0,4666717.0
Hungary,21-99 All industrial installations (excl. combustion),2023.0,2,4077011.0,0.0,0.0,4077011.0,4077011.0,4077011.0,4077011.0,4077011.0,1.0,0.0,4077011.0,4077011.0
Hungary,22  Production of coke,2015.0,2,198565.0,0.0,0.0,198565.0,198565.0,198565.0,198565.0,198565.0,1.0,0.0,198565.0,198565.0
Hungary,22  Production of coke,2016.0,2,178756.0,0.0,0.0,178756.0,178756.0,178756.0,178756.0,178756.0,1.0,0.0,178756.0,178756.0
Hungary,22  Production of coke,2017.0,2,179754.0,0.0,0.0,179754.0,179754.0,179754.0,179754.0,179754.0,1.0,0.0,179754.0,179754.0
Hungary,22  Production of coke,2018.0,2,262765.0,0.0,0.0,262765.0,262765.0,262765.0,262765.0,262765.0,1.0,0.0,262765.0,262765.0
Hungary,22  Production of coke,2019.0,2,247187.0,0.0,0.0,247187.0,247187.0,247187.0,247187.0,247187.0,1.0,0.0,247187.0,247187.0
Hungary,22  Production of coke,2020.0,2,148233.0,0.0,0.0,148233.0,148233.0,148233.0,148233.0,148233.0,1.0,0.0,148233.0,148233.0
Hungary,22  Production of coke,2021.0,2,141838.0,0.0,0.0,141838.0,141838.0,141838.0,141838.0,141838.0,1.0,0.0,141838.0,141838.0
Hungary,22  Production of coke,2022.0,2,65550.0,0.0,0.0,65550.0,65550.0,65550.0,65550.0,65550.0,1.0,0.0,65550.0,65550.0
Hungary,22  Production of coke,2023.0,2,82221.0,0.0,0.0,82221.0,82221.0,82221.0,82221.0,82221.0,1.0,0.0,82221.0,82221.0
Hungary,23 Metal ore roasting or sintering,2015.0,2,268508.0,0.0,0.0,268508.0,268508.0,268508.0,268508.0,268508.0,1.0,0.0,268508.0,268508.0
Hungary,23 Metal ore roasting or sintering,2016.0,2,202133.0,0.0,0.0,202133.0,202133.0,202133.0,202133.0,202133.0,1.0,0.0,202133.0,202133.0
Hungary,23 Metal ore roasting or sintering,2017.0,2,257180.0,0.0,0.0,257180.0,257180.0,257180.0,257180.0,257180.0,1.0,0.0,257180.0,257180.0
Hungary,23 Metal ore roasting or sintering,2018.0,2,265219.0,0.0,0.0,265219.0,265219.0,265219.0,265219.0,265219.0,1.0,0.0,265219.0,265219.0
Hungary,23 Metal ore roasting or sintering,2019.0,2,261544.0,0.0,0.0,261544.0,261544.0,261544.0,261544.0,261544.0,1.0,0.0,261544.0,261544.0
Hungary,23 Metal ore roasting or sintering,2020.0,2,258715.0,0.0,0.0,258715.0,258715.0,258715.0,258715.0,258715.0,1.0,0.0,258715.0,258715.0
Hungary,23 Metal ore roasting or sintering,2021.0,2,190699.0,0.0,0.0,190699.0,190699.0,190699.0,190699.0,190699.0,1.0,0.0,190699.0,190699.0
Hungary,23 Metal ore roasting or sintering,2022.0,2,165106.0,0.0,0.0,165106.0,165106.0,165106.0,165106.0,165106.0,1.0,0.0,165106.0,165106.0
Hungary,23 Metal ore roasting or sintering,2023.0,2,73726.0,0.0,0.0,73726.0,73726.0,73726.0,73726.0,73726.0,1.0,0.0,73726.0,73726.0
Hungary,24  Production of pig iron or steel,2015.0,2,844864.0,0.0,0.0,844864.0,844864.0,844864.0,844864.0,844864.0,1.0,0.0,844864.0,844864.0
Hungary,24  Production of pig iron or steel,2016.0,2,608837.0,0.0,0.0,608837.0,608837.0,608837.0,608837.0,608837.0,1.0,0.0,608837.0,608837.0
Hungary,24  Production of pig iron or steel,2017.0,2,883692.0,0.0,0.0,883692.0,883692.0,883692.0,883692.0,883692.0,1.0,0.0,883692.0,883692.0
Hungary,24  Production of pig iron or steel,2018.0,2,788606.0,0.0,0.0,788606.0,788606.0,788606.0,788606.0,788606.0,1.0,0.0,788606.0,788606.0
Hungary,24  Production of pig iron or steel,2019.0,2,830014.0,0.0,0.0,830014.0,830014.0,830014.0,830014.0,830014.0,1.0,0.0,830014.0,830014.0
Hungary,24  Production of pig iron or steel,2020.0,2,756094.0,0.0,0.0,756094.0,756094.0,756094.0,756094.0,756094.0,1.0,0.0,756094.0,756094.0
Hungary,24  Production of pig iron or steel,2021.0,2,567294.0,0.0,0.0,567294.0,567294.0,567294.0,567294.0,567294.0,1.0,0.0,567294.0,567294.0
Hungary,24  Production of pig iron or steel,2022.0,2,449869.0,0.0,0.0,449869.0,449869.0,449869.0,449869.0,449869.0,1.0,0.0,449869.0,449869.0
Hungary,24  Production of pig iron or steel,2023.0,2,225714.0,0.0,0.0,225714.0,225714.0,225714.0,225714.0,225714.0,1.0,0.0,225714.0,225714.0
Hungary,25 Production or processing of ferrous metals,2015.0,2,148868.0,0.0,0.0,148868.0,148868.0,148868.0,148868.0,148868.0,1.0,0.0,148868.0,148868.0
Hungary,25 Production or processing of ferrous metals,2016.0,2,137692.0,0.0,0.0,137692.0,137692.0,137692.0,137692.0,137692.0,1.0,0.0,137692.0,137692.0
Hungary,25 Production or processing of ferrous metals,2017.0,2,153629.0,0.0,0.0,153629.0,153629.0,153629.0,153629.0,153629.0,1.0,0.0,153629.0,153629.0
Hungary,25 Production or processing of ferrous metals,2018.0,2,162424.0,0.0,0.0,162424.0,162424.0,162424.0,162424.0,162424.0,1.0,0.0,162424.0,162424.0
Hungary,25 Production or processing of ferrous metals,2019.0,2,144473.0,0.0,0.0,144473.0,144473.0,144473.0,144473.0,144473.0,1.0,0.0,144473.0,144473.0
Hungary,25 Production or processing of ferrous metals,2020.0,2,128014.0,0.0,0.0,128014.0,128014.0,128014.0,128014.0,128014.0,1.0,0.0,128014.0,128014.0
Hungary,25 Production or processing of ferrous metals,2021.0,2,87756.0,0.0,0.0,87756.0,87756.0,87756.0,87756.0,87756.0,1.0,0.0,87756.0,87756.0
Hungary,25 Production or processing of ferrous metals,2022.0,2,63583.0,0.0,0.0,63583.0,63583.0,63583.0,63583.0,63583.0,1.0,0.0,63583.0,63583.0
Hungary,25 Production or processing of ferrous metals,2023.0,2,26149.0,0.0,0.0,26149.0,26149.0,26149.0,26149.0,26149.0,1.0,0.0,26149.0,26149.0
Hungary,27 Production of secondary aluminium,2015.0,2,76303.0,0.0,0.0,76303.0,76303.0,76303.0,76303.0,76303.0,1.0,0.0,76303.0,76303.0
Hungary,27 Production of secondary aluminium,2016.0,2,77118.0,0.0,0.0,77118.0,77118.0,77118.0,77118.0,77118.0,1.0,0.0,77118.0,77118.0
Hungary,27 Production of secondary aluminium,2017.0,2,79108.0,0.0,0.0,79108.0,79108.0,79108.0,79108.0,79108.0,1.0,0.0,79108.0,79108.0
Hungary,27 Production of secondary aluminium,2018.0,2,79356.0,0.0,0.0,79356.0,79356.0,79356.0,79356.0,79356.0,1.0,0.0,79356.0,79356.0
Hungary,27 Production of secondary aluminium,2019.0,2,78225.0,0.0,0.0,78225.0,78225.0,78225.0,78225.0,78225.0,1.0,0.0,78225.0,78225.0
Hungary,27 Production of secondary aluminium,2020.0,2,58694.0,0.0,0.0,58694.0,58694.0,58694.0,58694.0,58694.0,1.0,0.0,58694.0,58694.0
Hungary,27 Production of secondary aluminium,2021.0,2,63784.0,0.0,0.0,63784.0,63784.0,63784.0,63784.0,63784.0,1.0,0.0,63784.0,63784.0
Hungary,27 Production of secondary aluminium,2022.0,2,58849.0,0.0,0.0,58849.0,58849.0,58849.0,58849.0,58849.0,1.0,0.0,58849.0,58849.0
Hungary,27 Production of secondary aluminium,2023.0,2,56205.0,0.0,0.0,56205.0,56205.0,56205.0,56205.0,56205.0,1.0,0.0,56205.0,56205.0
Hungary,29 Production of cement clinker,2015.0,2,1050579.0,0.0,0.0,1050579.0,1050579.0,1050579.0,1050579.0,1050579.0,1.0,0.0,1050579.0,1050579.0
Hungary,29 Production of cement clinker,2016.0,2,1084386.0,0.0,0.0,1084386.0,1084386.0,1084386.0,1084386.0,1084386.0,1.0,0.0,1084386.0,1084386.0
Hungary,29 Production of cement clinker,2017.0,2,1219485.0,0.0,0.0,1219485.0,1219485.0,1219485.0,1219485.0,1219485.0,1.0,0.0,1219485.0,1219485.0
Hungary,29 Production of cement clinker,2018.0,2,1365861.0,0.0,0.0,1365861.0,1365861.0,1365861.0,1365861.0,1365861.0,1.0,0.0,1365861.0,1365861.0
Hungary,29 Production of cement clinker,2019.0,2,1556162.0,0.0,0.0,1556162.0,1556162.0,1556162.0,1556162.0,1556162.0,1.0,0.0,1556162.0,1556162.0
Hungary,29 Production of cement clinker,2020.0,2,1396691.0,0.0,0.0,1396691.0,1396691.0,1396691.0,1396691.0,1396691.0,1.0,0.0,1396691.0,1396691.0
Hungary,29 Production of cement clinker,2021.0,2,1512101.0,0.0,0.0,1512101.0,1512101.0,1512101.0,1512101.0,1512101.0,1.0,0.0,1512101.0,1512101.0
Hungary,29 Production of cement clinker,2022.0,2,1222713.0,0.0,0.0,1222713.0,1222713.0,1222713.0,1222713.0,1222713.0,1.0,0.0,1222713.0,1222713.0
Hungary,29 Production of cement clinker,2023.0,2,813703.0,0.0,0.0,813703.0,813703.0,813703.0,813703.0,813703.0,1.0,0.0,813703.0,813703.0
Hungary,"30 Production of lime, or calcination of dolomite/magnesite",2015.0,2,218283.0,0.0,0.0,218283.0,218283.0,218283.0,218283.0,218283.0,1.0,0.0,218283.0,218283.0
Hungary,"30 Production of lime, or calcination of dolomite/magnesite",2016.0,2,183741.0,0.0,0.0,183741.0,183741.0,183741.0,183741.0,183741.0,1.0,0.0,183741.0,183741.0
Hungary,"30 Production of lime, or calcination of dolomite/magnesite",2017.0,2,247337.0,0.0,0.0,247337.0,247337.0,247337.0,247337.0,247337.0,1.0,0.0,247337.0,247337.0
Hungary,"30 Production of lime, or calcination of dolomite/magnesite",2018.0,2,249512.0,0.0,0.0,249512.0,249512.0,249512.0,249512.0,249512.0,1.0,0.0,249512.0,249512.0
Hungary,"30 Production of lime, or calcination of dolomite/magnesite",2019.0,2,208094.0,0.0,0.0,208094.0,208094.0,208094.0,208094.0,208094.0,1.0,0.0,208094.0,208094.0
Hungary,"30 Production of lime, or calcination of dolomite/magnesite",2020.0,2,204385.0,0.0,0.0,204385.0,204385.0,204385.0,204385.0,204385.0,1.0,0.0,204385.0,204385.0
Hungary,"30 Production of lime, or calcination of dolomite/magnesite",2021.0,2,160961.0,0.0,0.0,160961.0,160961.0,160961.0,160961.0,160961.0,1.0,0.0,160961.0,160961.0
Hungary,"30 Production of lime, or calcination of dolomite/magnesite",2022.0,2,152176.0,0.0,0.0,152176.0,152176.0,152176.0,152176.0,152176.0,1.0,0.0,152176.0,152176.0
Hungary,"30 Production of lime, or calcination of dolomite/magnesite",2023.0,2,91695.0,0.0,0.0,91695.0,91695.0,91695.0,91695.0,91695.0,1.0,0.0,91695.0,91695.0
Hungary,31 Manufacture of glass,2015.0,2,201030.0,0.0,0.0,201030.0,201030.0,201030.0,201030.0,201030.0,1.0,0.0,201030.0,201030.0
Hungary,31 Manufacture of glass,2016.0,2,206894.0,0.0,0.0,206894.0,206894.0,206894.0,206894.0,206894.0,1.0,0.0,206894.0,206894.0
Hungary,31 Manufacture of glass,2017.0,2,207105.0,0.0,0.0,207105.0,207105.0,207105.0,207105.0,207105.0,1.0,0.0,207105.0,207105.0
Hungary,31 Manufacture of glass,2018.0,2,184238.0,0.0,0.0,184238.0,184238.0,184238.0,184238.0,184238.0,1.0,0.0,184238.0,184238.0
Hungary,31 Manufacture of glass,2019.0,2,200293.0,0.0,0.0,200293.0,200293.0,200293.0,200293.0,200293.0,1.0,0.0,200293.0,200293.0
Hungary,31 Manufacture of glass,2020.0,2,180584.0,0.0,0.0,180584.0,180584.0,180584.0,180584.0,180584.0,1.0,0.0,180584.0,180584.0
Hungary,31 Manufacture of glass,2021.0,2,165907.0,0.0,0.0,165907.0,165907.0,165907.0,165907.0,165907.0,1.0,0.0,165907.0,165907.0
Hungary,31 Manufacture of glass,2022.0,2,132086.0,0.0,0.0,132086.0,132086.0,132086.0,132086.0,132086.0,1.0,0.0,132086.0,132086.0
Hungary,31 Manufacture of glass,2023.0,2,65321.0,0.0,0.0,65321.0,65321.0,65321.0,65321.0,65321.0,1.0,0.0,65321.0,65321.0
Hungary,32 Manufacture of ceramics,2015.0,2,248873.0,0.0,0.0,248873.0,248873.0,248873.0,248873.0,248873.0,1.0,0.0,248873.0,248873.0
Hungary,32 Manufacture of ceramics,2016.0,2,286690.0,0.0,0.0,286690.0,286690.0,286690.0,286690.0,286690.0,1.0,0.0,286690.0,286690.0
Hungary,32 Manufacture of ceramics,2017.0,2,313827.0,0.0,0.0,313827.0,313827.0,313827.0,313827.0,313827.0,1.0,0.0,313827.0,313827.0
Hungary,32 Manufacture of ceramics,2018.0,2,334027.0,0.0,0.0,334027.0,334027.0,334027.0,334027.0,334027.0,1.0,0.0,334027.0,334027.0
Hungary,32 Manufacture of ceramics,2019.0,2,339618.0,0.0,0.0,339618.0,339618.0,339618.0,339618.0,339618.0,1.0,0.0,339618.0,339618.0
Hungary,32 Manufacture of ceramics,2020.0,2,270321.0,0.0,0.0,270321.0,270321.0,270321.0,270321.0,270321.0,1.0,0.0,270321.0,270321.0
Hungary,32 Manufacture of ceramics,2021.0,2,296101.0,0.0,0.0,296101.0,296101.0,296101.0,296101.0,296101.0,1.0,0.0,296101.0,296101.0
Hungary,32 Manufacture of ceramics,2022.0,2,260782.0,0.0,0.0,260782.0,260782.0,260782.0,260782.0,260782.0,1.0,0.0,260782.0,260782.0
Hungary,32 Manufacture of ceramics,2023.0,2,155622.0,0.0,0.0,155622.0,155622.0,155622.0,155622.0,155622.0,1.0,0.0,155622.0,155622.0
Hungary,33 Manufacture of mineral wool,2015.0,2,28771.0,0.0,0.0,28771.0,28771.0,28771.0,28771.0,28771.0,1.0,0.0,28771.0,28771.0
Hungary,33 Manufacture of mineral wool,2016.0,2,28271.0,0.0,0.0,28271.0,28271.0,28271.0,28271.0,28271.0,1.0,0.0,28271.0,28271.0
Hungary,33 Manufacture of mineral wool,2017.0,2,28418.0,0.0,0.0,28418.0,28418.0,28418.0,28418.0,28418.0,1.0,0.0,28418.0,28418.0
Hungary,33 Manufacture of mineral wool,2018.0,2,27983.0,0.0,0.0,27983.0,27983.0,27983.0,27983.0,27983.0,1.0,0.0,27983.0,27983.0
Hungary,33 Manufacture of mineral wool,2019.0,2,24572.0,0.0,0.0,24572.0,24572.0,24572.0,24572.0,24572.0,1.0,0.0,24572.0,24572.0
Hungary,33 Manufacture of mineral wool,2020.0,2,24879.0,0.0,0.0,24879.0,24879.0,24879.0,24879.0,24879.0,1.0,0.0,24879.0,24879.0
Hungary,33 Manufacture of mineral wool,2021.0,2,28852.0,0.0,0.0,28852.0,28852.0,28852.0,28852.0,28852.0,1.0,0.0,28852.0,28852.0
Hungary,33 Manufacture of mineral wool,2022.0,2,35931.0,0.0,0.0,35931.0,35931.0,35931.0,35931.0,35931.0,1.0,0.0,35931.0,35931.0
Hungary,33 Manufacture of mineral wool,2023.0,2,41370.0,0.0,0.0,41370.0,41370.0,41370.0,41370.0,41370.0,1.0,0.0,41370.0,41370.0
Hungary,35 Production of pulp,2020.0,2,268.0,0.0,0.0,268.0,268.0,268.0,268.0,268.0,1.0,0.0,268.0,268.0
Hungary,35 Production of pulp,2021.0,2,9818.0,0.0,0.0,9818.0,9818.0,9818.0,9818.0,9818.0,1.0,0.0,9818.0,9818.0
Hungary,35 Production of pulp,2022.0,2,5815.0,0.0,0.0,5815.0,5815.0,5815.0,5815.0,5815.0,1.0,0.0,5815.0,5815.0
Hungary,35 Production of pulp,2023.0,2,10172.0,0.0,0.0,10172.0,10172.0,10172.0,10172.0,10172.0,1.0,0.0,10172.0,10172.0
Hungary,36 Production of paper or cardboard,2015.0,2,38671.0,0.0,0.0,38671.0,38671.0,38671.0,38671.0,38671.0,1.0,0.0,38671.0,38671.0
Hungary,36 Production of paper or cardboard,2016.0,2,40749.0,0.0,0.0,40749.0,40749.0,40749.0,40749.0,40749.0,1.0,0.0,40749.0,40749.0
Hungary,36 Production of paper or cardboard,2017.0,2,414735.0,0.0,0.0,414735.0,414735.0,414735.0,414735.0,414735.0,1.0,0.0,414735.0,414735.0
Hungary,36 Production of paper or cardboard,2018.0,2,364440.0,0.0,0.0,364440.0,364440.0,364440.0,364440.0,364440.0,1.0,0.0,364440.0,364440.0
Hungary,36 Production of paper or cardboard,2019.0,2,403129.0,0.0,0.0,403129.0,403129.0,403129.0,403129.0,403129.0,1.0,0.0,403129.0,403129.0
Hungary,36 Production of paper or cardboard,2020.0,2,349193.0,0.0,0.0,349193.0,349193.0,349193.0,349193.0,349193.0,1.0,0.0,349193.0,349193.0
Hungary,36 Production of paper or cardboard,2021.0,2,303625.0,0.0,0.0,303625.0,303625.0,303625.0,303625.0,303625.0,1.0,0.0,303625.0,303625.0
Hungary,36 Production of paper or cardboard,2022.0,2,325754.0,0.0,0.0,325754.0,325754.0,325754.0,325754.0,325754.0,1.0,0.0,325754.0,325754.0
Hungary,36 Production of paper or cardboard,2023.0,2,316835.0,0.0,0.0,316835.0,316835.0,316835.0,316835.0,316835.0,1.0,0.0,316835.0,316835.0
Hungary,37 Production of carbon black,2015.0,2,187479.0,0.0,0.0,187479.0,187479.0,187479.0,187479.0,187479.0,1.0,0.0,187479.0,187479.0
Hungary,37 Production of carbon black,2016.0,2,201654.0,0.0,0.0,201654.0,201654.0,201654.0,201654.0,201654.0,1.0,0.0,201654.0,201654.0
Hungary,37 Production of carbon black,2017.0,2,193056.0,0.0,0.0,193056.0,193056.0,193056.0,193056.0,193056.0,1.0,0.0,193056.0,193056.0
Hungary,37 Production of carbon black,2018.0,2,217988.0,0.0,0.0,217988.0,217988.0,217988.0,217988.0,217988.0,1.0,0.0,217988.0,217988.0
Hungary,37 Production of carbon black,2019.0,2,205935.0,0.0,0.0,205935.0,205935.0,205935.0,205935.0,205935.0,1.0,0.0,205935.0,205935.0
Hungary,37 Production of carbon black,2020.0,2,199525.0,0.0,0.0,199525.0,199525.0,199525.0,199525.0,199525.0,1.0,0.0,199525.0,199525.0
Hungary,37 Production of carbon black,2021.0,2,227430.0,0.0,0.0,227430.0,227430.0,227430.0,227430.0,227430.0,1.0,0.0,227430.0,227430.0
Hungary,37 Production of carbon black,2022.0,2,195370.0,0.0,0.0,195370.0,195370.0,195370.0,195370.0,195370.0,1.0,0.0,195370.0,195370.0
Hungary,37 Production of carbon black,2023.0,2,194194.0,0.0,0.0,194194.0,194194.0,194194.0,194194.0,194194.0,1.0,0.0,194194.0,194194.0
Hungary,41 Production of ammonia,2015.0,2,768493.0,0.0,0.0,768493.0,768493.0,768493.0,768493.0,768493.0,1.0,0.0,768493.0,768493.0
Hungary,41 Production of ammonia,2016.0,2,864224.0,0.0,0.0,864224.0,864224.0,864224.0,864224.0,864224.0,1.0,0.0,864224.0,864224.0
Hungary,41 Production of ammonia,2017.0,2,1002888.0,0.0,0.0,1002888.0,1002888.0,1002888.0,1002888.0,1002888.0,1.0,0.0,1002888.0,1002888.0
Hungary,41 Production of ammonia,2018.0,2,805238.0,0.0,0.0,805238.0,805238.0,805238.0,805238.0,805238.0,1.0,0.0,805238.0,805238.0
Hungary,41 Production of ammonia,2019.0,2,811610.0,0.0,0.0,811610.0,811610.0,811610.0,811610.0,811610.0,1.0,0.0,811610.0,811610.0
Hungary,41 Production of ammonia,2020.0,2,980681.0,0.0,0.0,980681.0,980681.0,980681.0,980681.0,980681.0,1.0,0.0,980681.0,980681.0
Hungary,41 Production of ammonia,2021.0,2,903128.0,0.0,0.0,903128.0,903128.0,903128.0,903128.0,903128.0,1.0,0.0,903128.0,903128.0
Hungary,41 Production of ammonia,2022.0,2,463041.0,0.0,0.0,463041.0,463041.0,463041.0,463041.0,463041.0,1.0,0.0,463041.0,463041.0
Hungary,41 Production of ammonia,2023.0,2,713347.0,0.0,0.0,713347.0,713347.0,713347.0,713347.0,713347.0,1.0,0.0,713347.0,713347.0
Hungary,42 Production of bulk chemicals,2015.0,2,1217923.0,0.0,0.0,1217923.0,1217923.0,1217923.0,1217923.0,1217923.0,1.0,0.0,1217923.0,1217923.0
Hungary,42 Production of bulk chemicals,2016.0,2,1057168.0,0.0,0.0,1057168.0,1057168.0,1057168.0,1057168.0,1057168.0,1.0,0.0,1057168.0,1057168.0
Hungary,42 Production of bulk chemicals,2017.0,2,1166936.0,0.0,0.0,1166936.0,1166936.0,1166936.0,1166936.0,1166936.0,1.0,0.0,1166936.0,1166936.0
Hungary,42 Production of bulk chemicals,2018.0,2,1199689.0,0.0,0.0,1199689.0,1199689.0,1199689.0,1199689.0,1199689.0,1.0,0.0,1199689.0,1199689.0
Hungary,42 Production of bulk chemicals,2019.0,2,1121990.0,0.0,0.0,1121990.0,1121990.0,1121990.0,1121990.0,1121990.0,1.0,0.0,1121990.0,1121990.0
Hungary,42 Production of bulk chemicals,2020.0,2,1166775.0,0.0,0.0,1166775.0,1166775.0,1166775.0,1166775.0,1166775.0,1.0,0.0,1166775.0,1166775.0
Hungary,42 Production of bulk chemicals,2021.0,2,1198956.0,0.0,0.0,1198956.0,1198956.0,1198956.0,1198956.0,1198956.0,1.0,0.0,1198956.0,1198956.0
Hungary,42 Production of bulk chemicals,2022.0,2,934048.0,0.0,0.0,934048.0,934048.0,934048.0,934048.0,934048.0,1.0,0.0,934048.0,934048.0
Hungary,42 Production of bulk chemicals,2023.0,2,1001495.0,0.0,0.0,1001495.0,1001495.0,1001495.0,1001495.0,1001495.0,1.0,0.0,1001495.0,1001495.0
Hungary,43 Production of hydrogen and synthesis gas,2015.0,2,116201.0,0.0,0.0,116201.0,116201.0,116201.0,116201.0,116201.0,1.0,0.0,116201.0,116201.0
Hungary,43 Production of hydrogen and synthesis gas,2016.0,2,110831.0,0.0,0.0,110831.0,110831.0,110831.0,110831.0,110831.0,1.0,0.0,110831.0,110831.0
Hungary,43 Production of hydrogen and synthesis gas,2017.0,2,132254.0,0.0,0.0,132254.0,132254.0,132254.0,132254.0,132254.0,1.0,0.0,132254.0,132254.0
Hungary,43 Production of hydrogen and synthesis gas,2018.0,2,153776.0,0.0,0.0,153776.0,153776.0,153776.0,153776.0,153776.0,1.0,0.0,153776.0,153776.0
Hungary,43 Production of hydrogen and synthesis gas,2019.0,2,155073.0,0.0,0.0,155073.0,155073.0,155073.0,155073.0,155073.0,1.0,0.0,155073.0,155073.0
Hungary,43 Production of hydrogen and synthesis gas,2020.0,2,130077.0,0.0,0.0,130077.0,130077.0,130077.0,130077.0,130077.0,1.0,0.0,130077.0,130077.0
Hungary,43 Production of hydrogen and synthesis gas,2021.0,2,153284.0,0.0,0.0,153284.0,153284.0,153284.0,153284.0,153284.0,1.0,0.0,153284.0,153284.0
Hungary,43 Production of hydrogen and synthesis gas,2022.0,2,110762.0,0.0,0.0,110762.0,110762.0,110762.0,110762.0,110762.0,1.0,0.0,110762.0,110762.0
Hungary,43 Production of hydrogen and synthesis gas,2023.0,2,181572.0,0.0,0.0,181572.0,181572.0,181572.0,181572.0,181572.0,1.0,0.0,181572.0,181572.0
Hungary,99 Other activity opted-in under Art. 24,2021.0,2,12521.0,0.0,0.0,12521.0,12521.0,12521.0,12521.0,12521.0,1.0,0.0,12521.0,12521.0
Hungary,99 Other activity opted-in under Art. 24,2022.0,2,25282.0,0.0,0.0,25282.0,25282.0,25282.0,25282.0,25282.0,1.0,0.0,25282.0,25282.0
Hungary,99 Other activity opted-in under Art. 24,2023.0,2,27670.0,0.0,0.0,27670.0,27670.0,27670.0,27670.0,27670.0,1.0,0.0,27670.0,27670.0
Iceland,10 Aviation,2015.0,2,548420.0,0.0,0.0,548420.0,548420.0,548420.0,548420.0,548420.0,1.0,0.0,548420.0,548420.0
Iceland,10 Aviation,2016.0,2,721558.0,0.0,0.0,721558.0,721558.0,721558.0,721558.0,721558.0,1.0,0.0,721558.0,721558.0
Iceland,10 Aviation,2017.0,2,816258.0,0.0,0.0,816258.0,816258.0,816258.0,816258.0,816258.0,1.0,0.0,816258.0,816258.0
Iceland,10 Aviation,2018.0,2,823044.0,0.0,0.0,823044.0,823044.0,823044.0,823044.0,823044.0,1.0,0.0,823044.0,823044.0
Iceland,10 Aviation,2019.0,2,598093.0,0.0,0.0,598093.0,598093.0,598093.0,598093.0,598093.0,1.0,0.0,598093.0,598093.0
Iceland,10 Aviation,2020.0,3,127162.66666666667,88279.36627673662,0.6942239305829013,39543.200000000004,95372.0,188420.0,189582.0,190279.2,4.811932266483239,-0.32927204350682926,2324.0,190744.0
Iceland,10 Aviation,2021.0,3,178343.33333333334,122743.32326263437,0.6882417243666767,56371.0,133757.5,262735.0,265125.0,266559.0,4.7286548047755055,-0.32737728102473995,4780.0,267515.0
Iceland,10 Aviation,2022.0,3,358197.3333333333,246420.22119046067,0.6879454374975638,113310.40000000001,268648.0,527544.0,532420.0,535345.6,4.724593682486338,-0.32728328519103056,9752.0,537296.0
Iceland,10 Aviation,2023.0,3,406686.0,279838.7971755644,0.6880954770401843,128596.8,305014.5,599044.0,604536.5,607832.0,4.726649496721536,-0.32733088645512476,10985.0,610029.0
Iceland,20 Combustion of fuels,2015.0,2,1274.0,0.0,0.0,1274.0,1274.0,1274.0,1274.0,1274.0,1.0,0.0,1274.0,1274.0
Iceland,20 Combustion of fuels,2016.0,2,5669.0,0.0,0.0,5669.0,5669.0,5669.0,5669.0,5669.0,1.0,0.0,5669.0,5669.0
Iceland,20 Combustion of fuels,2017.0,2,1755.0,0.0,0.0,1755.0,1755.0,1755.0,1755.0,1755.0,1.0,0.0,1755.0,1755.0
Iceland,20 Combustion of fuels,2018.0,2,2483.0,0.0,0.0,2483.0,2483.0,2483.0,2483.0,2483.0,1.0,0.0,2483.0,2483.0
Iceland,20 Combustion of fuels,2019.0,2,574.0,0.0,0.0,574.0,574.0,574.0,574.0,574.0,1.0,0.0,574.0,574.0
Iceland,20 Combustion of fuels,2020.0,2,419.0,0.0,0.0,419.0,419.0,419.0,419.0,419.0,1.0,0.0,419.0,419.0
Iceland,20 Combustion of fuels,2021.0,2,30.0,0.0,0.0,30.0,30.0,30.0,30.0,30.0,1.0,0.0,30.0,30.0
Iceland,20 Combustion of fuels,2022.0,2,48.0,0.0,0.0,48.0,48.0,48.0,48.0,48.0,1.0,0.0,48.0,48.0
Iceland,20 Combustion of fuels,2023.0,2,57.0,0.0,0.0,57.0,57.0,57.0,57.0,57.0,1.0,0.0,57.0,57.0
Iceland,20-99 All stationary installations,2015.0,2,1812042.0,0.0,0.0,1812042.0,1812042.0,1812042.0,1812042.0,1812042.0,1.0,0.0,1812042.0,1812042.0
Iceland,20-99 All stationary installations,2016.0,2,1780965.0,0.0,0.0,1780965.0,1780965.0,1780965.0,1780965.0,1780965.0,1.0,0.0,1780965.0,1780965.0
Iceland,20-99 All stationary installations,2017.0,2,1831667.0,0.0,0.0,1831667.0,1831667.0,1831667.0,1831667.0,1831667.0,1.0,0.0,1831667.0,1831667.0
Iceland,20-99 All stationary installations,2018.0,2,1854685.0,0.0,0.0,1854685.0,1854685.0,1854685.0,1854685.0,1854685.0,1.0,0.0,1854685.0,1854685.0
Iceland,20-99 All stationary installations,2019.0,2,1812708.0,0.0,0.0,1812708.0,1812708.0,1812708.0,1812708.0,1812708.0,1.0,0.0,1812708.0,1812708.0
Iceland,20-99 All stationary installations,2020.0,2,1780064.0,0.0,0.0,1780064.0,1780064.0,1780064.0,1780064.0,1780064.0,1.0,0.0,1780064.0,1780064.0
Iceland,20-99 All stationary installations,2021.0,2,1843588.0,0.0,0.0,1843588.0,1843588.0,1843588.0,1843588.0,1843588.0,1.0,0.0,1843588.0,1843588.0
Iceland,20-99 All stationary installations,2022.0,2,1875076.0,0.0,0.0,1875076.0,1875076.0,1875076.0,1875076.0,1875076.0,1.0,0.0,1875076.0,1875076.0
Iceland,20-99 All stationary installations,2023.0,2,1812530.0,0.0,0.0,1812530.0,1812530.0,1812530.0,1812530.0,1812530.0,1.0,0.0,1812530.0,1812530.0
Iceland,21-99 All industrial installations (excl. combustion),2015.0,2,1810768.0,0.0,0.0,1810768.0,1810768.0,1810768.0,1810768.0,1810768.0,1.0,0.0,1810768.0,1810768.0
Iceland,21-99 All industrial installations (excl. combustion),2016.0,2,1775296.0,0.0,0.0,1775296.0,1775296.0,1775296.0,1775296.0,1775296.0,1.0,0.0,1775296.0,1775296.0
Iceland,21-99 All industrial installations (excl. combustion),2017.0,2,1829912.0,0.0,0.0,1829912.0,1829912.0,1829912.0,1829912.0,1829912.0,1.0,0.0,1829912.0,1829912.0
Iceland,21-99 All industrial installations (excl. combustion),2018.0,2,1852202.0,0.0,0.0,1852202.0,1852202.0,1852202.0,1852202.0,1852202.0,1.0,0.0,1852202.0,1852202.0
Iceland,21-99 All industrial installations (excl. combustion),2019.0,2,1812134.0,0.0,0.0,1812134.0,1812134.0,1812134.0,1812134.0,1812134.0,1.0,0.0,1812134.0,1812134.0
Iceland,21-99 All industrial installations (excl. combustion),2020.0,2,1779645.0,0.0,0.0,1779645.0,1779645.0,1779645.0,1779645.0,1779645.0,1.0,0.0,1779645.0,1779645.0
Iceland,21-99 All industrial installations (excl. combustion),2021.0,2,1843558.0,0.0,0.0,1843558.0,1843558.0,1843558.0,1843558.0,1843558.0,1.0,0.0,1843558.0,1843558.0
Iceland,21-99 All industrial installations (excl. combustion),2022.0,2,1875028.0,0.0,0.0,1875028.0,1875028.0,1875028.0,1875028.0,1875028.0,1.0,0.0,1875028.0,1875028.0
Iceland,21-99 All industrial installations (excl. combustion),2023.0,2,1812473.0,0.0,0.0,1812473.0,1812473.0,1812473.0,1812473.0,1812473.0,1.0,0.0,1812473.0,1812473.0
Iceland,25 Production or processing of ferrous metals,2015.0,2,401844.0,0.0,0.0,401844.0,401844.0,401844.0,401844.0,401844.0,1.0,0.0,401844.0,401844.0
Iceland,25 Production or processing of ferrous metals,2016.0,2,402484.0,0.0,0.0,402484.0,402484.0,402484.0,402484.0,402484.0,1.0,0.0,402484.0,402484.0
Iceland,25 Production or processing of ferrous metals,2017.0,2,402088.0,0.0,0.0,402088.0,402088.0,402088.0,402088.0,402088.0,1.0,0.0,402088.0,402088.0
Iceland,25 Production or processing of ferrous metals,2018.0,2,403336.0,0.0,0.0,403336.0,403336.0,403336.0,403336.0,403336.0,1.0,0.0,403336.0,403336.0
Iceland,25 Production or processing of ferrous metals,2019.0,2,332149.0,0.0,0.0,332149.0,332149.0,332149.0,332149.0,332149.0,1.0,0.0,332149.0,332149.0
Iceland,25 Production or processing of ferrous metals,2020.0,2,357622.0,0.0,0.0,357622.0,357622.0,357622.0,357622.0,357622.0,1.0,0.0,357622.0,357622.0
Iceland,25 Production or processing of ferrous metals,2021.0,2,375893.0,0.0,0.0,375893.0,375893.0,375893.0,375893.0,375893.0,1.0,0.0,375893.0,375893.0
Iceland,25 Production or processing of ferrous metals,2022.0,2,361901.0,0.0,0.0,361901.0,361901.0,361901.0,361901.0,361901.0,1.0,0.0,361901.0,361901.0
Iceland,25 Production or processing of ferrous metals,2023.0,2,323557.0,0.0,0.0,323557.0,323557.0,323557.0,323557.0,323557.0,1.0,0.0,323557.0,323557.0
Iceland,26 Production of primary aluminium,2015.0,2,1408924.0,0.0,0.0,1408924.0,1408924.0,1408924.0,1408924.0,1408924.0,1.0,0.0,1408924.0,1408924.0
Iceland,26 Production of primary aluminium,2016.0,2,1369083.0,0.0,0.0,1369083.0,1369083.0,1369083.0,1369083.0,1369083.0,1.0,0.0,1369083.0,1369083.0
Iceland,26 Production of primary aluminium,2017.0,2,1400184.0,0.0,0.0,1400184.0,1400184.0,1400184.0,1400184.0,1400184.0,1.0,0.0,1400184.0,1400184.0
Iceland,26 Production of primary aluminium,2018.0,2,1398464.0,0.0,0.0,1398464.0,1398464.0,1398464.0,1398464.0,1398464.0,1.0,0.0,1398464.0,1398464.0
Iceland,26 Production of primary aluminium,2019.0,2,1381580.0,0.0,0.0,1381580.0,1381580.0,1381580.0,1381580.0,1381580.0,1.0,0.0,1381580.0,1381580.0
Iceland,26 Production of primary aluminium,2020.0,2,1363057.0,0.0,0.0,1363057.0,1363057.0,1363057.0,1363057.0,1363057.0,1.0,0.0,1363057.0,1363057.0
Iceland,26 Production of primary aluminium,2021.0,2,1370327.0,0.0,0.0,1370327.0,1370327.0,1370327.0,1370327.0,1370327.0,1.0,0.0,1370327.0,1370327.0
Iceland,26 Production of primary aluminium,2022.0,2,1360453.0,0.0,0.0,1360453.0,1360453.0,1360453.0,1360453.0,1360453.0,1.0,0.0,1360453.0,1360453.0
Iceland,26 Production of primary aluminium,2023.0,2,1406837.0,0.0,0.0,1406837.0,1406837.0,1406837.0,1406837.0,1406837.0,1.0,0.0,1406837.0,1406837.0
Iceland,28 Production or processing of non-ferrous metals,2016.0,2,3729.0,0.0,0.0,3729.0,3729.0,3729.0,3729.0,3729.0,1.0,0.0,3729.0,3729.0
Iceland,28 Production or processing of non-ferrous metals,2017.0,2,27640.0,0.0,0.0,27640.0,27640.0,27640.0,27640.0,27640.0,1.0,0.0,27640.0,27640.0
Iceland,28 Production or processing of non-ferrous metals,2018.0,2,50402.0,0.0,0.0,50402.0,50402.0,50402.0,50402.0,50402.0,1.0,0.0,50402.0,50402.0
Iceland,28 Production or processing of non-ferrous metals,2019.0,2,98405.0,0.0,0.0,98405.0,98405.0,98405.0,98405.0,98405.0,1.0,0.0,98405.0,98405.0
Iceland,28 Production or processing of non-ferrous metals,2020.0,2,58966.0,0.0,0.0,58966.0,58966.0,58966.0,58966.0,58966.0,1.0,0.0,58966.0,58966.0
Iceland,28 Production or processing of non-ferrous metals,2021.0,2,97338.0,0.0,0.0,97338.0,97338.0,97338.0,97338.0,97338.0,1.0,0.0,97338.0,97338.0
Iceland,28 Production or processing of non-ferrous metals,2022.0,2,152674.0,0.0,0.0,152674.0,152674.0,152674.0,152674.0,152674.0,1.0,0.0,152674.0,152674.0
Iceland,28 Production or processing of non-ferrous metals,2023.0,2,82079.0,0.0,0.0,82079.0,82079.0,82079.0,82079.0,82079.0,1.0,0.0,82079.0,82079.0
Ireland,10 Aviation,2015.0,2,8581188.0,0.0,0.0,8581188.0,8581188.0,8581188.0,8581188.0,8581188.0,1.0,0.0,8581188.0,8581188.0
Ireland,10 Aviation,2016.0,2,10466992.0,0.0,0.0,10466992.0,10466992.0,10466992.0,10466992.0,10466992.0,1.0,0.0,10466992.0,10466992.0
Ireland,10 Aviation,2017.0,2,11641107.0,0.0,0.0,11641107.0,11641107.0,11641107.0,11641107.0,11641107.0,1.0,0.0,11641107.0,11641107.0
Ireland,10 Aviation,2018.0,2,12432020.0,0.0,0.0,12432020.0,12432020.0,12432020.0,12432020.0,12432020.0,1.0,0.0,12432020.0,12432020.0
Ireland,10 Aviation,2019.0,2,12779954.0,0.0,0.0,12779954.0,12779954.0,12779954.0,12779954.0,12779954.0,1.0,0.0,12779954.0,12779954.0
Ireland,10 Aviation,2020.0,3,3167875.3333333335,2236785.535527912,0.706083825961137,953113.0,2375906.5,4747229.0,4749521.0,4750896.2,4.984609589838771,-0.333011771857745,4584.0,4751813.0
Ireland,10 Aviation,2021.0,3,3528636.0,2493910.5610816656,0.7067633388883596,1059619.2,2646477.0,5291240.0,5292097.0,5292611.2,4.994823800852231,-0.3332253910891094,1714.0,5292954.0
Ireland,10 Aviation,2022.0,3,6858595.333333333,4839631.378558794,0.70563010986197,2066175.4000000001,5143946.5,10273565.0,10280729.0,10285027.4,4.977809434765316,-0.33286909833399947,14328.0,10287893.0
Ireland,10 Aviation,2023.0,3,7504732.0,5295530.112094602,0.7056254789770776,2260855.8000000003,5628549.0,11241371.0,11249234.5,11253952.6,4.977740110625365,-0.3328676419683534,15727.0,11257098.0
Ireland,20 Combustion of fuels,2015.0,2,13596042.0,0.0,0.0,13596042.0,13596042.0,13596042.0,13596042.0,13596042.0,1.0,0.0,13596042.0,13596042.0
Ireland,20 Combustion of fuels,2016.0,2,14379576.0,0.0,0.0,14379576.0,14379576.0,14379576.0,14379576.0,14379576.0,1.0,0.0,14379576.0,14379576.0
Ireland,20 Combustion of fuels,2017.0,2,13437044.0,0.0,0.0,13437044.0,13437044.0,13437044.0,13437044.0,13437044.0,1.0,0.0,13437044.0,13437044.0
Ireland,20 Combustion of fuels,2018.0,2,11952318.0,0.0,0.0,11952318.0,11952318.0,11952318.0,11952318.0,11952318.0,1.0,0.0,11952318.0,11952318.0
Ireland,20 Combustion of fuels,2019.0,2,10722808.0,0.0,0.0,10722808.0,10722808.0,10722808.0,10722808.0,10722808.0,1.0,0.0,10722808.0,10722808.0
Ireland,20 Combustion of fuels,2020.0,2,10070588.0,0.0,0.0,10070588.0,10070588.0,10070588.0,10070588.0,10070588.0,1.0,0.0,10070588.0,10070588.0
Ireland,20 Combustion of fuels,2021.0,2,11609823.0,0.0,0.0,11609823.0,11609823.0,11609823.0,11609823.0,11609823.0,1.0,0.0,11609823.0,11609823.0
Ireland,20 Combustion of fuels,2022.0,2,11302848.0,0.0,0.0,11302848.0,11302848.0,11302848.0,11302848.0,11302848.0,1.0,0.0,11302848.0,11302848.0
Ireland,20 Combustion of fuels,2023.0,2,9025279.0,0.0,0.0,9025279.0,9025279.0,9025279.0,9025279.0,9025279.0,1.0,0.0,9025279.0,9025279.0
Ireland,20-99 All stationary installations,2015.0,2,16828719.0,0.0,0.0,16828719.0,16828719.0,16828719.0,16828719.0,16828719.0,1.0,0.0,16828719.0,16828719.0
Ireland,20-99 All stationary installations,2016.0,2,17738632.0,0.0,0.0,17738632.0,17738632.0,17738632.0,17738632.0,17738632.0,1.0,0.0,17738632.0,17738632.0
Ireland,20-99 All stationary installations,2017.0,2,16895726.0,0.0,0.0,16895726.0,16895726.0,16895726.0,16895726.0,16895726.0,1.0,0.0,16895726.0,16895726.0
Ireland,20-99 All stationary installations,2018.0,2,15527076.0,0.0,0.0,15527076.0,15527076.0,15527076.0,15527076.0,15527076.0,1.0,0.0,15527076.0,15527076.0
Ireland,20-99 All stationary installations,2019.0,2,14162311.0,0.0,0.0,14162311.0,14162311.0,14162311.0,14162311.0,14162311.0,1.0,0.0,14162311.0,14162311.0
Ireland,20-99 All stationary installations,2020.0,2,13296424.0,0.0,0.0,13296424.0,13296424.0,13296424.0,13296424.0,13296424.0,1.0,0.0,13296424.0,13296424.0
Ireland,20-99 All stationary installations,2021.0,2,15320020.0,0.0,0.0,15320020.0,15320020.0,15320020.0,15320020.0,15320020.0,1.0,0.0,15320020.0,15320020.0
Ireland,20-99 All stationary installations,2022.0,2,14686119.0,0.0,0.0,14686119.0,14686119.0,14686119.0,14686119.0,14686119.0,1.0,0.0,14686119.0,14686119.0
Ireland,20-99 All stationary installations,2023.0,2,12188688.0,0.0,0.0,12188688.0,12188688.0,12188688.0,12188688.0,12188688.0,1.0,0.0,12188688.0,12188688.0
Ireland,21  Refining of mineral oil,2015.0,2,358459.0,0.0,0.0,358459.0,358459.0,358459.0,358459.0,358459.0,1.0,0.0,358459.0,358459.0
Ireland,21  Refining of mineral oil,2016.0,2,313412.0,0.0,0.0,313412.0,313412.0,313412.0,313412.0,313412.0,1.0,0.0,313412.0,313412.0
Ireland,21  Refining of mineral oil,2017.0,2,310947.0,0.0,0.0,310947.0,310947.0,310947.0,310947.0,310947.0,1.0,0.0,310947.0,310947.0
Ireland,21  Refining of mineral oil,2018.0,2,321932.0,0.0,0.0,321932.0,321932.0,321932.0,321932.0,321932.0,1.0,0.0,321932.0,321932.0
Ireland,21  Refining of mineral oil,2019.0,2,274295.0,0.0,0.0,274295.0,274295.0,274295.0,274295.0,274295.0,1.0,0.0,274295.0,274295.0
Ireland,21  Refining of mineral oil,2020.0,2,300762.0,0.0,0.0,300762.0,300762.0,300762.0,300762.0,300762.0,1.0,0.0,300762.0,300762.0
Ireland,21  Refining of mineral oil,2021.0,2,294148.0,0.0,0.0,294148.0,294148.0,294148.0,294148.0,294148.0,1.0,0.0,294148.0,294148.0
Ireland,21  Refining of mineral oil,2022.0,2,308081.0,0.0,0.0,308081.0,308081.0,308081.0,308081.0,308081.0,1.0,0.0,308081.0,308081.0
Ireland,21  Refining of mineral oil,2023.0,2,286922.0,0.0,0.0,286922.0,286922.0,286922.0,286922.0,286922.0,1.0,0.0,286922.0,286922.0
Ireland,21-99 All industrial installations (excl. combustion),2015.0,2,3232677.0,0.0,0.0,3232677.0,3232677.0,3232677.0,3232677.0,3232677.0,1.0,0.0,3232677.0,3232677.0
Ireland,21-99 All industrial installations (excl. combustion),2016.0,2,3359056.0,0.0,0.0,3359056.0,3359056.0,3359056.0,3359056.0,3359056.0,1.0,0.0,3359056.0,3359056.0
Ireland,21-99 All industrial installations (excl. combustion),2017.0,2,3458682.0,0.0,0.0,3458682.0,3458682.0,3458682.0,3458682.0,3458682.0,1.0,0.0,3458682.0,3458682.0
Ireland,21-99 All industrial installations (excl. combustion),2018.0,2,3574758.0,0.0,0.0,3574758.0,3574758.0,3574758.0,3574758.0,3574758.0,1.0,0.0,3574758.0,3574758.0
Ireland,21-99 All industrial installations (excl. combustion),2019.0,2,3439503.0,0.0,0.0,3439503.0,3439503.0,3439503.0,3439503.0,3439503.0,1.0,0.0,3439503.0,3439503.0
Ireland,21-99 All industrial installations (excl. combustion),2020.0,2,3225836.0,0.0,0.0,3225836.0,3225836.0,3225836.0,3225836.0,3225836.0,1.0,0.0,3225836.0,3225836.0
Ireland,21-99 All industrial installations (excl. combustion),2021.0,2,3710197.0,0.0,0.0,3710197.0,3710197.0,3710197.0,3710197.0,3710197.0,1.0,0.0,3710197.0,3710197.0
Ireland,21-99 All industrial installations (excl. combustion),2022.0,2,3383271.0,0.0,0.0,3383271.0,3383271.0,3383271.0,3383271.0,3383271.0,1.0,0.0,3383271.0,3383271.0
Ireland,21-99 All industrial installations (excl. combustion),2023.0,2,3163409.0,0.0,0.0,3163409.0,3163409.0,3163409.0,3163409.0,3163409.0,1.0,0.0,3163409.0,3163409.0
Ireland,29 Production of cement clinker,2015.0,2,2545723.0,0.0,0.0,2545723.0,2545723.0,2545723.0,2545723.0,2545723.0,1.0,0.0,2545723.0,2545723.0
Ireland,29 Production of cement clinker,2016.0,2,2718717.0,0.0,0.0,2718717.0,2718717.0,2718717.0,2718717.0,2718717.0,1.0,0.0,2718717.0,2718717.0
Ireland,29 Production of cement clinker,2017.0,2,2775901.0,0.0,0.0,2775901.0,2775901.0,2775901.0,2775901.0,2775901.0,1.0,0.0,2775901.0,2775901.0
Ireland,29 Production of cement clinker,2018.0,2,2906680.0,0.0,0.0,2906680.0,2906680.0,2906680.0,2906680.0,2906680.0,1.0,0.0,2906680.0,2906680.0
Ireland,29 Production of cement clinker,2019.0,2,2847695.0,0.0,0.0,2847695.0,2847695.0,2847695.0,2847695.0,2847695.0,1.0,0.0,2847695.0,2847695.0
Ireland,29 Production of cement clinker,2020.0,2,2683970.0,0.0,0.0,2683970.0,2683970.0,2683970.0,2683970.0,2683970.0,1.0,0.0,2683970.0,2683970.0
Ireland,29 Production of cement clinker,2021.0,2,3134898.0,0.0,0.0,3134898.0,3134898.0,3134898.0,3134898.0,3134898.0,1.0,0.0,3134898.0,3134898.0
Ireland,29 Production of cement clinker,2022.0,2,2878968.0,0.0,0.0,2878968.0,2878968.0,2878968.0,2878968.0,2878968.0,1.0,0.0,2878968.0,2878968.0
Ireland,29 Production of cement clinker,2023.0,2,2701857.0,0.0,0.0,2701857.0,2701857.0,2701857.0,2701857.0,2701857.0,1.0,0.0,2701857.0,2701857.0
Ireland,"30 Production of lime, or calcination of dolomite/magnesite",2015.0,2,305492.0,0.0,0.0,305492.0,305492.0,305492.0,305492.0,305492.0,1.0,0.0,305492.0,305492.0
Ireland,"30 Production of lime, or calcination of dolomite/magnesite",2016.0,2,295625.0,0.0,0.0,295625.0,295625.0,295625.0,295625.0,295625.0,1.0,0.0,295625.0,295625.0
Ireland,"30 Production of lime, or calcination of dolomite/magnesite",2017.0,2,336046.0,0.0,0.0,336046.0,336046.0,336046.0,336046.0,336046.0,1.0,0.0,336046.0,336046.0
Ireland,"30 Production of lime, or calcination of dolomite/magnesite",2018.0,2,309707.0,0.0,0.0,309707.0,309707.0,309707.0,309707.0,309707.0,1.0,0.0,309707.0,309707.0
Ireland,"30 Production of lime, or calcination of dolomite/magnesite",2019.0,2,275448.0,0.0,0.0,275448.0,275448.0,275448.0,275448.0,275448.0,1.0,0.0,275448.0,275448.0
Ireland,"30 Production of lime, or calcination of dolomite/magnesite",2020.0,2,206983.0,0.0,0.0,206983.0,206983.0,206983.0,206983.0,206983.0,1.0,0.0,206983.0,206983.0
Ireland,"30 Production of lime, or calcination of dolomite/magnesite",2021.0,2,242198.0,0.0,0.0,242198.0,242198.0,242198.0,242198.0,242198.0,1.0,0.0,242198.0,242198.0
Ireland,"30 Production of lime, or calcination of dolomite/magnesite",2022.0,2,156461.0,0.0,0.0,156461.0,156461.0,156461.0,156461.0,156461.0,1.0,0.0,156461.0,156461.0
Ireland,"30 Production of lime, or calcination of dolomite/magnesite",2023.0,2,139686.0,0.0,0.0,139686.0,139686.0,139686.0,139686.0,139686.0,1.0,0.0,139686.0,139686.0
Ireland,32 Manufacture of ceramics,2015.0,2,2622.0,0.0,0.0,2622.0,2622.0,2622.0,2622.0,2622.0,1.0,0.0,2622.0,2622.0
Ireland,32 Manufacture of ceramics,2016.0,2,4386.0,0.0,0.0,4386.0,4386.0,4386.0,4386.0,4386.0,1.0,0.0,4386.0,4386.0
Ireland,32 Manufacture of ceramics,2017.0,2,5085.0,0.0,0.0,5085.0,5085.0,5085.0,5085.0,5085.0,1.0,0.0,5085.0,5085.0
Ireland,32 Manufacture of ceramics,2018.0,2,4979.0,0.0,0.0,4979.0,4979.0,4979.0,4979.0,4979.0,1.0,0.0,4979.0,4979.0
Ireland,32 Manufacture of ceramics,2019.0,2,4826.0,0.0,0.0,4826.0,4826.0,4826.0,4826.0,4826.0,1.0,0.0,4826.0,4826.0
Ireland,32 Manufacture of ceramics,2020.0,2,4059.0,0.0,0.0,4059.0,4059.0,4059.0,4059.0,4059.0,1.0,0.0,4059.0,4059.0
Ireland,32 Manufacture of ceramics,2021.0,2,4691.0,0.0,0.0,4691.0,4691.0,4691.0,4691.0,4691.0,1.0,0.0,4691.0,4691.0
Ireland,32 Manufacture of ceramics,2022.0,2,4069.0,0.0,0.0,4069.0,4069.0,4069.0,4069.0,4069.0,1.0,0.0,4069.0,4069.0
Ireland,32 Manufacture of ceramics,2023.0,2,4054.0,0.0,0.0,4054.0,4054.0,4054.0,4054.0,4054.0,1.0,0.0,4054.0,4054.0
Ireland,34 Production or processing of gypsum or plasterboard,2015.0,2,20381.0,0.0,0.0,20381.0,20381.0,20381.0,20381.0,20381.0,1.0,0.0,20381.0,20381.0
Ireland,34 Production or processing of gypsum or plasterboard,2016.0,2,26916.0,0.0,0.0,26916.0,26916.0,26916.0,26916.0,26916.0,1.0,0.0,26916.0,26916.0
Ireland,34 Production or processing of gypsum or plasterboard,2017.0,2,30703.0,0.0,0.0,30703.0,30703.0,30703.0,30703.0,30703.0,1.0,0.0,30703.0,30703.0
Ireland,34 Production or processing of gypsum or plasterboard,2018.0,2,31460.0,0.0,0.0,31460.0,31460.0,31460.0,31460.0,31460.0,1.0,0.0,31460.0,31460.0
Ireland,34 Production or processing of gypsum or plasterboard,2019.0,2,37239.0,0.0,0.0,37239.0,37239.0,37239.0,37239.0,37239.0,1.0,0.0,37239.0,37239.0
Ireland,34 Production or processing of gypsum or plasterboard,2020.0,2,30062.0,0.0,0.0,30062.0,30062.0,30062.0,30062.0,30062.0,1.0,0.0,30062.0,30062.0
Ireland,34 Production or processing of gypsum or plasterboard,2021.0,2,34262.0,0.0,0.0,34262.0,34262.0,34262.0,34262.0,34262.0,1.0,0.0,34262.0,34262.0
Ireland,34 Production or processing of gypsum or plasterboard,2022.0,2,35692.0,0.0,0.0,35692.0,35692.0,35692.0,35692.0,35692.0,1.0,0.0,35692.0,35692.0
Ireland,34 Production or processing of gypsum or plasterboard,2023.0,2,30890.0,0.0,0.0,30890.0,30890.0,30890.0,30890.0,30890.0,1.0,0.0,30890.0,30890.0
Italy,10 Aviation,2015.0,2,4553160.0,0.0,0.0,4553160.0,4553160.0,4553160.0,4553160.0,4553160.0,1.0,0.0,4553160.0,4553160.0
Italy,10 Aviation,2016.0,2,4637171.0,0.0,0.0,4637171.0,4637171.0,4637171.0,4637171.0,4637171.0,1.0,0.0,4637171.0,4637171.0
Italy,10 Aviation,2017.0,2,4586581.0,0.0,0.0,4586581.0,4586581.0,4586581.0,4586581.0,4586581.0,1.0,0.0,4586581.0,4586581.0
Italy,10 Aviation,2018.0,2,4592165.0,0.0,0.0,4592165.0,4592165.0,4592165.0,4592165.0,4592165.0,1.0,0.0,4592165.0,4592165.0
Italy,10 Aviation,2019.0,2,4618070.0,0.0,0.0,4618070.0,4618070.0,4618070.0,4618070.0,4618070.0,1.0,0.0,4618070.0,4618070.0
Italy,10 Aviation,2020.0,3,1125420.6666666667,772905.9034303953,0.6867706683578424,357143.0,844065.5,1655603.0,1671867.0,1681625.4,4.708549236580305,-0.32691045106491523,32528.0,1688131.0
Italy,10 Aviation,2021.0,3,720473.3333333334,504438.74456292734,0.700149084254232,220402.6,540355.0,1073609.0,1077159.5,1079289.8,4.896901397714909,-0.33114310653798573,7101.0,1080710.0
Italy,10 Aviation,2022.0,3,1329120.6666666667,931975.4452603471,0.7011970159170502,405410.60000000003,996840.5,1982557.0,1988119.0,1991456.2,4.912195685065955,-0.3314734570542295,11124.0,1993681.0
Italy,10 Aviation,2023.0,3,1644989.3333333333,1109724.471224076,0.6746089161413465,539228.2,1233742.0,2391265.0,2429374.5,2452240.2,4.547685376988816,-0.3230368802121242,76219.0,2467484.0
Italy,20 Combustion of fuels,2015.0,2,104769739.0,0.0,0.0,104769739.0,104769739.0,104769739.0,104769739.0,104769739.0,1.0,0.0,104769739.0,104769739.0
Italy,20 Combustion of fuels,2016.0,2,102977753.0,0.0,0.0,102977753.0,102977753.0,102977753.0,102977753.0,102977753.0,1.0,0.0,102977753.0,102977753.0
Italy,20 Combustion of fuels,2017.0,2,103737223.0,0.0,0.0,103737223.0,103737223.0,103737223.0,103737223.0,103737223.0,1.0,0.0,103737223.0,103737223.0
Italy,20 Combustion of fuels,2018.0,2,95031862.0,0.0,0.0,95031862.0,95031862.0,95031862.0,95031862.0,95031862.0,1.0,0.0,95031862.0,95031862.0
Italy,20 Combustion of fuels,2019.0,2,89855272.0,0.0,0.0,89855272.0,89855272.0,89855272.0,89855272.0,89855272.0,1.0,0.0,89855272.0,89855272.0
Italy,20 Combustion of fuels,2020.0,2,81293264.0,0.0,0.0,81293264.0,81293264.0,81293264.0,81293264.0,81293264.0,1.0,0.0,81293264.0,81293264.0
Italy,20 Combustion of fuels,2021.0,2,83890037.0,0.0,0.0,83890037.0,83890037.0,83890037.0,83890037.0,83890037.0,1.0,0.0,83890037.0,83890037.0
Italy,20 Combustion of fuels,2022.0,2,91178441.0,0.0,0.0,91178441.0,91178441.0,91178441.0,91178441.0,91178441.0,1.0,0.0,91178441.0,91178441.0
Italy,20 Combustion of fuels,2023.0,2,71864985.0,0.0,0.0,71864985.0,71864985.0,71864985.0,71864985.0,71864985.0,1.0,0.0,71864985.0,71864985.0
Italy,20-99 All stationary installations,2015.0,2,156206307.0,0.0,0.0,156206307.0,156206307.0,156206307.0,156206307.0,156206307.0,1.0,0.0,156206307.0,156206307.0
Italy,20-99 All stationary installations,2016.0,2,154956291.0,0.0,0.0,154956291.0,154956291.0,154956291.0,154956291.0,154956291.0,1.0,0.0,154956291.0,154956291.0
Italy,20-99 All stationary installations,2017.0,2,155331759.0,0.0,0.0,155331759.0,155331759.0,155331759.0,155331759.0,155331759.0,1.0,0.0,155331759.0,155331759.0
Italy,20-99 All stationary installations,2018.0,2,146482048.0,0.0,0.0,146482048.0,146482048.0,146482048.0,146482048.0,146482048.0,1.0,0.0,146482048.0,146482048.0
Italy,20-99 All stationary installations,2019.0,2,140942002.0,0.0,0.0,140942002.0,140942002.0,140942002.0,140942002.0,140942002.0,1.0,0.0,140942002.0,140942002.0
Italy,20-99 All stationary installations,2020.0,2,126028578.0,0.0,0.0,126028578.0,126028578.0,126028578.0,126028578.0,126028578.0,1.0,0.0,126028578.0,126028578.0
Italy,20-99 All stationary installations,2021.0,2,131474590.0,0.0,0.0,131474590.0,131474590.0,131474590.0,131474590.0,131474590.0,1.0,0.0,131474590.0,131474590.0
Italy,20-99 All stationary installations,2022.0,2,136294720.0,0.0,0.0,136294720.0,136294720.0,136294720.0,136294720.0,136294720.0,1.0,0.0,136294720.0,136294720.0
Italy,20-99 All stationary installations,2023.0,2,114774268.0,0.0,0.0,114774268.0,114774268.0,114774268.0,114774268.0,114774268.0,1.0,0.0,114774268.0,114774268.0
Italy,21  Refining of mineral oil,2015.0,2,12280143.0,0.0,0.0,12280143.0,12280143.0,12280143.0,12280143.0,12280143.0,1.0,0.0,12280143.0,12280143.0
Italy,21  Refining of mineral oil,2016.0,2,12071906.0,0.0,0.0,12071906.0,12071906.0,12071906.0,12071906.0,12071906.0,1.0,0.0,12071906.0,12071906.0
Italy,21  Refining of mineral oil,2017.0,2,11698849.0,0.0,0.0,11698849.0,11698849.0,11698849.0,11698849.0,11698849.0,1.0,0.0,11698849.0,11698849.0
Italy,21  Refining of mineral oil,2018.0,2,11281623.0,0.0,0.0,11281623.0,11281623.0,11281623.0,11281623.0,11281623.0,1.0,0.0,11281623.0,11281623.0
Italy,21  Refining of mineral oil,2019.0,2,11362659.0,0.0,0.0,11362659.0,11362659.0,11362659.0,11362659.0,11362659.0,1.0,0.0,11362659.0,11362659.0
Italy,21  Refining of mineral oil,2020.0,2,9613725.0,0.0,0.0,9613725.0,9613725.0,9613725.0,9613725.0,9613725.0,1.0,0.0,9613725.0,9613725.0
Italy,21  Refining of mineral oil,2021.0,2,9850196.0,0.0,0.0,9850196.0,9850196.0,9850196.0,9850196.0,9850196.0,1.0,0.0,9850196.0,9850196.0
Italy,21  Refining of mineral oil,2022.0,2,10543856.0,0.0,0.0,10543856.0,10543856.0,10543856.0,10543856.0,10543856.0,1.0,0.0,10543856.0,10543856.0
Italy,21  Refining of mineral oil,2023.0,2,10448276.0,0.0,0.0,10448276.0,10448276.0,10448276.0,10448276.0,10448276.0,1.0,0.0,10448276.0,10448276.0
Italy,21-99 All industrial installations (excl. combustion),2015.0,2,51436568.0,0.0,0.0,51436568.0,51436568.0,51436568.0,51436568.0,51436568.0,1.0,0.0,51436568.0,51436568.0
Italy,21-99 All industrial installations (excl. combustion),2016.0,2,51978538.0,0.0,0.0,51978538.0,51978538.0,51978538.0,51978538.0,51978538.0,1.0,0.0,51978538.0,51978538.0
Italy,21-99 All industrial installations (excl. combustion),2017.0,2,51594536.0,0.0,0.0,51594536.0,51594536.0,51594536.0,51594536.0,51594536.0,1.0,0.0,51594536.0,51594536.0
Italy,21-99 All industrial installations (excl. combustion),2018.0,2,51450186.0,0.0,0.0,51450186.0,51450186.0,51450186.0,51450186.0,51450186.0,1.0,0.0,51450186.0,51450186.0
Italy,21-99 All industrial installations (excl. combustion),2019.0,2,51086730.0,0.0,0.0,51086730.0,51086730.0,51086730.0,51086730.0,51086730.0,1.0,0.0,51086730.0,51086730.0
Italy,21-99 All industrial installations (excl. combustion),2020.0,2,44735314.0,0.0,0.0,44735314.0,44735314.0,44735314.0,44735314.0,44735314.0,1.0,0.0,44735314.0,44735314.0
Italy,21-99 All industrial installations (excl. combustion),2021.0,2,47584553.0,0.0,0.0,47584553.0,47584553.0,47584553.0,47584553.0,47584553.0,1.0,0.0,47584553.0,47584553.0
Italy,21-99 All industrial installations (excl. combustion),2022.0,2,45116279.0,0.0,0.0,45116279.0,45116279.0,45116279.0,45116279.0,45116279.0,1.0,0.0,45116279.0,45116279.0
Italy,21-99 All industrial installations (excl. combustion),2023.0,2,42909283.0,0.0,0.0,42909283.0,42909283.0,42909283.0,42909283.0,42909283.0,1.0,0.0,42909283.0,42909283.0
Italy,23 Metal ore roasting or sintering,2015.0,2,32806.0,0.0,0.0,32806.0,32806.0,32806.0,32806.0,32806.0,1.0,0.0,32806.0,32806.0
Italy,23 Metal ore roasting or sintering,2016.0,2,37756.0,0.0,0.0,37756.0,37756.0,37756.0,37756.0,37756.0,1.0,0.0,37756.0,37756.0
Italy,23 Metal ore roasting or sintering,2017.0,2,36168.0,0.0,0.0,36168.0,36168.0,36168.0,36168.0,36168.0,1.0,0.0,36168.0,36168.0
Italy,23 Metal ore roasting or sintering,2018.0,2,39870.0,0.0,0.0,39870.0,39870.0,39870.0,39870.0,39870.0,1.0,0.0,39870.0,39870.0
Italy,23 Metal ore roasting or sintering,2019.0,2,36960.0,0.0,0.0,36960.0,36960.0,36960.0,36960.0,36960.0,1.0,0.0,36960.0,36960.0
Italy,23 Metal ore roasting or sintering,2020.0,2,28452.0,0.0,0.0,28452.0,28452.0,28452.0,28452.0,28452.0,1.0,0.0,28452.0,28452.0
Italy,23 Metal ore roasting or sintering,2021.0,2,34683.0,0.0,0.0,34683.0,34683.0,34683.0,34683.0,34683.0,1.0,0.0,34683.0,34683.0
Italy,23 Metal ore roasting or sintering,2022.0,2,32715.0,0.0,0.0,32715.0,32715.0,32715.0,32715.0,32715.0,1.0,0.0,32715.0,32715.0
Italy,23 Metal ore roasting or sintering,2023.0,2,27615.0,0.0,0.0,27615.0,27615.0,27615.0,27615.0,27615.0,1.0,0.0,27615.0,27615.0
Italy,24  Production of pig iron or steel,2015.0,2,8971350.0,0.0,0.0,8971350.0,8971350.0,8971350.0,8971350.0,8971350.0,1.0,0.0,8971350.0,8971350.0
Italy,24  Production of pig iron or steel,2016.0,2,9710135.0,0.0,0.0,9710135.0,9710135.0,9710135.0,9710135.0,9710135.0,1.0,0.0,9710135.0,9710135.0
Italy,24  Production of pig iron or steel,2017.0,2,9415225.0,0.0,0.0,9415225.0,9415225.0,9415225.0,9415225.0,9415225.0,1.0,0.0,9415225.0,9415225.0
Italy,24  Production of pig iron or steel,2018.0,2,9276599.0,0.0,0.0,9276599.0,9276599.0,9276599.0,9276599.0,9276599.0,1.0,0.0,9276599.0,9276599.0
Italy,24  Production of pig iron or steel,2019.0,2,8900414.0,0.0,0.0,8900414.0,8900414.0,8900414.0,8900414.0,8900414.0,1.0,0.0,8900414.0,8900414.0
Italy,24  Production of pig iron or steel,2020.0,2,7613674.0,0.0,0.0,7613674.0,7613674.0,7613674.0,7613674.0,7613674.0,1.0,0.0,7613674.0,7613674.0
Italy,24  Production of pig iron or steel,2021.0,2,8443132.0,0.0,0.0,8443132.0,8443132.0,8443132.0,8443132.0,8443132.0,1.0,0.0,8443132.0,8443132.0
Italy,24  Production of pig iron or steel,2022.0,2,7531028.0,0.0,0.0,7531028.0,7531028.0,7531028.0,7531028.0,7531028.0,1.0,0.0,7531028.0,7531028.0
Italy,24  Production of pig iron or steel,2023.0,2,7194352.0,0.0,0.0,7194352.0,7194352.0,7194352.0,7194352.0,7194352.0,1.0,0.0,7194352.0,7194352.0
Italy,25 Production or processing of ferrous metals,2015.0,2,1622703.0,0.0,0.0,1622703.0,1622703.0,1622703.0,1622703.0,1622703.0,1.0,0.0,1622703.0,1622703.0
Italy,25 Production or processing of ferrous metals,2016.0,2,2188338.0,0.0,0.0,2188338.0,2188338.0,2188338.0,2188338.0,2188338.0,1.0,0.0,2188338.0,2188338.0
Italy,25 Production or processing of ferrous metals,2017.0,2,2137960.0,0.0,0.0,2137960.0,2137960.0,2137960.0,2137960.0,2137960.0,1.0,0.0,2137960.0,2137960.0
Italy,25 Production or processing of ferrous metals,2018.0,2,2176616.0,0.0,0.0,2176616.0,2176616.0,2176616.0,2176616.0,2176616.0,1.0,0.0,2176616.0,2176616.0
Italy,25 Production or processing of ferrous metals,2019.0,2,2206762.0,0.0,0.0,2206762.0,2206762.0,2206762.0,2206762.0,2206762.0,1.0,0.0,2206762.0,2206762.0
Italy,25 Production or processing of ferrous metals,2020.0,2,1234174.0,0.0,0.0,1234174.0,1234174.0,1234174.0,1234174.0,1234174.0,1.0,0.0,1234174.0,1234174.0
Italy,25 Production or processing of ferrous metals,2021.0,2,1113336.0,0.0,0.0,1113336.0,1113336.0,1113336.0,1113336.0,1113336.0,1.0,0.0,1113336.0,1113336.0
Italy,25 Production or processing of ferrous metals,2022.0,2,1014961.0,0.0,0.0,1014961.0,1014961.0,1014961.0,1014961.0,1014961.0,1.0,0.0,1014961.0,1014961.0
Italy,25 Production or processing of ferrous metals,2023.0,2,1098524.0,0.0,0.0,1098524.0,1098524.0,1098524.0,1098524.0,1098524.0,1.0,0.0,1098524.0,1098524.0
Italy,27 Production of secondary aluminium,2015.0,2,124427.0,0.0,0.0,124427.0,124427.0,124427.0,124427.0,124427.0,1.0,0.0,124427.0,124427.0
Italy,27 Production of secondary aluminium,2016.0,2,112527.0,0.0,0.0,112527.0,112527.0,112527.0,112527.0,112527.0,1.0,0.0,112527.0,112527.0
Italy,27 Production of secondary aluminium,2017.0,2,110583.0,0.0,0.0,110583.0,110583.0,110583.0,110583.0,110583.0,1.0,0.0,110583.0,110583.0
Italy,27 Production of secondary aluminium,2018.0,2,120422.0,0.0,0.0,120422.0,120422.0,120422.0,120422.0,120422.0,1.0,0.0,120422.0,120422.0
Italy,27 Production of secondary aluminium,2019.0,2,119438.0,0.0,0.0,119438.0,119438.0,119438.0,119438.0,119438.0,1.0,0.0,119438.0,119438.0
Italy,27 Production of secondary aluminium,2020.0,2,122202.0,0.0,0.0,122202.0,122202.0,122202.0,122202.0,122202.0,1.0,0.0,122202.0,122202.0
Italy,27 Production of secondary aluminium,2021.0,2,121971.0,0.0,0.0,121971.0,121971.0,121971.0,121971.0,121971.0,1.0,0.0,121971.0,121971.0
Italy,27 Production of secondary aluminium,2022.0,2,104541.0,0.0,0.0,104541.0,104541.0,104541.0,104541.0,104541.0,1.0,0.0,104541.0,104541.0
Italy,27 Production of secondary aluminium,2023.0,2,102339.0,0.0,0.0,102339.0,102339.0,102339.0,102339.0,102339.0,1.0,0.0,102339.0,102339.0
Italy,28 Production or processing of non-ferrous metals,2015.0,2,507858.0,0.0,0.0,507858.0,507858.0,507858.0,507858.0,507858.0,1.0,0.0,507858.0,507858.0
Italy,28 Production or processing of non-ferrous metals,2016.0,2,505357.0,0.0,0.0,505357.0,505357.0,505357.0,505357.0,505357.0,1.0,0.0,505357.0,505357.0
Italy,28 Production or processing of non-ferrous metals,2017.0,2,576785.0,0.0,0.0,576785.0,576785.0,576785.0,576785.0,576785.0,1.0,0.0,576785.0,576785.0
Italy,28 Production or processing of non-ferrous metals,2018.0,2,592697.0,0.0,0.0,592697.0,592697.0,592697.0,592697.0,592697.0,1.0,0.0,592697.0,592697.0
Italy,28 Production or processing of non-ferrous metals,2019.0,2,581144.0,0.0,0.0,581144.0,581144.0,581144.0,581144.0,581144.0,1.0,0.0,581144.0,581144.0
Italy,28 Production or processing of non-ferrous metals,2020.0,2,523107.0,0.0,0.0,523107.0,523107.0,523107.0,523107.0,523107.0,1.0,0.0,523107.0,523107.0
Italy,28 Production or processing of non-ferrous metals,2021.0,2,538790.0,0.0,0.0,538790.0,538790.0,538790.0,538790.0,538790.0,1.0,0.0,538790.0,538790.0
Italy,28 Production or processing of non-ferrous metals,2022.0,2,491176.0,0.0,0.0,491176.0,491176.0,491176.0,491176.0,491176.0,1.0,0.0,491176.0,491176.0
Italy,28 Production or processing of non-ferrous metals,2023.0,2,424786.0,0.0,0.0,424786.0,424786.0,424786.0,424786.0,424786.0,1.0,0.0,424786.0,424786.0
Italy,29 Production of cement clinker,2015.0,2,13002348.0,0.0,0.0,13002348.0,13002348.0,13002348.0,13002348.0,13002348.0,1.0,0.0,13002348.0,13002348.0
Italy,29 Production of cement clinker,2016.0,2,12176112.0,0.0,0.0,12176112.0,12176112.0,12176112.0,12176112.0,12176112.0,1.0,0.0,12176112.0,12176112.0
Italy,29 Production of cement clinker,2017.0,2,12164419.0,0.0,0.0,12164419.0,12164419.0,12164419.0,12164419.0,12164419.0,1.0,0.0,12164419.0,12164419.0
Italy,29 Production of cement clinker,2018.0,2,12181271.0,0.0,0.0,12181271.0,12181271.0,12181271.0,12181271.0,12181271.0,1.0,0.0,12181271.0,12181271.0
Italy,29 Production of cement clinker,2019.0,2,12430767.0,0.0,0.0,12430767.0,12430767.0,12430767.0,12430767.0,12430767.0,1.0,0.0,12430767.0,12430767.0
Italy,29 Production of cement clinker,2020.0,2,11063050.0,0.0,0.0,11063050.0,11063050.0,11063050.0,11063050.0,11063050.0,1.0,0.0,11063050.0,11063050.0
Italy,29 Production of cement clinker,2021.0,2,12422813.0,0.0,0.0,12422813.0,12422813.0,12422813.0,12422813.0,12422813.0,1.0,0.0,12422813.0,12422813.0
Italy,29 Production of cement clinker,2022.0,2,11159744.0,0.0,0.0,11159744.0,11159744.0,11159744.0,11159744.0,11159744.0,1.0,0.0,11159744.0,11159744.0
Italy,29 Production of cement clinker,2023.0,2,10747452.0,0.0,0.0,10747452.0,10747452.0,10747452.0,10747452.0,10747452.0,1.0,0.0,10747452.0,10747452.0
Italy,"30 Production of lime, or calcination of dolomite/magnesite",2015.0,2,2003389.0,0.0,0.0,2003389.0,2003389.0,2003389.0,2003389.0,2003389.0,1.0,0.0,2003389.0,2003389.0
Italy,"30 Production of lime, or calcination of dolomite/magnesite",2016.0,2,1973624.0,0.0,0.0,1973624.0,1973624.0,1973624.0,1973624.0,1973624.0,1.0,0.0,1973624.0,1973624.0
Italy,"30 Production of lime, or calcination of dolomite/magnesite",2017.0,2,2197315.0,0.0,0.0,2197315.0,2197315.0,2197315.0,2197315.0,2197315.0,1.0,0.0,2197315.0,2197315.0
Italy,"30 Production of lime, or calcination of dolomite/magnesite",2018.0,2,2220299.0,0.0,0.0,2220299.0,2220299.0,2220299.0,2220299.0,2220299.0,1.0,0.0,2220299.0,2220299.0
Italy,"30 Production of lime, or calcination of dolomite/magnesite",2019.0,2,2038540.0,0.0,0.0,2038540.0,2038540.0,2038540.0,2038540.0,2038540.0,1.0,0.0,2038540.0,2038540.0
Italy,"30 Production of lime, or calcination of dolomite/magnesite",2020.0,2,1834938.0,0.0,0.0,1834938.0,1834938.0,1834938.0,1834938.0,1834938.0,1.0,0.0,1834938.0,1834938.0
Italy,"30 Production of lime, or calcination of dolomite/magnesite",2021.0,2,2202986.0,0.0,0.0,2202986.0,2202986.0,2202986.0,2202986.0,2202986.0,1.0,0.0,2202986.0,2202986.0
Italy,"30 Production of lime, or calcination of dolomite/magnesite",2022.0,2,1965187.0,0.0,0.0,1965187.0,1965187.0,1965187.0,1965187.0,1965187.0,1.0,0.0,1965187.0,1965187.0
Italy,"30 Production of lime, or calcination of dolomite/magnesite",2023.0,2,1884117.0,0.0,0.0,1884117.0,1884117.0,1884117.0,1884117.0,1884117.0,1.0,0.0,1884117.0,1884117.0
Italy,31 Manufacture of glass,2015.0,2,2526277.0,0.0,0.0,2526277.0,2526277.0,2526277.0,2526277.0,2526277.0,1.0,0.0,2526277.0,2526277.0
Italy,31 Manufacture of glass,2016.0,2,2609742.0,0.0,0.0,2609742.0,2609742.0,2609742.0,2609742.0,2609742.0,1.0,0.0,2609742.0,2609742.0
Italy,31 Manufacture of glass,2017.0,2,2574824.0,0.0,0.0,2574824.0,2574824.0,2574824.0,2574824.0,2574824.0,1.0,0.0,2574824.0,2574824.0
Italy,31 Manufacture of glass,2018.0,2,2709329.0,0.0,0.0,2709329.0,2709329.0,2709329.0,2709329.0,2709329.0,1.0,0.0,2709329.0,2709329.0
Italy,31 Manufacture of glass,2019.0,2,2708645.0,0.0,0.0,2708645.0,2708645.0,2708645.0,2708645.0,2708645.0,1.0,0.0,2708645.0,2708645.0
Italy,31 Manufacture of glass,2020.0,2,2673555.0,0.0,0.0,2673555.0,2673555.0,2673555.0,2673555.0,2673555.0,1.0,0.0,2673555.0,2673555.0
Italy,31 Manufacture of glass,2021.0,2,2781431.0,0.0,0.0,2781431.0,2781431.0,2781431.0,2781431.0,2781431.0,1.0,0.0,2781431.0,2781431.0
Italy,31 Manufacture of glass,2022.0,2,2768286.0,0.0,0.0,2768286.0,2768286.0,2768286.0,2768286.0,2768286.0,1.0,0.0,2768286.0,2768286.0
Italy,31 Manufacture of glass,2023.0,2,2651004.0,0.0,0.0,2651004.0,2651004.0,2651004.0,2651004.0,2651004.0,1.0,0.0,2651004.0,2651004.0
Italy,32 Manufacture of ceramics,2015.0,2,2532212.0,0.0,0.0,2532212.0,2532212.0,2532212.0,2532212.0,2532212.0,1.0,0.0,2532212.0,2532212.0
Italy,32 Manufacture of ceramics,2016.0,2,2654922.0,0.0,0.0,2654922.0,2654922.0,2654922.0,2654922.0,2654922.0,1.0,0.0,2654922.0,2654922.0
Italy,32 Manufacture of ceramics,2017.0,2,2704156.0,0.0,0.0,2704156.0,2704156.0,2704156.0,2704156.0,2704156.0,1.0,0.0,2704156.0,2704156.0
Italy,32 Manufacture of ceramics,2018.0,2,2740210.0,0.0,0.0,2740210.0,2740210.0,2740210.0,2740210.0,2740210.0,1.0,0.0,2740210.0,2740210.0
Italy,32 Manufacture of ceramics,2019.0,2,2754599.0,0.0,0.0,2754599.0,2754599.0,2754599.0,2754599.0,2754599.0,1.0,0.0,2754599.0,2754599.0
Italy,32 Manufacture of ceramics,2020.0,2,2506652.0,0.0,0.0,2506652.0,2506652.0,2506652.0,2506652.0,2506652.0,1.0,0.0,2506652.0,2506652.0
Italy,32 Manufacture of ceramics,2021.0,2,2491187.0,0.0,0.0,2491187.0,2491187.0,2491187.0,2491187.0,2491187.0,1.0,0.0,2491187.0,2491187.0
Italy,32 Manufacture of ceramics,2022.0,2,2419934.0,0.0,0.0,2419934.0,2419934.0,2419934.0,2419934.0,2419934.0,1.0,0.0,2419934.0,2419934.0
Italy,32 Manufacture of ceramics,2023.0,2,2171360.0,0.0,0.0,2171360.0,2171360.0,2171360.0,2171360.0,2171360.0,1.0,0.0,2171360.0,2171360.0
Italy,33 Manufacture of mineral wool,2015.0,2,67914.0,0.0,0.0,67914.0,67914.0,67914.0,67914.0,67914.0,1.0,0.0,67914.0,67914.0
Italy,33 Manufacture of mineral wool,2016.0,2,65788.0,0.0,0.0,65788.0,65788.0,65788.0,65788.0,65788.0,1.0,0.0,65788.0,65788.0
Italy,33 Manufacture of mineral wool,2017.0,2,61733.0,0.0,0.0,61733.0,61733.0,61733.0,61733.0,61733.0,1.0,0.0,61733.0,61733.0
Italy,33 Manufacture of mineral wool,2018.0,2,64383.0,0.0,0.0,64383.0,64383.0,64383.0,64383.0,64383.0,1.0,0.0,64383.0,64383.0
Italy,33 Manufacture of mineral wool,2019.0,2,56761.0,0.0,0.0,56761.0,56761.0,56761.0,56761.0,56761.0,1.0,0.0,56761.0,56761.0
Italy,33 Manufacture of mineral wool,2020.0,2,54845.0,0.0,0.0,54845.0,54845.0,54845.0,54845.0,54845.0,1.0,0.0,54845.0,54845.0
Italy,33 Manufacture of mineral wool,2021.0,2,70892.0,0.0,0.0,70892.0,70892.0,70892.0,70892.0,70892.0,1.0,0.0,70892.0,70892.0
Italy,33 Manufacture of mineral wool,2022.0,2,65677.0,0.0,0.0,65677.0,65677.0,65677.0,65677.0,65677.0,1.0,0.0,65677.0,65677.0
Italy,33 Manufacture of mineral wool,2023.0,2,69055.0,0.0,0.0,69055.0,69055.0,69055.0,69055.0,69055.0,1.0,0.0,69055.0,69055.0
Italy,34 Production or processing of gypsum or plasterboard,2015.0,2,87013.0,0.0,0.0,87013.0,87013.0,87013.0,87013.0,87013.0,1.0,0.0,87013.0,87013.0
Italy,34 Production or processing of gypsum or plasterboard,2016.0,2,92806.0,0.0,0.0,92806.0,92806.0,92806.0,92806.0,92806.0,1.0,0.0,92806.0,92806.0
Italy,34 Production or processing of gypsum or plasterboard,2017.0,2,94029.0,0.0,0.0,94029.0,94029.0,94029.0,94029.0,94029.0,1.0,0.0,94029.0,94029.0
Italy,34 Production or processing of gypsum or plasterboard,2018.0,2,96011.0,0.0,0.0,96011.0,96011.0,96011.0,96011.0,96011.0,1.0,0.0,96011.0,96011.0
Italy,34 Production or processing of gypsum or plasterboard,2019.0,2,103847.0,0.0,0.0,103847.0,103847.0,103847.0,103847.0,103847.0,1.0,0.0,103847.0,103847.0
Italy,34 Production or processing of gypsum or plasterboard,2020.0,2,93766.0,0.0,0.0,93766.0,93766.0,93766.0,93766.0,93766.0,1.0,0.0,93766.0,93766.0
Italy,34 Production or processing of gypsum or plasterboard,2021.0,2,62342.0,0.0,0.0,62342.0,62342.0,62342.0,62342.0,62342.0,1.0,0.0,62342.0,62342.0
Italy,34 Production or processing of gypsum or plasterboard,2022.0,2,89613.0,0.0,0.0,89613.0,89613.0,89613.0,89613.0,89613.0,1.0,0.0,89613.0,89613.0
Italy,34 Production or processing of gypsum or plasterboard,2023.0,2,91498.0,0.0,0.0,91498.0,91498.0,91498.0,91498.0,91498.0,1.0,0.0,91498.0,91498.0
Italy,35 Production of pulp,2015.0,2,413072.0,0.0,0.0,413072.0,413072.0,413072.0,413072.0,413072.0,1.0,0.0,413072.0,413072.0
Italy,35 Production of pulp,2016.0,2,416217.0,0.0,0.0,416217.0,416217.0,416217.0,416217.0,416217.0,1.0,0.0,416217.0,416217.0
Italy,35 Production of pulp,2017.0,2,419249.0,0.0,0.0,419249.0,419249.0,419249.0,419249.0,419249.0,1.0,0.0,419249.0,419249.0
Italy,35 Production of pulp,2018.0,2,429440.0,0.0,0.0,429440.0,429440.0,429440.0,429440.0,429440.0,1.0,0.0,429440.0,429440.0
Italy,35 Production of pulp,2019.0,2,405718.0,0.0,0.0,405718.0,405718.0,405718.0,405718.0,405718.0,1.0,0.0,405718.0,405718.0
Italy,35 Production of pulp,2020.0,2,411506.0,0.0,0.0,411506.0,411506.0,411506.0,411506.0,411506.0,1.0,0.0,411506.0,411506.0
Italy,35 Production of pulp,2021.0,2,450858.0,0.0,0.0,450858.0,450858.0,450858.0,450858.0,450858.0,1.0,0.0,450858.0,450858.0
Italy,35 Production of pulp,2022.0,2,428905.0,0.0,0.0,428905.0,428905.0,428905.0,428905.0,428905.0,1.0,0.0,428905.0,428905.0
Italy,35 Production of pulp,2023.0,2,387559.0,0.0,0.0,387559.0,387559.0,387559.0,387559.0,387559.0,1.0,0.0,387559.0,387559.0
Italy,36 Production of paper or cardboard,2015.0,2,3603926.0,0.0,0.0,3603926.0,3603926.0,3603926.0,3603926.0,3603926.0,1.0,0.0,3603926.0,3603926.0
Italy,36 Production of paper or cardboard,2016.0,2,3675353.0,0.0,0.0,3675353.0,3675353.0,3675353.0,3675353.0,3675353.0,1.0,0.0,3675353.0,3675353.0
Italy,36 Production of paper or cardboard,2017.0,2,3722631.0,0.0,0.0,3722631.0,3722631.0,3722631.0,3722631.0,3722631.0,1.0,0.0,3722631.0,3722631.0
Italy,36 Production of paper or cardboard,2018.0,2,3744874.0,0.0,0.0,3744874.0,3744874.0,3744874.0,3744874.0,3744874.0,1.0,0.0,3744874.0,3744874.0
Italy,36 Production of paper or cardboard,2019.0,2,3751672.0,0.0,0.0,3751672.0,3751672.0,3751672.0,3751672.0,3751672.0,1.0,0.0,3751672.0,3751672.0
Italy,36 Production of paper or cardboard,2020.0,2,3536947.0,0.0,0.0,3536947.0,3536947.0,3536947.0,3536947.0,3536947.0,1.0,0.0,3536947.0,3536947.0
Italy,36 Production of paper or cardboard,2021.0,2,3601795.0,0.0,0.0,3601795.0,3601795.0,3601795.0,3601795.0,3601795.0,1.0,0.0,3601795.0,3601795.0
Italy,36 Production of paper or cardboard,2022.0,2,3257563.0,0.0,0.0,3257563.0,3257563.0,3257563.0,3257563.0,3257563.0,1.0,0.0,3257563.0,3257563.0
Italy,36 Production of paper or cardboard,2023.0,2,2733993.0,0.0,0.0,2733993.0,2733993.0,2733993.0,2733993.0,2733993.0,1.0,0.0,2733993.0,2733993.0
Italy,42 Production of bulk chemicals,2015.0,2,2624133.0,0.0,0.0,2624133.0,2624133.0,2624133.0,2624133.0,2624133.0,1.0,0.0,2624133.0,2624133.0
Italy,42 Production of bulk chemicals,2016.0,2,2708568.0,0.0,0.0,2708568.0,2708568.0,2708568.0,2708568.0,2708568.0,1.0,0.0,2708568.0,2708568.0
Italy,42 Production of bulk chemicals,2017.0,2,2694570.0,0.0,0.0,2694570.0,2694570.0,2694570.0,2694570.0,2694570.0,1.0,0.0,2694570.0,2694570.0
Italy,42 Production of bulk chemicals,2018.0,2,2763387.0,0.0,0.0,2763387.0,2763387.0,2763387.0,2763387.0,2763387.0,1.0,0.0,2763387.0,2763387.0
Italy,42 Production of bulk chemicals,2019.0,2,2498413.0,0.0,0.0,2498413.0,2498413.0,2498413.0,2498413.0,2498413.0,1.0,0.0,2498413.0,2498413.0
Italy,42 Production of bulk chemicals,2020.0,2,2367426.0,0.0,0.0,2367426.0,2367426.0,2367426.0,2367426.0,2367426.0,1.0,0.0,2367426.0,2367426.0
Italy,42 Production of bulk chemicals,2021.0,2,2463581.0,0.0,0.0,2463581.0,2463581.0,2463581.0,2463581.0,2463581.0,1.0,0.0,2463581.0,2463581.0
Italy,42 Production of bulk chemicals,2022.0,2,2135115.0,0.0,0.0,2135115.0,2135115.0,2135115.0,2135115.0,2135115.0,1.0,0.0,2135115.0,2135115.0
Italy,42 Production of bulk chemicals,2023.0,2,1782790.0,0.0,0.0,1782790.0,1782790.0,1782790.0,1782790.0,1782790.0,1.0,0.0,1782790.0,1782790.0
Italy,43 Production of hydrogen and synthesis gas,2015.0,2,628792.0,0.0,0.0,628792.0,628792.0,628792.0,628792.0,628792.0,1.0,0.0,628792.0,628792.0
Italy,43 Production of hydrogen and synthesis gas,2016.0,2,570178.0,0.0,0.0,570178.0,570178.0,570178.0,570178.0,570178.0,1.0,0.0,570178.0,570178.0
Italy,43 Production of hydrogen and synthesis gas,2017.0,2,556888.0,0.0,0.0,556888.0,556888.0,556888.0,556888.0,556888.0,1.0,0.0,556888.0,556888.0
Italy,43 Production of hydrogen and synthesis gas,2018.0,2,575852.0,0.0,0.0,575852.0,575852.0,575852.0,575852.0,575852.0,1.0,0.0,575852.0,575852.0
Italy,43 Production of hydrogen and synthesis gas,2019.0,2,657738.0,0.0,0.0,657738.0,657738.0,657738.0,657738.0,657738.0,1.0,0.0,657738.0,657738.0
Italy,43 Production of hydrogen and synthesis gas,2020.0,2,620912.0,0.0,0.0,620912.0,620912.0,620912.0,620912.0,620912.0,1.0,0.0,620912.0,620912.0
Italy,43 Production of hydrogen and synthesis gas,2021.0,2,490372.0,0.0,0.0,490372.0,490372.0,490372.0,490372.0,490372.0,1.0,0.0,490372.0,490372.0
Italy,43 Production of hydrogen and synthesis gas,2022.0,2,627454.0,0.0,0.0,627454.0,627454.0,627454.0,627454.0,627454.0,1.0,0.0,627454.0,627454.0
Italy,43 Production of hydrogen and synthesis gas,2023.0,2,642921.0,0.0,0.0,642921.0,642921.0,642921.0,642921.0,642921.0,1.0,0.0,642921.0,642921.0
Italy,99 Other activity opted-in under Art. 24,2015.0,2,408205.0,0.0,0.0,408205.0,408205.0,408205.0,408205.0,408205.0,1.0,0.0,408205.0,408205.0
Italy,99 Other activity opted-in under Art. 24,2016.0,2,409209.0,0.0,0.0,409209.0,409209.0,409209.0,409209.0,409209.0,1.0,0.0,409209.0,409209.0
Italy,99 Other activity opted-in under Art. 24,2017.0,2,429152.0,0.0,0.0,429152.0,429152.0,429152.0,429152.0,429152.0,1.0,0.0,429152.0,429152.0
Italy,99 Other activity opted-in under Art. 24,2018.0,2,437303.0,0.0,0.0,437303.0,437303.0,437303.0,437303.0,437303.0,1.0,0.0,437303.0,437303.0
Italy,99 Other activity opted-in under Art. 24,2019.0,2,472653.0,0.0,0.0,472653.0,472653.0,472653.0,472653.0,472653.0,1.0,0.0,472653.0,472653.0
Italy,99 Other activity opted-in under Art. 24,2020.0,2,436383.0,0.0,0.0,436383.0,436383.0,436383.0,436383.0,436383.0,1.0,0.0,436383.0,436383.0
Italy,99 Other activity opted-in under Art. 24,2021.0,2,444188.0,0.0,0.0,444188.0,444188.0,444188.0,444188.0,444188.0,1.0,0.0,444188.0,444188.0
Italy,99 Other activity opted-in under Art. 24,2022.0,2,480524.0,0.0,0.0,480524.0,480524.0,480524.0,480524.0,480524.0,1.0,0.0,480524.0,480524.0
Italy,99 Other activity opted-in under Art. 24,2023.0,2,451642.0,0.0,0.0,451642.0,451642.0,451642.0,451642.0,451642.0,1.0,0.0,451642.0,451642.0
Latvia,10 Aviation,2015.0,2,345271.0,0.0,0.0,345271.0,345271.0,345271.0,345271.0,345271.0,1.0,0.0,345271.0,345271.0
Latvia,10 Aviation,2016.0,2,348737.0,0.0,0.0,348737.0,348737.0,348737.0,348737.0,348737.0,1.0,0.0,348737.0,348737.0
Latvia,10 Aviation,2017.0,2,378590.0,0.0,0.0,378590.0,378590.0,378590.0,378590.0,378590.0,1.0,0.0,378590.0,378590.0
Latvia,10 Aviation,2018.0,2,399578.0,0.0,0.0,399578.0,399578.0,399578.0,399578.0,399578.0,1.0,0.0,399578.0,399578.0
Latvia,10 Aviation,2019.0,2,416357.0,0.0,0.0,416357.0,416357.0,416357.0,416357.0,416357.0,1.0,0.0,416357.0,416357.0
Latvia,10 Aviation,2020.0,3,111382.0,77167.82651252183,0.6928213401853247,34769.4,83536.5,164815.0,165944.0,166621.4,4.792185082284997,-0.3288283165642163,2258.0,167073.0
Latvia,10 Aviation,2021.0,3,155214.0,108210.81657887378,0.6971717537005282,47875.8,116410.5,230635.0,231728.0,232383.8,4.853888603428036,-0.33020360419950645,2186.0,232821.0
Latvia,10 Aviation,2022.0,3,259548.0,181061.73078446664,0.6976040300232197,79962.0,194661.0,385826.0,387574.0,388622.8,4.860093544433606,-0.330340095516479,3496.0,389322.0
Latvia,10 Aviation,2023.0,3,330106.6666666667,229693.73690247245,0.6958167165233634,102203.0,247580.0,489875.0,492517.5,494103.0,4.834525405320783,-0.3297755607615047,5285.0,495160.0
Latvia,20 Combustion of fuels,2015.0,2,1501550.0,0.0,0.0,1501550.0,1501550.0,1501550.0,1501550.0,1501550.0,1.0,0.0,1501550.0,1501550.0
Latvia,20 Combustion of fuels,2016.0,2,1565289.0,0.0,0.0,1565289.0,1565289.0,1565289.0,1565289.0,1565289.0,1.0,0.0,1565289.0,1565289.0
Latvia,20 Combustion of fuels,2017.0,2,1279347.0,0.0,0.0,1279347.0,1279347.0,1279347.0,1279347.0,1279347.0,1.0,0.0,1279347.0,1279347.0
Latvia,20 Combustion of fuels,2018.0,2,1670253.0,0.0,0.0,1670253.0,1670253.0,1670253.0,1670253.0,1670253.0,1.0,0.0,1670253.0,1670253.0
Latvia,20 Combustion of fuels,2019.0,2,1590460.0,0.0,0.0,1590460.0,1590460.0,1590460.0,1590460.0,1590460.0,1.0,0.0,1590460.0,1590460.0
Latvia,20 Combustion of fuels,2020.0,2,1140873.0,0.0,0.0,1140873.0,1140873.0,1140873.0,1140873.0,1140873.0,1.0,0.0,1140873.0,1140873.0
Latvia,20 Combustion of fuels,2021.0,2,1217645.0,0.0,0.0,1217645.0,1217645.0,1217645.0,1217645.0,1217645.0,1.0,0.0,1217645.0,1217645.0
Latvia,20 Combustion of fuels,2022.0,2,856128.0,0.0,0.0,856128.0,856128.0,856128.0,856128.0,856128.0,1.0,0.0,856128.0,856128.0
Latvia,20 Combustion of fuels,2023.0,2,868954.0,0.0,0.0,868954.0,868954.0,868954.0,868954.0,868954.0,1.0,0.0,868954.0,868954.0
Latvia,20-99 All stationary installations,2015.0,2,2312538.0,0.0,0.0,2312538.0,2312538.0,2312538.0,2312538.0,2312538.0,1.0,0.0,2312538.0,2312538.0
Latvia,20-99 All stationary installations,2016.0,2,2197000.0,0.0,0.0,2197000.0,2197000.0,2197000.0,2197000.0,2197000.0,1.0,0.0,2197000.0,2197000.0
Latvia,20-99 All stationary installations,2017.0,2,2049810.0,0.0,0.0,2049810.0,2049810.0,2049810.0,2049810.0,2049810.0,1.0,0.0,2049810.0,2049810.0
Latvia,20-99 All stationary installations,2018.0,2,2612632.0,0.0,0.0,2612632.0,2612632.0,2612632.0,2612632.0,2612632.0,1.0,0.0,2612632.0,2612632.0
Latvia,20-99 All stationary installations,2019.0,2,2493060.0,0.0,0.0,2493060.0,2493060.0,2493060.0,2493060.0,2493060.0,1.0,0.0,2493060.0,2493060.0
Latvia,20-99 All stationary installations,2020.0,2,2021990.0,0.0,0.0,2021990.0,2021990.0,2021990.0,2021990.0,2021990.0,1.0,0.0,2021990.0,2021990.0
Latvia,20-99 All stationary installations,2021.0,2,2064880.0,0.0,0.0,2064880.0,2064880.0,2064880.0,2064880.0,2064880.0,1.0,0.0,2064880.0,2064880.0
Latvia,20-99 All stationary installations,2022.0,2,1689971.0,0.0,0.0,1689971.0,1689971.0,1689971.0,1689971.0,1689971.0,1.0,0.0,1689971.0,1689971.0
Latvia,20-99 All stationary installations,2023.0,2,1729618.0,0.0,0.0,1729618.0,1729618.0,1729618.0,1729618.0,1729618.0,1.0,0.0,1729618.0,1729618.0
Latvia,21-99 All industrial installations (excl. combustion),2015.0,2,810988.0,0.0,0.0,810988.0,810988.0,810988.0,810988.0,810988.0,1.0,0.0,810988.0,810988.0
Latvia,21-99 All industrial installations (excl. combustion),2016.0,2,631711.0,0.0,0.0,631711.0,631711.0,631711.0,631711.0,631711.0,1.0,0.0,631711.0,631711.0
Latvia,21-99 All industrial installations (excl. combustion),2017.0,2,770463.0,0.0,0.0,770463.0,770463.0,770463.0,770463.0,770463.0,1.0,0.0,770463.0,770463.0
Latvia,21-99 All industrial installations (excl. combustion),2018.0,2,942379.0,0.0,0.0,942379.0,942379.0,942379.0,942379.0,942379.0,1.0,0.0,942379.0,942379.0
Latvia,21-99 All industrial installations (excl. combustion),2019.0,2,902600.0,0.0,0.0,902600.0,902600.0,902600.0,902600.0,902600.0,1.0,0.0,902600.0,902600.0
Latvia,21-99 All industrial installations (excl. combustion),2020.0,2,881117.0,0.0,0.0,881117.0,881117.0,881117.0,881117.0,881117.0,1.0,0.0,881117.0,881117.0
Latvia,21-99 All industrial installations (excl. combustion),2021.0,2,847235.0,0.0,0.0,847235.0,847235.0,847235.0,847235.0,847235.0,1.0,0.0,847235.0,847235.0
Latvia,21-99 All industrial installations (excl. combustion),2022.0,2,833843.0,0.0,0.0,833843.0,833843.0,833843.0,833843.0,833843.0,1.0,0.0,833843.0,833843.0
Latvia,21-99 All industrial installations (excl. combustion),2023.0,2,860664.0,0.0,0.0,860664.0,860664.0,860664.0,860664.0,860664.0,1.0,0.0,860664.0,860664.0
Latvia,24  Production of pig iron or steel,2015.0,2,23353.0,0.0,0.0,23353.0,23353.0,23353.0,23353.0,23353.0,1.0,0.0,23353.0,23353.0
Latvia,24  Production of pig iron or steel,2016.0,2,2399.0,0.0,0.0,2399.0,2399.0,2399.0,2399.0,2399.0,1.0,0.0,2399.0,2399.0
Latvia,24  Production of pig iron or steel,2017.0,2,211.0,0.0,0.0,211.0,211.0,211.0,211.0,211.0,1.0,0.0,211.0,211.0
Latvia,24  Production of pig iron or steel,2018.0,2,42.0,0.0,0.0,42.0,42.0,42.0,42.0,42.0,1.0,0.0,42.0,42.0
Latvia,24  Production of pig iron or steel,2019.0,2,1.0,0.0,0.0,1.0,1.0,1.0,1.0,1.0,1.0,0.0,1.0,1.0
Latvia,24  Production of pig iron or steel,2020.0,2,2.0,0.0,0.0,2.0,2.0,2.0,2.0,2.0,1.0,0.0,2.0,2.0
Latvia,24  Production of pig iron or steel,2021.0,2,2.0,0.0,0.0,2.0,2.0,2.0,2.0,2.0,1.0,0.0,2.0,2.0
Latvia,24  Production of pig iron or steel,2022.0,2,2.0,0.0,0.0,2.0,2.0,2.0,2.0,2.0,1.0,0.0,2.0,2.0
Latvia,24  Production of pig iron or steel,2023.0,2,1.0,0.0,0.0,1.0,1.0,1.0,1.0,1.0,1.0,0.0,1.0,1.0
Latvia,29 Production of cement clinker,2015.0,2,677823.0,0.0,0.0,677823.0,677823.0,677823.0,677823.0,677823.0,1.0,0.0,677823.0,677823.0
Latvia,29 Production of cement clinker,2016.0,2,505899.0,0.0,0.0,505899.0,505899.0,505899.0,505899.0,505899.0,1.0,0.0,505899.0,505899.0
Latvia,29 Production of cement clinker,2017.0,2,638584.0,0.0,0.0,638584.0,638584.0,638584.0,638584.0,638584.0,1.0,0.0,638584.0,638584.0
Latvia,29 Production of cement clinker,2018.0,2,808286.0,0.0,0.0,808286.0,808286.0,808286.0,808286.0,808286.0,1.0,0.0,808286.0,808286.0
Latvia,29 Production of cement clinker,2019.0,2,793918.0,0.0,0.0,793918.0,793918.0,793918.0,793918.0,793918.0,1.0,0.0,793918.0,793918.0
Latvia,29 Production of cement clinker,2020.0,2,778966.0,0.0,0.0,778966.0,778966.0,778966.0,778966.0,778966.0,1.0,0.0,778966.0,778966.0
Latvia,29 Production of cement clinker,2021.0,2,752118.0,0.0,0.0,752118.0,752118.0,752118.0,752118.0,752118.0,1.0,0.0,752118.0,752118.0
Latvia,29 Production of cement clinker,2022.0,2,750000.0,0.0,0.0,750000.0,750000.0,750000.0,750000.0,750000.0,1.0,0.0,750000.0,750000.0
Latvia,29 Production of cement clinker,2023.0,2,744135.0,0.0,0.0,744135.0,744135.0,744135.0,744135.0,744135.0,1.0,0.0,744135.0,744135.0
Latvia,31 Manufacture of glass,2015.0,2,27166.0,0.0,0.0,27166.0,27166.0,27166.0,27166.0,27166.0,1.0,0.0,27166.0,27166.0
Latvia,31 Manufacture of glass,2016.0,2,29423.0,0.0,0.0,29423.0,29423.0,29423.0,29423.0,29423.0,1.0,0.0,29423.0,29423.0
Latvia,31 Manufacture of glass,2017.0,2,32055.0,0.0,0.0,32055.0,32055.0,32055.0,32055.0,32055.0,1.0,0.0,32055.0,32055.0
Latvia,31 Manufacture of glass,2018.0,2,31765.0,0.0,0.0,31765.0,31765.0,31765.0,31765.0,31765.0,1.0,0.0,31765.0,31765.0
Latvia,31 Manufacture of glass,2019.0,2,30092.0,0.0,0.0,30092.0,30092.0,30092.0,30092.0,30092.0,1.0,0.0,30092.0,30092.0
Latvia,31 Manufacture of glass,2020.0,2,30610.0,0.0,0.0,30610.0,30610.0,30610.0,30610.0,30610.0,1.0,0.0,30610.0,30610.0
Latvia,31 Manufacture of glass,2021.0,2,30790.0,0.0,0.0,30790.0,30790.0,30790.0,30790.0,30790.0,1.0,0.0,30790.0,30790.0
Latvia,31 Manufacture of glass,2022.0,2,28921.0,0.0,0.0,28921.0,28921.0,28921.0,28921.0,28921.0,1.0,0.0,28921.0,28921.0
Latvia,31 Manufacture of glass,2023.0,2,27260.0,0.0,0.0,27260.0,27260.0,27260.0,27260.0,27260.0,1.0,0.0,27260.0,27260.0
Latvia,32 Manufacture of ceramics,2015.0,2,22826.0,0.0,0.0,22826.0,22826.0,22826.0,22826.0,22826.0,1.0,0.0,22826.0,22826.0
Latvia,32 Manufacture of ceramics,2016.0,2,30588.0,0.0,0.0,30588.0,30588.0,30588.0,30588.0,30588.0,1.0,0.0,30588.0,30588.0
Latvia,32 Manufacture of ceramics,2017.0,2,32636.0,0.0,0.0,32636.0,32636.0,32636.0,32636.0,32636.0,1.0,0.0,32636.0,32636.0
Latvia,32 Manufacture of ceramics,2018.0,2,33601.0,0.0,0.0,33601.0,33601.0,33601.0,33601.0,33601.0,1.0,0.0,33601.0,33601.0
Latvia,32 Manufacture of ceramics,2019.0,2,29705.0,0.0,0.0,29705.0,29705.0,29705.0,29705.0,29705.0,1.0,0.0,29705.0,29705.0
Latvia,32 Manufacture of ceramics,2020.0,2,31683.0,0.0,0.0,31683.0,31683.0,31683.0,31683.0,31683.0,1.0,0.0,31683.0,31683.0
Latvia,32 Manufacture of ceramics,2021.0,2,27350.0,0.0,0.0,27350.0,27350.0,27350.0,27350.0,27350.0,1.0,0.0,27350.0,27350.0
Latvia,32 Manufacture of ceramics,2022.0,2,19662.0,0.0,0.0,19662.0,19662.0,19662.0,19662.0,19662.0,1.0,0.0,19662.0,19662.0
Latvia,32 Manufacture of ceramics,2023.0,2,18732.0,0.0,0.0,18732.0,18732.0,18732.0,18732.0,18732.0,1.0,0.0,18732.0,18732.0
Latvia,34 Production or processing of gypsum or plasterboard,2015.0,2,19187.0,0.0,0.0,19187.0,19187.0,19187.0,19187.0,19187.0,1.0,0.0,19187.0,19187.0
Latvia,34 Production or processing of gypsum or plasterboard,2016.0,2,19652.0,0.0,0.0,19652.0,19652.0,19652.0,19652.0,19652.0,1.0,0.0,19652.0,19652.0
Latvia,34 Production or processing of gypsum or plasterboard,2017.0,2,21569.0,0.0,0.0,21569.0,21569.0,21569.0,21569.0,21569.0,1.0,0.0,21569.0,21569.0
Latvia,34 Production or processing of gypsum or plasterboard,2018.0,2,22869.0,0.0,0.0,22869.0,22869.0,22869.0,22869.0,22869.0,1.0,0.0,22869.0,22869.0
Latvia,34 Production or processing of gypsum or plasterboard,2019.0,2,23969.0,0.0,0.0,23969.0,23969.0,23969.0,23969.0,23969.0,1.0,0.0,23969.0,23969.0
Latvia,34 Production or processing of gypsum or plasterboard,2020.0,2,23121.0,0.0,0.0,23121.0,23121.0,23121.0,23121.0,23121.0,1.0,0.0,23121.0,23121.0
Latvia,34 Production or processing of gypsum or plasterboard,2021.0,2,23826.0,0.0,0.0,23826.0,23826.0,23826.0,23826.0,23826.0,1.0,0.0,23826.0,23826.0
Latvia,34 Production or processing of gypsum or plasterboard,2022.0,2,24367.0,0.0,0.0,24367.0,24367.0,24367.0,24367.0,24367.0,1.0,0.0,24367.0,24367.0
Latvia,34 Production or processing of gypsum or plasterboard,2023.0,2,21113.0,0.0,0.0,21113.0,21113.0,21113.0,21113.0,21113.0,1.0,0.0,21113.0,21113.0
Latvia,45 Capture of greenhouse gases under Directive 2009/31/EC,2015.0,2,14491.0,0.0,0.0,14491.0,14491.0,14491.0,14491.0,14491.0,1.0,0.0,14491.0,14491.0
Latvia,45 Capture of greenhouse gases under Directive 2009/31/EC,2016.0,2,15710.0,0.0,0.0,15710.0,15710.0,15710.0,15710.0,15710.0,1.0,0.0,15710.0,15710.0
Latvia,45 Capture of greenhouse gases under Directive 2009/31/EC,2017.0,2,13321.0,0.0,0.0,13321.0,13321.0,13321.0,13321.0,13321.0,1.0,0.0,13321.0,13321.0
Latvia,45 Capture of greenhouse gases under Directive 2009/31/EC,2018.0,2,10883.0,0.0,0.0,10883.0,10883.0,10883.0,10883.0,10883.0,1.0,0.0,10883.0,10883.0
Latvia,45 Capture of greenhouse gases under Directive 2009/31/EC,2019.0,2,9902.0,0.0,0.0,9902.0,9902.0,9902.0,9902.0,9902.0,1.0,0.0,9902.0,9902.0
Latvia,45 Capture of greenhouse gases under Directive 2009/31/EC,2020.0,2,5376.0,0.0,0.0,5376.0,5376.0,5376.0,5376.0,5376.0,1.0,0.0,5376.0,5376.0
Latvia,45 Capture of greenhouse gases under Directive 2009/31/EC,2021.0,2,46.0,0.0,0.0,46.0,46.0,46.0,46.0,46.0,1.0,0.0,46.0,46.0
Latvia,99 Other activity opted-in under Art. 24,2015.0,2,26142.0,0.0,0.0,26142.0,26142.0,26142.0,26142.0,26142.0,1.0,0.0,26142.0,26142.0
Latvia,99 Other activity opted-in under Art. 24,2016.0,2,28040.0,0.0,0.0,28040.0,28040.0,28040.0,28040.0,28040.0,1.0,0.0,28040.0,28040.0
Latvia,99 Other activity opted-in under Art. 24,2017.0,2,32087.0,0.0,0.0,32087.0,32087.0,32087.0,32087.0,32087.0,1.0,0.0,32087.0,32087.0
Latvia,99 Other activity opted-in under Art. 24,2018.0,2,34933.0,0.0,0.0,34933.0,34933.0,34933.0,34933.0,34933.0,1.0,0.0,34933.0,34933.0
Latvia,99 Other activity opted-in under Art. 24,2019.0,2,15013.0,0.0,0.0,15013.0,15013.0,15013.0,15013.0,15013.0,1.0,0.0,15013.0,15013.0
Latvia,99 Other activity opted-in under Art. 24,2020.0,2,11359.0,0.0,0.0,11359.0,11359.0,11359.0,11359.0,11359.0,1.0,0.0,11359.0,11359.0
Latvia,99 Other activity opted-in under Art. 24,2021.0,2,13103.0,0.0,0.0,13103.0,13103.0,13103.0,13103.0,13103.0,1.0,0.0,13103.0,13103.0
Latvia,99 Other activity opted-in under Art. 24,2022.0,2,10891.0,0.0,0.0,10891.0,10891.0,10891.0,10891.0,10891.0,1.0,0.0,10891.0,10891.0
Latvia,99 Other activity opted-in under Art. 24,2023.0,2,49423.0,0.0,0.0,49423.0,49423.0,49423.0,49423.0,49423.0,1.0,0.0,49423.0,49423.0
Liechtenstein,20 Combustion of fuels,2015.0,2,290.0,0.0,0.0,290.0,290.0,290.0,290.0,290.0,1.0,0.0,290.0,290.0
Liechtenstein,20 Combustion of fuels,2016.0,2,151.0,0.0,0.0,151.0,151.0,151.0,151.0,151.0,1.0,0.0,151.0,151.0
Liechtenstein,20 Combustion of fuels,2017.0,2,516.0,0.0,0.0,516.0,516.0,516.0,516.0,516.0,1.0,0.0,516.0,516.0
Liechtenstein,20 Combustion of fuels,2018.0,2,341.0,0.0,0.0,341.0,341.0,341.0,341.0,341.0,1.0,0.0,341.0,341.0
Liechtenstein,20 Combustion of fuels,2019.0,2,198.0,0.0,0.0,198.0,198.0,198.0,198.0,198.0,1.0,0.0,198.0,198.0
Liechtenstein,20 Combustion of fuels,2020.0,2,600.0,0.0,0.0,600.0,600.0,600.0,600.0,600.0,1.0,0.0,600.0,600.0
Liechtenstein,20-99 All stationary installations,2015.0,2,290.0,0.0,0.0,290.0,290.0,290.0,290.0,290.0,1.0,0.0,290.0,290.0
Liechtenstein,20-99 All stationary installations,2016.0,2,151.0,0.0,0.0,151.0,151.0,151.0,151.0,151.0,1.0,0.0,151.0,151.0
Liechtenstein,20-99 All stationary installations,2017.0,2,516.0,0.0,0.0,516.0,516.0,516.0,516.0,516.0,1.0,0.0,516.0,516.0
Liechtenstein,20-99 All stationary installations,2018.0,2,341.0,0.0,0.0,341.0,341.0,341.0,341.0,341.0,1.0,0.0,341.0,341.0
Liechtenstein,20-99 All stationary installations,2019.0,2,198.0,0.0,0.0,198.0,198.0,198.0,198.0,198.0,1.0,0.0,198.0,198.0
Liechtenstein,20-99 All stationary installations,2020.0,2,600.0,0.0,0.0,600.0,600.0,600.0,600.0,600.0,1.0,0.0,600.0,600.0
Lithuania,10 Aviation,2015.0,2,68290.0,0.0,0.0,68290.0,68290.0,68290.0,68290.0,68290.0,1.0,0.0,68290.0,68290.0
Lithuania,10 Aviation,2016.0,2,72695.0,0.0,0.0,72695.0,72695.0,72695.0,72695.0,72695.0,1.0,0.0,72695.0,72695.0
Lithuania,10 Aviation,2017.0,2,68441.0,0.0,0.0,68441.0,68441.0,68441.0,68441.0,68441.0,1.0,0.0,68441.0,68441.0
Lithuania,10 Aviation,2018.0,2,62452.0,0.0,0.0,62452.0,62452.0,62452.0,62452.0,62452.0,1.0,0.0,62452.0,62452.0
Lithuania,10 Aviation,2019.0,2,20205.0,0.0,0.0,20205.0,20205.0,20205.0,20205.0,20205.0,1.0,0.0,20205.0,20205.0
Lithuania,10 Aviation,2020.0,2,8002.0,0.0,0.0,8002.0,8002.0,8002.0,8002.0,8002.0,1.0,0.0,8002.0,8002.0
Lithuania,10 Aviation,2021.0,3,11050.666666666666,7803.397137714374,0.7061471830701956,3324.2000000000003,8288.0,16561.0,16568.5,16573.0,4.985560435593526,-0.3330316924066923,15.0,16576.0
Lithuania,10 Aviation,2022.0,2,22163.0,0.0,0.0,22163.0,22163.0,22163.0,22163.0,22163.0,1.0,0.0,22163.0,22163.0
Lithuania,10 Aviation,2023.0,3,15936.666666666666,11203.934199894053,0.7030287094683573,4836.2,11952.5,23813.0,23859.0,23886.6,4.939125759894131,-0.3320504775848845,92.0,23905.0
Lithuania,20 Combustion of fuels,2015.0,2,1339825.0,0.0,0.0,1339825.0,1339825.0,1339825.0,1339825.0,1339825.0,1.0,0.0,1339825.0,1339825.0
Lithuania,20 Combustion of fuels,2016.0,2,980429.0,0.0,0.0,980429.0,980429.0,980429.0,980429.0,980429.0,1.0,0.0,980429.0,980429.0
Lithuania,20 Combustion of fuels,2017.0,2,860097.0,0.0,0.0,860097.0,860097.0,860097.0,860097.0,860097.0,1.0,0.0,860097.0,860097.0
Lithuania,20 Combustion of fuels,2018.0,2,898209.0,0.0,0.0,898209.0,898209.0,898209.0,898209.0,898209.0,1.0,0.0,898209.0,898209.0
Lithuania,20 Combustion of fuels,2019.0,2,687867.0,0.0,0.0,687867.0,687867.0,687867.0,687867.0,687867.0,1.0,0.0,687867.0,687867.0
Lithuania,20 Combustion of fuels,2020.0,2,1143703.0,0.0,0.0,1143703.0,1143703.0,1143703.0,1143703.0,1143703.0,1.0,0.0,1143703.0,1143703.0
Lithuania,20 Combustion of fuels,2021.0,2,1150848.0,0.0,0.0,1150848.0,1150848.0,1150848.0,1150848.0,1150848.0,1.0,0.0,1150848.0,1150848.0
Lithuania,20 Combustion of fuels,2022.0,2,857960.0,0.0,0.0,857960.0,857960.0,857960.0,857960.0,857960.0,1.0,0.0,857960.0,857960.0
Lithuania,20 Combustion of fuels,2023.0,2,858766.0,0.0,0.0,858766.0,858766.0,858766.0,858766.0,858766.0,1.0,0.0,858766.0,858766.0
Lithuania,20-99 All stationary installations,2015.0,2,6844943.0,0.0,0.0,6844943.0,6844943.0,6844943.0,6844943.0,6844943.0,1.0,0.0,6844943.0,6844943.0
Lithuania,20-99 All stationary installations,2016.0,2,6159573.0,0.0,0.0,6159573.0,6159573.0,6159573.0,6159573.0,6159573.0,1.0,0.0,6159573.0,6159573.0
Lithuania,20-99 All stationary installations,2017.0,2,6283336.0,0.0,0.0,6283336.0,6283336.0,6283336.0,6283336.0,6283336.0,1.0,0.0,6283336.0,6283336.0
Lithuania,20-99 All stationary installations,2018.0,2,5952939.0,0.0,0.0,5952939.0,5952939.0,5952939.0,5952939.0,5952939.0,1.0,0.0,5952939.0,5952939.0
Lithuania,20-99 All stationary installations,2019.0,2,6066873.0,0.0,0.0,6066873.0,6066873.0,6066873.0,6066873.0,6066873.0,1.0,0.0,6066873.0,6066873.0
Lithuania,20-99 All stationary installations,2020.0,2,6137662.0,0.0,0.0,6137662.0,6137662.0,6137662.0,6137662.0,6137662.0,1.0,0.0,6137662.0,6137662.0
Lithuania,20-99 All stationary installations,2021.0,2,5976002.0,0.0,0.0,5976002.0,5976002.0,5976002.0,5976002.0,5976002.0,1.0,0.0,5976002.0,5976002.0
Lithuania,20-99 All stationary installations,2022.0,2,5066303.0,0.0,0.0,5066303.0,5066303.0,5066303.0,5066303.0,5066303.0,1.0,0.0,5066303.0,5066303.0
Lithuania,20-99 All stationary installations,2023.0,2,4752053.0,0.0,0.0,4752053.0,4752053.0,4752053.0,4752053.0,4752053.0,1.0,0.0,4752053.0,4752053.0
Lithuania,21  Refining of mineral oil,2015.0,2,1755789.0,0.0,0.0,1755789.0,1755789.0,1755789.0,1755789.0,1755789.0,1.0,0.0,1755789.0,1755789.0
Lithuania,21  Refining of mineral oil,2016.0,2,1830717.0,0.0,0.0,1830717.0,1830717.0,1830717.0,1830717.0,1830717.0,1.0,0.0,1830717.0,1830717.0
Lithuania,21  Refining of mineral oil,2017.0,2,1709530.0,0.0,0.0,1709530.0,1709530.0,1709530.0,1709530.0,1709530.0,1.0,0.0,1709530.0,1709530.0
Lithuania,21  Refining of mineral oil,2018.0,2,1680865.0,0.0,0.0,1680865.0,1680865.0,1680865.0,1680865.0,1680865.0,1.0,0.0,1680865.0,1680865.0
Lithuania,21  Refining of mineral oil,2019.0,2,1599384.0,0.0,0.0,1599384.0,1599384.0,1599384.0,1599384.0,1599384.0,1.0,0.0,1599384.0,1599384.0
Lithuania,21  Refining of mineral oil,2020.0,2,1478463.0,0.0,0.0,1478463.0,1478463.0,1478463.0,1478463.0,1478463.0,1.0,0.0,1478463.0,1478463.0
Lithuania,21  Refining of mineral oil,2021.0,2,1501524.0,0.0,0.0,1501524.0,1501524.0,1501524.0,1501524.0,1501524.0,1.0,0.0,1501524.0,1501524.0
Lithuania,21  Refining of mineral oil,2022.0,2,1668831.0,0.0,0.0,1668831.0,1668831.0,1668831.0,1668831.0,1668831.0,1.0,0.0,1668831.0,1668831.0
Lithuania,21  Refining of mineral oil,2023.0,2,1646257.0,0.0,0.0,1646257.0,1646257.0,1646257.0,1646257.0,1646257.0,1.0,0.0,1646257.0,1646257.0
Lithuania,21-99 All industrial installations (excl. combustion),2015.0,2,5505118.0,0.0,0.0,5505118.0,5505118.0,5505118.0,5505118.0,5505118.0,1.0,0.0,5505118.0,5505118.0
Lithuania,21-99 All industrial installations (excl. combustion),2016.0,2,5179144.0,0.0,0.0,5179144.0,5179144.0,5179144.0,5179144.0,5179144.0,1.0,0.0,5179144.0,5179144.0
Lithuania,21-99 All industrial installations (excl. combustion),2017.0,2,5423239.0,0.0,0.0,5423239.0,5423239.0,5423239.0,5423239.0,5423239.0,1.0,0.0,5423239.0,5423239.0
Lithuania,21-99 All industrial installations (excl. combustion),2018.0,2,5054730.0,0.0,0.0,5054730.0,5054730.0,5054730.0,5054730.0,5054730.0,1.0,0.0,5054730.0,5054730.0
Lithuania,21-99 All industrial installations (excl. combustion),2019.0,2,5379006.0,0.0,0.0,5379006.0,5379006.0,5379006.0,5379006.0,5379006.0,1.0,0.0,5379006.0,5379006.0
Lithuania,21-99 All industrial installations (excl. combustion),2020.0,2,4993959.0,0.0,0.0,4993959.0,4993959.0,4993959.0,4993959.0,4993959.0,1.0,0.0,4993959.0,4993959.0
Lithuania,21-99 All industrial installations (excl. combustion),2021.0,2,4825154.0,0.0,0.0,4825154.0,4825154.0,4825154.0,4825154.0,4825154.0,1.0,0.0,4825154.0,4825154.0
Lithuania,21-99 All industrial installations (excl. combustion),2022.0,2,4208343.0,0.0,0.0,4208343.0,4208343.0,4208343.0,4208343.0,4208343.0,1.0,0.0,4208343.0,4208343.0
Lithuania,21-99 All industrial installations (excl. combustion),2023.0,2,3893287.0,0.0,0.0,3893287.0,3893287.0,3893287.0,3893287.0,3893287.0,1.0,0.0,3893287.0,3893287.0
Lithuania,29 Production of cement clinker,2015.0,2,843052.0,0.0,0.0,843052.0,843052.0,843052.0,843052.0,843052.0,1.0,0.0,843052.0,843052.0
Lithuania,29 Production of cement clinker,2016.0,2,741381.0,0.0,0.0,741381.0,741381.0,741381.0,741381.0,741381.0,1.0,0.0,741381.0,741381.0
Lithuania,29 Production of cement clinker,2017.0,2,734960.0,0.0,0.0,734960.0,734960.0,734960.0,734960.0,734960.0,1.0,0.0,734960.0,734960.0
Lithuania,29 Production of cement clinker,2018.0,2,842751.0,0.0,0.0,842751.0,842751.0,842751.0,842751.0,842751.0,1.0,0.0,842751.0,842751.0
Lithuania,29 Production of cement clinker,2019.0,2,965272.0,0.0,0.0,965272.0,965272.0,965272.0,965272.0,965272.0,1.0,0.0,965272.0,965272.0
Lithuania,29 Production of cement clinker,2020.0,2,875536.0,0.0,0.0,875536.0,875536.0,875536.0,875536.0,875536.0,1.0,0.0,875536.0,875536.0
Lithuania,29 Production of cement clinker,2021.0,2,997056.0,0.0,0.0,997056.0,997056.0,997056.0,997056.0,997056.0,1.0,0.0,997056.0,997056.0
Lithuania,29 Production of cement clinker,2022.0,2,1077011.0,0.0,0.0,1077011.0,1077011.0,1077011.0,1077011.0,1077011.0,1.0,0.0,1077011.0,1077011.0
Lithuania,29 Production of cement clinker,2023.0,2,783849.0,0.0,0.0,783849.0,783849.0,783849.0,783849.0,783849.0,1.0,0.0,783849.0,783849.0
Lithuania,"30 Production of lime, or calcination of dolomite/magnesite",2015.0,2,47229.0,0.0,0.0,47229.0,47229.0,47229.0,47229.0,47229.0,1.0,0.0,47229.0,47229.0
Lithuania,"30 Production of lime, or calcination of dolomite/magnesite",2016.0,2,45637.0,0.0,0.0,45637.0,45637.0,45637.0,45637.0,45637.0,1.0,0.0,45637.0,45637.0
Lithuania,"30 Production of lime, or calcination of dolomite/magnesite",2017.0,2,25236.0,0.0,0.0,25236.0,25236.0,25236.0,25236.0,25236.0,1.0,0.0,25236.0,25236.0
Lithuania,31 Manufacture of glass,2015.0,2,35289.0,0.0,0.0,35289.0,35289.0,35289.0,35289.0,35289.0,1.0,0.0,35289.0,35289.0
Lithuania,31 Manufacture of glass,2016.0,2,37300.0,0.0,0.0,37300.0,37300.0,37300.0,37300.0,37300.0,1.0,0.0,37300.0,37300.0
Lithuania,31 Manufacture of glass,2017.0,2,29247.0,0.0,0.0,29247.0,29247.0,29247.0,29247.0,29247.0,1.0,0.0,29247.0,29247.0
Lithuania,31 Manufacture of glass,2018.0,2,30776.0,0.0,0.0,30776.0,30776.0,30776.0,30776.0,30776.0,1.0,0.0,30776.0,30776.0
Lithuania,31 Manufacture of glass,2019.0,2,32029.0,0.0,0.0,32029.0,32029.0,32029.0,32029.0,32029.0,1.0,0.0,32029.0,32029.0
Lithuania,31 Manufacture of glass,2020.0,2,31104.0,0.0,0.0,31104.0,31104.0,31104.0,31104.0,31104.0,1.0,0.0,31104.0,31104.0
Lithuania,31 Manufacture of glass,2021.0,2,32489.0,0.0,0.0,32489.0,32489.0,32489.0,32489.0,32489.0,1.0,0.0,32489.0,32489.0
Lithuania,31 Manufacture of glass,2022.0,2,34922.0,0.0,0.0,34922.0,34922.0,34922.0,34922.0,34922.0,1.0,0.0,34922.0,34922.0
Lithuania,31 Manufacture of glass,2023.0,2,32226.0,0.0,0.0,32226.0,32226.0,32226.0,32226.0,32226.0,1.0,0.0,32226.0,32226.0
Lithuania,32 Manufacture of ceramics,2015.0,2,5698.0,0.0,0.0,5698.0,5698.0,5698.0,5698.0,5698.0,1.0,0.0,5698.0,5698.0
Lithuania,32 Manufacture of ceramics,2016.0,2,5790.0,0.0,0.0,5790.0,5790.0,5790.0,5790.0,5790.0,1.0,0.0,5790.0,5790.0
Lithuania,32 Manufacture of ceramics,2017.0,2,4899.0,0.0,0.0,4899.0,4899.0,4899.0,4899.0,4899.0,1.0,0.0,4899.0,4899.0
Lithuania,32 Manufacture of ceramics,2018.0,2,5511.0,0.0,0.0,5511.0,5511.0,5511.0,5511.0,5511.0,1.0,0.0,5511.0,5511.0
Lithuania,32 Manufacture of ceramics,2019.0,2,3182.0,0.0,0.0,3182.0,3182.0,3182.0,3182.0,3182.0,1.0,0.0,3182.0,3182.0
Lithuania,32 Manufacture of ceramics,2020.0,2,1378.0,0.0,0.0,1378.0,1378.0,1378.0,1378.0,1378.0,1.0,0.0,1378.0,1378.0
Lithuania,32 Manufacture of ceramics,2021.0,2,3506.0,0.0,0.0,3506.0,3506.0,3506.0,3506.0,3506.0,1.0,0.0,3506.0,3506.0
Lithuania,32 Manufacture of ceramics,2022.0,2,1675.0,0.0,0.0,1675.0,1675.0,1675.0,1675.0,1675.0,1.0,0.0,1675.0,1675.0
Lithuania,32 Manufacture of ceramics,2023.0,2,1671.0,0.0,0.0,1671.0,1671.0,1671.0,1671.0,1671.0,1.0,0.0,1671.0,1671.0
Lithuania,33 Manufacture of mineral wool,2015.0,2,53021.0,0.0,0.0,53021.0,53021.0,53021.0,53021.0,53021.0,1.0,0.0,53021.0,53021.0
Lithuania,33 Manufacture of mineral wool,2016.0,2,59369.0,0.0,0.0,59369.0,59369.0,59369.0,59369.0,59369.0,1.0,0.0,59369.0,59369.0
Lithuania,33 Manufacture of mineral wool,2017.0,2,65867.0,0.0,0.0,65867.0,65867.0,65867.0,65867.0,65867.0,1.0,0.0,65867.0,65867.0
Lithuania,33 Manufacture of mineral wool,2018.0,2,68009.0,0.0,0.0,68009.0,68009.0,68009.0,68009.0,68009.0,1.0,0.0,68009.0,68009.0
Lithuania,33 Manufacture of mineral wool,2019.0,2,62338.0,0.0,0.0,62338.0,62338.0,62338.0,62338.0,62338.0,1.0,0.0,62338.0,62338.0
Lithuania,33 Manufacture of mineral wool,2020.0,2,63745.0,0.0,0.0,63745.0,63745.0,63745.0,63745.0,63745.0,1.0,0.0,63745.0,63745.0
Lithuania,33 Manufacture of mineral wool,2021.0,2,61876.0,0.0,0.0,61876.0,61876.0,61876.0,61876.0,61876.0,1.0,0.0,61876.0,61876.0
Lithuania,33 Manufacture of mineral wool,2022.0,2,58550.0,0.0,0.0,58550.0,58550.0,58550.0,58550.0,58550.0,1.0,0.0,58550.0,58550.0
Lithuania,33 Manufacture of mineral wool,2023.0,2,49235.0,0.0,0.0,49235.0,49235.0,49235.0,49235.0,49235.0,1.0,0.0,49235.0,49235.0
Lithuania,36 Production of paper or cardboard,2015.0,2,9895.0,0.0,0.0,9895.0,9895.0,9895.0,9895.0,9895.0,1.0,0.0,9895.0,9895.0
Lithuania,36 Production of paper or cardboard,2016.0,2,18591.0,0.0,0.0,18591.0,18591.0,18591.0,18591.0,18591.0,1.0,0.0,18591.0,18591.0
Lithuania,36 Production of paper or cardboard,2017.0,2,19459.0,0.0,0.0,19459.0,19459.0,19459.0,19459.0,19459.0,1.0,0.0,19459.0,19459.0
Lithuania,36 Production of paper or cardboard,2018.0,2,21211.0,0.0,0.0,21211.0,21211.0,21211.0,21211.0,21211.0,1.0,0.0,21211.0,21211.0
Lithuania,36 Production of paper or cardboard,2019.0,2,20344.0,0.0,0.0,20344.0,20344.0,20344.0,20344.0,20344.0,1.0,0.0,20344.0,20344.0
Lithuania,36 Production of paper or cardboard,2020.0,2,20471.0,0.0,0.0,20471.0,20471.0,20471.0,20471.0,20471.0,1.0,0.0,20471.0,20471.0
Lithuania,36 Production of paper or cardboard,2021.0,2,19787.0,0.0,0.0,19787.0,19787.0,19787.0,19787.0,19787.0,1.0,0.0,19787.0,19787.0
Lithuania,36 Production of paper or cardboard,2022.0,2,16129.0,0.0,0.0,16129.0,16129.0,16129.0,16129.0,16129.0,1.0,0.0,16129.0,16129.0
Lithuania,36 Production of paper or cardboard,2023.0,2,16651.0,0.0,0.0,16651.0,16651.0,16651.0,16651.0,16651.0,1.0,0.0,16651.0,16651.0
Lithuania,41 Production of ammonia,2015.0,2,2755145.0,0.0,0.0,2755145.0,2755145.0,2755145.0,2755145.0,2755145.0,1.0,0.0,2755145.0,2755145.0
Lithuania,41 Production of ammonia,2016.0,2,2440359.0,0.0,0.0,2440359.0,2440359.0,2440359.0,2440359.0,2440359.0,1.0,0.0,2440359.0,2440359.0
Lithuania,41 Production of ammonia,2017.0,2,2834041.0,0.0,0.0,2834041.0,2834041.0,2834041.0,2834041.0,2834041.0,1.0,0.0,2834041.0,2834041.0
Lithuania,41 Production of ammonia,2018.0,2,2405607.0,0.0,0.0,2405607.0,2405607.0,2405607.0,2405607.0,2405607.0,1.0,0.0,2405607.0,2405607.0
Lithuania,41 Production of ammonia,2019.0,2,2696457.0,0.0,0.0,2696457.0,2696457.0,2696457.0,2696457.0,2696457.0,1.0,0.0,2696457.0,2696457.0
Lithuania,41 Production of ammonia,2020.0,2,2523262.0,0.0,0.0,2523262.0,2523262.0,2523262.0,2523262.0,2523262.0,1.0,0.0,2523262.0,2523262.0
Lithuania,41 Production of ammonia,2021.0,2,2208916.0,0.0,0.0,2208916.0,2208916.0,2208916.0,2208916.0,2208916.0,1.0,0.0,2208916.0,2208916.0
Lithuania,41 Production of ammonia,2022.0,2,1351225.0,0.0,0.0,1351225.0,1351225.0,1351225.0,1351225.0,1351225.0,1.0,0.0,1351225.0,1351225.0
Lithuania,41 Production of ammonia,2023.0,2,1363398.0,0.0,0.0,1363398.0,1363398.0,1363398.0,1363398.0,1363398.0,1.0,0.0,1363398.0,1363398.0
Luxembourg,10 Aviation,2015.0,2,246598.0,0.0,0.0,246598.0,246598.0,246598.0,246598.0,246598.0,1.0,0.0,246598.0,246598.0
Luxembourg,10 Aviation,2016.0,2,249179.0,0.0,0.0,249179.0,249179.0,249179.0,249179.0,249179.0,1.0,0.0,249179.0,249179.0
Luxembourg,10 Aviation,2017.0,2,251781.0,0.0,0.0,251781.0,251781.0,251781.0,251781.0,251781.0,1.0,0.0,251781.0,251781.0
Luxembourg,10 Aviation,2018.0,2,263621.0,0.0,0.0,263621.0,263621.0,263621.0,263621.0,263621.0,1.0,0.0,263621.0,263621.0
Luxembourg,10 Aviation,2019.0,2,265155.0,0.0,0.0,265155.0,265155.0,265155.0,265155.0,265155.0,1.0,0.0,265155.0,265155.0
Luxembourg,10 Aviation,2020.0,3,85542.0,59014.942294303735,0.6898943477391659,26917.2,64156.5,126222.0,127267.5,127894.8,4.751415451830057,-0.3279013038429466,2091.0,128313.0
Luxembourg,10 Aviation,2021.0,3,103108.66666666667,71151.1959343544,0.6900602852752863,32430.2,77331.5,152167.0,153415.0,154163.8,4.753711047110409,-0.32795389545872844,2496.0,154663.0
Luxembourg,10 Aviation,2022.0,3,151122.0,103510.4064365833,0.6849459803111612,48193.8,113341.5,221921.0,224302.0,225730.6,4.683809950657554,-0.3263308967442051,4762.0,226683.0
Luxembourg,10 Aviation,2023.0,3,167898.0,114606.63344094297,0.6825967756670298,53882.4,125923.5,245992.0,248919.5,250676.0,4.652279779668315,-0.3255839193372696,5855.0,251847.0
Luxembourg,20 Combustion of fuels,2015.0,2,419171.0,0.0,0.0,419171.0,419171.0,419171.0,419171.0,419171.0,1.0,0.0,419171.0,419171.0
Luxembourg,20 Combustion of fuels,2016.0,2,215750.0,0.0,0.0,215750.0,215750.0,215750.0,215750.0,215750.0,1.0,0.0,215750.0,215750.0
Luxembourg,20 Combustion of fuels,2017.0,2,200555.0,0.0,0.0,200555.0,200555.0,200555.0,200555.0,200555.0,1.0,0.0,200555.0,200555.0
Luxembourg,20 Combustion of fuels,2018.0,2,186172.0,0.0,0.0,186172.0,186172.0,186172.0,186172.0,186172.0,1.0,0.0,186172.0,186172.0
Luxembourg,20 Combustion of fuels,2019.0,2,201233.0,0.0,0.0,201233.0,201233.0,201233.0,201233.0,201233.0,1.0,0.0,201233.0,201233.0
Luxembourg,20 Combustion of fuels,2020.0,2,206538.0,0.0,0.0,206538.0,206538.0,206538.0,206538.0,206538.0,1.0,0.0,206538.0,206538.0
Luxembourg,20 Combustion of fuels,2021.0,2,216661.0,0.0,0.0,216661.0,216661.0,216661.0,216661.0,216661.0,1.0,0.0,216661.0,216661.0
Luxembourg,20 Combustion of fuels,2022.0,2,176087.0,0.0,0.0,176087.0,176087.0,176087.0,176087.0,176087.0,1.0,0.0,176087.0,176087.0
Luxembourg,20 Combustion of fuels,2023.0,2,145163.0,0.0,0.0,145163.0,145163.0,145163.0,145163.0,145163.0,1.0,0.0,145163.0,145163.0
Luxembourg,20-99 All stationary installations,2015.0,2,1660832.0,0.0,0.0,1660832.0,1660832.0,1660832.0,1660832.0,1660832.0,1.0,0.0,1660832.0,1660832.0
Luxembourg,20-99 All stationary installations,2016.0,2,1503325.0,0.0,0.0,1503325.0,1503325.0,1503325.0,1503325.0,1503325.0,1.0,0.0,1503325.0,1503325.0
Luxembourg,20-99 All stationary installations,2017.0,2,1492043.0,0.0,0.0,1492043.0,1492043.0,1492043.0,1492043.0,1492043.0,1.0,0.0,1492043.0,1492043.0
Luxembourg,20-99 All stationary installations,2018.0,2,1468882.0,0.0,0.0,1468882.0,1468882.0,1468882.0,1468882.0,1468882.0,1.0,0.0,1468882.0,1468882.0
Luxembourg,20-99 All stationary installations,2019.0,2,1496236.0,0.0,0.0,1496236.0,1496236.0,1496236.0,1496236.0,1496236.0,1.0,0.0,1496236.0,1496236.0
Luxembourg,20-99 All stationary installations,2020.0,2,1376500.0,0.0,0.0,1376500.0,1376500.0,1376500.0,1376500.0,1376500.0,1.0,0.0,1376500.0,1376500.0
Luxembourg,20-99 All stationary installations,2021.0,2,1317495.0,0.0,0.0,1317495.0,1317495.0,1317495.0,1317495.0,1317495.0,1.0,0.0,1317495.0,1317495.0
Luxembourg,20-99 All stationary installations,2022.0,2,1133548.0,0.0,0.0,1133548.0,1133548.0,1133548.0,1133548.0,1133548.0,1.0,0.0,1133548.0,1133548.0
Luxembourg,20-99 All stationary installations,2023.0,2,888989.0,0.0,0.0,888989.0,888989.0,888989.0,888989.0,888989.0,1.0,0.0,888989.0,888989.0
Luxembourg,21-99 All industrial installations (excl. combustion),2015.0,2,1241661.0,0.0,0.0,1241661.0,1241661.0,1241661.0,1241661.0,1241661.0,1.0,0.0,1241661.0,1241661.0
Luxembourg,21-99 All industrial installations (excl. combustion),2016.0,2,1287575.0,0.0,0.0,1287575.0,1287575.0,1287575.0,1287575.0,1287575.0,1.0,0.0,1287575.0,1287575.0
Luxembourg,21-99 All industrial installations (excl. combustion),2017.0,2,1291488.0,0.0,0.0,1291488.0,1291488.0,1291488.0,1291488.0,1291488.0,1.0,0.0,1291488.0,1291488.0
Luxembourg,21-99 All industrial installations (excl. combustion),2018.0,2,1282710.0,0.0,0.0,1282710.0,1282710.0,1282710.0,1282710.0,1282710.0,1.0,0.0,1282710.0,1282710.0
Luxembourg,21-99 All industrial installations (excl. combustion),2019.0,2,1295003.0,0.0,0.0,1295003.0,1295003.0,1295003.0,1295003.0,1295003.0,1.0,0.0,1295003.0,1295003.0
Luxembourg,21-99 All industrial installations (excl. combustion),2020.0,2,1169962.0,0.0,0.0,1169962.0,1169962.0,1169962.0,1169962.0,1169962.0,1.0,0.0,1169962.0,1169962.0
Luxembourg,21-99 All industrial installations (excl. combustion),2021.0,2,1100834.0,0.0,0.0,1100834.0,1100834.0,1100834.0,1100834.0,1100834.0,1.0,0.0,1100834.0,1100834.0
Luxembourg,21-99 All industrial installations (excl. combustion),2022.0,2,957461.0,0.0,0.0,957461.0,957461.0,957461.0,957461.0,957461.0,1.0,0.0,957461.0,957461.0
Luxembourg,21-99 All industrial installations (excl. combustion),2023.0,2,743826.0,0.0,0.0,743826.0,743826.0,743826.0,743826.0,743826.0,1.0,0.0,743826.0,743826.0
Luxembourg,24  Production of pig iron or steel,2015.0,2,385062.0,0.0,0.0,385062.0,385062.0,385062.0,385062.0,385062.0,1.0,0.0,385062.0,385062.0
Luxembourg,24  Production of pig iron or steel,2016.0,2,382045.0,0.0,0.0,382045.0,382045.0,382045.0,382045.0,382045.0,1.0,0.0,382045.0,382045.0
Luxembourg,24  Production of pig iron or steel,2017.0,2,376127.0,0.0,0.0,376127.0,376127.0,376127.0,376127.0,376127.0,1.0,0.0,376127.0,376127.0
Luxembourg,24  Production of pig iron or steel,2018.0,2,375410.0,0.0,0.0,375410.0,375410.0,375410.0,375410.0,375410.0,1.0,0.0,375410.0,375410.0
Luxembourg,24  Production of pig iron or steel,2019.0,2,359406.0,0.0,0.0,359406.0,359406.0,359406.0,359406.0,359406.0,1.0,0.0,359406.0,359406.0
Luxembourg,24  Production of pig iron or steel,2020.0,2,326864.0,0.0,0.0,326864.0,326864.0,326864.0,326864.0,326864.0,1.0,0.0,326864.0,326864.0
Luxembourg,24  Production of pig iron or steel,2021.0,2,341284.0,0.0,0.0,341284.0,341284.0,341284.0,341284.0,341284.0,1.0,0.0,341284.0,341284.0
Luxembourg,24  Production of pig iron or steel,2022.0,2,289961.0,0.0,0.0,289961.0,289961.0,289961.0,289961.0,289961.0,1.0,0.0,289961.0,289961.0
Luxembourg,24  Production of pig iron or steel,2023.0,2,298824.0,0.0,0.0,298824.0,298824.0,298824.0,298824.0,298824.0,1.0,0.0,298824.0,298824.0
Luxembourg,25 Production or processing of ferrous metals,2015.0,2,48058.0,0.0,0.0,48058.0,48058.0,48058.0,48058.0,48058.0,1.0,0.0,48058.0,48058.0
Luxembourg,25 Production or processing of ferrous metals,2016.0,2,49186.0,0.0,0.0,49186.0,49186.0,49186.0,49186.0,49186.0,1.0,0.0,49186.0,49186.0
Luxembourg,25 Production or processing of ferrous metals,2017.0,2,49444.0,0.0,0.0,49444.0,49444.0,49444.0,49444.0,49444.0,1.0,0.0,49444.0,49444.0
Luxembourg,25 Production or processing of ferrous metals,2018.0,2,51869.0,0.0,0.0,51869.0,51869.0,51869.0,51869.0,51869.0,1.0,0.0,51869.0,51869.0
Luxembourg,25 Production or processing of ferrous metals,2019.0,2,44290.0,0.0,0.0,44290.0,44290.0,44290.0,44290.0,44290.0,1.0,0.0,44290.0,44290.0
Luxembourg,25 Production or processing of ferrous metals,2020.0,2,33315.0,0.0,0.0,33315.0,33315.0,33315.0,33315.0,33315.0,1.0,0.0,33315.0,33315.0
Luxembourg,25 Production or processing of ferrous metals,2021.0,2,28297.0,0.0,0.0,28297.0,28297.0,28297.0,28297.0,28297.0,1.0,0.0,28297.0,28297.0
Luxembourg,25 Production or processing of ferrous metals,2022.0,2,19457.0,0.0,0.0,19457.0,19457.0,19457.0,19457.0,19457.0,1.0,0.0,19457.0,19457.0
Luxembourg,25 Production or processing of ferrous metals,2023.0,2,18149.0,0.0,0.0,18149.0,18149.0,18149.0,18149.0,18149.0,1.0,0.0,18149.0,18149.0
Luxembourg,27 Production of secondary aluminium,2015.0,2,38807.0,0.0,0.0,38807.0,38807.0,38807.0,38807.0,38807.0,1.0,0.0,38807.0,38807.0
Luxembourg,27 Production of secondary aluminium,2016.0,2,41254.0,0.0,0.0,41254.0,41254.0,41254.0,41254.0,41254.0,1.0,0.0,41254.0,41254.0
Luxembourg,27 Production of secondary aluminium,2017.0,2,41898.0,0.0,0.0,41898.0,41898.0,41898.0,41898.0,41898.0,1.0,0.0,41898.0,41898.0
Luxembourg,27 Production of secondary aluminium,2018.0,2,40375.0,0.0,0.0,40375.0,40375.0,40375.0,40375.0,40375.0,1.0,0.0,40375.0,40375.0
Luxembourg,27 Production of secondary aluminium,2019.0,2,37809.0,0.0,0.0,37809.0,37809.0,37809.0,37809.0,37809.0,1.0,0.0,37809.0,37809.0
Luxembourg,27 Production of secondary aluminium,2020.0,2,33281.0,0.0,0.0,33281.0,33281.0,33281.0,33281.0,33281.0,1.0,0.0,33281.0,33281.0
Luxembourg,27 Production of secondary aluminium,2021.0,2,37635.0,0.0,0.0,37635.0,37635.0,37635.0,37635.0,37635.0,1.0,0.0,37635.0,37635.0
Luxembourg,27 Production of secondary aluminium,2022.0,2,38511.0,0.0,0.0,38511.0,38511.0,38511.0,38511.0,38511.0,1.0,0.0,38511.0,38511.0
Luxembourg,27 Production of secondary aluminium,2023.0,2,32318.0,0.0,0.0,32318.0,32318.0,32318.0,32318.0,32318.0,1.0,0.0,32318.0,32318.0
Luxembourg,29 Production of cement clinker,2015.0,2,548004.0,0.0,0.0,548004.0,548004.0,548004.0,548004.0,548004.0,1.0,0.0,548004.0,548004.0
Luxembourg,29 Production of cement clinker,2016.0,2,590961.0,0.0,0.0,590961.0,590961.0,590961.0,590961.0,590961.0,1.0,0.0,590961.0,590961.0
Luxembourg,29 Production of cement clinker,2017.0,2,599382.0,0.0,0.0,599382.0,599382.0,599382.0,599382.0,599382.0,1.0,0.0,599382.0,599382.0
Luxembourg,29 Production of cement clinker,2018.0,2,591441.0,0.0,0.0,591441.0,591441.0,591441.0,591441.0,591441.0,1.0,0.0,591441.0,591441.0
Luxembourg,29 Production of cement clinker,2019.0,2,631987.0,0.0,0.0,631987.0,631987.0,631987.0,631987.0,631987.0,1.0,0.0,631987.0,631987.0
Luxembourg,29 Production of cement clinker,2020.0,2,628887.0,0.0,0.0,628887.0,628887.0,628887.0,628887.0,628887.0,1.0,0.0,628887.0,628887.0
Luxembourg,29 Production of cement clinker,2021.0,2,579821.0,0.0,0.0,579821.0,579821.0,579821.0,579821.0,579821.0,1.0,0.0,579821.0,579821.0
Luxembourg,29 Production of cement clinker,2022.0,2,598831.0,0.0,0.0,598831.0,598831.0,598831.0,598831.0,598831.0,1.0,0.0,598831.0,598831.0
Luxembourg,29 Production of cement clinker,2023.0,2,381202.0,0.0,0.0,381202.0,381202.0,381202.0,381202.0,381202.0,1.0,0.0,381202.0,381202.0
Luxembourg,31 Manufacture of glass,2015.0,2,221730.0,0.0,0.0,221730.0,221730.0,221730.0,221730.0,221730.0,1.0,0.0,221730.0,221730.0
Luxembourg,31 Manufacture of glass,2016.0,2,224129.0,0.0,0.0,224129.0,224129.0,224129.0,224129.0,224129.0,1.0,0.0,224129.0,224129.0
Luxembourg,31 Manufacture of glass,2017.0,2,224637.0,0.0,0.0,224637.0,224637.0,224637.0,224637.0,224637.0,1.0,0.0,224637.0,224637.0
Luxembourg,31 Manufacture of glass,2018.0,2,223615.0,0.0,0.0,223615.0,223615.0,223615.0,223615.0,223615.0,1.0,0.0,223615.0,223615.0
Luxembourg,31 Manufacture of glass,2019.0,2,221511.0,0.0,0.0,221511.0,221511.0,221511.0,221511.0,221511.0,1.0,0.0,221511.0,221511.0
Luxembourg,31 Manufacture of glass,2020.0,2,147615.0,0.0,0.0,147615.0,147615.0,147615.0,147615.0,147615.0,1.0,0.0,147615.0,147615.0
Luxembourg,31 Manufacture of glass,2021.0,2,113797.0,0.0,0.0,113797.0,113797.0,113797.0,113797.0,113797.0,1.0,0.0,113797.0,113797.0
Luxembourg,31 Manufacture of glass,2022.0,2,10701.0,0.0,0.0,10701.0,10701.0,10701.0,10701.0,10701.0,1.0,0.0,10701.0,10701.0
Luxembourg,31 Manufacture of glass,2023.0,2,13333.0,0.0,0.0,13333.0,13333.0,13333.0,13333.0,13333.0,1.0,0.0,13333.0,13333.0
Malta,10 Aviation,2015.0,2,255616.0,0.0,0.0,255616.0,255616.0,255616.0,255616.0,255616.0,1.0,0.0,255616.0,255616.0
Malta,10 Aviation,2016.0,2,261774.0,0.0,0.0,261774.0,261774.0,261774.0,261774.0,261774.0,1.0,0.0,261774.0,261774.0
Malta,10 Aviation,2017.0,2,263220.0,0.0,0.0,263220.0,263220.0,263220.0,263220.0,263220.0,1.0,0.0,263220.0,263220.0
Malta,10 Aviation,2018.0,2,340908.0,0.0,0.0,340908.0,340908.0,340908.0,340908.0,340908.0,1.0,0.0,340908.0,340908.0
Malta,10 Aviation,2019.0,2,389164.0,0.0,0.0,389164.0,389164.0,389164.0,389164.0,389164.0,1.0,0.0,389164.0,389164.0
Malta,10 Aviation,2020.0,3,129864.66666666667,87226.52115931,0.6716724679485053,42899.0,97398.5,188231.0,191514.0,193483.8,4.510217021375789,-0.3220977051323515,6566.0,194797.0
Malta,10 Aviation,2021.0,3,173583.33333333334,117649.18078290595,0.6777677241454015,56428.0,130187.5,253120.0,256747.5,258924.0,4.588573048841001,-0.3240454472715635,7255.0,260375.0
Malta,10 Aviation,2022.0,3,342092.0,232977.90161729933,0.6810387311521442,110243.40000000001,256569.0,500445.0,506791.5,510599.4,4.631564338545436,-0.32508798802661265,12693.0,513138.0
Malta,10 Aviation,2023.0,3,857940.0,594423.4736751233,0.6928497023977472,267796.80000000005,643455.0,1269552.0,1278231.0,1283438.4,4.792583033105696,-0.32883729242915183,17358.0,1286910.0
Malta,20 Combustion of fuels,2015.0,2,889614.0,0.0,0.0,889614.0,889614.0,889614.0,889614.0,889614.0,1.0,0.0,889614.0,889614.0
Malta,20 Combustion of fuels,2016.0,2,579539.0,0.0,0.0,579539.0,579539.0,579539.0,579539.0,579539.0,1.0,0.0,579539.0,579539.0
Malta,20 Combustion of fuels,2017.0,2,723997.0,0.0,0.0,723997.0,723997.0,723997.0,723997.0,723997.0,1.0,0.0,723997.0,723997.0
Malta,20 Combustion of fuels,2018.0,2,698028.0,0.0,0.0,698028.0,698028.0,698028.0,698028.0,698028.0,1.0,0.0,698028.0,698028.0
Malta,20 Combustion of fuels,2019.0,2,739362.0,0.0,0.0,739362.0,739362.0,739362.0,739362.0,739362.0,1.0,0.0,739362.0,739362.0
Malta,20 Combustion of fuels,2020.0,2,810207.0,0.0,0.0,810207.0,810207.0,810207.0,810207.0,810207.0,1.0,0.0,810207.0,810207.0
Malta,20 Combustion of fuels,2021.0,2,771044.0,0.0,0.0,771044.0,771044.0,771044.0,771044.0,771044.0,1.0,0.0,771044.0,771044.0
Malta,20 Combustion of fuels,2022.0,2,796530.0,0.0,0.0,796530.0,796530.0,796530.0,796530.0,796530.0,1.0,0.0,796530.0,796530.0
Malta,20 Combustion of fuels,2023.0,2,797185.0,0.0,0.0,797185.0,797185.0,797185.0,797185.0,797185.0,1.0,0.0,797185.0,797185.0
Malta,20-99 All stationary installations,2015.0,2,889614.0,0.0,0.0,889614.0,889614.0,889614.0,889614.0,889614.0,1.0,0.0,889614.0,889614.0
Malta,20-99 All stationary installations,2016.0,2,579539.0,0.0,0.0,579539.0,579539.0,579539.0,579539.0,579539.0,1.0,0.0,579539.0,579539.0
Malta,20-99 All stationary installations,2017.0,2,723997.0,0.0,0.0,723997.0,723997.0,723997.0,723997.0,723997.0,1.0,0.0,723997.0,723997.0
Malta,20-99 All stationary installations,2018.0,2,698028.0,0.0,0.0,698028.0,698028.0,698028.0,698028.0,698028.0,1.0,0.0,698028.0,698028.0
Malta,20-99 All stationary installations,2019.0,2,739362.0,0.0,0.0,739362.0,739362.0,739362.0,739362.0,739362.0,1.0,0.0,739362.0,739362.0
Malta,20-99 All stationary installations,2020.0,2,810207.0,0.0,0.0,810207.0,810207.0,810207.0,810207.0,810207.0,1.0,0.0,810207.0,810207.0
Malta,20-99 All stationary installations,2021.0,2,771044.0,0.0,0.0,771044.0,771044.0,771044.0,771044.0,771044.0,1.0,0.0,771044.0,771044.0
Malta,20-99 All stationary installations,2022.0,2,796530.0,0.0,0.0,796530.0,796530.0,796530.0,796530.0,796530.0,1.0,0.0,796530.0,796530.0
Malta,20-99 All stationary installations,2023.0,2,797185.0,0.0,0.0,797185.0,797185.0,797185.0,797185.0,797185.0,1.0,0.0,797185.0,797185.0
Netherlands,10 Aviation,2015.0,2,2344780.0,0.0,0.0,2344780.0,2344780.0,2344780.0,2344780.0,2344780.0,1.0,0.0,2344780.0,2344780.0
Netherlands,10 Aviation,2016.0,2,2598849.0,0.0,0.0,2598849.0,2598849.0,2598849.0,2598849.0,2598849.0,1.0,0.0,2598849.0,2598849.0
Netherlands,10 Aviation,2017.0,2,2826984.0,0.0,0.0,2826984.0,2826984.0,2826984.0,2826984.0,2826984.0,1.0,0.0,2826984.0,2826984.0
Netherlands,10 Aviation,2018.0,2,2841237.0,0.0,0.0,2841237.0,2841237.0,2841237.0,2841237.0,2841237.0,1.0,0.0,2841237.0,2841237.0
Netherlands,10 Aviation,2019.0,2,2938207.0,0.0,0.0,2938207.0,2938207.0,2938207.0,2938207.0,2938207.0,1.0,0.0,2938207.0,2938207.0
Netherlands,10 Aviation,2020.0,3,842351.3333333334,582645.435667544,0.6916893374667229,263766.4,631763.5,1245092.0,1254309.5,1259840.0,4.776347556019265,-0.32846996278406926,18435.0,1263527.0
Netherlands,10 Aviation,2021.0,3,1100834.6666666667,765230.5764035366,0.6951366990654999,341463.80000000005,825626.0,1632563.0,1641907.5,1647514.2,4.824857569089314,-0.32956064045140687,18689.0,1651252.0
Netherlands,10 Aviation,2022.0,3,1614442.6666666667,1120139.9073396542,0.6938245194252717,502586.60000000003,1210832.0,2391241.0,2406452.5,2415579.4,4.806294875350835,-0.32914571688447825,30423.0,2421664.0
Netherlands,10 Aviation,2023.0,3,1794923.3333333333,1245274.724744794,0.693775996789906,558845.8,1346192.5,2658437.0,2675411.0,2685595.4,4.8056107785009745,-0.3291303683041862,33948.0,2692385.0
Netherlands,20 Combustion of fuels,2015.0,2,63836367.0,0.0,0.0,63836367.0,63836367.0,63836367.0,63836367.0,63836367.0,1.0,0.0,63836367.0,63836367.0
Netherlands,20 Combustion of fuels,2016.0,2,64046207.0,0.0,0.0,64046207.0,64046207.0,64046207.0,64046207.0,64046207.0,1.0,0.0,64046207.0,64046207.0
Netherlands,20 Combustion of fuels,2017.0,2,61185907.0,0.0,0.0,61185907.0,61185907.0,61185907.0,61185907.0,61185907.0,1.0,0.0,61185907.0,61185907.0
Netherlands,20 Combustion of fuels,2018.0,2,57799295.0,0.0,0.0,57799295.0,57799295.0,57799295.0,57799295.0,57799295.0,1.0,0.0,57799295.0,57799295.0
Netherlands,20 Combustion of fuels,2019.0,2,53802472.0,0.0,0.0,53802472.0,53802472.0,53802472.0,53802472.0,53802472.0,1.0,0.0,53802472.0,53802472.0
Netherlands,20 Combustion of fuels,2020.0,2,46518719.0,0.0,0.0,46518719.0,46518719.0,46518719.0,46518719.0,46518719.0,1.0,0.0,46518719.0,46518719.0
Netherlands,20 Combustion of fuels,2021.0,2,44182520.0,0.0,0.0,44182520.0,44182520.0,44182520.0,44182520.0,44182520.0,1.0,0.0,44182520.0,44182520.0
Netherlands,20 Combustion of fuels,2022.0,2,40673219.0,0.0,0.0,40673219.0,40673219.0,40673219.0,40673219.0,40673219.0,1.0,0.0,40673219.0,40673219.0
Netherlands,20 Combustion of fuels,2023.0,2,33185800.0,0.0,0.0,33185800.0,33185800.0,33185800.0,33185800.0,33185800.0,1.0,0.0,33185800.0,33185800.0
Netherlands,20-99 All stationary installations,2015.0,2,94114484.0,0.0,0.0,94114484.0,94114484.0,94114484.0,94114484.0,94114484.0,1.0,0.0,94114484.0,94114484.0
Netherlands,20-99 All stationary installations,2016.0,2,93878244.0,0.0,0.0,93878244.0,93878244.0,93878244.0,93878244.0,93878244.0,1.0,0.0,93878244.0,93878244.0
Netherlands,20-99 All stationary installations,2017.0,2,91438310.0,0.0,0.0,91438310.0,91438310.0,91438310.0,91438310.0,91438310.0,1.0,0.0,91438310.0,91438310.0
Netherlands,20-99 All stationary installations,2018.0,2,87412803.0,0.0,0.0,87412803.0,87412803.0,87412803.0,87412803.0,87412803.0,1.0,0.0,87412803.0,87412803.0
Netherlands,20-99 All stationary installations,2019.0,2,83751955.0,0.0,0.0,83751955.0,83751955.0,83751955.0,83751955.0,83751955.0,1.0,0.0,83751955.0,83751955.0
Netherlands,20-99 All stationary installations,2020.0,2,74121711.0,0.0,0.0,74121711.0,74121711.0,74121711.0,74121711.0,74121711.0,1.0,0.0,74121711.0,74121711.0
Netherlands,20-99 All stationary installations,2021.0,2,74133961.0,0.0,0.0,74133961.0,74133961.0,74133961.0,74133961.0,74133961.0,1.0,0.0,74133961.0,74133961.0
Netherlands,20-99 All stationary installations,2022.0,2,68506810.0,0.0,0.0,68506810.0,68506810.0,68506810.0,68506810.0,68506810.0,1.0,0.0,68506810.0,68506810.0
Netherlands,20-99 All stationary installations,2023.0,2,58879094.0,0.0,0.0,58879094.0,58879094.0,58879094.0,58879094.0,58879094.0,1.0,0.0,58879094.0,58879094.0
Netherlands,21  Refining of mineral oil,2015.0,2,11231654.0,0.0,0.0,11231654.0,11231654.0,11231654.0,11231654.0,11231654.0,1.0,0.0,11231654.0,11231654.0
Netherlands,21  Refining of mineral oil,2016.0,2,10769354.0,0.0,0.0,10769354.0,10769354.0,10769354.0,10769354.0,10769354.0,1.0,0.0,10769354.0,10769354.0
Netherlands,21  Refining of mineral oil,2017.0,2,10236037.0,0.0,0.0,10236037.0,10236037.0,10236037.0,10236037.0,10236037.0,1.0,0.0,10236037.0,10236037.0
Netherlands,21  Refining of mineral oil,2018.0,2,10285382.0,0.0,0.0,10285382.0,10285382.0,10285382.0,10285382.0,10285382.0,1.0,0.0,10285382.0,10285382.0
Netherlands,21  Refining of mineral oil,2019.0,2,11111112.0,0.0,0.0,11111112.0,11111112.0,11111112.0,11111112.0,11111112.0,1.0,0.0,11111112.0,11111112.0
Netherlands,21  Refining of mineral oil,2020.0,2,10335409.0,0.0,0.0,10335409.0,10335409.0,10335409.0,10335409.0,10335409.0,1.0,0.0,10335409.0,10335409.0
Netherlands,21  Refining of mineral oil,2021.0,2,11838615.0,0.0,0.0,11838615.0,11838615.0,11838615.0,11838615.0,11838615.0,1.0,0.0,11838615.0,11838615.0
Netherlands,21  Refining of mineral oil,2022.0,2,11647317.0,0.0,0.0,11647317.0,11647317.0,11647317.0,11647317.0,11647317.0,1.0,0.0,11647317.0,11647317.0
Netherlands,21  Refining of mineral oil,2023.0,2,11557717.0,0.0,0.0,11557717.0,11557717.0,11557717.0,11557717.0,11557717.0,1.0,0.0,11557717.0,11557717.0
Netherlands,21-99 All industrial installations (excl. combustion),2015.0,2,30278117.0,0.0,0.0,30278117.0,30278117.0,30278117.0,30278117.0,30278117.0,1.0,0.0,30278117.0,30278117.0
Netherlands,21-99 All industrial installations (excl. combustion),2016.0,2,29832037.0,0.0,0.0,29832037.0,29832037.0,29832037.0,29832037.0,29832037.0,1.0,0.0,29832037.0,29832037.0
Netherlands,21-99 All industrial installations (excl. combustion),2017.0,2,30252403.0,0.0,0.0,30252403.0,30252403.0,30252403.0,30252403.0,30252403.0,1.0,0.0,30252403.0,30252403.0
Netherlands,21-99 All industrial installations (excl. combustion),2018.0,2,29613508.0,0.0,0.0,29613508.0,29613508.0,29613508.0,29613508.0,29613508.0,1.0,0.0,29613508.0,29613508.0
Netherlands,21-99 All industrial installations (excl. combustion),2019.0,2,29949483.0,0.0,0.0,29949483.0,29949483.0,29949483.0,29949483.0,29949483.0,1.0,0.0,29949483.0,29949483.0
Netherlands,21-99 All industrial installations (excl. combustion),2020.0,2,27602992.0,0.0,0.0,27602992.0,27602992.0,27602992.0,27602992.0,27602992.0,1.0,0.0,27602992.0,27602992.0
Netherlands,21-99 All industrial installations (excl. combustion),2021.0,2,29951441.0,0.0,0.0,29951441.0,29951441.0,29951441.0,29951441.0,29951441.0,1.0,0.0,29951441.0,29951441.0
Netherlands,21-99 All industrial installations (excl. combustion),2022.0,2,27833591.0,0.0,0.0,27833591.0,27833591.0,27833591.0,27833591.0,27833591.0,1.0,0.0,27833591.0,27833591.0
Netherlands,21-99 All industrial installations (excl. combustion),2023.0,2,25693294.0,0.0,0.0,25693294.0,25693294.0,25693294.0,25693294.0,25693294.0,1.0,0.0,25693294.0,25693294.0
Netherlands,23 Metal ore roasting or sintering,2020.0,2,4514.0,0.0,0.0,4514.0,4514.0,4514.0,4514.0,4514.0,1.0,0.0,4514.0,4514.0
Netherlands,23 Metal ore roasting or sintering,2021.0,2,8978.0,0.0,0.0,8978.0,8978.0,8978.0,8978.0,8978.0,1.0,0.0,8978.0,8978.0
Netherlands,23 Metal ore roasting or sintering,2022.0,2,8619.0,0.0,0.0,8619.0,8619.0,8619.0,8619.0,8619.0,1.0,0.0,8619.0,8619.0
Netherlands,23 Metal ore roasting or sintering,2023.0,2,9236.0,0.0,0.0,9236.0,9236.0,9236.0,9236.0,9236.0,1.0,0.0,9236.0,9236.0
Netherlands,24  Production of pig iron or steel,2015.0,2,6334845.0,0.0,0.0,6334845.0,6334845.0,6334845.0,6334845.0,6334845.0,1.0,0.0,6334845.0,6334845.0
Netherlands,24  Production of pig iron or steel,2016.0,2,6337834.0,0.0,0.0,6337834.0,6337834.0,6337834.0,6337834.0,6337834.0,1.0,0.0,6337834.0,6337834.0
Netherlands,24  Production of pig iron or steel,2017.0,2,6991051.0,0.0,0.0,6991051.0,6991051.0,6991051.0,6991051.0,6991051.0,1.0,0.0,6991051.0,6991051.0
Netherlands,24  Production of pig iron or steel,2018.0,2,6616886.0,0.0,0.0,6616886.0,6616886.0,6616886.0,6616886.0,6616886.0,1.0,0.0,6616886.0,6616886.0
Netherlands,24  Production of pig iron or steel,2019.0,2,6367148.0,0.0,0.0,6367148.0,6367148.0,6367148.0,6367148.0,6367148.0,1.0,0.0,6367148.0,6367148.0
Netherlands,24  Production of pig iron or steel,2020.0,2,5803651.0,0.0,0.0,5803651.0,5803651.0,5803651.0,5803651.0,5803651.0,1.0,0.0,5803651.0,5803651.0
Netherlands,24  Production of pig iron or steel,2021.0,2,5977808.0,0.0,0.0,5977808.0,5977808.0,5977808.0,5977808.0,5977808.0,1.0,0.0,5977808.0,5977808.0
Netherlands,24  Production of pig iron or steel,2022.0,2,5839311.0,0.0,0.0,5839311.0,5839311.0,5839311.0,5839311.0,5839311.0,1.0,0.0,5839311.0,5839311.0
Netherlands,24  Production of pig iron or steel,2023.0,2,4559983.0,0.0,0.0,4559983.0,4559983.0,4559983.0,4559983.0,4559983.0,1.0,0.0,4559983.0,4559983.0
Netherlands,26 Production of primary aluminium,2015.0,2,62399.0,0.0,0.0,62399.0,62399.0,62399.0,62399.0,62399.0,1.0,0.0,62399.0,62399.0
Netherlands,26 Production of primary aluminium,2016.0,2,81015.0,0.0,0.0,81015.0,81015.0,81015.0,81015.0,81015.0,1.0,0.0,81015.0,81015.0
Netherlands,26 Production of primary aluminium,2017.0,2,70885.0,0.0,0.0,70885.0,70885.0,70885.0,70885.0,70885.0,1.0,0.0,70885.0,70885.0
Netherlands,26 Production of primary aluminium,2018.0,2,106435.0,0.0,0.0,106435.0,106435.0,106435.0,106435.0,106435.0,1.0,0.0,106435.0,106435.0
Netherlands,26 Production of primary aluminium,2019.0,2,171912.0,0.0,0.0,171912.0,171912.0,171912.0,171912.0,171912.0,1.0,0.0,171912.0,171912.0
Netherlands,26 Production of primary aluminium,2020.0,2,151125.0,0.0,0.0,151125.0,151125.0,151125.0,151125.0,151125.0,1.0,0.0,151125.0,151125.0
Netherlands,26 Production of primary aluminium,2021.0,2,102553.0,0.0,0.0,102553.0,102553.0,102553.0,102553.0,102553.0,1.0,0.0,102553.0,102553.0
Netherlands,26 Production of primary aluminium,2022.0,2,14996.0,0.0,0.0,14996.0,14996.0,14996.0,14996.0,14996.0,1.0,0.0,14996.0,14996.0
Netherlands,26 Production of primary aluminium,2023.0,2,21.0,0.0,0.0,21.0,21.0,21.0,21.0,21.0,1.0,0.0,21.0,21.0
Netherlands,27 Production of secondary aluminium,2015.0,2,63927.0,0.0,0.0,63927.0,63927.0,63927.0,63927.0,63927.0,1.0,0.0,63927.0,63927.0
Netherlands,27 Production of secondary aluminium,2016.0,2,93941.0,0.0,0.0,93941.0,93941.0,93941.0,93941.0,93941.0,1.0,0.0,93941.0,93941.0
Netherlands,27 Production of secondary aluminium,2017.0,2,101329.0,0.0,0.0,101329.0,101329.0,101329.0,101329.0,101329.0,1.0,0.0,101329.0,101329.0
Netherlands,27 Production of secondary aluminium,2018.0,2,94009.0,0.0,0.0,94009.0,94009.0,94009.0,94009.0,94009.0,1.0,0.0,94009.0,94009.0
Netherlands,27 Production of secondary aluminium,2019.0,2,82524.0,0.0,0.0,82524.0,82524.0,82524.0,82524.0,82524.0,1.0,0.0,82524.0,82524.0
Netherlands,27 Production of secondary aluminium,2020.0,2,92152.0,0.0,0.0,92152.0,92152.0,92152.0,92152.0,92152.0,1.0,0.0,92152.0,92152.0
Netherlands,27 Production of secondary aluminium,2021.0,2,91367.0,0.0,0.0,91367.0,91367.0,91367.0,91367.0,91367.0,1.0,0.0,91367.0,91367.0
Netherlands,27 Production of secondary aluminium,2022.0,2,89755.0,0.0,0.0,89755.0,89755.0,89755.0,89755.0,89755.0,1.0,0.0,89755.0,89755.0
Netherlands,27 Production of secondary aluminium,2023.0,2,77204.0,0.0,0.0,77204.0,77204.0,77204.0,77204.0,77204.0,1.0,0.0,77204.0,77204.0
Netherlands,28 Production or processing of non-ferrous metals,2015.0,2,42428.0,0.0,0.0,42428.0,42428.0,42428.0,42428.0,42428.0,1.0,0.0,42428.0,42428.0
Netherlands,28 Production or processing of non-ferrous metals,2016.0,2,27948.0,0.0,0.0,27948.0,27948.0,27948.0,27948.0,27948.0,1.0,0.0,27948.0,27948.0
Netherlands,28 Production or processing of non-ferrous metals,2017.0,2,29803.0,0.0,0.0,29803.0,29803.0,29803.0,29803.0,29803.0,1.0,0.0,29803.0,29803.0
Netherlands,28 Production or processing of non-ferrous metals,2018.0,2,26630.0,0.0,0.0,26630.0,26630.0,26630.0,26630.0,26630.0,1.0,0.0,26630.0,26630.0
Netherlands,28 Production or processing of non-ferrous metals,2019.0,2,28793.0,0.0,0.0,28793.0,28793.0,28793.0,28793.0,28793.0,1.0,0.0,28793.0,28793.0
Netherlands,28 Production or processing of non-ferrous metals,2020.0,2,26153.0,0.0,0.0,26153.0,26153.0,26153.0,26153.0,26153.0,1.0,0.0,26153.0,26153.0
Netherlands,28 Production or processing of non-ferrous metals,2021.0,2,23882.0,0.0,0.0,23882.0,23882.0,23882.0,23882.0,23882.0,1.0,0.0,23882.0,23882.0
Netherlands,28 Production or processing of non-ferrous metals,2022.0,2,18661.0,0.0,0.0,18661.0,18661.0,18661.0,18661.0,18661.0,1.0,0.0,18661.0,18661.0
Netherlands,28 Production or processing of non-ferrous metals,2023.0,2,18632.0,0.0,0.0,18632.0,18632.0,18632.0,18632.0,18632.0,1.0,0.0,18632.0,18632.0
Netherlands,29 Production of cement clinker,2015.0,2,402604.0,0.0,0.0,402604.0,402604.0,402604.0,402604.0,402604.0,1.0,0.0,402604.0,402604.0
Netherlands,29 Production of cement clinker,2016.0,2,383333.0,0.0,0.0,383333.0,383333.0,383333.0,383333.0,383333.0,1.0,0.0,383333.0,383333.0
Netherlands,29 Production of cement clinker,2017.0,2,474200.0,0.0,0.0,474200.0,474200.0,474200.0,474200.0,474200.0,1.0,0.0,474200.0,474200.0
Netherlands,29 Production of cement clinker,2018.0,2,351242.0,0.0,0.0,351242.0,351242.0,351242.0,351242.0,351242.0,1.0,0.0,351242.0,351242.0
Netherlands,29 Production of cement clinker,2019.0,2,10470.0,0.0,0.0,10470.0,10470.0,10470.0,10470.0,10470.0,1.0,0.0,10470.0,10470.0
Netherlands,"30 Production of lime, or calcination of dolomite/magnesite",2015.0,2,122872.0,0.0,0.0,122872.0,122872.0,122872.0,122872.0,122872.0,1.0,0.0,122872.0,122872.0
Netherlands,"30 Production of lime, or calcination of dolomite/magnesite",2016.0,2,101613.0,0.0,0.0,101613.0,101613.0,101613.0,101613.0,101613.0,1.0,0.0,101613.0,101613.0
Netherlands,"30 Production of lime, or calcination of dolomite/magnesite",2017.0,2,121218.0,0.0,0.0,121218.0,121218.0,121218.0,121218.0,121218.0,1.0,0.0,121218.0,121218.0
Netherlands,"30 Production of lime, or calcination of dolomite/magnesite",2018.0,2,148807.0,0.0,0.0,148807.0,148807.0,148807.0,148807.0,148807.0,1.0,0.0,148807.0,148807.0
Netherlands,"30 Production of lime, or calcination of dolomite/magnesite",2019.0,2,120030.0,0.0,0.0,120030.0,120030.0,120030.0,120030.0,120030.0,1.0,0.0,120030.0,120030.0
Netherlands,"30 Production of lime, or calcination of dolomite/magnesite",2020.0,2,115201.0,0.0,0.0,115201.0,115201.0,115201.0,115201.0,115201.0,1.0,0.0,115201.0,115201.0
Netherlands,"30 Production of lime, or calcination of dolomite/magnesite",2021.0,2,129389.0,0.0,0.0,129389.0,129389.0,129389.0,129389.0,129389.0,1.0,0.0,129389.0,129389.0
Netherlands,"30 Production of lime, or calcination of dolomite/magnesite",2022.0,2,115028.0,0.0,0.0,115028.0,115028.0,115028.0,115028.0,115028.0,1.0,0.0,115028.0,115028.0
Netherlands,"30 Production of lime, or calcination of dolomite/magnesite",2023.0,2,121281.0,0.0,0.0,121281.0,121281.0,121281.0,121281.0,121281.0,1.0,0.0,121281.0,121281.0
Netherlands,31 Manufacture of glass,2015.0,2,476388.0,0.0,0.0,476388.0,476388.0,476388.0,476388.0,476388.0,1.0,0.0,476388.0,476388.0
Netherlands,31 Manufacture of glass,2016.0,2,475031.0,0.0,0.0,475031.0,475031.0,475031.0,475031.0,475031.0,1.0,0.0,475031.0,475031.0
Netherlands,31 Manufacture of glass,2017.0,2,426933.0,0.0,0.0,426933.0,426933.0,426933.0,426933.0,426933.0,1.0,0.0,426933.0,426933.0
Netherlands,31 Manufacture of glass,2018.0,2,396152.0,0.0,0.0,396152.0,396152.0,396152.0,396152.0,396152.0,1.0,0.0,396152.0,396152.0
Netherlands,31 Manufacture of glass,2019.0,2,387468.0,0.0,0.0,387468.0,387468.0,387468.0,387468.0,387468.0,1.0,0.0,387468.0,387468.0
Netherlands,31 Manufacture of glass,2020.0,2,358776.0,0.0,0.0,358776.0,358776.0,358776.0,358776.0,358776.0,1.0,0.0,358776.0,358776.0
Netherlands,31 Manufacture of glass,2021.0,2,367194.0,0.0,0.0,367194.0,367194.0,367194.0,367194.0,367194.0,1.0,0.0,367194.0,367194.0
Netherlands,31 Manufacture of glass,2022.0,2,368594.0,0.0,0.0,368594.0,368594.0,368594.0,368594.0,368594.0,1.0,0.0,368594.0,368594.0
Netherlands,31 Manufacture of glass,2023.0,2,344473.0,0.0,0.0,344473.0,344473.0,344473.0,344473.0,344473.0,1.0,0.0,344473.0,344473.0
Netherlands,32 Manufacture of ceramics,2015.0,2,603816.0,0.0,0.0,603816.0,603816.0,603816.0,603816.0,603816.0,1.0,0.0,603816.0,603816.0
Netherlands,32 Manufacture of ceramics,2016.0,2,605464.0,0.0,0.0,605464.0,605464.0,605464.0,605464.0,605464.0,1.0,0.0,605464.0,605464.0
Netherlands,32 Manufacture of ceramics,2017.0,2,640516.0,0.0,0.0,640516.0,640516.0,640516.0,640516.0,640516.0,1.0,0.0,640516.0,640516.0
Netherlands,32 Manufacture of ceramics,2018.0,2,661160.0,0.0,0.0,661160.0,661160.0,661160.0,661160.0,661160.0,1.0,0.0,661160.0,661160.0
Netherlands,32 Manufacture of ceramics,2019.0,2,636261.0,0.0,0.0,636261.0,636261.0,636261.0,636261.0,636261.0,1.0,0.0,636261.0,636261.0
Netherlands,32 Manufacture of ceramics,2020.0,2,612237.0,0.0,0.0,612237.0,612237.0,612237.0,612237.0,612237.0,1.0,0.0,612237.0,612237.0
Netherlands,32 Manufacture of ceramics,2021.0,2,630080.0,0.0,0.0,630080.0,630080.0,630080.0,630080.0,630080.0,1.0,0.0,630080.0,630080.0
Netherlands,32 Manufacture of ceramics,2022.0,2,596554.0,0.0,0.0,596554.0,596554.0,596554.0,596554.0,596554.0,1.0,0.0,596554.0,596554.0
Netherlands,32 Manufacture of ceramics,2023.0,2,487295.0,0.0,0.0,487295.0,487295.0,487295.0,487295.0,487295.0,1.0,0.0,487295.0,487295.0
Netherlands,33 Manufacture of mineral wool,2015.0,2,175204.0,0.0,0.0,175204.0,175204.0,175204.0,175204.0,175204.0,1.0,0.0,175204.0,175204.0
Netherlands,33 Manufacture of mineral wool,2016.0,2,188417.0,0.0,0.0,188417.0,188417.0,188417.0,188417.0,188417.0,1.0,0.0,188417.0,188417.0
Netherlands,33 Manufacture of mineral wool,2017.0,2,198845.0,0.0,0.0,198845.0,198845.0,198845.0,198845.0,198845.0,1.0,0.0,198845.0,198845.0
Netherlands,33 Manufacture of mineral wool,2018.0,2,217906.0,0.0,0.0,217906.0,217906.0,217906.0,217906.0,217906.0,1.0,0.0,217906.0,217906.0
Netherlands,33 Manufacture of mineral wool,2019.0,2,209849.0,0.0,0.0,209849.0,209849.0,209849.0,209849.0,209849.0,1.0,0.0,209849.0,209849.0
Netherlands,33 Manufacture of mineral wool,2020.0,2,185707.0,0.0,0.0,185707.0,185707.0,185707.0,185707.0,185707.0,1.0,0.0,185707.0,185707.0
Netherlands,33 Manufacture of mineral wool,2021.0,2,194966.0,0.0,0.0,194966.0,194966.0,194966.0,194966.0,194966.0,1.0,0.0,194966.0,194966.0
Netherlands,33 Manufacture of mineral wool,2022.0,2,183531.0,0.0,0.0,183531.0,183531.0,183531.0,183531.0,183531.0,1.0,0.0,183531.0,183531.0
Netherlands,33 Manufacture of mineral wool,2023.0,2,143775.0,0.0,0.0,143775.0,143775.0,143775.0,143775.0,143775.0,1.0,0.0,143775.0,143775.0
Netherlands,34 Production or processing of gypsum or plasterboard,2015.0,2,41338.0,0.0,0.0,41338.0,41338.0,41338.0,41338.0,41338.0,1.0,0.0,41338.0,41338.0
Netherlands,34 Production or processing of gypsum or plasterboard,2016.0,2,41711.0,0.0,0.0,41711.0,41711.0,41711.0,41711.0,41711.0,1.0,0.0,41711.0,41711.0
Netherlands,34 Production or processing of gypsum or plasterboard,2017.0,2,44793.0,0.0,0.0,44793.0,44793.0,44793.0,44793.0,44793.0,1.0,0.0,44793.0,44793.0
Netherlands,34 Production or processing of gypsum or plasterboard,2018.0,2,41497.0,0.0,0.0,41497.0,41497.0,41497.0,41497.0,41497.0,1.0,0.0,41497.0,41497.0
Netherlands,34 Production or processing of gypsum or plasterboard,2019.0,2,41737.0,0.0,0.0,41737.0,41737.0,41737.0,41737.0,41737.0,1.0,0.0,41737.0,41737.0
Netherlands,34 Production or processing of gypsum or plasterboard,2020.0,2,38650.0,0.0,0.0,38650.0,38650.0,38650.0,38650.0,38650.0,1.0,0.0,38650.0,38650.0
Netherlands,34 Production or processing of gypsum or plasterboard,2021.0,2,40998.0,0.0,0.0,40998.0,40998.0,40998.0,40998.0,40998.0,1.0,0.0,40998.0,40998.0
Netherlands,34 Production or processing of gypsum or plasterboard,2022.0,2,37913.0,0.0,0.0,37913.0,37913.0,37913.0,37913.0,37913.0,1.0,0.0,37913.0,37913.0
Netherlands,34 Production or processing of gypsum or plasterboard,2023.0,2,37153.0,0.0,0.0,37153.0,37153.0,37153.0,37153.0,37153.0,1.0,0.0,37153.0,37153.0
Netherlands,36 Production of paper or cardboard,2015.0,2,1081254.0,0.0,0.0,1081254.0,1081254.0,1081254.0,1081254.0,1081254.0,1.0,0.0,1081254.0,1081254.0
Netherlands,36 Production of paper or cardboard,2016.0,2,1042793.0,0.0,0.0,1042793.0,1042793.0,1042793.0,1042793.0,1042793.0,1.0,0.0,1042793.0,1042793.0
Netherlands,36 Production of paper or cardboard,2017.0,2,1046229.0,0.0,0.0,1046229.0,1046229.0,1046229.0,1046229.0,1046229.0,1.0,0.0,1046229.0,1046229.0
Netherlands,36 Production of paper or cardboard,2018.0,2,1017868.0,0.0,0.0,1017868.0,1017868.0,1017868.0,1017868.0,1017868.0,1.0,0.0,1017868.0,1017868.0
Netherlands,36 Production of paper or cardboard,2019.0,2,1020710.0,0.0,0.0,1020710.0,1020710.0,1020710.0,1020710.0,1020710.0,1.0,0.0,1020710.0,1020710.0
Netherlands,36 Production of paper or cardboard,2020.0,2,981475.0,0.0,0.0,981475.0,981475.0,981475.0,981475.0,981475.0,1.0,0.0,981475.0,981475.0
Netherlands,36 Production of paper or cardboard,2021.0,2,1047409.0,0.0,0.0,1047409.0,1047409.0,1047409.0,1047409.0,1047409.0,1.0,0.0,1047409.0,1047409.0
Netherlands,36 Production of paper or cardboard,2022.0,2,935155.0,0.0,0.0,935155.0,935155.0,935155.0,935155.0,935155.0,1.0,0.0,935155.0,935155.0
Netherlands,36 Production of paper or cardboard,2023.0,2,652356.0,0.0,0.0,652356.0,652356.0,652356.0,652356.0,652356.0,1.0,0.0,652356.0,652356.0
Netherlands,37 Production of carbon black,2015.0,2,235829.0,0.0,0.0,235829.0,235829.0,235829.0,235829.0,235829.0,1.0,0.0,235829.0,235829.0
Netherlands,37 Production of carbon black,2016.0,2,246654.0,0.0,0.0,246654.0,246654.0,246654.0,246654.0,246654.0,1.0,0.0,246654.0,246654.0
Netherlands,37 Production of carbon black,2017.0,2,251336.0,0.0,0.0,251336.0,251336.0,251336.0,251336.0,251336.0,1.0,0.0,251336.0,251336.0
Netherlands,37 Production of carbon black,2018.0,2,240223.0,0.0,0.0,240223.0,240223.0,240223.0,240223.0,240223.0,1.0,0.0,240223.0,240223.0
Netherlands,37 Production of carbon black,2019.0,2,227104.0,0.0,0.0,227104.0,227104.0,227104.0,227104.0,227104.0,1.0,0.0,227104.0,227104.0
Netherlands,37 Production of carbon black,2020.0,2,204626.0,0.0,0.0,204626.0,204626.0,204626.0,204626.0,204626.0,1.0,0.0,204626.0,204626.0
Netherlands,37 Production of carbon black,2021.0,2,236355.0,0.0,0.0,236355.0,236355.0,236355.0,236355.0,236355.0,1.0,0.0,236355.0,236355.0
Netherlands,37 Production of carbon black,2022.0,2,204170.0,0.0,0.0,204170.0,204170.0,204170.0,204170.0,204170.0,1.0,0.0,204170.0,204170.0
Netherlands,37 Production of carbon black,2023.0,2,200975.0,0.0,0.0,200975.0,200975.0,200975.0,200975.0,200975.0,1.0,0.0,200975.0,200975.0
Netherlands,41 Production of ammonia,2015.0,2,3762406.0,0.0,0.0,3762406.0,3762406.0,3762406.0,3762406.0,3762406.0,1.0,0.0,3762406.0,3762406.0
Netherlands,41 Production of ammonia,2016.0,2,3729397.0,0.0,0.0,3729397.0,3729397.0,3729397.0,3729397.0,3729397.0,1.0,0.0,3729397.0,3729397.0
Netherlands,41 Production of ammonia,2017.0,2,3828297.0,0.0,0.0,3828297.0,3828297.0,3828297.0,3828297.0,3828297.0,1.0,0.0,3828297.0,3828297.0
Netherlands,41 Production of ammonia,2018.0,2,3607109.0,0.0,0.0,3607109.0,3607109.0,3607109.0,3607109.0,3607109.0,1.0,0.0,3607109.0,3607109.0
Netherlands,41 Production of ammonia,2019.0,2,3447301.0,0.0,0.0,3447301.0,3447301.0,3447301.0,3447301.0,3447301.0,1.0,0.0,3447301.0,3447301.0
Netherlands,41 Production of ammonia,2020.0,2,3297569.0,0.0,0.0,3297569.0,3297569.0,3297569.0,3297569.0,3297569.0,1.0,0.0,3297569.0,3297569.0
Netherlands,41 Production of ammonia,2021.0,2,3190000.0,0.0,0.0,3190000.0,3190000.0,3190000.0,3190000.0,3190000.0,1.0,0.0,3190000.0,3190000.0
Netherlands,41 Production of ammonia,2022.0,2,2749881.0,0.0,0.0,2749881.0,2749881.0,2749881.0,2749881.0,2749881.0,1.0,0.0,2749881.0,2749881.0
Netherlands,41 Production of ammonia,2023.0,2,2750148.0,0.0,0.0,2750148.0,2750148.0,2750148.0,2750148.0,2750148.0,1.0,0.0,2750148.0,2750148.0
Netherlands,42 Production of bulk chemicals,2015.0,2,3769898.0,0.0,0.0,3769898.0,3769898.0,3769898.0,3769898.0,3769898.0,1.0,0.0,3769898.0,3769898.0
Netherlands,42 Production of bulk chemicals,2016.0,2,3994645.0,0.0,0.0,3994645.0,3994645.0,3994645.0,3994645.0,3994645.0,1.0,0.0,3994645.0,3994645.0
Netherlands,42 Production of bulk chemicals,2017.0,2,3870174.0,0.0,0.0,3870174.0,3870174.0,3870174.0,3870174.0,3870174.0,1.0,0.0,3870174.0,3870174.0
Netherlands,42 Production of bulk chemicals,2018.0,2,4008420.0,0.0,0.0,4008420.0,4008420.0,4008420.0,4008420.0,4008420.0,1.0,0.0,4008420.0,4008420.0
Netherlands,42 Production of bulk chemicals,2019.0,2,3831333.0,0.0,0.0,3831333.0,3831333.0,3831333.0,3831333.0,3831333.0,1.0,0.0,3831333.0,3831333.0
Netherlands,42 Production of bulk chemicals,2020.0,2,3355867.0,0.0,0.0,3355867.0,3355867.0,3355867.0,3355867.0,3355867.0,1.0,0.0,3355867.0,3355867.0
Netherlands,42 Production of bulk chemicals,2021.0,2,4816043.0,0.0,0.0,4816043.0,4816043.0,4816043.0,4816043.0,4816043.0,1.0,0.0,4816043.0,4816043.0
Netherlands,42 Production of bulk chemicals,2022.0,2,4269028.0,0.0,0.0,4269028.0,4269028.0,4269028.0,4269028.0,4269028.0,1.0,0.0,4269028.0,4269028.0
Netherlands,42 Production of bulk chemicals,2023.0,2,3867001.0,0.0,0.0,3867001.0,3867001.0,3867001.0,3867001.0,3867001.0,1.0,0.0,3867001.0,3867001.0
Netherlands,43 Production of hydrogen and synthesis gas,2015.0,2,1871255.0,0.0,0.0,1871255.0,1871255.0,1871255.0,1871255.0,1871255.0,1.0,0.0,1871255.0,1871255.0
Netherlands,43 Production of hydrogen and synthesis gas,2016.0,2,1712887.0,0.0,0.0,1712887.0,1712887.0,1712887.0,1712887.0,1712887.0,1.0,0.0,1712887.0,1712887.0
Netherlands,43 Production of hydrogen and synthesis gas,2017.0,2,1920757.0,0.0,0.0,1920757.0,1920757.0,1920757.0,1920757.0,1920757.0,1.0,0.0,1920757.0,1920757.0
Netherlands,43 Production of hydrogen and synthesis gas,2018.0,2,1793782.0,0.0,0.0,1793782.0,1793782.0,1793782.0,1793782.0,1793782.0,1.0,0.0,1793782.0,1793782.0
Netherlands,43 Production of hydrogen and synthesis gas,2019.0,2,2255731.0,0.0,0.0,2255731.0,2255731.0,2255731.0,2255731.0,2255731.0,1.0,0.0,2255731.0,2255731.0
Netherlands,43 Production of hydrogen and synthesis gas,2020.0,2,2039880.0,0.0,0.0,2039880.0,2039880.0,2039880.0,2039880.0,2039880.0,1.0,0.0,2039880.0,2039880.0
Netherlands,43 Production of hydrogen and synthesis gas,2021.0,2,1237436.0,0.0,0.0,1237436.0,1237436.0,1237436.0,1237436.0,1237436.0,1.0,0.0,1237436.0,1237436.0
Netherlands,43 Production of hydrogen and synthesis gas,2022.0,2,729753.0,0.0,0.0,729753.0,729753.0,729753.0,729753.0,729753.0,1.0,0.0,729753.0,729753.0
Netherlands,43 Production of hydrogen and synthesis gas,2023.0,2,839805.0,0.0,0.0,839805.0,839805.0,839805.0,839805.0,839805.0,1.0,0.0,839805.0,839805.0
Netherlands,99 Other activity opted-in under Art. 24,2021.0,2,18368.0,0.0,0.0,18368.0,18368.0,18368.0,18368.0,18368.0,1.0,0.0,18368.0,18368.0
Netherlands,99 Other activity opted-in under Art. 24,2022.0,2,25325.0,0.0,0.0,25325.0,25325.0,25325.0,25325.0,25325.0,1.0,0.0,25325.0,25325.0
Netherlands,99 Other activity opted-in under Art. 24,2023.0,2,26239.0,0.0,0.0,26239.0,26239.0,26239.0,26239.0,26239.0,1.0,0.0,26239.0,26239.0
Northern Ireland,20 Combustion of fuels,2015.0,2,3827742.0,0.0,0.0,3827742.0,3827742.0,3827742.0,3827742.0,3827742.0,1.0,0.0,3827742.0,3827742.0
Northern Ireland,20 Combustion of fuels,2016.0,2,3983703.0,0.0,0.0,3983703.0,3983703.0,3983703.0,3983703.0,3983703.0,1.0,0.0,3983703.0,3983703.0
Northern Ireland,20 Combustion of fuels,2017.0,2,3423431.0,0.0,0.0,3423431.0,3423431.0,3423431.0,3423431.0,3423431.0,1.0,0.0,3423431.0,3423431.0
Northern Ireland,20 Combustion of fuels,2018.0,2,2975664.0,0.0,0.0,2975664.0,2975664.0,2975664.0,2975664.0,2975664.0,1.0,0.0,2975664.0,2975664.0
Northern Ireland,20 Combustion of fuels,2019.0,2,2747825.0,0.0,0.0,2747825.0,2747825.0,2747825.0,2747825.0,2747825.0,1.0,0.0,2747825.0,2747825.0
Northern Ireland,20 Combustion of fuels,2020.0,2,2812224.0,0.0,0.0,2812224.0,2812224.0,2812224.0,2812224.0,2812224.0,1.0,0.0,2812224.0,2812224.0
Northern Ireland,20 Combustion of fuels,2021.0,2,3112486.0,0.0,0.0,3112486.0,3112486.0,3112486.0,3112486.0,3112486.0,1.0,0.0,3112486.0,3112486.0
Northern Ireland,20 Combustion of fuels,2022.0,2,2998092.0,0.0,0.0,2998092.0,2998092.0,2998092.0,2998092.0,2998092.0,1.0,0.0,2998092.0,2998092.0
Northern Ireland,20 Combustion of fuels,2023.0,2,2199921.0,0.0,0.0,2199921.0,2199921.0,2199921.0,2199921.0,2199921.0,1.0,0.0,2199921.0,2199921.0
Northern Ireland,20-99 All stationary installations,2015.0,2,3827742.0,0.0,0.0,3827742.0,3827742.0,3827742.0,3827742.0,3827742.0,1.0,0.0,3827742.0,3827742.0
Northern Ireland,20-99 All stationary installations,2016.0,2,3983703.0,0.0,0.0,3983703.0,3983703.0,3983703.0,3983703.0,3983703.0,1.0,0.0,3983703.0,3983703.0
Northern Ireland,20-99 All stationary installations,2017.0,2,3423431.0,0.0,0.0,3423431.0,3423431.0,3423431.0,3423431.0,3423431.0,1.0,0.0,3423431.0,3423431.0
Northern Ireland,20-99 All stationary installations,2018.0,2,2975664.0,0.0,0.0,2975664.0,2975664.0,2975664.0,2975664.0,2975664.0,1.0,0.0,2975664.0,2975664.0
Northern Ireland,20-99 All stationary installations,2019.0,2,2747825.0,0.0,0.0,2747825.0,2747825.0,2747825.0,2747825.0,2747825.0,1.0,0.0,2747825.0,2747825.0
Northern Ireland,20-99 All stationary installations,2020.0,2,2812224.0,0.0,0.0,2812224.0,2812224.0,2812224.0,2812224.0,2812224.0,1.0,0.0,2812224.0,2812224.0
Northern Ireland,20-99 All stationary installations,2021.0,2,3112486.0,0.0,0.0,3112486.0,3112486.0,3112486.0,3112486.0,3112486.0,1.0,0.0,3112486.0,3112486.0
Northern Ireland,20-99 All stationary installations,2022.0,2,2998092.0,0.0,0.0,2998092.0,2998092.0,2998092.0,2998092.0,2998092.0,1.0,0.0,2998092.0,2998092.0
Northern Ireland,20-99 All stationary installations,2023.0,2,2199921.0,0.0,0.0,2199921.0,2199921.0,2199921.0,2199921.0,2199921.0,1.0,0.0,2199921.0,2199921.0
Norway,10 Aviation,2015.0,2,2246646.0,0.0,0.0,2246646.0,2246646.0,2246646.0,2246646.0,2246646.0,1.0,0.0,2246646.0,2246646.0
Norway,10 Aviation,2016.0,2,1592192.0,0.0,0.0,1592192.0,1592192.0,1592192.0,1592192.0,1592192.0,1.0,0.0,1592192.0,1592192.0
Norway,10 Aviation,2017.0,2,1457639.0,0.0,0.0,1457639.0,1457639.0,1457639.0,1457639.0,1457639.0,1.0,0.0,1457639.0,1457639.0
Norway,10 Aviation,2018.0,2,1518271.0,0.0,0.0,1518271.0,1518271.0,1518271.0,1518271.0,1518271.0,1.0,0.0,1518271.0,1518271.0
Norway,10 Aviation,2019.0,2,1572058.0,0.0,0.0,1572058.0,1572058.0,1572058.0,1572058.0,1572058.0,1.0,0.0,1572058.0,1572058.0
Norway,10 Aviation,2020.0,3,383180.0,270373.79571745975,0.705605187424865,115442.40000000001,287385.0,573956.0,574363.0,574607.2,4.977436366534305,-0.33286126044620734,814.0,574770.0
Norway,10 Aviation,2021.0,3,495280.0,350172.00688042823,0.7070182661937252,148621.2,371460.0,742858.0,742889.0,742907.6,4.998665062588648,-0.3333055151743569,62.0,742920.0
Norway,10 Aviation,2022.0,3,886760.6666666666,625509.1646791081,0.7053866823281608,267323.0,665070.5,1327983.0,1329062.0,1329709.4,4.974167580043617,-0.33279253853538826,2158.0,1330141.0
Norway,10 Aviation,2023.0,3,772400.6666666666,544745.5501487725,0.7052629207321234,232929.2,579300.5,1156586.0,1157593.5,1158198.0,4.972317768661035,-0.3327536111799201,2015.0,1158601.0
Norway,20 Combustion of fuels,2015.0,2,15105660.0,0.0,0.0,15105660.0,15105660.0,15105660.0,15105660.0,15105660.0,1.0,0.0,15105660.0,15105660.0
Norway,20 Combustion of fuels,2016.0,2,14856392.0,0.0,0.0,14856392.0,14856392.0,14856392.0,14856392.0,14856392.0,1.0,0.0,14856392.0,14856392.0
Norway,20 Combustion of fuels,2017.0,2,14191910.0,0.0,0.0,14191910.0,14191910.0,14191910.0,14191910.0,14191910.0,1.0,0.0,14191910.0,14191910.0
Norway,20 Combustion of fuels,2018.0,2,13899942.0,0.0,0.0,13899942.0,13899942.0,13899942.0,13899942.0,13899942.0,1.0,0.0,13899942.0,13899942.0
Norway,20 Combustion of fuels,2019.0,2,13756576.0,0.0,0.0,13756576.0,13756576.0,13756576.0,13756576.0,13756576.0,1.0,0.0,13756576.0,13756576.0
Norway,20 Combustion of fuels,2020.0,2,13042235.0,0.0,0.0,13042235.0,13042235.0,13042235.0,13042235.0,13042235.0,1.0,0.0,13042235.0,13042235.0
Norway,20 Combustion of fuels,2021.0,2,12018316.0,0.0,0.0,12018316.0,12018316.0,12018316.0,12018316.0,12018316.0,1.0,0.0,12018316.0,12018316.0
Norway,20 Combustion of fuels,2022.0,2,11975461.0,0.0,0.0,11975461.0,11975461.0,11975461.0,11975461.0,11975461.0,1.0,0.0,11975461.0,11975461.0
Norway,20 Combustion of fuels,2023.0,2,11520607.0,0.0,0.0,11520607.0,11520607.0,11520607.0,11520607.0,11520607.0,1.0,0.0,11520607.0,11520607.0
Norway,20-99 All stationary installations,2015.0,2,25698068.0,0.0,0.0,25698068.0,25698068.0,25698068.0,25698068.0,25698068.0,1.0,0.0,25698068.0,25698068.0
Norway,20-99 All stationary installations,2016.0,2,25210496.0,0.0,0.0,25210496.0,25210496.0,25210496.0,25210496.0,25210496.0,1.0,0.0,25210496.0,25210496.0
Norway,20-99 All stationary installations,2017.0,2,25414082.0,0.0,0.0,25414082.0,25414082.0,25414082.0,25414082.0,25414082.0,1.0,0.0,25414082.0,25414082.0
Norway,20-99 All stationary installations,2018.0,2,25208630.0,0.0,0.0,25208630.0,25208630.0,25208630.0,25208630.0,25208630.0,1.0,0.0,25208630.0,25208630.0
Norway,20-99 All stationary installations,2019.0,2,24637359.0,0.0,0.0,24637359.0,24637359.0,24637359.0,24637359.0,24637359.0,1.0,0.0,24637359.0,24637359.0
Norway,20-99 All stationary installations,2020.0,2,23711000.0,0.0,0.0,23711000.0,23711000.0,23711000.0,23711000.0,23711000.0,1.0,0.0,23711000.0,23711000.0
Norway,20-99 All stationary installations,2021.0,2,22967160.0,0.0,0.0,22967160.0,22967160.0,22967160.0,22967160.0,22967160.0,1.0,0.0,22967160.0,22967160.0
Norway,20-99 All stationary installations,2022.0,2,22574182.0,0.0,0.0,22574182.0,22574182.0,22574182.0,22574182.0,22574182.0,1.0,0.0,22574182.0,22574182.0
Norway,20-99 All stationary installations,2023.0,2,21333182.0,0.0,0.0,21333182.0,21333182.0,21333182.0,21333182.0,21333182.0,1.0,0.0,21333182.0,21333182.0
Norway,21  Refining of mineral oil,2015.0,2,1906090.0,0.0,0.0,1906090.0,1906090.0,1906090.0,1906090.0,1906090.0,1.0,0.0,1906090.0,1906090.0
Norway,21  Refining of mineral oil,2016.0,2,1703967.0,0.0,0.0,1703967.0,1703967.0,1703967.0,1703967.0,1703967.0,1.0,0.0,1703967.0,1703967.0
Norway,21  Refining of mineral oil,2017.0,2,2649794.0,0.0,0.0,2649794.0,2649794.0,2649794.0,2649794.0,2649794.0,1.0,0.0,2649794.0,2649794.0
Norway,21  Refining of mineral oil,2018.0,2,2535104.0,0.0,0.0,2535104.0,2535104.0,2535104.0,2535104.0,2535104.0,1.0,0.0,2535104.0,2535104.0
Norway,21  Refining of mineral oil,2019.0,2,2054040.0,0.0,0.0,2054040.0,2054040.0,2054040.0,2054040.0,2054040.0,1.0,0.0,2054040.0,2054040.0
Norway,21  Refining of mineral oil,2020.0,2,1974175.0,0.0,0.0,1974175.0,1974175.0,1974175.0,1974175.0,1974175.0,1.0,0.0,1974175.0,1974175.0
Norway,21  Refining of mineral oil,2021.0,2,2164716.0,0.0,0.0,2164716.0,2164716.0,2164716.0,2164716.0,2164716.0,1.0,0.0,2164716.0,2164716.0
Norway,21  Refining of mineral oil,2022.0,2,1678543.0,0.0,0.0,1678543.0,1678543.0,1678543.0,1678543.0,1678543.0,1.0,0.0,1678543.0,1678543.0
Norway,21  Refining of mineral oil,2023.0,2,1670350.0,0.0,0.0,1670350.0,1670350.0,1670350.0,1670350.0,1670350.0,1.0,0.0,1670350.0,1670350.0
Norway,21-99 All industrial installations (excl. combustion),2015.0,2,10592408.0,0.0,0.0,10592408.0,10592408.0,10592408.0,10592408.0,10592408.0,1.0,0.0,10592408.0,10592408.0
Norway,21-99 All industrial installations (excl. combustion),2016.0,2,10354104.0,0.0,0.0,10354104.0,10354104.0,10354104.0,10354104.0,10354104.0,1.0,0.0,10354104.0,10354104.0
Norway,21-99 All industrial installations (excl. combustion),2017.0,2,11222172.0,0.0,0.0,11222172.0,11222172.0,11222172.0,11222172.0,11222172.0,1.0,0.0,11222172.0,11222172.0
Norway,21-99 All industrial installations (excl. combustion),2018.0,2,11308688.0,0.0,0.0,11308688.0,11308688.0,11308688.0,11308688.0,11308688.0,1.0,0.0,11308688.0,11308688.0
Norway,21-99 All industrial installations (excl. combustion),2019.0,2,10880783.0,0.0,0.0,10880783.0,10880783.0,10880783.0,10880783.0,10880783.0,1.0,0.0,10880783.0,10880783.0
Norway,21-99 All industrial installations (excl. combustion),2020.0,2,10668765.0,0.0,0.0,10668765.0,10668765.0,10668765.0,10668765.0,10668765.0,1.0,0.0,10668765.0,10668765.0
Norway,21-99 All industrial installations (excl. combustion),2021.0,2,10948844.0,0.0,0.0,10948844.0,10948844.0,10948844.0,10948844.0,10948844.0,1.0,0.0,10948844.0,10948844.0
Norway,21-99 All industrial installations (excl. combustion),2022.0,2,10598721.0,0.0,0.0,10598721.0,10598721.0,10598721.0,10598721.0,10598721.0,1.0,0.0,10598721.0,10598721.0
Norway,21-99 All industrial installations (excl. combustion),2023.0,2,9812575.0,0.0,0.0,9812575.0,9812575.0,9812575.0,9812575.0,9812575.0,1.0,0.0,9812575.0,9812575.0
Norway,24  Production of pig iron or steel,2015.0,2,96656.0,0.0,0.0,96656.0,96656.0,96656.0,96656.0,96656.0,1.0,0.0,96656.0,96656.0
Norway,24  Production of pig iron or steel,2016.0,2,91511.0,0.0,0.0,91511.0,91511.0,91511.0,91511.0,91511.0,1.0,0.0,91511.0,91511.0
Norway,24  Production of pig iron or steel,2017.0,2,98803.0,0.0,0.0,98803.0,98803.0,98803.0,98803.0,98803.0,1.0,0.0,98803.0,98803.0
Norway,24  Production of pig iron or steel,2018.0,2,93274.0,0.0,0.0,93274.0,93274.0,93274.0,93274.0,93274.0,1.0,0.0,93274.0,93274.0
Norway,24  Production of pig iron or steel,2019.0,2,89987.0,0.0,0.0,89987.0,89987.0,89987.0,89987.0,89987.0,1.0,0.0,89987.0,89987.0
Norway,24  Production of pig iron or steel,2020.0,2,76191.0,0.0,0.0,76191.0,76191.0,76191.0,76191.0,76191.0,1.0,0.0,76191.0,76191.0
Norway,24  Production of pig iron or steel,2021.0,2,87094.0,0.0,0.0,87094.0,87094.0,87094.0,87094.0,87094.0,1.0,0.0,87094.0,87094.0
Norway,24  Production of pig iron or steel,2022.0,2,98066.0,0.0,0.0,98066.0,98066.0,98066.0,98066.0,98066.0,1.0,0.0,98066.0,98066.0
Norway,24  Production of pig iron or steel,2023.0,2,88960.0,0.0,0.0,88960.0,88960.0,88960.0,88960.0,88960.0,1.0,0.0,88960.0,88960.0
Norway,25 Production or processing of ferrous metals,2015.0,2,2160663.0,0.0,0.0,2160663.0,2160663.0,2160663.0,2160663.0,2160663.0,1.0,0.0,2160663.0,2160663.0
Norway,25 Production or processing of ferrous metals,2016.0,2,2242480.0,0.0,0.0,2242480.0,2242480.0,2242480.0,2242480.0,2242480.0,1.0,0.0,2242480.0,2242480.0
Norway,25 Production or processing of ferrous metals,2017.0,2,2398449.0,0.0,0.0,2398449.0,2398449.0,2398449.0,2398449.0,2398449.0,1.0,0.0,2398449.0,2398449.0
Norway,25 Production or processing of ferrous metals,2018.0,2,2277106.0,0.0,0.0,2277106.0,2277106.0,2277106.0,2277106.0,2277106.0,1.0,0.0,2277106.0,2277106.0
Norway,25 Production or processing of ferrous metals,2019.0,2,2260346.0,0.0,0.0,2260346.0,2260346.0,2260346.0,2260346.0,2260346.0,1.0,0.0,2260346.0,2260346.0
Norway,25 Production or processing of ferrous metals,2020.0,2,2318180.0,0.0,0.0,2318180.0,2318180.0,2318180.0,2318180.0,2318180.0,1.0,0.0,2318180.0,2318180.0
Norway,25 Production or processing of ferrous metals,2021.0,2,2382284.0,0.0,0.0,2382284.0,2382284.0,2382284.0,2382284.0,2382284.0,1.0,0.0,2382284.0,2382284.0
Norway,25 Production or processing of ferrous metals,2022.0,2,2392794.0,0.0,0.0,2392794.0,2392794.0,2392794.0,2392794.0,2392794.0,1.0,0.0,2392794.0,2392794.0
Norway,25 Production or processing of ferrous metals,2023.0,2,2138086.0,0.0,0.0,2138086.0,2138086.0,2138086.0,2138086.0,2138086.0,1.0,0.0,2138086.0,2138086.0
Norway,26 Production of primary aluminium,2015.0,2,2130165.0,0.0,0.0,2130165.0,2130165.0,2130165.0,2130165.0,2130165.0,1.0,0.0,2130165.0,2130165.0
Norway,26 Production of primary aluminium,2016.0,2,2219490.0,0.0,0.0,2219490.0,2219490.0,2219490.0,2219490.0,2219490.0,1.0,0.0,2219490.0,2219490.0
Norway,26 Production of primary aluminium,2017.0,2,2222527.0,0.0,0.0,2222527.0,2222527.0,2222527.0,2222527.0,2222527.0,1.0,0.0,2222527.0,2222527.0
Norway,26 Production of primary aluminium,2018.0,2,2282940.0,0.0,0.0,2282940.0,2282940.0,2282940.0,2282940.0,2282940.0,1.0,0.0,2282940.0,2282940.0
Norway,26 Production of primary aluminium,2019.0,2,2333073.0,0.0,0.0,2333073.0,2333073.0,2333073.0,2333073.0,2333073.0,1.0,0.0,2333073.0,2333073.0
Norway,26 Production of primary aluminium,2020.0,2,2316200.0,0.0,0.0,2316200.0,2316200.0,2316200.0,2316200.0,2316200.0,1.0,0.0,2316200.0,2316200.0
Norway,26 Production of primary aluminium,2021.0,2,2532599.0,0.0,0.0,2532599.0,2532599.0,2532599.0,2532599.0,2532599.0,1.0,0.0,2532599.0,2532599.0
Norway,26 Production of primary aluminium,2022.0,2,2450878.0,0.0,0.0,2450878.0,2450878.0,2450878.0,2450878.0,2450878.0,1.0,0.0,2450878.0,2450878.0
Norway,26 Production of primary aluminium,2023.0,2,2199814.0,0.0,0.0,2199814.0,2199814.0,2199814.0,2199814.0,2199814.0,1.0,0.0,2199814.0,2199814.0
Norway,27 Production of secondary aluminium,2020.0,2,15929.0,0.0,0.0,15929.0,15929.0,15929.0,15929.0,15929.0,1.0,0.0,15929.0,15929.0
Norway,27 Production of secondary aluminium,2021.0,2,16871.0,0.0,0.0,16871.0,16871.0,16871.0,16871.0,16871.0,1.0,0.0,16871.0,16871.0
Norway,27 Production of secondary aluminium,2022.0,2,15533.0,0.0,0.0,15533.0,15533.0,15533.0,15533.0,15533.0,1.0,0.0,15533.0,15533.0
Norway,27 Production of secondary aluminium,2023.0,2,14067.0,0.0,0.0,14067.0,14067.0,14067.0,14067.0,14067.0,1.0,0.0,14067.0,14067.0
Norway,28 Production or processing of non-ferrous metals,2015.0,2,489194.0,0.0,0.0,489194.0,489194.0,489194.0,489194.0,489194.0,1.0,0.0,489194.0,489194.0
Norway,28 Production or processing of non-ferrous metals,2016.0,2,491284.0,0.0,0.0,491284.0,491284.0,491284.0,491284.0,491284.0,1.0,0.0,491284.0,491284.0
Norway,28 Production or processing of non-ferrous metals,2017.0,2,478075.0,0.0,0.0,478075.0,478075.0,478075.0,478075.0,478075.0,1.0,0.0,478075.0,478075.0
Norway,28 Production or processing of non-ferrous metals,2018.0,2,485350.0,0.0,0.0,485350.0,485350.0,485350.0,485350.0,485350.0,1.0,0.0,485350.0,485350.0
Norway,28 Production or processing of non-ferrous metals,2019.0,2,551922.0,0.0,0.0,551922.0,551922.0,551922.0,551922.0,551922.0,1.0,0.0,551922.0,551922.0
Norway,28 Production or processing of non-ferrous metals,2020.0,2,637199.0,0.0,0.0,637199.0,637199.0,637199.0,637199.0,637199.0,1.0,0.0,637199.0,637199.0
Norway,28 Production or processing of non-ferrous metals,2021.0,2,643526.0,0.0,0.0,643526.0,643526.0,643526.0,643526.0,643526.0,1.0,0.0,643526.0,643526.0
Norway,28 Production or processing of non-ferrous metals,2022.0,2,651419.0,0.0,0.0,651419.0,651419.0,651419.0,651419.0,651419.0,1.0,0.0,651419.0,651419.0
Norway,28 Production or processing of non-ferrous metals,2023.0,2,601319.0,0.0,0.0,601319.0,601319.0,601319.0,601319.0,601319.0,1.0,0.0,601319.0,601319.0
Norway,29 Production of cement clinker,2015.0,2,1007293.0,0.0,0.0,1007293.0,1007293.0,1007293.0,1007293.0,1007293.0,1.0,0.0,1007293.0,1007293.0
Norway,29 Production of cement clinker,2016.0,2,1030627.0,0.0,0.0,1030627.0,1030627.0,1030627.0,1030627.0,1030627.0,1.0,0.0,1030627.0,1030627.0
Norway,29 Production of cement clinker,2017.0,2,1171676.0,0.0,0.0,1171676.0,1171676.0,1171676.0,1171676.0,1171676.0,1.0,0.0,1171676.0,1171676.0
Norway,29 Production of cement clinker,2018.0,2,1111818.0,0.0,0.0,1111818.0,1111818.0,1111818.0,1111818.0,1111818.0,1.0,0.0,1111818.0,1111818.0
Norway,29 Production of cement clinker,2019.0,2,1104575.0,0.0,0.0,1104575.0,1104575.0,1104575.0,1104575.0,1104575.0,1.0,0.0,1104575.0,1104575.0
Norway,29 Production of cement clinker,2020.0,2,1081325.0,0.0,0.0,1081325.0,1081325.0,1081325.0,1081325.0,1081325.0,1.0,0.0,1081325.0,1081325.0
Norway,29 Production of cement clinker,2021.0,2,1040227.0,0.0,0.0,1040227.0,1040227.0,1040227.0,1040227.0,1040227.0,1.0,0.0,1040227.0,1040227.0
Norway,29 Production of cement clinker,2022.0,2,1052032.0,0.0,0.0,1052032.0,1052032.0,1052032.0,1052032.0,1052032.0,1.0,0.0,1052032.0,1052032.0
Norway,29 Production of cement clinker,2023.0,2,892649.0,0.0,0.0,892649.0,892649.0,892649.0,892649.0,892649.0,1.0,0.0,892649.0,892649.0
Norway,"30 Production of lime, or calcination of dolomite/magnesite",2015.0,2,448855.0,0.0,0.0,448855.0,448855.0,448855.0,448855.0,448855.0,1.0,0.0,448855.0,448855.0
Norway,"30 Production of lime, or calcination of dolomite/magnesite",2016.0,2,392453.0,0.0,0.0,392453.0,392453.0,392453.0,392453.0,392453.0,1.0,0.0,392453.0,392453.0
Norway,"30 Production of lime, or calcination of dolomite/magnesite",2017.0,2,333590.0,0.0,0.0,333590.0,333590.0,333590.0,333590.0,333590.0,1.0,0.0,333590.0,333590.0
Norway,"30 Production of lime, or calcination of dolomite/magnesite",2018.0,2,354234.0,0.0,0.0,354234.0,354234.0,354234.0,354234.0,354234.0,1.0,0.0,354234.0,354234.0
Norway,"30 Production of lime, or calcination of dolomite/magnesite",2019.0,2,382520.0,0.0,0.0,382520.0,382520.0,382520.0,382520.0,382520.0,1.0,0.0,382520.0,382520.0
Norway,"30 Production of lime, or calcination of dolomite/magnesite",2020.0,2,315164.0,0.0,0.0,315164.0,315164.0,315164.0,315164.0,315164.0,1.0,0.0,315164.0,315164.0
Norway,"30 Production of lime, or calcination of dolomite/magnesite",2021.0,2,298244.0,0.0,0.0,298244.0,298244.0,298244.0,298244.0,298244.0,1.0,0.0,298244.0,298244.0
Norway,"30 Production of lime, or calcination of dolomite/magnesite",2022.0,2,356291.0,0.0,0.0,356291.0,356291.0,356291.0,356291.0,356291.0,1.0,0.0,356291.0,356291.0
Norway,"30 Production of lime, or calcination of dolomite/magnesite",2023.0,2,292329.0,0.0,0.0,292329.0,292329.0,292329.0,292329.0,292329.0,1.0,0.0,292329.0,292329.0
Norway,31 Manufacture of glass,2015.0,2,37065.0,0.0,0.0,37065.0,37065.0,37065.0,37065.0,37065.0,1.0,0.0,37065.0,37065.0
Norway,31 Manufacture of glass,2016.0,2,37747.0,0.0,0.0,37747.0,37747.0,37747.0,37747.0,37747.0,1.0,0.0,37747.0,37747.0
Norway,31 Manufacture of glass,2017.0,2,37635.0,0.0,0.0,37635.0,37635.0,37635.0,37635.0,37635.0,1.0,0.0,37635.0,37635.0
Norway,31 Manufacture of glass,2018.0,2,41082.0,0.0,0.0,41082.0,41082.0,41082.0,41082.0,41082.0,1.0,0.0,41082.0,41082.0
Norway,31 Manufacture of glass,2019.0,2,44782.0,0.0,0.0,44782.0,44782.0,44782.0,44782.0,44782.0,1.0,0.0,44782.0,44782.0
Norway,31 Manufacture of glass,2020.0,2,42189.0,0.0,0.0,42189.0,42189.0,42189.0,42189.0,42189.0,1.0,0.0,42189.0,42189.0
Norway,31 Manufacture of glass,2021.0,2,45688.0,0.0,0.0,45688.0,45688.0,45688.0,45688.0,45688.0,1.0,0.0,45688.0,45688.0
Norway,31 Manufacture of glass,2022.0,2,44745.0,0.0,0.0,44745.0,44745.0,44745.0,44745.0,44745.0,1.0,0.0,44745.0,44745.0
Norway,31 Manufacture of glass,2023.0,2,43456.0,0.0,0.0,43456.0,43456.0,43456.0,43456.0,43456.0,1.0,0.0,43456.0,43456.0
Norway,32 Manufacture of ceramics,2015.0,2,21988.0,0.0,0.0,21988.0,21988.0,21988.0,21988.0,21988.0,1.0,0.0,21988.0,21988.0
Norway,32 Manufacture of ceramics,2016.0,2,34712.0,0.0,0.0,34712.0,34712.0,34712.0,34712.0,34712.0,1.0,0.0,34712.0,34712.0
Norway,32 Manufacture of ceramics,2017.0,2,36566.0,0.0,0.0,36566.0,36566.0,36566.0,36566.0,36566.0,1.0,0.0,36566.0,36566.0
Norway,32 Manufacture of ceramics,2018.0,2,40949.0,0.0,0.0,40949.0,40949.0,40949.0,40949.0,40949.0,1.0,0.0,40949.0,40949.0
Norway,32 Manufacture of ceramics,2019.0,2,43142.0,0.0,0.0,43142.0,43142.0,43142.0,43142.0,43142.0,1.0,0.0,43142.0,43142.0
Norway,32 Manufacture of ceramics,2020.0,2,31800.0,0.0,0.0,31800.0,31800.0,31800.0,31800.0,31800.0,1.0,0.0,31800.0,31800.0
Norway,32 Manufacture of ceramics,2021.0,2,36933.0,0.0,0.0,36933.0,36933.0,36933.0,36933.0,36933.0,1.0,0.0,36933.0,36933.0
Norway,32 Manufacture of ceramics,2022.0,2,32408.0,0.0,0.0,32408.0,32408.0,32408.0,32408.0,32408.0,1.0,0.0,32408.0,32408.0
Norway,32 Manufacture of ceramics,2023.0,2,24217.0,0.0,0.0,24217.0,24217.0,24217.0,24217.0,24217.0,1.0,0.0,24217.0,24217.0
Norway,33 Manufacture of mineral wool,2015.0,2,50061.0,0.0,0.0,50061.0,50061.0,50061.0,50061.0,50061.0,1.0,0.0,50061.0,50061.0
Norway,33 Manufacture of mineral wool,2016.0,2,49186.0,0.0,0.0,49186.0,49186.0,49186.0,49186.0,49186.0,1.0,0.0,49186.0,49186.0
Norway,33 Manufacture of mineral wool,2017.0,2,57046.0,0.0,0.0,57046.0,57046.0,57046.0,57046.0,57046.0,1.0,0.0,57046.0,57046.0
Norway,33 Manufacture of mineral wool,2018.0,2,63052.0,0.0,0.0,63052.0,63052.0,63052.0,63052.0,63052.0,1.0,0.0,63052.0,63052.0
Norway,33 Manufacture of mineral wool,2019.0,2,58132.0,0.0,0.0,58132.0,58132.0,58132.0,58132.0,58132.0,1.0,0.0,58132.0,58132.0
Norway,33 Manufacture of mineral wool,2020.0,2,46800.0,0.0,0.0,46800.0,46800.0,46800.0,46800.0,46800.0,1.0,0.0,46800.0,46800.0
Norway,33 Manufacture of mineral wool,2021.0,2,35343.0,0.0,0.0,35343.0,35343.0,35343.0,35343.0,35343.0,1.0,0.0,35343.0,35343.0
Norway,33 Manufacture of mineral wool,2022.0,2,36642.0,0.0,0.0,36642.0,36642.0,36642.0,36642.0,36642.0,1.0,0.0,36642.0,36642.0
Norway,33 Manufacture of mineral wool,2023.0,2,28029.0,0.0,0.0,28029.0,28029.0,28029.0,28029.0,28029.0,1.0,0.0,28029.0,28029.0
Norway,34 Production or processing of gypsum or plasterboard,2015.0,2,28295.0,0.0,0.0,28295.0,28295.0,28295.0,28295.0,28295.0,1.0,0.0,28295.0,28295.0
Norway,34 Production or processing of gypsum or plasterboard,2016.0,2,29898.0,0.0,0.0,29898.0,29898.0,29898.0,29898.0,29898.0,1.0,0.0,29898.0,29898.0
Norway,34 Production or processing of gypsum or plasterboard,2017.0,2,30732.0,0.0,0.0,30732.0,30732.0,30732.0,30732.0,30732.0,1.0,0.0,30732.0,30732.0
Norway,34 Production or processing of gypsum or plasterboard,2018.0,2,27062.0,0.0,0.0,27062.0,27062.0,27062.0,27062.0,27062.0,1.0,0.0,27062.0,27062.0
Norway,34 Production or processing of gypsum or plasterboard,2019.0,2,27565.0,0.0,0.0,27565.0,27565.0,27565.0,27565.0,27565.0,1.0,0.0,27565.0,27565.0
Norway,34 Production or processing of gypsum or plasterboard,2020.0,2,27042.0,0.0,0.0,27042.0,27042.0,27042.0,27042.0,27042.0,1.0,0.0,27042.0,27042.0
Norway,34 Production or processing of gypsum or plasterboard,2021.0,2,30003.0,0.0,0.0,30003.0,30003.0,30003.0,30003.0,30003.0,1.0,0.0,30003.0,30003.0
Norway,34 Production or processing of gypsum or plasterboard,2022.0,2,29977.0,0.0,0.0,29977.0,29977.0,29977.0,29977.0,29977.0,1.0,0.0,29977.0,29977.0
Norway,34 Production or processing of gypsum or plasterboard,2023.0,2,26727.0,0.0,0.0,26727.0,26727.0,26727.0,26727.0,26727.0,1.0,0.0,26727.0,26727.0
Norway,35 Production of pulp,2015.0,2,123763.0,0.0,0.0,123763.0,123763.0,123763.0,123763.0,123763.0,1.0,0.0,123763.0,123763.0
Norway,35 Production of pulp,2016.0,2,130375.0,0.0,0.0,130375.0,130375.0,130375.0,130375.0,130375.0,1.0,0.0,130375.0,130375.0
Norway,35 Production of pulp,2017.0,2,131550.0,0.0,0.0,131550.0,131550.0,131550.0,131550.0,131550.0,1.0,0.0,131550.0,131550.0
Norway,35 Production of pulp,2018.0,2,147611.0,0.0,0.0,147611.0,147611.0,147611.0,147611.0,147611.0,1.0,0.0,147611.0,147611.0
Norway,35 Production of pulp,2019.0,2,142550.0,0.0,0.0,142550.0,142550.0,142550.0,142550.0,142550.0,1.0,0.0,142550.0,142550.0
Norway,35 Production of pulp,2020.0,2,134455.0,0.0,0.0,134455.0,134455.0,134455.0,134455.0,134455.0,1.0,0.0,134455.0,134455.0
Norway,35 Production of pulp,2021.0,2,165462.0,0.0,0.0,165462.0,165462.0,165462.0,165462.0,165462.0,1.0,0.0,165462.0,165462.0
Norway,35 Production of pulp,2022.0,2,183903.0,0.0,0.0,183903.0,183903.0,183903.0,183903.0,183903.0,1.0,0.0,183903.0,183903.0
Norway,35 Production of pulp,2023.0,2,142058.0,0.0,0.0,142058.0,142058.0,142058.0,142058.0,142058.0,1.0,0.0,142058.0,142058.0
Norway,36 Production of paper or cardboard,2015.0,2,22940.0,0.0,0.0,22940.0,22940.0,22940.0,22940.0,22940.0,1.0,0.0,22940.0,22940.0
Norway,36 Production of paper or cardboard,2016.0,2,32674.0,0.0,0.0,32674.0,32674.0,32674.0,32674.0,32674.0,1.0,0.0,32674.0,32674.0
Norway,36 Production of paper or cardboard,2017.0,2,25724.0,0.0,0.0,25724.0,25724.0,25724.0,25724.0,25724.0,1.0,0.0,25724.0,25724.0
Norway,36 Production of paper or cardboard,2018.0,2,26867.0,0.0,0.0,26867.0,26867.0,26867.0,26867.0,26867.0,1.0,0.0,26867.0,26867.0
Norway,36 Production of paper or cardboard,2019.0,2,27056.0,0.0,0.0,27056.0,27056.0,27056.0,27056.0,27056.0,1.0,0.0,27056.0,27056.0
Norway,36 Production of paper or cardboard,2020.0,2,14645.0,0.0,0.0,14645.0,14645.0,14645.0,14645.0,14645.0,1.0,0.0,14645.0,14645.0
Norway,36 Production of paper or cardboard,2021.0,2,22527.0,0.0,0.0,22527.0,22527.0,22527.0,22527.0,22527.0,1.0,0.0,22527.0,22527.0
Norway,36 Production of paper or cardboard,2022.0,2,24120.0,0.0,0.0,24120.0,24120.0,24120.0,24120.0,24120.0,1.0,0.0,24120.0,24120.0
Norway,36 Production of paper or cardboard,2023.0,2,20775.0,0.0,0.0,20775.0,20775.0,20775.0,20775.0,20775.0,1.0,0.0,20775.0,20775.0
Norway,42 Production of bulk chemicals,2015.0,2,2069380.0,0.0,0.0,2069380.0,2069380.0,2069380.0,2069380.0,2069380.0,1.0,0.0,2069380.0,2069380.0
Norway,42 Production of bulk chemicals,2016.0,2,1867700.0,0.0,0.0,1867700.0,1867700.0,1867700.0,1867700.0,1867700.0,1.0,0.0,1867700.0,1867700.0
Norway,42 Production of bulk chemicals,2017.0,2,1550005.0,0.0,0.0,1550005.0,1550005.0,1550005.0,1550005.0,1550005.0,1.0,0.0,1550005.0,1550005.0
Norway,42 Production of bulk chemicals,2018.0,2,1822239.0,0.0,0.0,1822239.0,1822239.0,1822239.0,1822239.0,1822239.0,1.0,0.0,1822239.0,1822239.0
Norway,42 Production of bulk chemicals,2019.0,2,1761093.0,0.0,0.0,1761093.0,1761093.0,1761093.0,1761093.0,1761093.0,1.0,0.0,1761093.0,1761093.0
Norway,42 Production of bulk chemicals,2020.0,2,1637471.0,0.0,0.0,1637471.0,1637471.0,1637471.0,1637471.0,1637471.0,1.0,0.0,1637471.0,1637471.0
Norway,42 Production of bulk chemicals,2021.0,2,1447327.0,0.0,0.0,1447327.0,1447327.0,1447327.0,1447327.0,1447327.0,1.0,0.0,1447327.0,1447327.0
Norway,42 Production of bulk chemicals,2022.0,2,1551370.0,0.0,0.0,1551370.0,1551370.0,1551370.0,1551370.0,1551370.0,1.0,0.0,1551370.0,1551370.0
Norway,42 Production of bulk chemicals,2023.0,2,1629739.0,0.0,0.0,1629739.0,1629739.0,1629739.0,1629739.0,1629739.0,1.0,0.0,1629739.0,1629739.0
Poland,10 Aviation,2015.0,2,591020.0,0.0,0.0,591020.0,591020.0,591020.0,591020.0,591020.0,1.0,0.0,591020.0,591020.0
Poland,10 Aviation,2016.0,2,749946.0,0.0,0.0,749946.0,749946.0,749946.0,749946.0,749946.0,1.0,0.0,749946.0,749946.0
Poland,10 Aviation,2017.0,2,943715.0,0.0,0.0,943715.0,943715.0,943715.0,943715.0,943715.0,1.0,0.0,943715.0,943715.0
Poland,10 Aviation,2018.0,2,1142534.0,0.0,0.0,1142534.0,1142534.0,1142534.0,1142534.0,1142534.0,1.0,0.0,1142534.0,1142534.0
Poland,10 Aviation,2019.0,2,1097467.0,0.0,0.0,1097467.0,1097467.0,1097467.0,1097467.0,1097467.0,1.0,0.0,1097467.0,1097467.0
Poland,10 Aviation,2020.0,3,286127.3333333333,196601.81794739902,0.6871130264173726,90716.20000000001,214595.5,421061.0,425126.0,427565.0,4.713215500649277,-0.3270191282358359,8130.0,429191.0
Poland,10 Aviation,2021.0,3,331972.6666666667,227433.5416927083,0.6850971918151142,105825.20000000001,248979.5,487570.0,492764.5,495881.2,4.6858517630961245,-0.3263789455222885,10389.0,497959.0
Poland,10 Aviation,2022.0,3,540944.0,371102.6794918086,0.6860279058309336,172008.6,405708.0,795207.0,803311.5,808174.2,4.69845228668799,-0.3266746034093486,16209.0,811416.0
Poland,10 Aviation,2023.0,3,639020.6666666666,439520.6344889345,0.6878034739965653,202222.40000000002,479265.5,941004.0,949767.5,955025.6,4.722649914153921,-0.32723824268594326,17527.0,958531.0
Poland,20 Combustion of fuels,2015.0,2,161031974.0,0.0,0.0,161031974.0,161031974.0,161031974.0,161031974.0,161031974.0,1.0,0.0,161031974.0,161031974.0
Poland,20 Combustion of fuels,2016.0,2,160342968.0,0.0,0.0,160342968.0,160342968.0,160342968.0,160342968.0,160342968.0,1.0,0.0,160342968.0,160342968.0
Poland,20 Combustion of fuels,2017.0,2,163015312.0,0.0,0.0,163015312.0,163015312.0,163015312.0,163015312.0,163015312.0,1.0,0.0,163015312.0,163015312.0
Poland,20 Combustion of fuels,2018.0,2,160615296.0,0.0,0.0,160615296.0,160615296.0,160615296.0,160615296.0,160615296.0,1.0,0.0,160615296.0,160615296.0
Poland,20 Combustion of fuels,2019.0,2,144964952.0,0.0,0.0,144964952.0,144964952.0,144964952.0,144964952.0,144964952.0,1.0,0.0,144964952.0,144964952.0
Poland,20 Combustion of fuels,2020.0,2,134830136.0,0.0,0.0,134830136.0,134830136.0,134830136.0,134830136.0,134830136.0,1.0,0.0,134830136.0,134830136.0
Poland,20 Combustion of fuels,2021.0,2,154219686.0,0.0,0.0,154219686.0,154219686.0,154219686.0,154219686.0,154219686.0,1.0,0.0,154219686.0,154219686.0
Poland,20 Combustion of fuels,2022.0,2,144117306.0,0.0,0.0,144117306.0,144117306.0,144117306.0,144117306.0,144117306.0,1.0,0.0,144117306.0,144117306.0
Poland,20 Combustion of fuels,2023.0,2,117276511.0,0.0,0.0,117276511.0,117276511.0,117276511.0,117276511.0,117276511.0,1.0,0.0,117276511.0,117276511.0
Poland,20-99 All stationary installations,2015.0,2,198700536.0,0.0,0.0,198700536.0,198700536.0,198700536.0,198700536.0,198700536.0,1.0,0.0,198700536.0,198700536.0
Poland,20-99 All stationary installations,2016.0,2,198051726.0,0.0,0.0,198051726.0,198051726.0,198051726.0,198051726.0,198051726.0,1.0,0.0,198051726.0,198051726.0
Poland,20-99 All stationary installations,2017.0,2,202166696.0,0.0,0.0,202166696.0,202166696.0,202166696.0,202166696.0,202166696.0,1.0,0.0,202166696.0,202166696.0
Poland,20-99 All stationary installations,2018.0,2,199974539.0,0.0,0.0,199974539.0,199974539.0,199974539.0,199974539.0,199974539.0,1.0,0.0,199974539.0,199974539.0
Poland,20-99 All stationary installations,2019.0,2,183690533.0,0.0,0.0,183690533.0,183690533.0,183690533.0,183690533.0,183690533.0,1.0,0.0,183690533.0,183690533.0
Poland,20-99 All stationary installations,2020.0,2,171729419.0,0.0,0.0,171729419.0,171729419.0,171729419.0,171729419.0,171729419.0,1.0,0.0,171729419.0,171729419.0
Poland,20-99 All stationary installations,2021.0,2,192032908.0,0.0,0.0,192032908.0,192032908.0,192032908.0,192032908.0,192032908.0,1.0,0.0,192032908.0,192032908.0
Poland,20-99 All stationary installations,2022.0,2,184145848.0,0.0,0.0,184145848.0,184145848.0,184145848.0,184145848.0,184145848.0,1.0,0.0,184145848.0,184145848.0
Poland,20-99 All stationary installations,2023.0,2,152448530.0,0.0,0.0,152448530.0,152448530.0,152448530.0,152448530.0,152448530.0,1.0,0.0,152448530.0,152448530.0
Poland,21  Refining of mineral oil,2015.0,2,4284107.0,0.0,0.0,4284107.0,4284107.0,4284107.0,4284107.0,4284107.0,1.0,0.0,4284107.0,4284107.0
Poland,21  Refining of mineral oil,2016.0,2,4211498.0,0.0,0.0,4211498.0,4211498.0,4211498.0,4211498.0,4211498.0,1.0,0.0,4211498.0,4211498.0
Poland,21  Refining of mineral oil,2017.0,2,4018133.0,0.0,0.0,4018133.0,4018133.0,4018133.0,4018133.0,4018133.0,1.0,0.0,4018133.0,4018133.0
Poland,21  Refining of mineral oil,2018.0,2,4321108.0,0.0,0.0,4321108.0,4321108.0,4321108.0,4321108.0,4321108.0,1.0,0.0,4321108.0,4321108.0
Poland,21  Refining of mineral oil,2019.0,2,4463662.0,0.0,0.0,4463662.0,4463662.0,4463662.0,4463662.0,4463662.0,1.0,0.0,4463662.0,4463662.0
Poland,21  Refining of mineral oil,2020.0,2,4324966.0,0.0,0.0,4324966.0,4324966.0,4324966.0,4324966.0,4324966.0,1.0,0.0,4324966.0,4324966.0
Poland,21  Refining of mineral oil,2021.0,2,4527942.0,0.0,0.0,4527942.0,4527942.0,4527942.0,4527942.0,4527942.0,1.0,0.0,4527942.0,4527942.0
Poland,21  Refining of mineral oil,2022.0,2,9636088.0,0.0,0.0,9636088.0,9636088.0,9636088.0,9636088.0,9636088.0,1.0,0.0,9636088.0,9636088.0
Poland,21  Refining of mineral oil,2023.0,2,8766464.0,0.0,0.0,8766464.0,8766464.0,8766464.0,8766464.0,8766464.0,1.0,0.0,8766464.0,8766464.0
Poland,21-99 All industrial installations (excl. combustion),2015.0,2,37668562.0,0.0,0.0,37668562.0,37668562.0,37668562.0,37668562.0,37668562.0,1.0,0.0,37668562.0,37668562.0
Poland,21-99 All industrial installations (excl. combustion),2016.0,2,37708758.0,0.0,0.0,37708758.0,37708758.0,37708758.0,37708758.0,37708758.0,1.0,0.0,37708758.0,37708758.0
Poland,21-99 All industrial installations (excl. combustion),2017.0,2,39151384.0,0.0,0.0,39151384.0,39151384.0,39151384.0,39151384.0,39151384.0,1.0,0.0,39151384.0,39151384.0
Poland,21-99 All industrial installations (excl. combustion),2018.0,2,39359243.0,0.0,0.0,39359243.0,39359243.0,39359243.0,39359243.0,39359243.0,1.0,0.0,39359243.0,39359243.0
Poland,21-99 All industrial installations (excl. combustion),2019.0,2,38725581.0,0.0,0.0,38725581.0,38725581.0,38725581.0,38725581.0,38725581.0,1.0,0.0,38725581.0,38725581.0
Poland,21-99 All industrial installations (excl. combustion),2020.0,2,36899283.0,0.0,0.0,36899283.0,36899283.0,36899283.0,36899283.0,36899283.0,1.0,0.0,36899283.0,36899283.0
Poland,21-99 All industrial installations (excl. combustion),2021.0,2,37813222.0,0.0,0.0,37813222.0,37813222.0,37813222.0,37813222.0,37813222.0,1.0,0.0,37813222.0,37813222.0
Poland,21-99 All industrial installations (excl. combustion),2022.0,2,40028542.0,0.0,0.0,40028542.0,40028542.0,40028542.0,40028542.0,40028542.0,1.0,0.0,40028542.0,40028542.0
Poland,21-99 All industrial installations (excl. combustion),2023.0,2,35172019.0,0.0,0.0,35172019.0,35172019.0,35172019.0,35172019.0,35172019.0,1.0,0.0,35172019.0,35172019.0
Poland,22  Production of coke,2015.0,2,1965955.0,0.0,0.0,1965955.0,1965955.0,1965955.0,1965955.0,1965955.0,1.0,0.0,1965955.0,1965955.0
Poland,22  Production of coke,2016.0,2,1889722.0,0.0,0.0,1889722.0,1889722.0,1889722.0,1889722.0,1889722.0,1.0,0.0,1889722.0,1889722.0
Poland,22  Production of coke,2017.0,2,1886347.0,0.0,0.0,1886347.0,1886347.0,1886347.0,1886347.0,1886347.0,1.0,0.0,1886347.0,1886347.0
Poland,22  Production of coke,2018.0,2,1879355.0,0.0,0.0,1879355.0,1879355.0,1879355.0,1879355.0,1879355.0,1.0,0.0,1879355.0,1879355.0
Poland,22  Production of coke,2019.0,2,1511985.0,0.0,0.0,1511985.0,1511985.0,1511985.0,1511985.0,1511985.0,1.0,0.0,1511985.0,1511985.0
Poland,22  Production of coke,2020.0,2,1384020.0,0.0,0.0,1384020.0,1384020.0,1384020.0,1384020.0,1384020.0,1.0,0.0,1384020.0,1384020.0
Poland,22  Production of coke,2021.0,2,1684652.0,0.0,0.0,1684652.0,1684652.0,1684652.0,1684652.0,1684652.0,1.0,0.0,1684652.0,1684652.0
Poland,22  Production of coke,2022.0,2,1539424.0,0.0,0.0,1539424.0,1539424.0,1539424.0,1539424.0,1539424.0,1.0,0.0,1539424.0,1539424.0
Poland,22  Production of coke,2023.0,2,1521057.0,0.0,0.0,1521057.0,1521057.0,1521057.0,1521057.0,1521057.0,1.0,0.0,1521057.0,1521057.0
Poland,23 Metal ore roasting or sintering,2015.0,2,1682177.0,0.0,0.0,1682177.0,1682177.0,1682177.0,1682177.0,1682177.0,1.0,0.0,1682177.0,1682177.0
Poland,23 Metal ore roasting or sintering,2016.0,2,1525360.0,0.0,0.0,1525360.0,1525360.0,1525360.0,1525360.0,1525360.0,1.0,0.0,1525360.0,1525360.0
Poland,23 Metal ore roasting or sintering,2017.0,2,1566704.0,0.0,0.0,1566704.0,1566704.0,1566704.0,1566704.0,1566704.0,1.0,0.0,1566704.0,1566704.0
Poland,23 Metal ore roasting or sintering,2018.0,2,1614716.0,0.0,0.0,1614716.0,1614716.0,1614716.0,1614716.0,1614716.0,1.0,0.0,1614716.0,1614716.0
Poland,23 Metal ore roasting or sintering,2019.0,2,1517219.0,0.0,0.0,1517219.0,1517219.0,1517219.0,1517219.0,1517219.0,1.0,0.0,1517219.0,1517219.0
Poland,23 Metal ore roasting or sintering,2020.0,2,1068491.0,0.0,0.0,1068491.0,1068491.0,1068491.0,1068491.0,1068491.0,1.0,0.0,1068491.0,1068491.0
Poland,23 Metal ore roasting or sintering,2021.0,2,1278558.0,0.0,0.0,1278558.0,1278558.0,1278558.0,1278558.0,1278558.0,1.0,0.0,1278558.0,1278558.0
Poland,23 Metal ore roasting or sintering,2022.0,2,984109.0,0.0,0.0,984109.0,984109.0,984109.0,984109.0,984109.0,1.0,0.0,984109.0,984109.0
Poland,23 Metal ore roasting or sintering,2023.0,2,786577.0,0.0,0.0,786577.0,786577.0,786577.0,786577.0,786577.0,1.0,0.0,786577.0,786577.0
Poland,24  Production of pig iron or steel,2015.0,2,3862176.0,0.0,0.0,3862176.0,3862176.0,3862176.0,3862176.0,3862176.0,1.0,0.0,3862176.0,3862176.0
Poland,24  Production of pig iron or steel,2016.0,2,3818601.0,0.0,0.0,3818601.0,3818601.0,3818601.0,3818601.0,3818601.0,1.0,0.0,3818601.0,3818601.0
Poland,24  Production of pig iron or steel,2017.0,2,4224393.0,0.0,0.0,4224393.0,4224393.0,4224393.0,4224393.0,4224393.0,1.0,0.0,4224393.0,4224393.0
Poland,24  Production of pig iron or steel,2018.0,2,3782323.0,0.0,0.0,3782323.0,3782323.0,3782323.0,3782323.0,3782323.0,1.0,0.0,3782323.0,3782323.0
Poland,24  Production of pig iron or steel,2019.0,2,3403943.0,0.0,0.0,3403943.0,3403943.0,3403943.0,3403943.0,3403943.0,1.0,0.0,3403943.0,3403943.0
Poland,24  Production of pig iron or steel,2020.0,2,2720871.0,0.0,0.0,2720871.0,2720871.0,2720871.0,2720871.0,2720871.0,1.0,0.0,2720871.0,2720871.0
Poland,24  Production of pig iron or steel,2021.0,2,2958546.0,0.0,0.0,2958546.0,2958546.0,2958546.0,2958546.0,2958546.0,1.0,0.0,2958546.0,2958546.0
Poland,24  Production of pig iron or steel,2022.0,2,2430751.0,0.0,0.0,2430751.0,2430751.0,2430751.0,2430751.0,2430751.0,1.0,0.0,2430751.0,2430751.0
Poland,24  Production of pig iron or steel,2023.0,2,2037933.0,0.0,0.0,2037933.0,2037933.0,2037933.0,2037933.0,2037933.0,1.0,0.0,2037933.0,2037933.0
Poland,25 Production or processing of ferrous metals,2015.0,2,961973.0,0.0,0.0,961973.0,961973.0,961973.0,961973.0,961973.0,1.0,0.0,961973.0,961973.0
Poland,25 Production or processing of ferrous metals,2016.0,2,953904.0,0.0,0.0,953904.0,953904.0,953904.0,953904.0,953904.0,1.0,0.0,953904.0,953904.0
Poland,25 Production or processing of ferrous metals,2017.0,2,1035787.0,0.0,0.0,1035787.0,1035787.0,1035787.0,1035787.0,1035787.0,1.0,0.0,1035787.0,1035787.0
Poland,25 Production or processing of ferrous metals,2018.0,2,1000310.0,0.0,0.0,1000310.0,1000310.0,1000310.0,1000310.0,1000310.0,1.0,0.0,1000310.0,1000310.0
Poland,25 Production or processing of ferrous metals,2019.0,2,893497.0,0.0,0.0,893497.0,893497.0,893497.0,893497.0,893497.0,1.0,0.0,893497.0,893497.0
Poland,25 Production or processing of ferrous metals,2020.0,2,834095.0,0.0,0.0,834095.0,834095.0,834095.0,834095.0,834095.0,1.0,0.0,834095.0,834095.0
Poland,25 Production or processing of ferrous metals,2021.0,2,893783.0,0.0,0.0,893783.0,893783.0,893783.0,893783.0,893783.0,1.0,0.0,893783.0,893783.0
Poland,25 Production or processing of ferrous metals,2022.0,2,816295.0,0.0,0.0,816295.0,816295.0,816295.0,816295.0,816295.0,1.0,0.0,816295.0,816295.0
Poland,25 Production or processing of ferrous metals,2023.0,2,768201.0,0.0,0.0,768201.0,768201.0,768201.0,768201.0,768201.0,1.0,0.0,768201.0,768201.0
Poland,28 Production or processing of non-ferrous metals,2015.0,2,1305598.0,0.0,0.0,1305598.0,1305598.0,1305598.0,1305598.0,1305598.0,1.0,0.0,1305598.0,1305598.0
Poland,28 Production or processing of non-ferrous metals,2016.0,2,1373396.0,0.0,0.0,1373396.0,1373396.0,1373396.0,1373396.0,1373396.0,1.0,0.0,1373396.0,1373396.0
Poland,28 Production or processing of non-ferrous metals,2017.0,2,1758206.0,0.0,0.0,1758206.0,1758206.0,1758206.0,1758206.0,1758206.0,1.0,0.0,1758206.0,1758206.0
Poland,28 Production or processing of non-ferrous metals,2018.0,2,1753516.0,0.0,0.0,1753516.0,1753516.0,1753516.0,1753516.0,1753516.0,1.0,0.0,1753516.0,1753516.0
Poland,28 Production or processing of non-ferrous metals,2019.0,2,1888498.0,0.0,0.0,1888498.0,1888498.0,1888498.0,1888498.0,1888498.0,1.0,0.0,1888498.0,1888498.0
Poland,28 Production or processing of non-ferrous metals,2020.0,2,1771765.0,0.0,0.0,1771765.0,1771765.0,1771765.0,1771765.0,1771765.0,1.0,0.0,1771765.0,1771765.0
Poland,28 Production or processing of non-ferrous metals,2021.0,2,1887868.0,0.0,0.0,1887868.0,1887868.0,1887868.0,1887868.0,1887868.0,1.0,0.0,1887868.0,1887868.0
Poland,28 Production or processing of non-ferrous metals,2022.0,2,1742082.0,0.0,0.0,1742082.0,1742082.0,1742082.0,1742082.0,1742082.0,1.0,0.0,1742082.0,1742082.0
Poland,28 Production or processing of non-ferrous metals,2023.0,2,1775988.0,0.0,0.0,1775988.0,1775988.0,1775988.0,1775988.0,1775988.0,1.0,0.0,1775988.0,1775988.0
Poland,29 Production of cement clinker,2015.0,2,9441742.0,0.0,0.0,9441742.0,9441742.0,9441742.0,9441742.0,9441742.0,1.0,0.0,9441742.0,9441742.0
Poland,29 Production of cement clinker,2016.0,2,9703539.0,0.0,0.0,9703539.0,9703539.0,9703539.0,9703539.0,9703539.0,1.0,0.0,9703539.0,9703539.0
Poland,29 Production of cement clinker,2017.0,2,10271791.0,0.0,0.0,10271791.0,10271791.0,10271791.0,10271791.0,10271791.0,1.0,0.0,10271791.0,10271791.0
Poland,29 Production of cement clinker,2018.0,2,11326116.0,0.0,0.0,11326116.0,11326116.0,11326116.0,11326116.0,11326116.0,1.0,0.0,11326116.0,11326116.0
Poland,29 Production of cement clinker,2019.0,2,11333394.0,0.0,0.0,11333394.0,11333394.0,11333394.0,11333394.0,11333394.0,1.0,0.0,11333394.0,11333394.0
Poland,29 Production of cement clinker,2020.0,2,11153180.0,0.0,0.0,11153180.0,11153180.0,11153180.0,11153180.0,11153180.0,1.0,0.0,11153180.0,11153180.0
Poland,29 Production of cement clinker,2021.0,2,10597955.0,0.0,0.0,10597955.0,10597955.0,10597955.0,10597955.0,10597955.0,1.0,0.0,10597955.0,10597955.0
Poland,29 Production of cement clinker,2022.0,2,11156795.0,0.0,0.0,11156795.0,11156795.0,11156795.0,11156795.0,11156795.0,1.0,0.0,11156795.0,11156795.0
Poland,29 Production of cement clinker,2023.0,2,9553807.0,0.0,0.0,9553807.0,9553807.0,9553807.0,9553807.0,9553807.0,1.0,0.0,9553807.0,9553807.0
Poland,"30 Production of lime, or calcination of dolomite/magnesite",2015.0,2,2143445.0,0.0,0.0,2143445.0,2143445.0,2143445.0,2143445.0,2143445.0,1.0,0.0,2143445.0,2143445.0
Poland,"30 Production of lime, or calcination of dolomite/magnesite",2016.0,2,2226919.0,0.0,0.0,2226919.0,2226919.0,2226919.0,2226919.0,2226919.0,1.0,0.0,2226919.0,2226919.0
Poland,"30 Production of lime, or calcination of dolomite/magnesite",2017.0,2,2284919.0,0.0,0.0,2284919.0,2284919.0,2284919.0,2284919.0,2284919.0,1.0,0.0,2284919.0,2284919.0
Poland,"30 Production of lime, or calcination of dolomite/magnesite",2018.0,2,2235862.0,0.0,0.0,2235862.0,2235862.0,2235862.0,2235862.0,2235862.0,1.0,0.0,2235862.0,2235862.0
Poland,"30 Production of lime, or calcination of dolomite/magnesite",2019.0,2,2116036.0,0.0,0.0,2116036.0,2116036.0,2116036.0,2116036.0,2116036.0,1.0,0.0,2116036.0,2116036.0
Poland,"30 Production of lime, or calcination of dolomite/magnesite",2020.0,2,1914134.0,0.0,0.0,1914134.0,1914134.0,1914134.0,1914134.0,1914134.0,1.0,0.0,1914134.0,1914134.0
Poland,"30 Production of lime, or calcination of dolomite/magnesite",2021.0,2,2130053.0,0.0,0.0,2130053.0,2130053.0,2130053.0,2130053.0,2130053.0,1.0,0.0,2130053.0,2130053.0
Poland,"30 Production of lime, or calcination of dolomite/magnesite",2022.0,2,1903190.0,0.0,0.0,1903190.0,1903190.0,1903190.0,1903190.0,1903190.0,1.0,0.0,1903190.0,1903190.0
Poland,"30 Production of lime, or calcination of dolomite/magnesite",2023.0,2,1556990.0,0.0,0.0,1556990.0,1556990.0,1556990.0,1556990.0,1556990.0,1.0,0.0,1556990.0,1556990.0
Poland,31 Manufacture of glass,2015.0,2,1454366.0,0.0,0.0,1454366.0,1454366.0,1454366.0,1454366.0,1454366.0,1.0,0.0,1454366.0,1454366.0
Poland,31 Manufacture of glass,2016.0,2,1540148.0,0.0,0.0,1540148.0,1540148.0,1540148.0,1540148.0,1540148.0,1.0,0.0,1540148.0,1540148.0
Poland,31 Manufacture of glass,2017.0,2,1599690.0,0.0,0.0,1599690.0,1599690.0,1599690.0,1599690.0,1599690.0,1.0,0.0,1599690.0,1599690.0
Poland,31 Manufacture of glass,2018.0,2,1455327.0,0.0,0.0,1455327.0,1455327.0,1455327.0,1455327.0,1455327.0,1.0,0.0,1455327.0,1455327.0
Poland,31 Manufacture of glass,2019.0,2,1687717.0,0.0,0.0,1687717.0,1687717.0,1687717.0,1687717.0,1687717.0,1.0,0.0,1687717.0,1687717.0
Poland,31 Manufacture of glass,2020.0,2,1719150.0,0.0,0.0,1719150.0,1719150.0,1719150.0,1719150.0,1719150.0,1.0,0.0,1719150.0,1719150.0
Poland,31 Manufacture of glass,2021.0,2,1905744.0,0.0,0.0,1905744.0,1905744.0,1905744.0,1905744.0,1905744.0,1.0,0.0,1905744.0,1905744.0
Poland,31 Manufacture of glass,2022.0,2,1879012.0,0.0,0.0,1879012.0,1879012.0,1879012.0,1879012.0,1879012.0,1.0,0.0,1879012.0,1879012.0
Poland,31 Manufacture of glass,2023.0,2,1751249.0,0.0,0.0,1751249.0,1751249.0,1751249.0,1751249.0,1751249.0,1.0,0.0,1751249.0,1751249.0
Poland,32 Manufacture of ceramics,2015.0,2,987778.0,0.0,0.0,987778.0,987778.0,987778.0,987778.0,987778.0,1.0,0.0,987778.0,987778.0
Poland,32 Manufacture of ceramics,2016.0,2,1034633.0,0.0,0.0,1034633.0,1034633.0,1034633.0,1034633.0,1034633.0,1.0,0.0,1034633.0,1034633.0
Poland,32 Manufacture of ceramics,2017.0,2,1085736.0,0.0,0.0,1085736.0,1085736.0,1085736.0,1085736.0,1085736.0,1.0,0.0,1085736.0,1085736.0
Poland,32 Manufacture of ceramics,2018.0,2,1119798.0,0.0,0.0,1119798.0,1119798.0,1119798.0,1119798.0,1119798.0,1.0,0.0,1119798.0,1119798.0
Poland,32 Manufacture of ceramics,2019.0,2,1101213.0,0.0,0.0,1101213.0,1101213.0,1101213.0,1101213.0,1101213.0,1.0,0.0,1101213.0,1101213.0
Poland,32 Manufacture of ceramics,2020.0,2,1043169.0,0.0,0.0,1043169.0,1043169.0,1043169.0,1043169.0,1043169.0,1.0,0.0,1043169.0,1043169.0
Poland,32 Manufacture of ceramics,2021.0,2,1138004.0,0.0,0.0,1138004.0,1138004.0,1138004.0,1138004.0,1138004.0,1.0,0.0,1138004.0,1138004.0
Poland,32 Manufacture of ceramics,2022.0,2,1032995.0,0.0,0.0,1032995.0,1032995.0,1032995.0,1032995.0,1032995.0,1.0,0.0,1032995.0,1032995.0
Poland,32 Manufacture of ceramics,2023.0,2,745591.0,0.0,0.0,745591.0,745591.0,745591.0,745591.0,745591.0,1.0,0.0,745591.0,745591.0
Poland,33 Manufacture of mineral wool,2015.0,2,301064.0,0.0,0.0,301064.0,301064.0,301064.0,301064.0,301064.0,1.0,0.0,301064.0,301064.0
Poland,33 Manufacture of mineral wool,2016.0,2,321542.0,0.0,0.0,321542.0,321542.0,321542.0,321542.0,321542.0,1.0,0.0,321542.0,321542.0
Poland,33 Manufacture of mineral wool,2017.0,2,376244.0,0.0,0.0,376244.0,376244.0,376244.0,376244.0,376244.0,1.0,0.0,376244.0,376244.0
Poland,33 Manufacture of mineral wool,2018.0,2,373902.0,0.0,0.0,373902.0,373902.0,373902.0,373902.0,373902.0,1.0,0.0,373902.0,373902.0
Poland,33 Manufacture of mineral wool,2019.0,2,334072.0,0.0,0.0,334072.0,334072.0,334072.0,334072.0,334072.0,1.0,0.0,334072.0,334072.0
Poland,33 Manufacture of mineral wool,2020.0,2,363500.0,0.0,0.0,363500.0,363500.0,363500.0,363500.0,363500.0,1.0,0.0,363500.0,363500.0
Poland,33 Manufacture of mineral wool,2021.0,2,407797.0,0.0,0.0,407797.0,407797.0,407797.0,407797.0,407797.0,1.0,0.0,407797.0,407797.0
Poland,33 Manufacture of mineral wool,2022.0,2,363328.0,0.0,0.0,363328.0,363328.0,363328.0,363328.0,363328.0,1.0,0.0,363328.0,363328.0
Poland,33 Manufacture of mineral wool,2023.0,2,322862.0,0.0,0.0,322862.0,322862.0,322862.0,322862.0,322862.0,1.0,0.0,322862.0,322862.0
Poland,34 Production or processing of gypsum or plasterboard,2015.0,2,84605.0,0.0,0.0,84605.0,84605.0,84605.0,84605.0,84605.0,1.0,0.0,84605.0,84605.0
Poland,34 Production or processing of gypsum or plasterboard,2016.0,2,94052.0,0.0,0.0,94052.0,94052.0,94052.0,94052.0,94052.0,1.0,0.0,94052.0,94052.0
Poland,34 Production or processing of gypsum or plasterboard,2017.0,2,114896.0,0.0,0.0,114896.0,114896.0,114896.0,114896.0,114896.0,1.0,0.0,114896.0,114896.0
Poland,34 Production or processing of gypsum or plasterboard,2018.0,2,117086.0,0.0,0.0,117086.0,117086.0,117086.0,117086.0,117086.0,1.0,0.0,117086.0,117086.0
Poland,34 Production or processing of gypsum or plasterboard,2019.0,2,116637.0,0.0,0.0,116637.0,116637.0,116637.0,116637.0,116637.0,1.0,0.0,116637.0,116637.0
Poland,34 Production or processing of gypsum or plasterboard,2020.0,2,119443.0,0.0,0.0,119443.0,119443.0,119443.0,119443.0,119443.0,1.0,0.0,119443.0,119443.0
Poland,34 Production or processing of gypsum or plasterboard,2021.0,2,127891.0,0.0,0.0,127891.0,127891.0,127891.0,127891.0,127891.0,1.0,0.0,127891.0,127891.0
Poland,34 Production or processing of gypsum or plasterboard,2022.0,2,113153.0,0.0,0.0,113153.0,113153.0,113153.0,113153.0,113153.0,1.0,0.0,113153.0,113153.0
Poland,34 Production or processing of gypsum or plasterboard,2023.0,2,75688.0,0.0,0.0,75688.0,75688.0,75688.0,75688.0,75688.0,1.0,0.0,75688.0,75688.0
Poland,36 Production of paper or cardboard,2015.0,2,2107166.0,0.0,0.0,2107166.0,2107166.0,2107166.0,2107166.0,2107166.0,1.0,0.0,2107166.0,2107166.0
Poland,36 Production of paper or cardboard,2016.0,2,2055997.0,0.0,0.0,2055997.0,2055997.0,2055997.0,2055997.0,2055997.0,1.0,0.0,2055997.0,2055997.0
Poland,36 Production of paper or cardboard,2017.0,2,1791058.0,0.0,0.0,1791058.0,1791058.0,1791058.0,1791058.0,1791058.0,1.0,0.0,1791058.0,1791058.0
Poland,36 Production of paper or cardboard,2018.0,2,1571197.0,0.0,0.0,1571197.0,1571197.0,1571197.0,1571197.0,1571197.0,1.0,0.0,1571197.0,1571197.0
Poland,36 Production of paper or cardboard,2019.0,2,1748268.0,0.0,0.0,1748268.0,1748268.0,1748268.0,1748268.0,1748268.0,1.0,0.0,1748268.0,1748268.0
Poland,36 Production of paper or cardboard,2020.0,2,1600757.0,0.0,0.0,1600757.0,1600757.0,1600757.0,1600757.0,1600757.0,1.0,0.0,1600757.0,1600757.0
Poland,36 Production of paper or cardboard,2021.0,2,1587136.0,0.0,0.0,1587136.0,1587136.0,1587136.0,1587136.0,1587136.0,1.0,0.0,1587136.0,1587136.0
Poland,36 Production of paper or cardboard,2022.0,2,1409841.0,0.0,0.0,1409841.0,1409841.0,1409841.0,1409841.0,1409841.0,1.0,0.0,1409841.0,1409841.0
Poland,36 Production of paper or cardboard,2023.0,2,1210455.0,0.0,0.0,1210455.0,1210455.0,1210455.0,1210455.0,1210455.0,1.0,0.0,1210455.0,1210455.0
Poland,37 Production of carbon black,2015.0,2,78318.0,0.0,0.0,78318.0,78318.0,78318.0,78318.0,78318.0,1.0,0.0,78318.0,78318.0
Poland,37 Production of carbon black,2016.0,2,90122.0,0.0,0.0,90122.0,90122.0,90122.0,90122.0,90122.0,1.0,0.0,90122.0,90122.0
Poland,37 Production of carbon black,2017.0,2,92410.0,0.0,0.0,92410.0,92410.0,92410.0,92410.0,92410.0,1.0,0.0,92410.0,92410.0
Poland,37 Production of carbon black,2018.0,2,94291.0,0.0,0.0,94291.0,94291.0,94291.0,94291.0,94291.0,1.0,0.0,94291.0,94291.0
Poland,37 Production of carbon black,2019.0,2,97311.0,0.0,0.0,97311.0,97311.0,97311.0,97311.0,97311.0,1.0,0.0,97311.0,97311.0
Poland,37 Production of carbon black,2020.0,2,85166.0,0.0,0.0,85166.0,85166.0,85166.0,85166.0,85166.0,1.0,0.0,85166.0,85166.0
Poland,37 Production of carbon black,2021.0,2,100335.0,0.0,0.0,100335.0,100335.0,100335.0,100335.0,100335.0,1.0,0.0,100335.0,100335.0
Poland,37 Production of carbon black,2022.0,2,87730.0,0.0,0.0,87730.0,87730.0,87730.0,87730.0,87730.0,1.0,0.0,87730.0,87730.0
Poland,37 Production of carbon black,2023.0,2,81708.0,0.0,0.0,81708.0,81708.0,81708.0,81708.0,81708.0,1.0,0.0,81708.0,81708.0
Poland,38 Production of nitric acid,2015.0,2,576531.0,0.0,0.0,576531.0,576531.0,576531.0,576531.0,576531.0,1.0,0.0,576531.0,576531.0
Poland,38 Production of nitric acid,2016.0,2,576590.0,0.0,0.0,576590.0,576590.0,576590.0,576590.0,576590.0,1.0,0.0,576590.0,576590.0
Poland,38 Production of nitric acid,2017.0,2,648843.0,0.0,0.0,648843.0,648843.0,648843.0,648843.0,648843.0,1.0,0.0,648843.0,648843.0
Poland,38 Production of nitric acid,2018.0,2,597888.0,0.0,0.0,597888.0,597888.0,597888.0,597888.0,597888.0,1.0,0.0,597888.0,597888.0
Poland,38 Production of nitric acid,2019.0,2,573414.0,0.0,0.0,573414.0,573414.0,573414.0,573414.0,573414.0,1.0,0.0,573414.0,573414.0
Poland,38 Production of nitric acid,2020.0,2,541105.0,0.0,0.0,541105.0,541105.0,541105.0,541105.0,541105.0,1.0,0.0,541105.0,541105.0
Poland,38 Production of nitric acid,2021.0,2,495660.0,0.0,0.0,495660.0,495660.0,495660.0,495660.0,495660.0,1.0,0.0,495660.0,495660.0
Poland,38 Production of nitric acid,2022.0,2,484834.0,0.0,0.0,484834.0,484834.0,484834.0,484834.0,484834.0,1.0,0.0,484834.0,484834.0
Poland,38 Production of nitric acid,2023.0,2,535405.0,0.0,0.0,535405.0,535405.0,535405.0,535405.0,535405.0,1.0,0.0,535405.0,535405.0
Poland,41 Production of ammonia,2015.0,2,1807323.0,0.0,0.0,1807323.0,1807323.0,1807323.0,1807323.0,1807323.0,1.0,0.0,1807323.0,1807323.0
Poland,41 Production of ammonia,2016.0,2,1757760.0,0.0,0.0,1757760.0,1757760.0,1757760.0,1757760.0,1757760.0,1.0,0.0,1757760.0,1757760.0
Poland,41 Production of ammonia,2017.0,2,1824964.0,0.0,0.0,1824964.0,1824964.0,1824964.0,1824964.0,1824964.0,1.0,0.0,1824964.0,1824964.0
Poland,41 Production of ammonia,2018.0,2,1513356.0,0.0,0.0,1513356.0,1513356.0,1513356.0,1513356.0,1513356.0,1.0,0.0,1513356.0,1513356.0
Poland,41 Production of ammonia,2019.0,2,1307968.0,0.0,0.0,1307968.0,1307968.0,1307968.0,1307968.0,1307968.0,1.0,0.0,1307968.0,1307968.0
Poland,41 Production of ammonia,2020.0,2,1758135.0,0.0,0.0,1758135.0,1758135.0,1758135.0,1758135.0,1758135.0,1.0,0.0,1758135.0,1758135.0
Poland,41 Production of ammonia,2021.0,2,1615416.0,0.0,0.0,1615416.0,1615416.0,1615416.0,1615416.0,1615416.0,1.0,0.0,1615416.0,1615416.0
Poland,41 Production of ammonia,2022.0,2,1170904.0,0.0,0.0,1170904.0,1170904.0,1170904.0,1170904.0,1170904.0,1.0,0.0,1170904.0,1170904.0
Poland,41 Production of ammonia,2023.0,2,1208460.0,0.0,0.0,1208460.0,1208460.0,1208460.0,1208460.0,1208460.0,1.0,0.0,1208460.0,1208460.0
Poland,42 Production of bulk chemicals,2015.0,2,4262311.0,0.0,0.0,4262311.0,4262311.0,4262311.0,4262311.0,4262311.0,1.0,0.0,4262311.0,4262311.0
Poland,42 Production of bulk chemicals,2016.0,2,4123712.0,0.0,0.0,4123712.0,4123712.0,4123712.0,4123712.0,4123712.0,1.0,0.0,4123712.0,4123712.0
Poland,42 Production of bulk chemicals,2017.0,2,4109861.0,0.0,0.0,4109861.0,4109861.0,4109861.0,4109861.0,4109861.0,1.0,0.0,4109861.0,4109861.0
Poland,42 Production of bulk chemicals,2018.0,2,4139069.0,0.0,0.0,4139069.0,4139069.0,4139069.0,4139069.0,4139069.0,1.0,0.0,4139069.0,4139069.0
Poland,42 Production of bulk chemicals,2019.0,2,4154421.0,0.0,0.0,4154421.0,4154421.0,4154421.0,4154421.0,4154421.0,1.0,0.0,4154421.0,4154421.0
Poland,42 Production of bulk chemicals,2020.0,2,4094290.0,0.0,0.0,4094290.0,4094290.0,4094290.0,4094290.0,4094290.0,1.0,0.0,4094290.0,4094290.0
Poland,42 Production of bulk chemicals,2021.0,2,4055882.0,0.0,0.0,4055882.0,4055882.0,4055882.0,4055882.0,4055882.0,1.0,0.0,4055882.0,4055882.0
Poland,42 Production of bulk chemicals,2022.0,2,2844758.0,0.0,0.0,2844758.0,2844758.0,2844758.0,2844758.0,2844758.0,1.0,0.0,2844758.0,2844758.0
Poland,42 Production of bulk chemicals,2023.0,2,2128516.0,0.0,0.0,2128516.0,2128516.0,2128516.0,2128516.0,2128516.0,1.0,0.0,2128516.0,2128516.0
Poland,44 Production of soda ash and sodium bicarbonate,2015.0,2,361927.0,0.0,0.0,361927.0,361927.0,361927.0,361927.0,361927.0,1.0,0.0,361927.0,361927.0
Poland,44 Production of soda ash and sodium bicarbonate,2016.0,2,411263.0,0.0,0.0,411263.0,411263.0,411263.0,411263.0,411263.0,1.0,0.0,411263.0,411263.0
Poland,44 Production of soda ash and sodium bicarbonate,2017.0,2,461402.0,0.0,0.0,461402.0,461402.0,461402.0,461402.0,461402.0,1.0,0.0,461402.0,461402.0
Poland,44 Production of soda ash and sodium bicarbonate,2018.0,2,464023.0,0.0,0.0,464023.0,464023.0,464023.0,464023.0,464023.0,1.0,0.0,464023.0,464023.0
Poland,44 Production of soda ash and sodium bicarbonate,2019.0,2,476326.0,0.0,0.0,476326.0,476326.0,476326.0,476326.0,476326.0,1.0,0.0,476326.0,476326.0
Poland,44 Production of soda ash and sodium bicarbonate,2020.0,2,403046.0,0.0,0.0,403046.0,403046.0,403046.0,403046.0,403046.0,1.0,0.0,403046.0,403046.0
Poland,44 Production of soda ash and sodium bicarbonate,2021.0,2,420000.0,0.0,0.0,420000.0,420000.0,420000.0,420000.0,420000.0,1.0,0.0,420000.0,420000.0
Poland,44 Production of soda ash and sodium bicarbonate,2022.0,2,433253.0,0.0,0.0,433253.0,433253.0,433253.0,433253.0,433253.0,1.0,0.0,433253.0,433253.0
Poland,44 Production of soda ash and sodium bicarbonate,2023.0,2,345068.0,0.0,0.0,345068.0,345068.0,345068.0,345068.0,345068.0,1.0,0.0,345068.0,345068.0
Portugal,10 Aviation,2015.0,2,1280858.0,0.0,0.0,1280858.0,1280858.0,1280858.0,1280858.0,1280858.0,1.0,0.0,1280858.0,1280858.0
Portugal,10 Aviation,2016.0,2,1239074.0,0.0,0.0,1239074.0,1239074.0,1239074.0,1239074.0,1239074.0,1.0,0.0,1239074.0,1239074.0
Portugal,10 Aviation,2017.0,2,1347447.0,0.0,0.0,1347447.0,1347447.0,1347447.0,1347447.0,1347447.0,1.0,0.0,1347447.0,1347447.0
Portugal,10 Aviation,2018.0,2,1503870.0,0.0,0.0,1503870.0,1503870.0,1503870.0,1503870.0,1503870.0,1.0,0.0,1503870.0,1503870.0
Portugal,10 Aviation,2019.0,2,1554584.0,0.0,0.0,1554584.0,1554584.0,1554584.0,1554584.0,1554584.0,1.0,0.0,1554584.0,1554584.0
Portugal,10 Aviation,2020.0,3,378450.6666666667,245437.26161327303,0.6485317195370415,132637.40000000002,283838.0,535839.0,551757.5,561308.6,4.231902917276725,-0.3146389842093025,31837.0,567676.0
Portugal,10 Aviation,2021.0,3,438231.3333333333,285917.59494224127,0.6524353080083456,152091.40000000002,328673.5,622977.0,640162.0,650473.0,4.276855890602624,-0.31590468960838036,34370.0,657347.0
Portugal,10 Aviation,2022.0,3,781935.3333333334,514806.535547956,0.658374821551257,267323.2,586451.5,1118332.0,1145617.5,1161988.8,4.346756286023809,-0.3178245202999168,54571.0,1172903.0
Portugal,10 Aviation,2023.0,3,885951.3333333334,581574.8744139103,0.6564411074655458,304376.80000000005,664463.5,1264608.0,1296767.5,1316063.2,4.323796031760633,-0.3172002675842991,64319.0,1328927.0
Portugal,20 Combustion of fuels,2015.0,2,17530288.0,0.0,0.0,17530288.0,17530288.0,17530288.0,17530288.0,17530288.0,1.0,0.0,17530288.0,17530288.0
Portugal,20 Combustion of fuels,2016.0,2,16313283.0,0.0,0.0,16313283.0,16313283.0,16313283.0,16313283.0,16313283.0,1.0,0.0,16313283.0,16313283.0
Portugal,20 Combustion of fuels,2017.0,2,19726656.0,0.0,0.0,19726656.0,19726656.0,19726656.0,19726656.0,19726656.0,1.0,0.0,19726656.0,19726656.0
Portugal,20 Combustion of fuels,2018.0,2,16500519.0,0.0,0.0,16500519.0,16500519.0,16500519.0,16500519.0,16500519.0,1.0,0.0,16500519.0,16500519.0
Portugal,20 Combustion of fuels,2019.0,2,11851253.0,0.0,0.0,11851253.0,11851253.0,11851253.0,11851253.0,11851253.0,1.0,0.0,11851253.0,11851253.0
Portugal,20 Combustion of fuels,2020.0,2,9154407.0,0.0,0.0,9154407.0,9154407.0,9154407.0,9154407.0,9154407.0,1.0,0.0,9154407.0,9154407.0
Portugal,20 Combustion of fuels,2021.0,2,7231197.0,0.0,0.0,7231197.0,7231197.0,7231197.0,7231197.0,7231197.0,1.0,0.0,7231197.0,7231197.0
Portugal,20 Combustion of fuels,2022.0,2,7347879.0,0.0,0.0,7347879.0,7347879.0,7347879.0,7347879.0,7347879.0,1.0,0.0,7347879.0,7347879.0
Portugal,20 Combustion of fuels,2023.0,2,4666586.0,0.0,0.0,4666586.0,4666586.0,4666586.0,4666586.0,4666586.0,1.0,0.0,4666586.0,4666586.0
Portugal,20-99 All stationary installations,2015.0,2,27957283.0,0.0,0.0,27957283.0,27957283.0,27957283.0,27957283.0,27957283.0,1.0,0.0,27957283.0,27957283.0
Portugal,20-99 All stationary installations,2016.0,2,25755477.0,0.0,0.0,25755477.0,25755477.0,25755477.0,25755477.0,25755477.0,1.0,0.0,25755477.0,25755477.0
Portugal,20-99 All stationary installations,2017.0,2,30076001.0,0.0,0.0,30076001.0,30076001.0,30076001.0,30076001.0,30076001.0,1.0,0.0,30076001.0,30076001.0
Portugal,20-99 All stationary installations,2018.0,2,26288813.0,0.0,0.0,26288813.0,26288813.0,26288813.0,26288813.0,26288813.0,1.0,0.0,26288813.0,26288813.0
Portugal,20-99 All stationary installations,2019.0,2,21604075.0,0.0,0.0,21604075.0,21604075.0,21604075.0,21604075.0,21604075.0,1.0,0.0,21604075.0,21604075.0
Portugal,20-99 All stationary installations,2020.0,2,18733777.0,0.0,0.0,18733777.0,18733777.0,18733777.0,18733777.0,18733777.0,1.0,0.0,18733777.0,18733777.0
Portugal,20-99 All stationary installations,2021.0,2,16037219.0,0.0,0.0,16037219.0,16037219.0,16037219.0,16037219.0,16037219.0,1.0,0.0,16037219.0,16037219.0
Portugal,20-99 All stationary installations,2022.0,2,16191278.0,0.0,0.0,16191278.0,16191278.0,16191278.0,16191278.0,16191278.0,1.0,0.0,16191278.0,16191278.0
Portugal,20-99 All stationary installations,2023.0,2,12758823.0,0.0,0.0,12758823.0,12758823.0,12758823.0,12758823.0,12758823.0,1.0,0.0,12758823.0,12758823.0
Portugal,21  Refining of mineral oil,2015.0,2,3468029.0,0.0,0.0,3468029.0,3468029.0,3468029.0,3468029.0,3468029.0,1.0,0.0,3468029.0,3468029.0
Portugal,21  Refining of mineral oil,2016.0,2,3424131.0,0.0,0.0,3424131.0,3424131.0,3424131.0,3424131.0,3424131.0,1.0,0.0,3424131.0,3424131.0
Portugal,21  Refining of mineral oil,2017.0,2,3578168.0,0.0,0.0,3578168.0,3578168.0,3578168.0,3578168.0,3578168.0,1.0,0.0,3578168.0,3578168.0
Portugal,21  Refining of mineral oil,2018.0,2,3216219.0,0.0,0.0,3216219.0,3216219.0,3216219.0,3216219.0,3216219.0,1.0,0.0,3216219.0,3216219.0
Portugal,21  Refining of mineral oil,2019.0,2,3258709.0,0.0,0.0,3258709.0,3258709.0,3258709.0,3258709.0,3258709.0,1.0,0.0,3258709.0,3258709.0
Portugal,21  Refining of mineral oil,2020.0,2,3067805.0,0.0,0.0,3067805.0,3067805.0,3067805.0,3067805.0,3067805.0,1.0,0.0,3067805.0,3067805.0
Portugal,21  Refining of mineral oil,2021.0,2,2674058.0,0.0,0.0,2674058.0,2674058.0,2674058.0,2674058.0,2674058.0,1.0,0.0,2674058.0,2674058.0
Portugal,21  Refining of mineral oil,2022.0,2,2664396.0,0.0,0.0,2664396.0,2664396.0,2664396.0,2664396.0,2664396.0,1.0,0.0,2664396.0,2664396.0
Portugal,21  Refining of mineral oil,2023.0,2,2359568.0,0.0,0.0,2359568.0,2359568.0,2359568.0,2359568.0,2359568.0,1.0,0.0,2359568.0,2359568.0
Portugal,21-99 All industrial installations (excl. combustion),2015.0,2,10426995.0,0.0,0.0,10426995.0,10426995.0,10426995.0,10426995.0,10426995.0,1.0,0.0,10426995.0,10426995.0
Portugal,21-99 All industrial installations (excl. combustion),2016.0,2,9442194.0,0.0,0.0,9442194.0,9442194.0,9442194.0,9442194.0,9442194.0,1.0,0.0,9442194.0,9442194.0
Portugal,21-99 All industrial installations (excl. combustion),2017.0,2,10349345.0,0.0,0.0,10349345.0,10349345.0,10349345.0,10349345.0,10349345.0,1.0,0.0,10349345.0,10349345.0
Portugal,21-99 All industrial installations (excl. combustion),2018.0,2,9788294.0,0.0,0.0,9788294.0,9788294.0,9788294.0,9788294.0,9788294.0,1.0,0.0,9788294.0,9788294.0
Portugal,21-99 All industrial installations (excl. combustion),2019.0,2,9752822.0,0.0,0.0,9752822.0,9752822.0,9752822.0,9752822.0,9752822.0,1.0,0.0,9752822.0,9752822.0
Portugal,21-99 All industrial installations (excl. combustion),2020.0,2,9579370.0,0.0,0.0,9579370.0,9579370.0,9579370.0,9579370.0,9579370.0,1.0,0.0,9579370.0,9579370.0
Portugal,21-99 All industrial installations (excl. combustion),2021.0,2,8806022.0,0.0,0.0,8806022.0,8806022.0,8806022.0,8806022.0,8806022.0,1.0,0.0,8806022.0,8806022.0
Portugal,21-99 All industrial installations (excl. combustion),2022.0,2,8843399.0,0.0,0.0,8843399.0,8843399.0,8843399.0,8843399.0,8843399.0,1.0,0.0,8843399.0,8843399.0
Portugal,21-99 All industrial installations (excl. combustion),2023.0,2,8092237.0,0.0,0.0,8092237.0,8092237.0,8092237.0,8092237.0,8092237.0,1.0,0.0,8092237.0,8092237.0
Portugal,24  Production of pig iron or steel,2015.0,2,191211.0,0.0,0.0,191211.0,191211.0,191211.0,191211.0,191211.0,1.0,0.0,191211.0,191211.0
Portugal,24  Production of pig iron or steel,2016.0,2,147481.0,0.0,0.0,147481.0,147481.0,147481.0,147481.0,147481.0,1.0,0.0,147481.0,147481.0
Portugal,24  Production of pig iron or steel,2017.0,2,135143.0,0.0,0.0,135143.0,135143.0,135143.0,135143.0,135143.0,1.0,0.0,135143.0,135143.0
Portugal,24  Production of pig iron or steel,2018.0,2,138798.0,0.0,0.0,138798.0,138798.0,138798.0,138798.0,138798.0,1.0,0.0,138798.0,138798.0
Portugal,24  Production of pig iron or steel,2019.0,2,155687.0,0.0,0.0,155687.0,155687.0,155687.0,155687.0,155687.0,1.0,0.0,155687.0,155687.0
Portugal,24  Production of pig iron or steel,2020.0,2,158081.0,0.0,0.0,158081.0,158081.0,158081.0,158081.0,158081.0,1.0,0.0,158081.0,158081.0
Portugal,24  Production of pig iron or steel,2021.0,2,128797.0,0.0,0.0,128797.0,128797.0,128797.0,128797.0,128797.0,1.0,0.0,128797.0,128797.0
Portugal,24  Production of pig iron or steel,2022.0,2,131196.0,0.0,0.0,131196.0,131196.0,131196.0,131196.0,131196.0,1.0,0.0,131196.0,131196.0
Portugal,24  Production of pig iron or steel,2023.0,2,139955.0,0.0,0.0,139955.0,139955.0,139955.0,139955.0,139955.0,1.0,0.0,139955.0,139955.0
Portugal,29 Production of cement clinker,2015.0,2,5011461.0,0.0,0.0,5011461.0,5011461.0,5011461.0,5011461.0,5011461.0,1.0,0.0,5011461.0,5011461.0
Portugal,29 Production of cement clinker,2016.0,2,4016440.0,0.0,0.0,4016440.0,4016440.0,4016440.0,4016440.0,4016440.0,1.0,0.0,4016440.0,4016440.0
Portugal,29 Production of cement clinker,2017.0,2,4393083.0,0.0,0.0,4393083.0,4393083.0,4393083.0,4393083.0,4393083.0,1.0,0.0,4393083.0,4393083.0
Portugal,29 Production of cement clinker,2018.0,2,3971951.0,0.0,0.0,3971951.0,3971951.0,3971951.0,3971951.0,3971951.0,1.0,0.0,3971951.0,3971951.0
Portugal,29 Production of cement clinker,2019.0,2,3905240.0,0.0,0.0,3905240.0,3905240.0,3905240.0,3905240.0,3905240.0,1.0,0.0,3905240.0,3905240.0
Portugal,29 Production of cement clinker,2020.0,2,4056643.0,0.0,0.0,4056643.0,4056643.0,4056643.0,4056643.0,4056643.0,1.0,0.0,4056643.0,4056643.0
Portugal,29 Production of cement clinker,2021.0,2,3727068.0,0.0,0.0,3727068.0,3727068.0,3727068.0,3727068.0,3727068.0,1.0,0.0,3727068.0,3727068.0
Portugal,29 Production of cement clinker,2022.0,2,3864980.0,0.0,0.0,3864980.0,3864980.0,3864980.0,3864980.0,3864980.0,1.0,0.0,3864980.0,3864980.0
Portugal,29 Production of cement clinker,2023.0,2,3654241.0,0.0,0.0,3654241.0,3654241.0,3654241.0,3654241.0,3654241.0,1.0,0.0,3654241.0,3654241.0
Portugal,"30 Production of lime, or calcination of dolomite/magnesite",2015.0,2,35449.0,0.0,0.0,35449.0,35449.0,35449.0,35449.0,35449.0,1.0,0.0,35449.0,35449.0
Portugal,"30 Production of lime, or calcination of dolomite/magnesite",2016.0,2,37290.0,0.0,0.0,37290.0,37290.0,37290.0,37290.0,37290.0,1.0,0.0,37290.0,37290.0
Portugal,"30 Production of lime, or calcination of dolomite/magnesite",2017.0,2,40232.0,0.0,0.0,40232.0,40232.0,40232.0,40232.0,40232.0,1.0,0.0,40232.0,40232.0
Portugal,"30 Production of lime, or calcination of dolomite/magnesite",2018.0,2,93977.0,0.0,0.0,93977.0,93977.0,93977.0,93977.0,93977.0,1.0,0.0,93977.0,93977.0
Portugal,"30 Production of lime, or calcination of dolomite/magnesite",2019.0,2,104513.0,0.0,0.0,104513.0,104513.0,104513.0,104513.0,104513.0,1.0,0.0,104513.0,104513.0
Portugal,"30 Production of lime, or calcination of dolomite/magnesite",2020.0,2,97748.0,0.0,0.0,97748.0,97748.0,97748.0,97748.0,97748.0,1.0,0.0,97748.0,97748.0
Portugal,"30 Production of lime, or calcination of dolomite/magnesite",2021.0,2,101282.0,0.0,0.0,101282.0,101282.0,101282.0,101282.0,101282.0,1.0,0.0,101282.0,101282.0
Portugal,"30 Production of lime, or calcination of dolomite/magnesite",2022.0,2,99507.0,0.0,0.0,99507.0,99507.0,99507.0,99507.0,99507.0,1.0,0.0,99507.0,99507.0
Portugal,"30 Production of lime, or calcination of dolomite/magnesite",2023.0,2,102824.0,0.0,0.0,102824.0,102824.0,102824.0,102824.0,102824.0,1.0,0.0,102824.0,102824.0
Portugal,31 Manufacture of glass,2015.0,2,624316.0,0.0,0.0,624316.0,624316.0,624316.0,624316.0,624316.0,1.0,0.0,624316.0,624316.0
Portugal,31 Manufacture of glass,2016.0,2,617960.0,0.0,0.0,617960.0,617960.0,617960.0,617960.0,617960.0,1.0,0.0,617960.0,617960.0
Portugal,31 Manufacture of glass,2017.0,2,594721.0,0.0,0.0,594721.0,594721.0,594721.0,594721.0,594721.0,1.0,0.0,594721.0,594721.0
Portugal,31 Manufacture of glass,2018.0,2,618135.0,0.0,0.0,618135.0,618135.0,618135.0,618135.0,618135.0,1.0,0.0,618135.0,618135.0
Portugal,31 Manufacture of glass,2019.0,2,620422.0,0.0,0.0,620422.0,620422.0,620422.0,620422.0,620422.0,1.0,0.0,620422.0,620422.0
Portugal,31 Manufacture of glass,2020.0,2,599976.0,0.0,0.0,599976.0,599976.0,599976.0,599976.0,599976.0,1.0,0.0,599976.0,599976.0
Portugal,31 Manufacture of glass,2021.0,2,608682.0,0.0,0.0,608682.0,608682.0,608682.0,608682.0,608682.0,1.0,0.0,608682.0,608682.0
Portugal,31 Manufacture of glass,2022.0,2,606929.0,0.0,0.0,606929.0,606929.0,606929.0,606929.0,606929.0,1.0,0.0,606929.0,606929.0
Portugal,31 Manufacture of glass,2023.0,2,600236.0,0.0,0.0,600236.0,600236.0,600236.0,600236.0,600236.0,1.0,0.0,600236.0,600236.0
Portugal,32 Manufacture of ceramics,2015.0,2,491980.0,0.0,0.0,491980.0,491980.0,491980.0,491980.0,491980.0,1.0,0.0,491980.0,491980.0
Portugal,32 Manufacture of ceramics,2016.0,2,484160.0,0.0,0.0,484160.0,484160.0,484160.0,484160.0,484160.0,1.0,0.0,484160.0,484160.0
Portugal,32 Manufacture of ceramics,2017.0,2,512185.0,0.0,0.0,512185.0,512185.0,512185.0,512185.0,512185.0,1.0,0.0,512185.0,512185.0
Portugal,32 Manufacture of ceramics,2018.0,2,540835.0,0.0,0.0,540835.0,540835.0,540835.0,540835.0,540835.0,1.0,0.0,540835.0,540835.0
Portugal,32 Manufacture of ceramics,2019.0,2,531518.0,0.0,0.0,531518.0,531518.0,531518.0,531518.0,531518.0,1.0,0.0,531518.0,531518.0
Portugal,32 Manufacture of ceramics,2020.0,2,483698.0,0.0,0.0,483698.0,483698.0,483698.0,483698.0,483698.0,1.0,0.0,483698.0,483698.0
Portugal,32 Manufacture of ceramics,2021.0,2,494839.0,0.0,0.0,494839.0,494839.0,494839.0,494839.0,494839.0,1.0,0.0,494839.0,494839.0
Portugal,32 Manufacture of ceramics,2022.0,2,439761.0,0.0,0.0,439761.0,439761.0,439761.0,439761.0,439761.0,1.0,0.0,439761.0,439761.0
Portugal,32 Manufacture of ceramics,2023.0,2,361140.0,0.0,0.0,361140.0,361140.0,361140.0,361140.0,361140.0,1.0,0.0,361140.0,361140.0
Portugal,33 Manufacture of mineral wool,2019.0,2,2457.0,0.0,0.0,2457.0,2457.0,2457.0,2457.0,2457.0,1.0,0.0,2457.0,2457.0
Portugal,33 Manufacture of mineral wool,2020.0,2,3676.0,0.0,0.0,3676.0,3676.0,3676.0,3676.0,3676.0,1.0,0.0,3676.0,3676.0
Portugal,33 Manufacture of mineral wool,2021.0,2,4008.0,0.0,0.0,4008.0,4008.0,4008.0,4008.0,4008.0,1.0,0.0,4008.0,4008.0
Portugal,33 Manufacture of mineral wool,2022.0,2,4602.0,0.0,0.0,4602.0,4602.0,4602.0,4602.0,4602.0,1.0,0.0,4602.0,4602.0
Portugal,33 Manufacture of mineral wool,2023.0,2,5023.0,0.0,0.0,5023.0,5023.0,5023.0,5023.0,5023.0,1.0,0.0,5023.0,5023.0
Portugal,34 Production or processing of gypsum or plasterboard,2015.0,2,14504.0,0.0,0.0,14504.0,14504.0,14504.0,14504.0,14504.0,1.0,0.0,14504.0,14504.0
Portugal,34 Production or processing of gypsum or plasterboard,2016.0,2,14253.0,0.0,0.0,14253.0,14253.0,14253.0,14253.0,14253.0,1.0,0.0,14253.0,14253.0
Portugal,34 Production or processing of gypsum or plasterboard,2017.0,2,16744.0,0.0,0.0,16744.0,16744.0,16744.0,16744.0,16744.0,1.0,0.0,16744.0,16744.0
Portugal,34 Production or processing of gypsum or plasterboard,2018.0,2,16543.0,0.0,0.0,16543.0,16543.0,16543.0,16543.0,16543.0,1.0,0.0,16543.0,16543.0
Portugal,34 Production or processing of gypsum or plasterboard,2019.0,2,17580.0,0.0,0.0,17580.0,17580.0,17580.0,17580.0,17580.0,1.0,0.0,17580.0,17580.0
Portugal,34 Production or processing of gypsum or plasterboard,2020.0,2,19335.0,0.0,0.0,19335.0,19335.0,19335.0,19335.0,19335.0,1.0,0.0,19335.0,19335.0
Portugal,34 Production or processing of gypsum or plasterboard,2021.0,2,18107.0,0.0,0.0,18107.0,18107.0,18107.0,18107.0,18107.0,1.0,0.0,18107.0,18107.0
Portugal,34 Production or processing of gypsum or plasterboard,2022.0,2,12162.0,0.0,0.0,12162.0,12162.0,12162.0,12162.0,12162.0,1.0,0.0,12162.0,12162.0
Portugal,35 Production of pulp,2015.0,2,321172.0,0.0,0.0,321172.0,321172.0,321172.0,321172.0,321172.0,1.0,0.0,321172.0,321172.0
Portugal,35 Production of pulp,2016.0,2,349296.0,0.0,0.0,349296.0,349296.0,349296.0,349296.0,349296.0,1.0,0.0,349296.0,349296.0
Portugal,35 Production of pulp,2017.0,2,326496.0,0.0,0.0,326496.0,326496.0,326496.0,326496.0,326496.0,1.0,0.0,326496.0,326496.0
Portugal,35 Production of pulp,2018.0,2,403537.0,0.0,0.0,403537.0,403537.0,403537.0,403537.0,403537.0,1.0,0.0,403537.0,403537.0
Portugal,35 Production of pulp,2019.0,2,374808.0,0.0,0.0,374808.0,374808.0,374808.0,374808.0,374808.0,1.0,0.0,374808.0,374808.0
Portugal,35 Production of pulp,2020.0,2,364095.0,0.0,0.0,364095.0,364095.0,364095.0,364095.0,364095.0,1.0,0.0,364095.0,364095.0
Portugal,35 Production of pulp,2021.0,2,300128.0,0.0,0.0,300128.0,300128.0,300128.0,300128.0,300128.0,1.0,0.0,300128.0,300128.0
Portugal,35 Production of pulp,2022.0,2,299163.0,0.0,0.0,299163.0,299163.0,299163.0,299163.0,299163.0,1.0,0.0,299163.0,299163.0
Portugal,35 Production of pulp,2023.0,2,329227.0,0.0,0.0,329227.0,329227.0,329227.0,329227.0,329227.0,1.0,0.0,329227.0,329227.0
Portugal,36 Production of paper or cardboard,2015.0,2,172784.0,0.0,0.0,172784.0,172784.0,172784.0,172784.0,172784.0,1.0,0.0,172784.0,172784.0
Portugal,36 Production of paper or cardboard,2016.0,2,264162.0,0.0,0.0,264162.0,264162.0,264162.0,264162.0,264162.0,1.0,0.0,264162.0,264162.0
Portugal,36 Production of paper or cardboard,2017.0,2,655872.0,0.0,0.0,655872.0,655872.0,655872.0,655872.0,655872.0,1.0,0.0,655872.0,655872.0
Portugal,36 Production of paper or cardboard,2018.0,2,655734.0,0.0,0.0,655734.0,655734.0,655734.0,655734.0,655734.0,1.0,0.0,655734.0,655734.0
Portugal,36 Production of paper or cardboard,2019.0,2,642902.0,0.0,0.0,642902.0,642902.0,642902.0,642902.0,642902.0,1.0,0.0,642902.0,642902.0
Portugal,36 Production of paper or cardboard,2020.0,2,591132.0,0.0,0.0,591132.0,591132.0,591132.0,591132.0,591132.0,1.0,0.0,591132.0,591132.0
Portugal,36 Production of paper or cardboard,2021.0,2,591335.0,0.0,0.0,591335.0,591335.0,591335.0,591335.0,591335.0,1.0,0.0,591335.0,591335.0
Portugal,36 Production of paper or cardboard,2022.0,2,593465.0,0.0,0.0,593465.0,593465.0,593465.0,593465.0,593465.0,1.0,0.0,593465.0,593465.0
Portugal,36 Production of paper or cardboard,2023.0,2,420993.0,0.0,0.0,420993.0,420993.0,420993.0,420993.0,420993.0,1.0,0.0,420993.0,420993.0
Portugal,38 Production of nitric acid,2015.0,2,13879.0,0.0,0.0,13879.0,13879.0,13879.0,13879.0,13879.0,1.0,0.0,13879.0,13879.0
Portugal,38 Production of nitric acid,2016.0,2,9189.0,0.0,0.0,9189.0,9189.0,9189.0,9189.0,9189.0,1.0,0.0,9189.0,9189.0
Portugal,38 Production of nitric acid,2017.0,2,15064.0,0.0,0.0,15064.0,15064.0,15064.0,15064.0,15064.0,1.0,0.0,15064.0,15064.0
Portugal,38 Production of nitric acid,2018.0,2,22857.0,0.0,0.0,22857.0,22857.0,22857.0,22857.0,22857.0,1.0,0.0,22857.0,22857.0
Portugal,38 Production of nitric acid,2019.0,2,16022.0,0.0,0.0,16022.0,16022.0,16022.0,16022.0,16022.0,1.0,0.0,16022.0,16022.0
Portugal,38 Production of nitric acid,2020.0,2,16211.0,0.0,0.0,16211.0,16211.0,16211.0,16211.0,16211.0,1.0,0.0,16211.0,16211.0
Portugal,38 Production of nitric acid,2021.0,2,17926.0,0.0,0.0,17926.0,17926.0,17926.0,17926.0,17926.0,1.0,0.0,17926.0,17926.0
Portugal,38 Production of nitric acid,2022.0,2,12325.0,0.0,0.0,12325.0,12325.0,12325.0,12325.0,12325.0,1.0,0.0,12325.0,12325.0
Portugal,38 Production of nitric acid,2023.0,2,9824.0,0.0,0.0,9824.0,9824.0,9824.0,9824.0,9824.0,1.0,0.0,9824.0,9824.0
Portugal,42 Production of bulk chemicals,2015.0,2,18473.0,0.0,0.0,18473.0,18473.0,18473.0,18473.0,18473.0,1.0,0.0,18473.0,18473.0
Portugal,42 Production of bulk chemicals,2016.0,2,14490.0,0.0,0.0,14490.0,14490.0,14490.0,14490.0,14490.0,1.0,0.0,14490.0,14490.0
Portugal,42 Production of bulk chemicals,2017.0,2,13710.0,0.0,0.0,13710.0,13710.0,13710.0,13710.0,13710.0,1.0,0.0,13710.0,13710.0
Portugal,42 Production of bulk chemicals,2018.0,2,48175.0,0.0,0.0,48175.0,48175.0,48175.0,48175.0,48175.0,1.0,0.0,48175.0,48175.0
Portugal,42 Production of bulk chemicals,2019.0,2,64651.0,0.0,0.0,64651.0,64651.0,64651.0,64651.0,64651.0,1.0,0.0,64651.0,64651.0
Portugal,42 Production of bulk chemicals,2020.0,2,60095.0,0.0,0.0,60095.0,60095.0,60095.0,60095.0,60095.0,1.0,0.0,60095.0,60095.0
Portugal,42 Production of bulk chemicals,2021.0,2,73802.0,0.0,0.0,73802.0,73802.0,73802.0,73802.0,73802.0,1.0,0.0,73802.0,73802.0
Portugal,42 Production of bulk chemicals,2022.0,2,58081.0,0.0,0.0,58081.0,58081.0,58081.0,58081.0,58081.0,1.0,0.0,58081.0,58081.0
Portugal,42 Production of bulk chemicals,2023.0,2,43538.0,0.0,0.0,43538.0,43538.0,43538.0,43538.0,43538.0,1.0,0.0,43538.0,43538.0
Portugal,43 Production of hydrogen and synthesis gas,2015.0,2,63737.0,0.0,0.0,63737.0,63737.0,63737.0,63737.0,63737.0,1.0,0.0,63737.0,63737.0
Portugal,43 Production of hydrogen and synthesis gas,2016.0,2,63342.0,0.0,0.0,63342.0,63342.0,63342.0,63342.0,63342.0,1.0,0.0,63342.0,63342.0
Portugal,43 Production of hydrogen and synthesis gas,2017.0,2,67927.0,0.0,0.0,67927.0,67927.0,67927.0,67927.0,67927.0,1.0,0.0,67927.0,67927.0
Portugal,43 Production of hydrogen and synthesis gas,2018.0,2,61533.0,0.0,0.0,61533.0,61533.0,61533.0,61533.0,61533.0,1.0,0.0,61533.0,61533.0
Portugal,43 Production of hydrogen and synthesis gas,2019.0,2,58313.0,0.0,0.0,58313.0,58313.0,58313.0,58313.0,58313.0,1.0,0.0,58313.0,58313.0
Portugal,43 Production of hydrogen and synthesis gas,2020.0,2,60875.0,0.0,0.0,60875.0,60875.0,60875.0,60875.0,60875.0,1.0,0.0,60875.0,60875.0
Portugal,43 Production of hydrogen and synthesis gas,2021.0,2,65990.0,0.0,0.0,65990.0,65990.0,65990.0,65990.0,65990.0,1.0,0.0,65990.0,65990.0
Portugal,43 Production of hydrogen and synthesis gas,2022.0,2,56832.0,0.0,0.0,56832.0,56832.0,56832.0,56832.0,56832.0,1.0,0.0,56832.0,56832.0
Portugal,43 Production of hydrogen and synthesis gas,2023.0,2,65668.0,0.0,0.0,65668.0,65668.0,65668.0,65668.0,65668.0,1.0,0.0,65668.0,65668.0
Romania,10 Aviation,2015.0,2,571364.0,0.0,0.0,571364.0,571364.0,571364.0,571364.0,571364.0,1.0,0.0,571364.0,571364.0
Romania,10 Aviation,2016.0,2,751929.0,0.0,0.0,751929.0,751929.0,751929.0,751929.0,751929.0,1.0,0.0,751929.0,751929.0
Romania,10 Aviation,2017.0,2,919126.0,0.0,0.0,919126.0,919126.0,919126.0,919126.0,919126.0,1.0,0.0,919126.0,919126.0
Romania,10 Aviation,2018.0,2,952934.0,0.0,0.0,952934.0,952934.0,952934.0,952934.0,952934.0,1.0,0.0,952934.0,952934.0
Romania,10 Aviation,2019.0,2,1068766.0,0.0,0.0,1068766.0,1068766.0,1068766.0,1068766.0,1068766.0,1.0,0.0,1068766.0,1068766.0
Romania,10 Aviation,2020.0,3,250027.33333333334,176768.44643456276,0.7069964874556226,75031.6,187520.5,375002.0,375021.5,375033.2,4.998336700803395,-0.33329867045647443,39.0,375041.0
Romania,10 Aviation,2021.0,3,261557.33333333334,184913.60985666313,0.7069716130688866,78497.2,196168.0,392286.0,392311.0,392326.0,4.997961710736179,-0.33329085273846903,50.0,392336.0
Romania,10 Aviation,2022.0,3,347848.6666666667,245959.7870931118,0.7070884860651426,104360.0,260886.5,521764.0,521768.5,521771.2,4.9997240321962435,-0.3333275837065799,9.0,521773.0
Romania,10 Aviation,2023.0,2,413400.0,0.0,0.0,413400.0,413400.0,413400.0,413400.0,413400.0,1.0,0.0,413400.0,413400.0
Romania,20 Combustion of fuels,2015.0,2,29410299.0,0.0,0.0,29410299.0,29410299.0,29410299.0,29410299.0,29410299.0,1.0,0.0,29410299.0,29410299.0
Romania,20 Combustion of fuels,2016.0,2,26742212.0,0.0,0.0,26742212.0,26742212.0,26742212.0,26742212.0,26742212.0,1.0,0.0,26742212.0,26742212.0
Romania,20 Combustion of fuels,2017.0,2,27721535.0,0.0,0.0,27721535.0,27721535.0,27721535.0,27721535.0,27721535.0,1.0,0.0,27721535.0,27721535.0
Romania,20 Combustion of fuels,2018.0,2,26124173.0,0.0,0.0,26124173.0,26124173.0,26124173.0,26124173.0,26124173.0,1.0,0.0,26124173.0,26124173.0
Romania,20 Combustion of fuels,2019.0,2,22410541.0,0.0,0.0,22410541.0,22410541.0,22410541.0,22410541.0,22410541.0,1.0,0.0,22410541.0,22410541.0
Romania,20 Combustion of fuels,2020.0,2,19072547.0,0.0,0.0,19072547.0,19072547.0,19072547.0,19072547.0,19072547.0,1.0,0.0,19072547.0,19072547.0
Romania,20 Combustion of fuels,2021.0,2,18065482.0,0.0,0.0,18065482.0,18065482.0,18065482.0,18065482.0,18065482.0,1.0,0.0,18065482.0,18065482.0
Romania,20 Combustion of fuels,2022.0,2,15971716.0,0.0,0.0,15971716.0,15971716.0,15971716.0,15971716.0,15971716.0,1.0,0.0,15971716.0,15971716.0
Romania,20 Combustion of fuels,2023.0,2,13926694.0,0.0,0.0,13926694.0,13926694.0,13926694.0,13926694.0,13926694.0,1.0,0.0,13926694.0,13926694.0
Romania,20-99 All stationary installations,2015.0,2,42396344.0,0.0,0.0,42396344.0,42396344.0,42396344.0,42396344.0,42396344.0,1.0,0.0,42396344.0,42396344.0
Romania,20-99 All stationary installations,2016.0,2,39778381.0,0.0,0.0,39778381.0,39778381.0,39778381.0,39778381.0,39778381.0,1.0,0.0,39778381.0,39778381.0
Romania,20-99 All stationary installations,2017.0,2,40617496.0,0.0,0.0,40617496.0,40617496.0,40617496.0,40617496.0,40617496.0,1.0,0.0,40617496.0,40617496.0
Romania,20-99 All stationary installations,2018.0,2,39638158.0,0.0,0.0,39638158.0,39638158.0,39638158.0,39638158.0,39638158.0,1.0,0.0,39638158.0,39638158.0
Romania,20-99 All stationary installations,2019.0,2,36545538.0,0.0,0.0,36545538.0,36545538.0,36545538.0,36545538.0,36545538.0,1.0,0.0,36545538.0,36545538.0
Romania,20-99 All stationary installations,2020.0,2,32665999.0,0.0,0.0,32665999.0,32665999.0,32665999.0,32665999.0,32665999.0,1.0,0.0,32665999.0,32665999.0
Romania,20-99 All stationary installations,2021.0,2,32302679.0,0.0,0.0,32302679.0,32302679.0,32302679.0,32302679.0,32302679.0,1.0,0.0,32302679.0,32302679.0
Romania,20-99 All stationary installations,2022.0,2,28160835.0,0.0,0.0,28160835.0,28160835.0,28160835.0,28160835.0,28160835.0,1.0,0.0,28160835.0,28160835.0
Romania,20-99 All stationary installations,2023.0,2,23835072.0,0.0,0.0,23835072.0,23835072.0,23835072.0,23835072.0,23835072.0,1.0,0.0,23835072.0,23835072.0
Romania,21  Refining of mineral oil,2015.0,2,1201234.0,0.0,0.0,1201234.0,1201234.0,1201234.0,1201234.0,1201234.0,1.0,0.0,1201234.0,1201234.0
Romania,21  Refining of mineral oil,2016.0,2,1455149.0,0.0,0.0,1455149.0,1455149.0,1455149.0,1455149.0,1455149.0,1.0,0.0,1455149.0,1455149.0
Romania,21  Refining of mineral oil,2017.0,2,1355754.0,0.0,0.0,1355754.0,1355754.0,1355754.0,1355754.0,1355754.0,1.0,0.0,1355754.0,1355754.0
Romania,21  Refining of mineral oil,2018.0,2,1384870.0,0.0,0.0,1384870.0,1384870.0,1384870.0,1384870.0,1384870.0,1.0,0.0,1384870.0,1384870.0
Romania,21  Refining of mineral oil,2019.0,2,1660131.0,0.0,0.0,1660131.0,1660131.0,1660131.0,1660131.0,1660131.0,1.0,0.0,1660131.0,1660131.0
Romania,21  Refining of mineral oil,2020.0,2,1599302.0,0.0,0.0,1599302.0,1599302.0,1599302.0,1599302.0,1599302.0,1.0,0.0,1599302.0,1599302.0
Romania,21  Refining of mineral oil,2021.0,2,1382740.0,0.0,0.0,1382740.0,1382740.0,1382740.0,1382740.0,1382740.0,1.0,0.0,1382740.0,1382740.0
Romania,21  Refining of mineral oil,2022.0,2,1744459.0,0.0,0.0,1744459.0,1744459.0,1744459.0,1744459.0,1744459.0,1.0,0.0,1744459.0,1744459.0
Romania,21  Refining of mineral oil,2023.0,2,1635602.0,0.0,0.0,1635602.0,1635602.0,1635602.0,1635602.0,1635602.0,1.0,0.0,1635602.0,1635602.0
Romania,21-99 All industrial installations (excl. combustion),2015.0,2,12986045.0,0.0,0.0,12986045.0,12986045.0,12986045.0,12986045.0,12986045.0,1.0,0.0,12986045.0,12986045.0
Romania,21-99 All industrial installations (excl. combustion),2016.0,2,13036169.0,0.0,0.0,13036169.0,13036169.0,13036169.0,13036169.0,13036169.0,1.0,0.0,13036169.0,13036169.0
Romania,21-99 All industrial installations (excl. combustion),2017.0,2,12895961.0,0.0,0.0,12895961.0,12895961.0,12895961.0,12895961.0,12895961.0,1.0,0.0,12895961.0,12895961.0
Romania,21-99 All industrial installations (excl. combustion),2018.0,2,13513985.0,0.0,0.0,13513985.0,13513985.0,13513985.0,13513985.0,13513985.0,1.0,0.0,13513985.0,13513985.0
Romania,21-99 All industrial installations (excl. combustion),2019.0,2,14134997.0,0.0,0.0,14134997.0,14134997.0,14134997.0,14134997.0,14134997.0,1.0,0.0,14134997.0,14134997.0
Romania,21-99 All industrial installations (excl. combustion),2020.0,2,13593452.0,0.0,0.0,13593452.0,13593452.0,13593452.0,13593452.0,13593452.0,1.0,0.0,13593452.0,13593452.0
Romania,21-99 All industrial installations (excl. combustion),2021.0,2,14237197.0,0.0,0.0,14237197.0,14237197.0,14237197.0,14237197.0,14237197.0,1.0,0.0,14237197.0,14237197.0
Romania,21-99 All industrial installations (excl. combustion),2022.0,2,12189119.0,0.0,0.0,12189119.0,12189119.0,12189119.0,12189119.0,12189119.0,1.0,0.0,12189119.0,12189119.0
Romania,21-99 All industrial installations (excl. combustion),2023.0,2,9908378.0,0.0,0.0,9908378.0,9908378.0,9908378.0,9908378.0,9908378.0,1.0,0.0,9908378.0,9908378.0
Romania,24  Production of pig iron or steel,2015.0,2,4448023.0,0.0,0.0,4448023.0,4448023.0,4448023.0,4448023.0,4448023.0,1.0,0.0,4448023.0,4448023.0
Romania,24  Production of pig iron or steel,2016.0,2,4397650.0,0.0,0.0,4397650.0,4397650.0,4397650.0,4397650.0,4397650.0,1.0,0.0,4397650.0,4397650.0
Romania,24  Production of pig iron or steel,2017.0,2,4048518.0,0.0,0.0,4048518.0,4048518.0,4048518.0,4048518.0,4048518.0,1.0,0.0,4048518.0,4048518.0
Romania,24  Production of pig iron or steel,2018.0,2,4279727.0,0.0,0.0,4279727.0,4279727.0,4279727.0,4279727.0,4279727.0,1.0,0.0,4279727.0,4279727.0
Romania,24  Production of pig iron or steel,2019.0,2,4338793.0,0.0,0.0,4338793.0,4338793.0,4338793.0,4338793.0,4338793.0,1.0,0.0,4338793.0,4338793.0
Romania,24  Production of pig iron or steel,2020.0,2,3995319.0,0.0,0.0,3995319.0,3995319.0,3995319.0,3995319.0,3995319.0,1.0,0.0,3995319.0,3995319.0
Romania,24  Production of pig iron or steel,2021.0,2,4521075.0,0.0,0.0,4521075.0,4521075.0,4521075.0,4521075.0,4521075.0,1.0,0.0,4521075.0,4521075.0
Romania,24  Production of pig iron or steel,2022.0,2,3326884.0,0.0,0.0,3326884.0,3326884.0,3326884.0,3326884.0,3326884.0,1.0,0.0,3326884.0,3326884.0
Romania,24  Production of pig iron or steel,2023.0,2,1536774.0,0.0,0.0,1536774.0,1536774.0,1536774.0,1536774.0,1536774.0,1.0,0.0,1536774.0,1536774.0
Romania,25 Production or processing of ferrous metals,2015.0,2,311383.0,0.0,0.0,311383.0,311383.0,311383.0,311383.0,311383.0,1.0,0.0,311383.0,311383.0
Romania,25 Production or processing of ferrous metals,2016.0,2,295591.0,0.0,0.0,295591.0,295591.0,295591.0,295591.0,295591.0,1.0,0.0,295591.0,295591.0
Romania,25 Production or processing of ferrous metals,2017.0,2,325196.0,0.0,0.0,325196.0,325196.0,325196.0,325196.0,325196.0,1.0,0.0,325196.0,325196.0
Romania,25 Production or processing of ferrous metals,2018.0,2,317050.0,0.0,0.0,317050.0,317050.0,317050.0,317050.0,317050.0,1.0,0.0,317050.0,317050.0
Romania,25 Production or processing of ferrous metals,2019.0,2,277219.0,0.0,0.0,277219.0,277219.0,277219.0,277219.0,277219.0,1.0,0.0,277219.0,277219.0
Romania,25 Production or processing of ferrous metals,2020.0,2,198661.0,0.0,0.0,198661.0,198661.0,198661.0,198661.0,198661.0,1.0,0.0,198661.0,198661.0
Romania,25 Production or processing of ferrous metals,2021.0,2,222354.0,0.0,0.0,222354.0,222354.0,222354.0,222354.0,222354.0,1.0,0.0,222354.0,222354.0
Romania,25 Production or processing of ferrous metals,2022.0,2,208160.0,0.0,0.0,208160.0,208160.0,208160.0,208160.0,208160.0,1.0,0.0,208160.0,208160.0
Romania,25 Production or processing of ferrous metals,2023.0,2,206219.0,0.0,0.0,206219.0,206219.0,206219.0,206219.0,206219.0,1.0,0.0,206219.0,206219.0
Romania,26 Production of primary aluminium,2015.0,2,392448.0,0.0,0.0,392448.0,392448.0,392448.0,392448.0,392448.0,1.0,0.0,392448.0,392448.0
Romania,26 Production of primary aluminium,2016.0,2,393433.0,0.0,0.0,393433.0,393433.0,393433.0,393433.0,393433.0,1.0,0.0,393433.0,393433.0
Romania,26 Production of primary aluminium,2017.0,2,395216.0,0.0,0.0,395216.0,395216.0,395216.0,395216.0,395216.0,1.0,0.0,395216.0,395216.0
Romania,26 Production of primary aluminium,2018.0,2,398015.0,0.0,0.0,398015.0,398015.0,398015.0,398015.0,398015.0,1.0,0.0,398015.0,398015.0
Romania,26 Production of primary aluminium,2019.0,2,383641.0,0.0,0.0,383641.0,383641.0,383641.0,383641.0,383641.0,1.0,0.0,383641.0,383641.0
Romania,26 Production of primary aluminium,2020.0,2,371525.0,0.0,0.0,371525.0,371525.0,371525.0,371525.0,371525.0,1.0,0.0,371525.0,371525.0
Romania,26 Production of primary aluminium,2021.0,2,398480.0,0.0,0.0,398480.0,398480.0,398480.0,398480.0,398480.0,1.0,0.0,398480.0,398480.0
Romania,26 Production of primary aluminium,2022.0,2,165648.0,0.0,0.0,165648.0,165648.0,165648.0,165648.0,165648.0,1.0,0.0,165648.0,165648.0
Romania,26 Production of primary aluminium,2023.0,2,160076.0,0.0,0.0,160076.0,160076.0,160076.0,160076.0,160076.0,1.0,0.0,160076.0,160076.0
Romania,28 Production or processing of non-ferrous metals,2015.0,2,21877.0,0.0,0.0,21877.0,21877.0,21877.0,21877.0,21877.0,1.0,0.0,21877.0,21877.0
Romania,28 Production or processing of non-ferrous metals,2016.0,2,20719.0,0.0,0.0,20719.0,20719.0,20719.0,20719.0,20719.0,1.0,0.0,20719.0,20719.0
Romania,28 Production or processing of non-ferrous metals,2017.0,2,21929.0,0.0,0.0,21929.0,21929.0,21929.0,21929.0,21929.0,1.0,0.0,21929.0,21929.0
Romania,28 Production or processing of non-ferrous metals,2018.0,2,20724.0,0.0,0.0,20724.0,20724.0,20724.0,20724.0,20724.0,1.0,0.0,20724.0,20724.0
Romania,28 Production or processing of non-ferrous metals,2019.0,2,21348.0,0.0,0.0,21348.0,21348.0,21348.0,21348.0,21348.0,1.0,0.0,21348.0,21348.0
Romania,28 Production or processing of non-ferrous metals,2020.0,2,17380.0,0.0,0.0,17380.0,17380.0,17380.0,17380.0,17380.0,1.0,0.0,17380.0,17380.0
Romania,28 Production or processing of non-ferrous metals,2021.0,2,21277.0,0.0,0.0,21277.0,21277.0,21277.0,21277.0,21277.0,1.0,0.0,21277.0,21277.0
Romania,28 Production or processing of non-ferrous metals,2022.0,2,14764.0,0.0,0.0,14764.0,14764.0,14764.0,14764.0,14764.0,1.0,0.0,14764.0,14764.0
Romania,28 Production or processing of non-ferrous metals,2023.0,2,14392.0,0.0,0.0,14392.0,14392.0,14392.0,14392.0,14392.0,1.0,0.0,14392.0,14392.0
Romania,29 Production of cement clinker,2015.0,2,5157589.0,0.0,0.0,5157589.0,5157589.0,5157589.0,5157589.0,5157589.0,1.0,0.0,5157589.0,5157589.0
Romania,29 Production of cement clinker,2016.0,2,4958469.0,0.0,0.0,4958469.0,4958469.0,4958469.0,4958469.0,4958469.0,1.0,0.0,4958469.0,4958469.0
Romania,29 Production of cement clinker,2017.0,2,5143518.0,0.0,0.0,5143518.0,5143518.0,5143518.0,5143518.0,5143518.0,1.0,0.0,5143518.0,5143518.0
Romania,29 Production of cement clinker,2018.0,2,5447819.0,0.0,0.0,5447819.0,5447819.0,5447819.0,5447819.0,5447819.0,1.0,0.0,5447819.0,5447819.0
Romania,29 Production of cement clinker,2019.0,2,5900471.0,0.0,0.0,5900471.0,5900471.0,5900471.0,5900471.0,5900471.0,1.0,0.0,5900471.0,5900471.0
Romania,29 Production of cement clinker,2020.0,2,6017679.0,0.0,0.0,6017679.0,6017679.0,6017679.0,6017679.0,6017679.0,1.0,0.0,6017679.0,6017679.0
Romania,29 Production of cement clinker,2021.0,2,6110608.0,0.0,0.0,6110608.0,6110608.0,6110608.0,6110608.0,6110608.0,1.0,0.0,6110608.0,6110608.0
Romania,29 Production of cement clinker,2022.0,2,5391986.0,0.0,0.0,5391986.0,5391986.0,5391986.0,5391986.0,5391986.0,1.0,0.0,5391986.0,5391986.0
Romania,29 Production of cement clinker,2023.0,2,5286664.0,0.0,0.0,5286664.0,5286664.0,5286664.0,5286664.0,5286664.0,1.0,0.0,5286664.0,5286664.0
Romania,"30 Production of lime, or calcination of dolomite/magnesite",2015.0,2,490980.0,0.0,0.0,490980.0,490980.0,490980.0,490980.0,490980.0,1.0,0.0,490980.0,490980.0
Romania,"30 Production of lime, or calcination of dolomite/magnesite",2016.0,2,564492.0,0.0,0.0,564492.0,564492.0,564492.0,564492.0,564492.0,1.0,0.0,564492.0,564492.0
Romania,"30 Production of lime, or calcination of dolomite/magnesite",2017.0,2,604996.0,0.0,0.0,604996.0,604996.0,604996.0,604996.0,604996.0,1.0,0.0,604996.0,604996.0
Romania,"30 Production of lime, or calcination of dolomite/magnesite",2018.0,2,636845.0,0.0,0.0,636845.0,636845.0,636845.0,636845.0,636845.0,1.0,0.0,636845.0,636845.0
Romania,"30 Production of lime, or calcination of dolomite/magnesite",2019.0,2,634698.0,0.0,0.0,634698.0,634698.0,634698.0,634698.0,634698.0,1.0,0.0,634698.0,634698.0
Romania,"30 Production of lime, or calcination of dolomite/magnesite",2020.0,2,623506.0,0.0,0.0,623506.0,623506.0,623506.0,623506.0,623506.0,1.0,0.0,623506.0,623506.0
Romania,"30 Production of lime, or calcination of dolomite/magnesite",2021.0,2,674905.0,0.0,0.0,674905.0,674905.0,674905.0,674905.0,674905.0,1.0,0.0,674905.0,674905.0
Romania,"30 Production of lime, or calcination of dolomite/magnesite",2022.0,2,544905.0,0.0,0.0,544905.0,544905.0,544905.0,544905.0,544905.0,1.0,0.0,544905.0,544905.0
Romania,"30 Production of lime, or calcination of dolomite/magnesite",2023.0,2,410295.0,0.0,0.0,410295.0,410295.0,410295.0,410295.0,410295.0,1.0,0.0,410295.0,410295.0
Romania,31 Manufacture of glass,2015.0,2,199341.0,0.0,0.0,199341.0,199341.0,199341.0,199341.0,199341.0,1.0,0.0,199341.0,199341.0
Romania,31 Manufacture of glass,2016.0,2,190460.0,0.0,0.0,190460.0,190460.0,190460.0,190460.0,190460.0,1.0,0.0,190460.0,190460.0
Romania,31 Manufacture of glass,2017.0,2,188333.0,0.0,0.0,188333.0,188333.0,188333.0,188333.0,188333.0,1.0,0.0,188333.0,188333.0
Romania,31 Manufacture of glass,2018.0,2,183793.0,0.0,0.0,183793.0,183793.0,183793.0,183793.0,183793.0,1.0,0.0,183793.0,183793.0
Romania,31 Manufacture of glass,2019.0,2,161529.0,0.0,0.0,161529.0,161529.0,161529.0,161529.0,161529.0,1.0,0.0,161529.0,161529.0
Romania,31 Manufacture of glass,2020.0,2,197160.0,0.0,0.0,197160.0,197160.0,197160.0,197160.0,197160.0,1.0,0.0,197160.0,197160.0
Romania,31 Manufacture of glass,2021.0,2,225109.0,0.0,0.0,225109.0,225109.0,225109.0,225109.0,225109.0,1.0,0.0,225109.0,225109.0
Romania,31 Manufacture of glass,2022.0,2,222942.0,0.0,0.0,222942.0,222942.0,222942.0,222942.0,222942.0,1.0,0.0,222942.0,222942.0
Romania,31 Manufacture of glass,2023.0,2,203264.0,0.0,0.0,203264.0,203264.0,203264.0,203264.0,203264.0,1.0,0.0,203264.0,203264.0
Romania,32 Manufacture of ceramics,2015.0,2,265066.0,0.0,0.0,265066.0,265066.0,265066.0,265066.0,265066.0,1.0,0.0,265066.0,265066.0
Romania,32 Manufacture of ceramics,2016.0,2,271129.0,0.0,0.0,271129.0,271129.0,271129.0,271129.0,271129.0,1.0,0.0,271129.0,271129.0
Romania,32 Manufacture of ceramics,2017.0,2,262233.0,0.0,0.0,262233.0,262233.0,262233.0,262233.0,262233.0,1.0,0.0,262233.0,262233.0
Romania,32 Manufacture of ceramics,2018.0,2,278996.0,0.0,0.0,278996.0,278996.0,278996.0,278996.0,278996.0,1.0,0.0,278996.0,278996.0
Romania,32 Manufacture of ceramics,2019.0,2,275023.0,0.0,0.0,275023.0,275023.0,275023.0,275023.0,275023.0,1.0,0.0,275023.0,275023.0
Romania,32 Manufacture of ceramics,2020.0,2,258138.0,0.0,0.0,258138.0,258138.0,258138.0,258138.0,258138.0,1.0,0.0,258138.0,258138.0
Romania,32 Manufacture of ceramics,2021.0,2,268675.0,0.0,0.0,268675.0,268675.0,268675.0,268675.0,268675.0,1.0,0.0,268675.0,268675.0
Romania,32 Manufacture of ceramics,2022.0,2,244996.0,0.0,0.0,244996.0,244996.0,244996.0,244996.0,244996.0,1.0,0.0,244996.0,244996.0
Romania,32 Manufacture of ceramics,2023.0,2,167909.0,0.0,0.0,167909.0,167909.0,167909.0,167909.0,167909.0,1.0,0.0,167909.0,167909.0
Romania,33 Manufacture of mineral wool,2021.0,2,19144.0,0.0,0.0,19144.0,19144.0,19144.0,19144.0,19144.0,1.0,0.0,19144.0,19144.0
Romania,33 Manufacture of mineral wool,2022.0,2,20907.0,0.0,0.0,20907.0,20907.0,20907.0,20907.0,20907.0,1.0,0.0,20907.0,20907.0
Romania,33 Manufacture of mineral wool,2023.0,2,18004.0,0.0,0.0,18004.0,18004.0,18004.0,18004.0,18004.0,1.0,0.0,18004.0,18004.0
Romania,34 Production or processing of gypsum or plasterboard,2015.0,2,176.0,0.0,0.0,176.0,176.0,176.0,176.0,176.0,1.0,0.0,176.0,176.0
Romania,34 Production or processing of gypsum or plasterboard,2016.0,2,18958.0,0.0,0.0,18958.0,18958.0,18958.0,18958.0,18958.0,1.0,0.0,18958.0,18958.0
Romania,34 Production or processing of gypsum or plasterboard,2017.0,2,22771.0,0.0,0.0,22771.0,22771.0,22771.0,22771.0,22771.0,1.0,0.0,22771.0,22771.0
Romania,34 Production or processing of gypsum or plasterboard,2018.0,2,25050.0,0.0,0.0,25050.0,25050.0,25050.0,25050.0,25050.0,1.0,0.0,25050.0,25050.0
Romania,34 Production or processing of gypsum or plasterboard,2019.0,2,24667.0,0.0,0.0,24667.0,24667.0,24667.0,24667.0,24667.0,1.0,0.0,24667.0,24667.0
Romania,34 Production or processing of gypsum or plasterboard,2020.0,2,26136.0,0.0,0.0,26136.0,26136.0,26136.0,26136.0,26136.0,1.0,0.0,26136.0,26136.0
Romania,34 Production or processing of gypsum or plasterboard,2021.0,2,26506.0,0.0,0.0,26506.0,26506.0,26506.0,26506.0,26506.0,1.0,0.0,26506.0,26506.0
Romania,34 Production or processing of gypsum or plasterboard,2022.0,2,21881.0,0.0,0.0,21881.0,21881.0,21881.0,21881.0,21881.0,1.0,0.0,21881.0,21881.0
Romania,34 Production or processing of gypsum or plasterboard,2023.0,2,18705.0,0.0,0.0,18705.0,18705.0,18705.0,18705.0,18705.0,1.0,0.0,18705.0,18705.0
Romania,36 Production of paper or cardboard,2015.0,2,121605.0,0.0,0.0,121605.0,121605.0,121605.0,121605.0,121605.0,1.0,0.0,121605.0,121605.0
Romania,36 Production of paper or cardboard,2016.0,2,121607.0,0.0,0.0,121607.0,121607.0,121607.0,121607.0,121607.0,1.0,0.0,121607.0,121607.0
Romania,36 Production of paper or cardboard,2017.0,2,145360.0,0.0,0.0,145360.0,145360.0,145360.0,145360.0,145360.0,1.0,0.0,145360.0,145360.0
Romania,36 Production of paper or cardboard,2018.0,2,161649.0,0.0,0.0,161649.0,161649.0,161649.0,161649.0,161649.0,1.0,0.0,161649.0,161649.0
Romania,36 Production of paper or cardboard,2019.0,2,174922.0,0.0,0.0,174922.0,174922.0,174922.0,174922.0,174922.0,1.0,0.0,174922.0,174922.0
Romania,36 Production of paper or cardboard,2020.0,2,161956.0,0.0,0.0,161956.0,161956.0,161956.0,161956.0,161956.0,1.0,0.0,161956.0,161956.0
Romania,36 Production of paper or cardboard,2021.0,2,182727.0,0.0,0.0,182727.0,182727.0,182727.0,182727.0,182727.0,1.0,0.0,182727.0,182727.0
Romania,36 Production of paper or cardboard,2022.0,2,189943.0,0.0,0.0,189943.0,189943.0,189943.0,189943.0,189943.0,1.0,0.0,189943.0,189943.0
Romania,36 Production of paper or cardboard,2023.0,2,186919.0,0.0,0.0,186919.0,186919.0,186919.0,186919.0,186919.0,1.0,0.0,186919.0,186919.0
Romania,42 Production of bulk chemicals,2015.0,2,129893.0,0.0,0.0,129893.0,129893.0,129893.0,129893.0,129893.0,1.0,0.0,129893.0,129893.0
Romania,42 Production of bulk chemicals,2016.0,2,105106.0,0.0,0.0,105106.0,105106.0,105106.0,105106.0,105106.0,1.0,0.0,105106.0,105106.0
Romania,42 Production of bulk chemicals,2017.0,2,107301.0,0.0,0.0,107301.0,107301.0,107301.0,107301.0,107301.0,1.0,0.0,107301.0,107301.0
Romania,42 Production of bulk chemicals,2018.0,2,131790.0,0.0,0.0,131790.0,131790.0,131790.0,131790.0,131790.0,1.0,0.0,131790.0,131790.0
Romania,42 Production of bulk chemicals,2019.0,2,116504.0,0.0,0.0,116504.0,116504.0,116504.0,116504.0,116504.0,1.0,0.0,116504.0,116504.0
Romania,42 Production of bulk chemicals,2020.0,2,69883.0,0.0,0.0,69883.0,69883.0,69883.0,69883.0,69883.0,1.0,0.0,69883.0,69883.0
Romania,42 Production of bulk chemicals,2021.0,2,129485.0,0.0,0.0,129485.0,129485.0,129485.0,129485.0,129485.0,1.0,0.0,129485.0,129485.0
Romania,42 Production of bulk chemicals,2022.0,2,51026.0,0.0,0.0,51026.0,51026.0,51026.0,51026.0,51026.0,1.0,0.0,51026.0,51026.0
Romania,42 Production of bulk chemicals,2023.0,2,23888.0,0.0,0.0,23888.0,23888.0,23888.0,23888.0,23888.0,1.0,0.0,23888.0,23888.0
Romania,43 Production of hydrogen and synthesis gas,2015.0,2,58317.0,0.0,0.0,58317.0,58317.0,58317.0,58317.0,58317.0,1.0,0.0,58317.0,58317.0
Romania,43 Production of hydrogen and synthesis gas,2016.0,2,61410.0,0.0,0.0,61410.0,61410.0,61410.0,61410.0,61410.0,1.0,0.0,61410.0,61410.0
Romania,43 Production of hydrogen and synthesis gas,2017.0,2,61589.0,0.0,0.0,61589.0,61589.0,61589.0,61589.0,61589.0,1.0,0.0,61589.0,61589.0
Romania,43 Production of hydrogen and synthesis gas,2018.0,2,45095.0,0.0,0.0,45095.0,45095.0,45095.0,45095.0,45095.0,1.0,0.0,45095.0,45095.0
Romania,43 Production of hydrogen and synthesis gas,2019.0,2,45712.0,0.0,0.0,45712.0,45712.0,45712.0,45712.0,45712.0,1.0,0.0,45712.0,45712.0
Romania,43 Production of hydrogen and synthesis gas,2020.0,2,55459.0,0.0,0.0,55459.0,55459.0,55459.0,55459.0,55459.0,1.0,0.0,55459.0,55459.0
Romania,43 Production of hydrogen and synthesis gas,2021.0,2,53801.0,0.0,0.0,53801.0,53801.0,53801.0,53801.0,53801.0,1.0,0.0,53801.0,53801.0
Romania,43 Production of hydrogen and synthesis gas,2022.0,2,40371.0,0.0,0.0,40371.0,40371.0,40371.0,40371.0,40371.0,1.0,0.0,40371.0,40371.0
Romania,43 Production of hydrogen and synthesis gas,2023.0,2,39495.0,0.0,0.0,39495.0,39495.0,39495.0,39495.0,39495.0,1.0,0.0,39495.0,39495.0
Romania,44 Production of soda ash and sodium bicarbonate,2015.0,2,188113.0,0.0,0.0,188113.0,188113.0,188113.0,188113.0,188113.0,1.0,0.0,188113.0,188113.0
Romania,44 Production of soda ash and sodium bicarbonate,2016.0,2,181996.0,0.0,0.0,181996.0,181996.0,181996.0,181996.0,181996.0,1.0,0.0,181996.0,181996.0
Romania,44 Production of soda ash and sodium bicarbonate,2017.0,2,213247.0,0.0,0.0,213247.0,213247.0,213247.0,213247.0,213247.0,1.0,0.0,213247.0,213247.0
Romania,44 Production of soda ash and sodium bicarbonate,2018.0,2,202562.0,0.0,0.0,202562.0,202562.0,202562.0,202562.0,202562.0,1.0,0.0,202562.0,202562.0
Romania,44 Production of soda ash and sodium bicarbonate,2019.0,2,120339.0,0.0,0.0,120339.0,120339.0,120339.0,120339.0,120339.0,1.0,0.0,120339.0,120339.0
Romania,44 Production of soda ash and sodium bicarbonate,2020.0,2,1348.0,0.0,0.0,1348.0,1348.0,1348.0,1348.0,1348.0,1.0,0.0,1348.0,1348.0
Romania,44 Production of soda ash and sodium bicarbonate,2021.0,2,311.0,0.0,0.0,311.0,311.0,311.0,311.0,311.0,1.0,0.0,311.0,311.0
Romania,44 Production of soda ash and sodium bicarbonate,2022.0,2,247.0,0.0,0.0,247.0,247.0,247.0,247.0,247.0,1.0,0.0,247.0,247.0
Romania,44 Production of soda ash and sodium bicarbonate,2023.0,2,172.0,0.0,0.0,172.0,172.0,172.0,172.0,172.0,1.0,0.0,172.0,172.0
Slovakia,10 Aviation,2015.0,2,21425.0,0.0,0.0,21425.0,21425.0,21425.0,21425.0,21425.0,1.0,0.0,21425.0,21425.0
Slovakia,10 Aviation,2016.0,2,14524.0,0.0,0.0,14524.0,14524.0,14524.0,14524.0,14524.0,1.0,0.0,14524.0,14524.0
Slovakia,10 Aviation,2017.0,2,14225.0,0.0,0.0,14225.0,14225.0,14225.0,14225.0,14225.0,1.0,0.0,14225.0,14225.0
Slovakia,10 Aviation,2018.0,2,12071.0,0.0,0.0,12071.0,12071.0,12071.0,12071.0,12071.0,1.0,0.0,12071.0,12071.0
Slovakia,10 Aviation,2019.0,2,5357.0,0.0,0.0,5357.0,5357.0,5357.0,5357.0,5357.0,1.0,0.0,5357.0,5357.0
Slovakia,10 Aviation,2021.0,3,5770.0,4072.9371056605655,0.7058816474281743,1737.0,4327.5,8645.0,8650.0,8653.0,4.9815774323546345,-0.33294819949932597,10.0,8655.0
Slovakia,10 Aviation,2022.0,2,11671.0,0.0,0.0,11671.0,11671.0,11671.0,11671.0,11671.0,1.0,0.0,11671.0,11671.0
Slovakia,10 Aviation,2023.0,2,9591.0,0.0,0.0,9591.0,9591.0,9591.0,9591.0,9591.0,1.0,0.0,9591.0,9591.0
Slovakia,20 Combustion of fuels,2015.0,2,5912187.0,0.0,0.0,5912187.0,5912187.0,5912187.0,5912187.0,5912187.0,1.0,0.0,5912187.0,5912187.0
Slovakia,20 Combustion of fuels,2016.0,2,5827009.0,0.0,0.0,5827009.0,5827009.0,5827009.0,5827009.0,5827009.0,1.0,0.0,5827009.0,5827009.0
Slovakia,20 Combustion of fuels,2017.0,2,9205506.0,0.0,0.0,9205506.0,9205506.0,9205506.0,9205506.0,9205506.0,1.0,0.0,9205506.0,9205506.0
Slovakia,20 Combustion of fuels,2018.0,2,9177581.0,0.0,0.0,9177581.0,9177581.0,9177581.0,9177581.0,9177581.0,1.0,0.0,9177581.0,9177581.0
Slovakia,20 Combustion of fuels,2019.0,2,8272204.0,0.0,0.0,8272204.0,8272204.0,8272204.0,8272204.0,8272204.0,1.0,0.0,8272204.0,8272204.0
Slovakia,20 Combustion of fuels,2020.0,2,7206120.0,0.0,0.0,7206120.0,7206120.0,7206120.0,7206120.0,7206120.0,1.0,0.0,7206120.0,7206120.0
Slovakia,20 Combustion of fuels,2021.0,2,8164834.0,0.0,0.0,8164834.0,8164834.0,8164834.0,8164834.0,8164834.0,1.0,0.0,8164834.0,8164834.0
Slovakia,20 Combustion of fuels,2022.0,2,6487647.0,0.0,0.0,6487647.0,6487647.0,6487647.0,6487647.0,6487647.0,1.0,0.0,6487647.0,6487647.0
Slovakia,20 Combustion of fuels,2023.0,2,6293745.0,0.0,0.0,6293745.0,6293745.0,6293745.0,6293745.0,6293745.0,1.0,0.0,6293745.0,6293745.0
Slovakia,20-99 All stationary installations,2015.0,2,21181216.0,0.0,0.0,21181216.0,21181216.0,21181216.0,21181216.0,21181216.0,1.0,0.0,21181216.0,21181216.0
Slovakia,20-99 All stationary installations,2016.0,2,21264045.0,0.0,0.0,21264045.0,21264045.0,21264045.0,21264045.0,21264045.0,1.0,0.0,21264045.0,21264045.0
Slovakia,20-99 All stationary installations,2017.0,2,22063225.0,0.0,0.0,22063225.0,22063225.0,22063225.0,22063225.0,22063225.0,1.0,0.0,22063225.0,22063225.0
Slovakia,20-99 All stationary installations,2018.0,2,22193396.0,0.0,0.0,22193396.0,22193396.0,22193396.0,22193396.0,22193396.0,1.0,0.0,22193396.0,22193396.0
Slovakia,20-99 All stationary installations,2019.0,2,19903840.0,0.0,0.0,19903840.0,19903840.0,19903840.0,19903840.0,19903840.0,1.0,0.0,19903840.0,19903840.0
Slovakia,20-99 All stationary installations,2020.0,2,18169997.0,0.0,0.0,18169997.0,18169997.0,18169997.0,18169997.0,18169997.0,1.0,0.0,18169997.0,18169997.0
Slovakia,20-99 All stationary installations,2021.0,2,20898870.0,0.0,0.0,20898870.0,20898870.0,20898870.0,20898870.0,20898870.0,1.0,0.0,20898870.0,20898870.0
Slovakia,20-99 All stationary installations,2022.0,2,17418249.0,0.0,0.0,17418249.0,17418249.0,17418249.0,17418249.0,17418249.0,1.0,0.0,17418249.0,17418249.0
Slovakia,20-99 All stationary installations,2023.0,2,16994172.0,0.0,0.0,16994172.0,16994172.0,16994172.0,16994172.0,16994172.0,1.0,0.0,16994172.0,16994172.0
Slovakia,21  Refining of mineral oil,2015.0,2,1145821.0,0.0,0.0,1145821.0,1145821.0,1145821.0,1145821.0,1145821.0,1.0,0.0,1145821.0,1145821.0
Slovakia,21  Refining of mineral oil,2016.0,2,1097457.0,0.0,0.0,1097457.0,1097457.0,1097457.0,1097457.0,1097457.0,1.0,0.0,1097457.0,1097457.0
Slovakia,21  Refining of mineral oil,2017.0,2,1110767.0,0.0,0.0,1110767.0,1110767.0,1110767.0,1110767.0,1110767.0,1.0,0.0,1110767.0,1110767.0
Slovakia,21  Refining of mineral oil,2018.0,2,1032430.0,0.0,0.0,1032430.0,1032430.0,1032430.0,1032430.0,1032430.0,1.0,0.0,1032430.0,1032430.0
Slovakia,21  Refining of mineral oil,2019.0,2,962563.0,0.0,0.0,962563.0,962563.0,962563.0,962563.0,962563.0,1.0,0.0,962563.0,962563.0
Slovakia,21  Refining of mineral oil,2020.0,2,1014614.0,0.0,0.0,1014614.0,1014614.0,1014614.0,1014614.0,1014614.0,1.0,0.0,1014614.0,1014614.0
Slovakia,21  Refining of mineral oil,2021.0,2,1054576.0,0.0,0.0,1054576.0,1054576.0,1054576.0,1054576.0,1054576.0,1.0,0.0,1054576.0,1054576.0
Slovakia,21  Refining of mineral oil,2022.0,2,1034694.0,0.0,0.0,1034694.0,1034694.0,1034694.0,1034694.0,1034694.0,1.0,0.0,1034694.0,1034694.0
Slovakia,21  Refining of mineral oil,2023.0,2,1018878.0,0.0,0.0,1018878.0,1018878.0,1018878.0,1018878.0,1018878.0,1.0,0.0,1018878.0,1018878.0
Slovakia,21-99 All industrial installations (excl. combustion),2015.0,2,15269029.0,0.0,0.0,15269029.0,15269029.0,15269029.0,15269029.0,15269029.0,1.0,0.0,15269029.0,15269029.0
Slovakia,21-99 All industrial installations (excl. combustion),2016.0,2,15437036.0,0.0,0.0,15437036.0,15437036.0,15437036.0,15437036.0,15437036.0,1.0,0.0,15437036.0,15437036.0
Slovakia,21-99 All industrial installations (excl. combustion),2017.0,2,12857719.0,0.0,0.0,12857719.0,12857719.0,12857719.0,12857719.0,12857719.0,1.0,0.0,12857719.0,12857719.0
Slovakia,21-99 All industrial installations (excl. combustion),2018.0,2,13015815.0,0.0,0.0,13015815.0,13015815.0,13015815.0,13015815.0,13015815.0,1.0,0.0,13015815.0,13015815.0
Slovakia,21-99 All industrial installations (excl. combustion),2019.0,2,11631636.0,0.0,0.0,11631636.0,11631636.0,11631636.0,11631636.0,11631636.0,1.0,0.0,11631636.0,11631636.0
Slovakia,21-99 All industrial installations (excl. combustion),2020.0,2,10963877.0,0.0,0.0,10963877.0,10963877.0,10963877.0,10963877.0,10963877.0,1.0,0.0,10963877.0,10963877.0
Slovakia,21-99 All industrial installations (excl. combustion),2021.0,2,12734036.0,0.0,0.0,12734036.0,12734036.0,12734036.0,12734036.0,12734036.0,1.0,0.0,12734036.0,12734036.0
Slovakia,21-99 All industrial installations (excl. combustion),2022.0,2,10930602.0,0.0,0.0,10930602.0,10930602.0,10930602.0,10930602.0,10930602.0,1.0,0.0,10930602.0,10930602.0
Slovakia,21-99 All industrial installations (excl. combustion),2023.0,2,10700427.0,0.0,0.0,10700427.0,10700427.0,10700427.0,10700427.0,10700427.0,1.0,0.0,10700427.0,10700427.0
Slovakia,24  Production of pig iron or steel,2015.0,2,8736059.0,0.0,0.0,8736059.0,8736059.0,8736059.0,8736059.0,8736059.0,1.0,0.0,8736059.0,8736059.0
Slovakia,24  Production of pig iron or steel,2016.0,2,8955111.0,0.0,0.0,8955111.0,8955111.0,8955111.0,8955111.0,8955111.0,1.0,0.0,8955111.0,8955111.0
Slovakia,24  Production of pig iron or steel,2017.0,2,6059246.0,0.0,0.0,6059246.0,6059246.0,6059246.0,6059246.0,6059246.0,1.0,0.0,6059246.0,6059246.0
Slovakia,24  Production of pig iron or steel,2018.0,2,6067129.0,0.0,0.0,6067129.0,6067129.0,6067129.0,6067129.0,6067129.0,1.0,0.0,6067129.0,6067129.0
Slovakia,24  Production of pig iron or steel,2019.0,2,5118011.0,0.0,0.0,5118011.0,5118011.0,5118011.0,5118011.0,5118011.0,1.0,0.0,5118011.0,5118011.0
Slovakia,24  Production of pig iron or steel,2020.0,2,4478181.0,0.0,0.0,4478181.0,4478181.0,4478181.0,4478181.0,4478181.0,1.0,0.0,4478181.0,4478181.0
Slovakia,24  Production of pig iron or steel,2021.0,2,5952264.0,0.0,0.0,5952264.0,5952264.0,5952264.0,5952264.0,5952264.0,1.0,0.0,5952264.0,5952264.0
Slovakia,24  Production of pig iron or steel,2022.0,2,4971634.0,0.0,0.0,4971634.0,4971634.0,4971634.0,4971634.0,4971634.0,1.0,0.0,4971634.0,4971634.0
Slovakia,24  Production of pig iron or steel,2023.0,2,5439800.0,0.0,0.0,5439800.0,5439800.0,5439800.0,5439800.0,5439800.0,1.0,0.0,5439800.0,5439800.0
Slovakia,26 Production of primary aluminium,2015.0,2,297246.0,0.0,0.0,297246.0,297246.0,297246.0,297246.0,297246.0,1.0,0.0,297246.0,297246.0
Slovakia,26 Production of primary aluminium,2016.0,2,291160.0,0.0,0.0,291160.0,291160.0,291160.0,291160.0,291160.0,1.0,0.0,291160.0,291160.0
Slovakia,26 Production of primary aluminium,2017.0,2,295832.0,0.0,0.0,295832.0,295832.0,295832.0,295832.0,295832.0,1.0,0.0,295832.0,295832.0
Slovakia,26 Production of primary aluminium,2018.0,2,310232.0,0.0,0.0,310232.0,310232.0,310232.0,310232.0,310232.0,1.0,0.0,310232.0,310232.0
Slovakia,26 Production of primary aluminium,2019.0,2,307569.0,0.0,0.0,307569.0,307569.0,307569.0,307569.0,307569.0,1.0,0.0,307569.0,307569.0
Slovakia,26 Production of primary aluminium,2020.0,2,269762.0,0.0,0.0,269762.0,269762.0,269762.0,269762.0,269762.0,1.0,0.0,269762.0,269762.0
Slovakia,26 Production of primary aluminium,2021.0,2,294171.0,0.0,0.0,294171.0,294171.0,294171.0,294171.0,294171.0,1.0,0.0,294171.0,294171.0
Slovakia,26 Production of primary aluminium,2022.0,2,134667.0,0.0,0.0,134667.0,134667.0,134667.0,134667.0,134667.0,1.0,0.0,134667.0,134667.0
Slovakia,26 Production of primary aluminium,2023.0,2,23618.0,0.0,0.0,23618.0,23618.0,23618.0,23618.0,23618.0,1.0,0.0,23618.0,23618.0
Slovakia,28 Production or processing of non-ferrous metals,2015.0,2,271676.0,0.0,0.0,271676.0,271676.0,271676.0,271676.0,271676.0,1.0,0.0,271676.0,271676.0
Slovakia,28 Production or processing of non-ferrous metals,2016.0,2,270926.0,0.0,0.0,270926.0,270926.0,270926.0,270926.0,270926.0,1.0,0.0,270926.0,270926.0
Slovakia,28 Production or processing of non-ferrous metals,2017.0,2,324017.0,0.0,0.0,324017.0,324017.0,324017.0,324017.0,324017.0,1.0,0.0,324017.0,324017.0
Slovakia,28 Production or processing of non-ferrous metals,2018.0,2,306766.0,0.0,0.0,306766.0,306766.0,306766.0,306766.0,306766.0,1.0,0.0,306766.0,306766.0
Slovakia,28 Production or processing of non-ferrous metals,2019.0,2,269787.0,0.0,0.0,269787.0,269787.0,269787.0,269787.0,269787.0,1.0,0.0,269787.0,269787.0
Slovakia,28 Production or processing of non-ferrous metals,2020.0,2,244055.0,0.0,0.0,244055.0,244055.0,244055.0,244055.0,244055.0,1.0,0.0,244055.0,244055.0
Slovakia,28 Production or processing of non-ferrous metals,2021.0,2,282553.0,0.0,0.0,282553.0,282553.0,282553.0,282553.0,282553.0,1.0,0.0,282553.0,282553.0
Slovakia,28 Production or processing of non-ferrous metals,2022.0,2,92676.0,0.0,0.0,92676.0,92676.0,92676.0,92676.0,92676.0,1.0,0.0,92676.0,92676.0
Slovakia,28 Production or processing of non-ferrous metals,2023.0,2,20937.0,0.0,0.0,20937.0,20937.0,20937.0,20937.0,20937.0,1.0,0.0,20937.0,20937.0
Slovakia,29 Production of cement clinker,2015.0,2,1954177.0,0.0,0.0,1954177.0,1954177.0,1954177.0,1954177.0,1954177.0,1.0,0.0,1954177.0,1954177.0
Slovakia,29 Production of cement clinker,2016.0,2,2083638.0,0.0,0.0,2083638.0,2083638.0,2083638.0,2083638.0,2083638.0,1.0,0.0,2083638.0,2083638.0
Slovakia,29 Production of cement clinker,2017.0,2,2141471.0,0.0,0.0,2141471.0,2141471.0,2141471.0,2141471.0,2141471.0,1.0,0.0,2141471.0,2141471.0
Slovakia,29 Production of cement clinker,2018.0,2,2086457.0,0.0,0.0,2086457.0,2086457.0,2086457.0,2086457.0,2086457.0,1.0,0.0,2086457.0,2086457.0
Slovakia,29 Production of cement clinker,2019.0,2,2169138.0,0.0,0.0,2169138.0,2169138.0,2169138.0,2169138.0,2169138.0,1.0,0.0,2169138.0,2169138.0
Slovakia,29 Production of cement clinker,2020.0,2,2182459.0,0.0,0.0,2182459.0,2182459.0,2182459.0,2182459.0,2182459.0,1.0,0.0,2182459.0,2182459.0
Slovakia,29 Production of cement clinker,2021.0,2,2161712.0,0.0,0.0,2161712.0,2161712.0,2161712.0,2161712.0,2161712.0,1.0,0.0,2161712.0,2161712.0
Slovakia,29 Production of cement clinker,2022.0,2,2119757.0,0.0,0.0,2119757.0,2119757.0,2119757.0,2119757.0,2119757.0,1.0,0.0,2119757.0,2119757.0
Slovakia,29 Production of cement clinker,2023.0,2,1856378.0,0.0,0.0,1856378.0,1856378.0,1856378.0,1856378.0,1856378.0,1.0,0.0,1856378.0,1856378.0
Slovakia,"30 Production of lime, or calcination of dolomite/magnesite",2015.0,2,1072804.0,0.0,0.0,1072804.0,1072804.0,1072804.0,1072804.0,1072804.0,1.0,0.0,1072804.0,1072804.0
Slovakia,"30 Production of lime, or calcination of dolomite/magnesite",2016.0,2,1021559.0,0.0,0.0,1021559.0,1021559.0,1021559.0,1021559.0,1021559.0,1.0,0.0,1021559.0,1021559.0
Slovakia,"30 Production of lime, or calcination of dolomite/magnesite",2017.0,2,1100117.0,0.0,0.0,1100117.0,1100117.0,1100117.0,1100117.0,1100117.0,1.0,0.0,1100117.0,1100117.0
Slovakia,"30 Production of lime, or calcination of dolomite/magnesite",2018.0,2,1135499.0,0.0,0.0,1135499.0,1135499.0,1135499.0,1135499.0,1135499.0,1.0,0.0,1135499.0,1135499.0
Slovakia,"30 Production of lime, or calcination of dolomite/magnesite",2019.0,2,1059316.0,0.0,0.0,1059316.0,1059316.0,1059316.0,1059316.0,1059316.0,1.0,0.0,1059316.0,1059316.0
Slovakia,"30 Production of lime, or calcination of dolomite/magnesite",2020.0,2,936002.0,0.0,0.0,936002.0,936002.0,936002.0,936002.0,936002.0,1.0,0.0,936002.0,936002.0
Slovakia,"30 Production of lime, or calcination of dolomite/magnesite",2021.0,2,1101832.0,0.0,0.0,1101832.0,1101832.0,1101832.0,1101832.0,1101832.0,1.0,0.0,1101832.0,1101832.0
Slovakia,"30 Production of lime, or calcination of dolomite/magnesite",2022.0,2,974174.0,0.0,0.0,974174.0,974174.0,974174.0,974174.0,974174.0,1.0,0.0,974174.0,974174.0
Slovakia,"30 Production of lime, or calcination of dolomite/magnesite",2023.0,2,830071.0,0.0,0.0,830071.0,830071.0,830071.0,830071.0,830071.0,1.0,0.0,830071.0,830071.0
Slovakia,31 Manufacture of glass,2015.0,2,129765.0,0.0,0.0,129765.0,129765.0,129765.0,129765.0,129765.0,1.0,0.0,129765.0,129765.0
Slovakia,31 Manufacture of glass,2016.0,2,139369.0,0.0,0.0,139369.0,139369.0,139369.0,139369.0,139369.0,1.0,0.0,139369.0,139369.0
Slovakia,31 Manufacture of glass,2017.0,2,142371.0,0.0,0.0,142371.0,142371.0,142371.0,142371.0,142371.0,1.0,0.0,142371.0,142371.0
Slovakia,31 Manufacture of glass,2018.0,2,141552.0,0.0,0.0,141552.0,141552.0,141552.0,141552.0,141552.0,1.0,0.0,141552.0,141552.0
Slovakia,31 Manufacture of glass,2019.0,2,142900.0,0.0,0.0,142900.0,142900.0,142900.0,142900.0,142900.0,1.0,0.0,142900.0,142900.0
Slovakia,31 Manufacture of glass,2020.0,2,140977.0,0.0,0.0,140977.0,140977.0,140977.0,140977.0,140977.0,1.0,0.0,140977.0,140977.0
Slovakia,31 Manufacture of glass,2021.0,2,153724.0,0.0,0.0,153724.0,153724.0,153724.0,153724.0,153724.0,1.0,0.0,153724.0,153724.0
Slovakia,31 Manufacture of glass,2022.0,2,137862.0,0.0,0.0,137862.0,137862.0,137862.0,137862.0,137862.0,1.0,0.0,137862.0,137862.0
Slovakia,31 Manufacture of glass,2023.0,2,123832.0,0.0,0.0,123832.0,123832.0,123832.0,123832.0,123832.0,1.0,0.0,123832.0,123832.0
Slovakia,32 Manufacture of ceramics,2015.0,2,39964.0,0.0,0.0,39964.0,39964.0,39964.0,39964.0,39964.0,1.0,0.0,39964.0,39964.0
Slovakia,32 Manufacture of ceramics,2016.0,2,48358.0,0.0,0.0,48358.0,48358.0,48358.0,48358.0,48358.0,1.0,0.0,48358.0,48358.0
Slovakia,32 Manufacture of ceramics,2017.0,2,54933.0,0.0,0.0,54933.0,54933.0,54933.0,54933.0,54933.0,1.0,0.0,54933.0,54933.0
Slovakia,32 Manufacture of ceramics,2018.0,2,63344.0,0.0,0.0,63344.0,63344.0,63344.0,63344.0,63344.0,1.0,0.0,63344.0,63344.0
Slovakia,32 Manufacture of ceramics,2019.0,2,56814.0,0.0,0.0,56814.0,56814.0,56814.0,56814.0,56814.0,1.0,0.0,56814.0,56814.0
Slovakia,32 Manufacture of ceramics,2020.0,2,52058.0,0.0,0.0,52058.0,52058.0,52058.0,52058.0,52058.0,1.0,0.0,52058.0,52058.0
Slovakia,32 Manufacture of ceramics,2021.0,2,56013.0,0.0,0.0,56013.0,56013.0,56013.0,56013.0,56013.0,1.0,0.0,56013.0,56013.0
Slovakia,32 Manufacture of ceramics,2022.0,2,55087.0,0.0,0.0,55087.0,55087.0,55087.0,55087.0,55087.0,1.0,0.0,55087.0,55087.0
Slovakia,32 Manufacture of ceramics,2023.0,2,25086.0,0.0,0.0,25086.0,25086.0,25086.0,25086.0,25086.0,1.0,0.0,25086.0,25086.0
Slovakia,33 Manufacture of mineral wool,2015.0,2,50587.0,0.0,0.0,50587.0,50587.0,50587.0,50587.0,50587.0,1.0,0.0,50587.0,50587.0
Slovakia,33 Manufacture of mineral wool,2016.0,2,57710.0,0.0,0.0,57710.0,57710.0,57710.0,57710.0,57710.0,1.0,0.0,57710.0,57710.0
Slovakia,33 Manufacture of mineral wool,2017.0,2,60781.0,0.0,0.0,60781.0,60781.0,60781.0,60781.0,60781.0,1.0,0.0,60781.0,60781.0
Slovakia,33 Manufacture of mineral wool,2018.0,2,65719.0,0.0,0.0,65719.0,65719.0,65719.0,65719.0,65719.0,1.0,0.0,65719.0,65719.0
Slovakia,33 Manufacture of mineral wool,2019.0,2,59881.0,0.0,0.0,59881.0,59881.0,59881.0,59881.0,59881.0,1.0,0.0,59881.0,59881.0
Slovakia,33 Manufacture of mineral wool,2020.0,2,60505.0,0.0,0.0,60505.0,60505.0,60505.0,60505.0,60505.0,1.0,0.0,60505.0,60505.0
Slovakia,33 Manufacture of mineral wool,2021.0,2,59557.0,0.0,0.0,59557.0,59557.0,59557.0,59557.0,59557.0,1.0,0.0,59557.0,59557.0
Slovakia,33 Manufacture of mineral wool,2022.0,2,54179.0,0.0,0.0,54179.0,54179.0,54179.0,54179.0,54179.0,1.0,0.0,54179.0,54179.0
Slovakia,33 Manufacture of mineral wool,2023.0,2,54247.0,0.0,0.0,54247.0,54247.0,54247.0,54247.0,54247.0,1.0,0.0,54247.0,54247.0
Slovakia,36 Production of paper or cardboard,2015.0,2,131396.0,0.0,0.0,131396.0,131396.0,131396.0,131396.0,131396.0,1.0,0.0,131396.0,131396.0
Slovakia,36 Production of paper or cardboard,2016.0,2,128076.0,0.0,0.0,128076.0,128076.0,128076.0,128076.0,128076.0,1.0,0.0,128076.0,128076.0
Slovakia,36 Production of paper or cardboard,2017.0,2,140182.0,0.0,0.0,140182.0,140182.0,140182.0,140182.0,140182.0,1.0,0.0,140182.0,140182.0
Slovakia,36 Production of paper or cardboard,2018.0,2,151621.0,0.0,0.0,151621.0,151621.0,151621.0,151621.0,151621.0,1.0,0.0,151621.0,151621.0
Slovakia,36 Production of paper or cardboard,2019.0,2,140645.0,0.0,0.0,140645.0,140645.0,140645.0,140645.0,140645.0,1.0,0.0,140645.0,140645.0
Slovakia,36 Production of paper or cardboard,2020.0,2,141335.0,0.0,0.0,141335.0,141335.0,141335.0,141335.0,141335.0,1.0,0.0,141335.0,141335.0
Slovakia,36 Production of paper or cardboard,2021.0,2,132092.0,0.0,0.0,132092.0,132092.0,132092.0,132092.0,132092.0,1.0,0.0,132092.0,132092.0
Slovakia,36 Production of paper or cardboard,2022.0,2,117129.0,0.0,0.0,117129.0,117129.0,117129.0,117129.0,117129.0,1.0,0.0,117129.0,117129.0
Slovakia,36 Production of paper or cardboard,2023.0,2,108884.0,0.0,0.0,108884.0,108884.0,108884.0,108884.0,108884.0,1.0,0.0,108884.0,108884.0
Slovakia,38 Production of nitric acid,2015.0,2,13519.0,0.0,0.0,13519.0,13519.0,13519.0,13519.0,13519.0,1.0,0.0,13519.0,13519.0
Slovakia,38 Production of nitric acid,2016.0,2,11662.0,0.0,0.0,11662.0,11662.0,11662.0,11662.0,11662.0,1.0,0.0,11662.0,11662.0
Slovakia,38 Production of nitric acid,2017.0,2,15307.0,0.0,0.0,15307.0,15307.0,15307.0,15307.0,15307.0,1.0,0.0,15307.0,15307.0
Slovakia,38 Production of nitric acid,2018.0,2,13281.0,0.0,0.0,13281.0,13281.0,13281.0,13281.0,13281.0,1.0,0.0,13281.0,13281.0
Slovakia,38 Production of nitric acid,2019.0,2,8907.0,0.0,0.0,8907.0,8907.0,8907.0,8907.0,8907.0,1.0,0.0,8907.0,8907.0
Slovakia,38 Production of nitric acid,2020.0,2,9502.0,0.0,0.0,9502.0,9502.0,9502.0,9502.0,9502.0,1.0,0.0,9502.0,9502.0
Slovakia,38 Production of nitric acid,2021.0,2,7358.0,0.0,0.0,7358.0,7358.0,7358.0,7358.0,7358.0,1.0,0.0,7358.0,7358.0
Slovakia,38 Production of nitric acid,2022.0,2,7644.0,0.0,0.0,7644.0,7644.0,7644.0,7644.0,7644.0,1.0,0.0,7644.0,7644.0
Slovakia,38 Production of nitric acid,2023.0,2,9614.0,0.0,0.0,9614.0,9614.0,9614.0,9614.0,9614.0,1.0,0.0,9614.0,9614.0
Slovakia,41 Production of ammonia,2015.0,2,1098236.0,0.0,0.0,1098236.0,1098236.0,1098236.0,1098236.0,1098236.0,1.0,0.0,1098236.0,1098236.0
Slovakia,41 Production of ammonia,2016.0,2,984059.0,0.0,0.0,984059.0,984059.0,984059.0,984059.0,984059.0,1.0,0.0,984059.0,984059.0
Slovakia,41 Production of ammonia,2017.0,2,1054051.0,0.0,0.0,1054051.0,1054051.0,1054051.0,1054051.0,1054051.0,1.0,0.0,1054051.0,1054051.0
Slovakia,41 Production of ammonia,2018.0,2,1241724.0,0.0,0.0,1241724.0,1241724.0,1241724.0,1241724.0,1241724.0,1.0,0.0,1241724.0,1241724.0
Slovakia,41 Production of ammonia,2019.0,2,985847.0,0.0,0.0,985847.0,985847.0,985847.0,985847.0,985847.0,1.0,0.0,985847.0,985847.0
Slovakia,41 Production of ammonia,2020.0,2,1030990.0,0.0,0.0,1030990.0,1030990.0,1030990.0,1030990.0,1030990.0,1.0,0.0,1030990.0,1030990.0
Slovakia,41 Production of ammonia,2021.0,2,1067003.0,0.0,0.0,1067003.0,1067003.0,1067003.0,1067003.0,1067003.0,1.0,0.0,1067003.0,1067003.0
Slovakia,41 Production of ammonia,2022.0,2,868793.0,0.0,0.0,868793.0,868793.0,868793.0,868793.0,868793.0,1.0,0.0,868793.0,868793.0
Slovakia,41 Production of ammonia,2023.0,2,794426.0,0.0,0.0,794426.0,794426.0,794426.0,794426.0,794426.0,1.0,0.0,794426.0,794426.0
Slovakia,42 Production of bulk chemicals,2015.0,2,327779.0,0.0,0.0,327779.0,327779.0,327779.0,327779.0,327779.0,1.0,0.0,327779.0,327779.0
Slovakia,42 Production of bulk chemicals,2016.0,2,347951.0,0.0,0.0,347951.0,347951.0,347951.0,347951.0,347951.0,1.0,0.0,347951.0,347951.0
Slovakia,42 Production of bulk chemicals,2017.0,2,358644.0,0.0,0.0,358644.0,358644.0,358644.0,358644.0,358644.0,1.0,0.0,358644.0,358644.0
Slovakia,42 Production of bulk chemicals,2018.0,2,400061.0,0.0,0.0,400061.0,400061.0,400061.0,400061.0,400061.0,1.0,0.0,400061.0,400061.0
Slovakia,42 Production of bulk chemicals,2019.0,2,350258.0,0.0,0.0,350258.0,350258.0,350258.0,350258.0,350258.0,1.0,0.0,350258.0,350258.0
Slovakia,42 Production of bulk chemicals,2020.0,2,403437.0,0.0,0.0,403437.0,403437.0,403437.0,403437.0,403437.0,1.0,0.0,403437.0,403437.0
Slovakia,42 Production of bulk chemicals,2021.0,2,411181.0,0.0,0.0,411181.0,411181.0,411181.0,411181.0,411181.0,1.0,0.0,411181.0,411181.0
Slovakia,42 Production of bulk chemicals,2022.0,2,362306.0,0.0,0.0,362306.0,362306.0,362306.0,362306.0,362306.0,1.0,0.0,362306.0,362306.0
Slovakia,42 Production of bulk chemicals,2023.0,2,394656.0,0.0,0.0,394656.0,394656.0,394656.0,394656.0,394656.0,1.0,0.0,394656.0,394656.0
Slovenia,10 Aviation,2015.0,2,88387.0,0.0,0.0,88387.0,88387.0,88387.0,88387.0,88387.0,1.0,0.0,88387.0,88387.0
Slovenia,10 Aviation,2016.0,2,135814.0,0.0,0.0,135814.0,135814.0,135814.0,135814.0,135814.0,1.0,0.0,135814.0,135814.0
Slovenia,10 Aviation,2017.0,2,103758.0,0.0,0.0,103758.0,103758.0,103758.0,103758.0,103758.0,1.0,0.0,103758.0,103758.0
Slovenia,10 Aviation,2018.0,2,97383.0,0.0,0.0,97383.0,97383.0,97383.0,97383.0,97383.0,1.0,0.0,97383.0,97383.0
Slovenia,10 Aviation,2019.0,2,48220.0,0.0,0.0,48220.0,48220.0,48220.0,48220.0,48220.0,1.0,0.0,48220.0,48220.0
Slovenia,10 Aviation,2022.0,3,125.33333333333333,85.11299678793024,0.6790930594781669,40.6,94.0,183.0,185.5,187.0,4.605911330049261,-0.3244680851063828,5.0,188.0
Slovenia,10 Aviation,2023.0,2,71.0,0.0,0.0,71.0,71.0,71.0,71.0,71.0,1.0,0.0,71.0,71.0
Slovenia,20 Combustion of fuels,2015.0,2,4653322.0,0.0,0.0,4653322.0,4653322.0,4653322.0,4653322.0,4653322.0,1.0,0.0,4653322.0,4653322.0
Slovenia,20 Combustion of fuels,2016.0,2,5021789.0,0.0,0.0,5021789.0,5021789.0,5021789.0,5021789.0,5021789.0,1.0,0.0,5021789.0,5021789.0
Slovenia,20 Combustion of fuels,2017.0,2,5002186.0,0.0,0.0,5002186.0,5002186.0,5002186.0,5002186.0,5002186.0,1.0,0.0,5002186.0,5002186.0
Slovenia,20 Combustion of fuels,2018.0,2,4860601.0,0.0,0.0,4860601.0,4860601.0,4860601.0,4860601.0,4860601.0,1.0,0.0,4860601.0,4860601.0
Slovenia,20 Combustion of fuels,2019.0,2,4632474.0,0.0,0.0,4632474.0,4632474.0,4632474.0,4632474.0,4632474.0,1.0,0.0,4632474.0,4632474.0
Slovenia,20 Combustion of fuels,2020.0,2,4567263.0,0.0,0.0,4567263.0,4567263.0,4567263.0,4567263.0,4567263.0,1.0,0.0,4567263.0,4567263.0
Slovenia,20 Combustion of fuels,2021.0,2,4195713.0,0.0,0.0,4195713.0,4195713.0,4195713.0,4195713.0,4195713.0,1.0,0.0,4195713.0,4195713.0
Slovenia,20 Combustion of fuels,2022.0,2,3410502.0,0.0,0.0,3410502.0,3410502.0,3410502.0,3410502.0,3410502.0,1.0,0.0,3410502.0,3410502.0
Slovenia,20 Combustion of fuels,2023.0,2,3308995.0,0.0,0.0,3308995.0,3308995.0,3308995.0,3308995.0,3308995.0,1.0,0.0,3308995.0,3308995.0
Slovenia,20-99 All stationary installations,2015.0,2,6109590.0,0.0,0.0,6109590.0,6109590.0,6109590.0,6109590.0,6109590.0,1.0,0.0,6109590.0,6109590.0
Slovenia,20-99 All stationary installations,2016.0,2,6478662.0,0.0,0.0,6478662.0,6478662.0,6478662.0,6478662.0,6478662.0,1.0,0.0,6478662.0,6478662.0
Slovenia,20-99 All stationary installations,2017.0,2,6570026.0,0.0,0.0,6570026.0,6570026.0,6570026.0,6570026.0,6570026.0,1.0,0.0,6570026.0,6570026.0
Slovenia,20-99 All stationary installations,2018.0,2,6491912.0,0.0,0.0,6491912.0,6491912.0,6491912.0,6491912.0,6491912.0,1.0,0.0,6491912.0,6491912.0
Slovenia,20-99 All stationary installations,2019.0,2,6253595.0,0.0,0.0,6253595.0,6253595.0,6253595.0,6253595.0,6253595.0,1.0,0.0,6253595.0,6253595.0
Slovenia,20-99 All stationary installations,2020.0,2,6095593.0,0.0,0.0,6095593.0,6095593.0,6095593.0,6095593.0,6095593.0,1.0,0.0,6095593.0,6095593.0
Slovenia,20-99 All stationary installations,2021.0,2,5680711.0,0.0,0.0,5680711.0,5680711.0,5680711.0,5680711.0,5680711.0,1.0,0.0,5680711.0,5680711.0
Slovenia,20-99 All stationary installations,2022.0,2,4861180.0,0.0,0.0,4861180.0,4861180.0,4861180.0,4861180.0,4861180.0,1.0,0.0,4861180.0,4861180.0
Slovenia,20-99 All stationary installations,2023.0,2,4582144.0,0.0,0.0,4582144.0,4582144.0,4582144.0,4582144.0,4582144.0,1.0,0.0,4582144.0,4582144.0
Slovenia,21-99 All industrial installations (excl. combustion),2015.0,2,1456268.0,0.0,0.0,1456268.0,1456268.0,1456268.0,1456268.0,1456268.0,1.0,0.0,1456268.0,1456268.0
Slovenia,21-99 All industrial installations (excl. combustion),2016.0,2,1456873.0,0.0,0.0,1456873.0,1456873.0,1456873.0,1456873.0,1456873.0,1.0,0.0,1456873.0,1456873.0
Slovenia,21-99 All industrial installations (excl. combustion),2017.0,2,1567840.0,0.0,0.0,1567840.0,1567840.0,1567840.0,1567840.0,1567840.0,1.0,0.0,1567840.0,1567840.0
Slovenia,21-99 All industrial installations (excl. combustion),2018.0,2,1631311.0,0.0,0.0,1631311.0,1631311.0,1631311.0,1631311.0,1631311.0,1.0,0.0,1631311.0,1631311.0
Slovenia,21-99 All industrial installations (excl. combustion),2019.0,2,1621121.0,0.0,0.0,1621121.0,1621121.0,1621121.0,1621121.0,1621121.0,1.0,0.0,1621121.0,1621121.0
Slovenia,21-99 All industrial installations (excl. combustion),2020.0,2,1528330.0,0.0,0.0,1528330.0,1528330.0,1528330.0,1528330.0,1528330.0,1.0,0.0,1528330.0,1528330.0
Slovenia,21-99 All industrial installations (excl. combustion),2021.0,2,1484998.0,0.0,0.0,1484998.0,1484998.0,1484998.0,1484998.0,1484998.0,1.0,0.0,1484998.0,1484998.0
Slovenia,21-99 All industrial installations (excl. combustion),2022.0,2,1450678.0,0.0,0.0,1450678.0,1450678.0,1450678.0,1450678.0,1450678.0,1.0,0.0,1450678.0,1450678.0
Slovenia,21-99 All industrial installations (excl. combustion),2023.0,2,1273149.0,0.0,0.0,1273149.0,1273149.0,1273149.0,1273149.0,1273149.0,1.0,0.0,1273149.0,1273149.0
Slovenia,24  Production of pig iron or steel,2015.0,2,206355.0,0.0,0.0,206355.0,206355.0,206355.0,206355.0,206355.0,1.0,0.0,206355.0,206355.0
Slovenia,24  Production of pig iron or steel,2016.0,2,217488.0,0.0,0.0,217488.0,217488.0,217488.0,217488.0,217488.0,1.0,0.0,217488.0,217488.0
Slovenia,24  Production of pig iron or steel,2017.0,2,227467.0,0.0,0.0,227467.0,227467.0,227467.0,227467.0,227467.0,1.0,0.0,227467.0,227467.0
Slovenia,24  Production of pig iron or steel,2018.0,2,228225.0,0.0,0.0,228225.0,228225.0,228225.0,228225.0,228225.0,1.0,0.0,228225.0,228225.0
Slovenia,24  Production of pig iron or steel,2019.0,2,222518.0,0.0,0.0,222518.0,222518.0,222518.0,222518.0,222518.0,1.0,0.0,222518.0,222518.0
Slovenia,24  Production of pig iron or steel,2020.0,2,210124.0,0.0,0.0,210124.0,210124.0,210124.0,210124.0,210124.0,1.0,0.0,210124.0,210124.0
Slovenia,24  Production of pig iron or steel,2021.0,2,226867.0,0.0,0.0,226867.0,226867.0,226867.0,226867.0,226867.0,1.0,0.0,226867.0,226867.0
Slovenia,24  Production of pig iron or steel,2022.0,2,202995.0,0.0,0.0,202995.0,202995.0,202995.0,202995.0,202995.0,1.0,0.0,202995.0,202995.0
Slovenia,24  Production of pig iron or steel,2023.0,2,171626.0,0.0,0.0,171626.0,171626.0,171626.0,171626.0,171626.0,1.0,0.0,171626.0,171626.0
Slovenia,26 Production of primary aluminium,2015.0,2,152162.0,0.0,0.0,152162.0,152162.0,152162.0,152162.0,152162.0,1.0,0.0,152162.0,152162.0
Slovenia,26 Production of primary aluminium,2016.0,2,160104.0,0.0,0.0,160104.0,160104.0,160104.0,160104.0,160104.0,1.0,0.0,160104.0,160104.0
Slovenia,26 Production of primary aluminium,2017.0,2,162533.0,0.0,0.0,162533.0,162533.0,162533.0,162533.0,162533.0,1.0,0.0,162533.0,162533.0
Slovenia,26 Production of primary aluminium,2018.0,2,192969.0,0.0,0.0,192969.0,192969.0,192969.0,192969.0,192969.0,1.0,0.0,192969.0,192969.0
Slovenia,26 Production of primary aluminium,2019.0,2,166015.0,0.0,0.0,166015.0,166015.0,166015.0,166015.0,166015.0,1.0,0.0,166015.0,166015.0
Slovenia,26 Production of primary aluminium,2020.0,2,118851.0,0.0,0.0,118851.0,118851.0,118851.0,118851.0,118851.0,1.0,0.0,118851.0,118851.0
Slovenia,26 Production of primary aluminium,2021.0,2,100977.0,0.0,0.0,100977.0,100977.0,100977.0,100977.0,100977.0,1.0,0.0,100977.0,100977.0
Slovenia,26 Production of primary aluminium,2022.0,2,72977.0,0.0,0.0,72977.0,72977.0,72977.0,72977.0,72977.0,1.0,0.0,72977.0,72977.0
Slovenia,26 Production of primary aluminium,2023.0,2,39812.0,0.0,0.0,39812.0,39812.0,39812.0,39812.0,39812.0,1.0,0.0,39812.0,39812.0
Slovenia,27 Production of secondary aluminium,2015.0,2,63746.0,0.0,0.0,63746.0,63746.0,63746.0,63746.0,63746.0,1.0,0.0,63746.0,63746.0
Slovenia,27 Production of secondary aluminium,2016.0,2,63721.0,0.0,0.0,63721.0,63721.0,63721.0,63721.0,63721.0,1.0,0.0,63721.0,63721.0
Slovenia,27 Production of secondary aluminium,2017.0,2,67461.0,0.0,0.0,67461.0,67461.0,67461.0,67461.0,67461.0,1.0,0.0,67461.0,67461.0
Slovenia,27 Production of secondary aluminium,2018.0,2,33332.0,0.0,0.0,33332.0,33332.0,33332.0,33332.0,33332.0,1.0,0.0,33332.0,33332.0
Slovenia,27 Production of secondary aluminium,2019.0,2,33057.0,0.0,0.0,33057.0,33057.0,33057.0,33057.0,33057.0,1.0,0.0,33057.0,33057.0
Slovenia,27 Production of secondary aluminium,2020.0,2,31789.0,0.0,0.0,31789.0,31789.0,31789.0,31789.0,31789.0,1.0,0.0,31789.0,31789.0
Slovenia,27 Production of secondary aluminium,2021.0,2,35172.0,0.0,0.0,35172.0,35172.0,35172.0,35172.0,35172.0,1.0,0.0,35172.0,35172.0
Slovenia,27 Production of secondary aluminium,2022.0,2,34230.0,0.0,0.0,34230.0,34230.0,34230.0,34230.0,34230.0,1.0,0.0,34230.0,34230.0
Slovenia,27 Production of secondary aluminium,2023.0,2,33494.0,0.0,0.0,33494.0,33494.0,33494.0,33494.0,33494.0,1.0,0.0,33494.0,33494.0
Slovenia,29 Production of cement clinker,2015.0,2,546904.0,0.0,0.0,546904.0,546904.0,546904.0,546904.0,546904.0,1.0,0.0,546904.0,546904.0
Slovenia,29 Production of cement clinker,2016.0,2,524301.0,0.0,0.0,524301.0,524301.0,524301.0,524301.0,524301.0,1.0,0.0,524301.0,524301.0
Slovenia,29 Production of cement clinker,2017.0,2,612137.0,0.0,0.0,612137.0,612137.0,612137.0,612137.0,612137.0,1.0,0.0,612137.0,612137.0
Slovenia,29 Production of cement clinker,2018.0,2,679267.0,0.0,0.0,679267.0,679267.0,679267.0,679267.0,679267.0,1.0,0.0,679267.0,679267.0
Slovenia,29 Production of cement clinker,2019.0,2,704327.0,0.0,0.0,704327.0,704327.0,704327.0,704327.0,704327.0,1.0,0.0,704327.0,704327.0
Slovenia,29 Production of cement clinker,2020.0,2,708513.0,0.0,0.0,708513.0,708513.0,708513.0,708513.0,708513.0,1.0,0.0,708513.0,708513.0
Slovenia,29 Production of cement clinker,2021.0,2,704868.0,0.0,0.0,704868.0,704868.0,704868.0,704868.0,704868.0,1.0,0.0,704868.0,704868.0
Slovenia,29 Production of cement clinker,2022.0,2,726819.0,0.0,0.0,726819.0,726819.0,726819.0,726819.0,726819.0,1.0,0.0,726819.0,726819.0
Slovenia,29 Production of cement clinker,2023.0,2,677478.0,0.0,0.0,677478.0,677478.0,677478.0,677478.0,677478.0,1.0,0.0,677478.0,677478.0
Slovenia,"30 Production of lime, or calcination of dolomite/magnesite",2015.0,2,58132.0,0.0,0.0,58132.0,58132.0,58132.0,58132.0,58132.0,1.0,0.0,58132.0,58132.0
Slovenia,"30 Production of lime, or calcination of dolomite/magnesite",2016.0,2,58203.0,0.0,0.0,58203.0,58203.0,58203.0,58203.0,58203.0,1.0,0.0,58203.0,58203.0
Slovenia,"30 Production of lime, or calcination of dolomite/magnesite",2017.0,2,58098.0,0.0,0.0,58098.0,58098.0,58098.0,58098.0,58098.0,1.0,0.0,58098.0,58098.0
Slovenia,"30 Production of lime, or calcination of dolomite/magnesite",2018.0,2,58496.0,0.0,0.0,58496.0,58496.0,58496.0,58496.0,58496.0,1.0,0.0,58496.0,58496.0
Slovenia,"30 Production of lime, or calcination of dolomite/magnesite",2019.0,2,57073.0,0.0,0.0,57073.0,57073.0,57073.0,57073.0,57073.0,1.0,0.0,57073.0,57073.0
Slovenia,"30 Production of lime, or calcination of dolomite/magnesite",2020.0,2,59514.0,0.0,0.0,59514.0,59514.0,59514.0,59514.0,59514.0,1.0,0.0,59514.0,59514.0
Slovenia,"30 Production of lime, or calcination of dolomite/magnesite",2021.0,2,79760.0,0.0,0.0,79760.0,79760.0,79760.0,79760.0,79760.0,1.0,0.0,79760.0,79760.0
Slovenia,"30 Production of lime, or calcination of dolomite/magnesite",2022.0,2,65872.0,0.0,0.0,65872.0,65872.0,65872.0,65872.0,65872.0,1.0,0.0,65872.0,65872.0
Slovenia,"30 Production of lime, or calcination of dolomite/magnesite",2023.0,2,55756.0,0.0,0.0,55756.0,55756.0,55756.0,55756.0,55756.0,1.0,0.0,55756.0,55756.0
Slovenia,31 Manufacture of glass,2015.0,2,54793.0,0.0,0.0,54793.0,54793.0,54793.0,54793.0,54793.0,1.0,0.0,54793.0,54793.0
Slovenia,31 Manufacture of glass,2016.0,2,55580.0,0.0,0.0,55580.0,55580.0,55580.0,55580.0,55580.0,1.0,0.0,55580.0,55580.0
Slovenia,31 Manufacture of glass,2017.0,2,55831.0,0.0,0.0,55831.0,55831.0,55831.0,55831.0,55831.0,1.0,0.0,55831.0,55831.0
Slovenia,31 Manufacture of glass,2018.0,2,54862.0,0.0,0.0,54862.0,54862.0,54862.0,54862.0,54862.0,1.0,0.0,54862.0,54862.0
Slovenia,31 Manufacture of glass,2019.0,2,56308.0,0.0,0.0,56308.0,56308.0,56308.0,56308.0,56308.0,1.0,0.0,56308.0,56308.0
Slovenia,31 Manufacture of glass,2020.0,2,48365.0,0.0,0.0,48365.0,48365.0,48365.0,48365.0,48365.0,1.0,0.0,48365.0,48365.0
Slovenia,31 Manufacture of glass,2021.0,2,28484.0,0.0,0.0,28484.0,28484.0,28484.0,28484.0,28484.0,1.0,0.0,28484.0,28484.0
Slovenia,31 Manufacture of glass,2022.0,2,29029.0,0.0,0.0,29029.0,29029.0,29029.0,29029.0,29029.0,1.0,0.0,29029.0,29029.0
Slovenia,31 Manufacture of glass,2023.0,2,22627.0,0.0,0.0,22627.0,22627.0,22627.0,22627.0,22627.0,1.0,0.0,22627.0,22627.0
Slovenia,33 Manufacture of mineral wool,2015.0,2,79750.0,0.0,0.0,79750.0,79750.0,79750.0,79750.0,79750.0,1.0,0.0,79750.0,79750.0
Slovenia,33 Manufacture of mineral wool,2016.0,2,85817.0,0.0,0.0,85817.0,85817.0,85817.0,85817.0,85817.0,1.0,0.0,85817.0,85817.0
Slovenia,33 Manufacture of mineral wool,2017.0,2,91866.0,0.0,0.0,91866.0,91866.0,91866.0,91866.0,91866.0,1.0,0.0,91866.0,91866.0
Slovenia,33 Manufacture of mineral wool,2018.0,2,91198.0,0.0,0.0,91198.0,91198.0,91198.0,91198.0,91198.0,1.0,0.0,91198.0,91198.0
Slovenia,33 Manufacture of mineral wool,2019.0,2,93550.0,0.0,0.0,93550.0,93550.0,93550.0,93550.0,93550.0,1.0,0.0,93550.0,93550.0
Slovenia,33 Manufacture of mineral wool,2020.0,2,91530.0,0.0,0.0,91530.0,91530.0,91530.0,91530.0,91530.0,1.0,0.0,91530.0,91530.0
Slovenia,33 Manufacture of mineral wool,2021.0,2,90849.0,0.0,0.0,90849.0,90849.0,90849.0,90849.0,90849.0,1.0,0.0,90849.0,90849.0
Slovenia,33 Manufacture of mineral wool,2022.0,2,91055.0,0.0,0.0,91055.0,91055.0,91055.0,91055.0,91055.0,1.0,0.0,91055.0,91055.0
Slovenia,33 Manufacture of mineral wool,2023.0,2,84206.0,0.0,0.0,84206.0,84206.0,84206.0,84206.0,84206.0,1.0,0.0,84206.0,84206.0
Slovenia,36 Production of paper or cardboard,2015.0,2,294426.0,0.0,0.0,294426.0,294426.0,294426.0,294426.0,294426.0,1.0,0.0,294426.0,294426.0
Slovenia,36 Production of paper or cardboard,2016.0,2,291659.0,0.0,0.0,291659.0,291659.0,291659.0,291659.0,291659.0,1.0,0.0,291659.0,291659.0
Slovenia,36 Production of paper or cardboard,2017.0,2,292447.0,0.0,0.0,292447.0,292447.0,292447.0,292447.0,292447.0,1.0,0.0,292447.0,292447.0
Slovenia,36 Production of paper or cardboard,2018.0,2,292962.0,0.0,0.0,292962.0,292962.0,292962.0,292962.0,292962.0,1.0,0.0,292962.0,292962.0
Slovenia,36 Production of paper or cardboard,2019.0,2,288273.0,0.0,0.0,288273.0,288273.0,288273.0,288273.0,288273.0,1.0,0.0,288273.0,288273.0
Slovenia,36 Production of paper or cardboard,2020.0,2,259644.0,0.0,0.0,259644.0,259644.0,259644.0,259644.0,259644.0,1.0,0.0,259644.0,259644.0
Slovenia,36 Production of paper or cardboard,2021.0,2,218021.0,0.0,0.0,218021.0,218021.0,218021.0,218021.0,218021.0,1.0,0.0,218021.0,218021.0
Slovenia,36 Production of paper or cardboard,2022.0,2,227701.0,0.0,0.0,227701.0,227701.0,227701.0,227701.0,227701.0,1.0,0.0,227701.0,227701.0
Slovenia,36 Production of paper or cardboard,2023.0,2,188150.0,0.0,0.0,188150.0,188150.0,188150.0,188150.0,188150.0,1.0,0.0,188150.0,188150.0
Spain,10 Aviation,2015.0,2,5766320.0,0.0,0.0,5766320.0,5766320.0,5766320.0,5766320.0,5766320.0,1.0,0.0,5766320.0,5766320.0
Spain,10 Aviation,2016.0,2,6397562.0,0.0,0.0,6397562.0,6397562.0,6397562.0,6397562.0,6397562.0,1.0,0.0,6397562.0,6397562.0
Spain,10 Aviation,2017.0,2,6783344.0,0.0,0.0,6783344.0,6783344.0,6783344.0,6783344.0,6783344.0,1.0,0.0,6783344.0,6783344.0
Spain,10 Aviation,2018.0,2,10755573.0,0.0,0.0,10755573.0,10755573.0,10755573.0,10755573.0,10755573.0,1.0,0.0,10755573.0,10755573.0
Spain,10 Aviation,2019.0,2,11959711.0,0.0,0.0,11959711.0,11959711.0,11959711.0,11959711.0,11959711.0,1.0,0.0,11959711.0,11959711.0
Spain,10 Aviation,2020.0,3,2280034.6666666665,1569230.420316348,0.6882484916821505,720663.2000000001,1710026.0,3358964.0,3389508.0,3407834.4,4.728747631348457,-0.32737942775918794,61088.0,3420052.0
Spain,10 Aviation,2021.0,3,2235357.3333333335,1553561.8230655931,0.6949948448505741,693647.8,1676518.0,3314635.0,3333835.5,3345355.8,4.822844965413283,-0.329515798021057,38401.0,3353036.0
Spain,10 Aviation,2022.0,3,4636950.0,3230447.4370217924,0.696675063785849,1432232.4000000001,3477712.5,6886846.0,6921135.5,6941709.2,4.846775704836729,-0.3300467380977199,68579.0,6955425.0
Spain,10 Aviation,2023.0,3,5165282.0,3541183.1164073776,0.6855740144308438,1644459.6,3873961.5,7589798.0,7668860.5,7716298.0,4.6923001331258,-0.3265304348877327,158125.0,7747923.0
Spain,20 Combustion of fuels,2015.0,2,80678270.0,0.0,0.0,80678270.0,80678270.0,80678270.0,80678270.0,80678270.0,1.0,0.0,80678270.0,80678270.0
Spain,20 Combustion of fuels,2016.0,2,67180020.0,0.0,0.0,67180020.0,67180020.0,67180020.0,67180020.0,67180020.0,1.0,0.0,67180020.0,67180020.0
Spain,20 Combustion of fuels,2017.0,2,79946166.0,0.0,0.0,79946166.0,79946166.0,79946166.0,79946166.0,79946166.0,1.0,0.0,79946166.0,79946166.0
Spain,20 Combustion of fuels,2018.0,2,69808213.0,0.0,0.0,69808213.0,69808213.0,69808213.0,69808213.0,69808213.0,1.0,0.0,69808213.0,69808213.0
Spain,20 Combustion of fuels,2019.0,2,54423584.0,0.0,0.0,54423584.0,54423584.0,54423584.0,54423584.0,54423584.0,1.0,0.0,54423584.0,54423584.0
Spain,20 Combustion of fuels,2020.0,2,40015976.0,0.0,0.0,40015976.0,40015976.0,40015976.0,40015976.0,40015976.0,1.0,0.0,40015976.0,40015976.0
Spain,20 Combustion of fuels,2021.0,2,39861401.0,0.0,0.0,39861401.0,39861401.0,39861401.0,39861401.0,39861401.0,1.0,0.0,39861401.0,39861401.0
Spain,20 Combustion of fuels,2022.0,2,47995307.0,0.0,0.0,47995307.0,47995307.0,47995307.0,47995307.0,47995307.0,1.0,0.0,47995307.0,47995307.0
Spain,20 Combustion of fuels,2023.0,2,36358692.0,0.0,0.0,36358692.0,36358692.0,36358692.0,36358692.0,36358692.0,1.0,0.0,36358692.0,36358692.0
Spain,20-99 All stationary installations,2015.0,2,137270031.0,0.0,0.0,137270031.0,137270031.0,137270031.0,137270031.0,137270031.0,1.0,0.0,137270031.0,137270031.0
Spain,20-99 All stationary installations,2016.0,2,123556983.0,0.0,0.0,123556983.0,123556983.0,123556983.0,123556983.0,123556983.0,1.0,0.0,123556983.0,123556983.0
Spain,20-99 All stationary installations,2017.0,2,136316842.0,0.0,0.0,136316842.0,136316842.0,136316842.0,136316842.0,136316842.0,1.0,0.0,136316842.0,136316842.0
Spain,20-99 All stationary installations,2018.0,2,127373884.0,0.0,0.0,127373884.0,127373884.0,127373884.0,127373884.0,127373884.0,1.0,0.0,127373884.0,127373884.0
Spain,20-99 All stationary installations,2019.0,2,109522705.0,0.0,0.0,109522705.0,109522705.0,109522705.0,109522705.0,109522705.0,1.0,0.0,109522705.0,109522705.0
Spain,20-99 All stationary installations,2020.0,2,89044166.0,0.0,0.0,89044166.0,89044166.0,89044166.0,89044166.0,89044166.0,1.0,0.0,89044166.0,89044166.0
Spain,20-99 All stationary installations,2021.0,2,91665975.0,0.0,0.0,91665975.0,91665975.0,91665975.0,91665975.0,91665975.0,1.0,0.0,91665975.0,91665975.0
Spain,20-99 All stationary installations,2022.0,2,96302882.0,0.0,0.0,96302882.0,96302882.0,96302882.0,96302882.0,96302882.0,1.0,0.0,96302882.0,96302882.0
Spain,20-99 All stationary installations,2023.0,2,81124352.0,0.0,0.0,81124352.0,81124352.0,81124352.0,81124352.0,81124352.0,1.0,0.0,81124352.0,81124352.0
Spain,21  Refining of mineral oil,2015.0,2,14351173.0,0.0,0.0,14351173.0,14351173.0,14351173.0,14351173.0,14351173.0,1.0,0.0,14351173.0,14351173.0
Spain,21  Refining of mineral oil,2016.0,2,14289811.0,0.0,0.0,14289811.0,14289811.0,14289811.0,14289811.0,14289811.0,1.0,0.0,14289811.0,14289811.0
Spain,21  Refining of mineral oil,2017.0,2,14004119.0,0.0,0.0,14004119.0,14004119.0,14004119.0,14004119.0,14004119.0,1.0,0.0,14004119.0,14004119.0
Spain,21  Refining of mineral oil,2018.0,2,14199654.0,0.0,0.0,14199654.0,14199654.0,14199654.0,14199654.0,14199654.0,1.0,0.0,14199654.0,14199654.0
Spain,21  Refining of mineral oil,2019.0,2,13693425.0,0.0,0.0,13693425.0,13693425.0,13693425.0,13693425.0,13693425.0,1.0,0.0,13693425.0,13693425.0
Spain,21  Refining of mineral oil,2020.0,2,12539845.0,0.0,0.0,12539845.0,12539845.0,12539845.0,12539845.0,12539845.0,1.0,0.0,12539845.0,12539845.0
Spain,21  Refining of mineral oil,2021.0,2,12768480.0,0.0,0.0,12768480.0,12768480.0,12768480.0,12768480.0,12768480.0,1.0,0.0,12768480.0,12768480.0
Spain,21  Refining of mineral oil,2022.0,2,13577339.0,0.0,0.0,13577339.0,13577339.0,13577339.0,13577339.0,13577339.0,1.0,0.0,13577339.0,13577339.0
Spain,21  Refining of mineral oil,2023.0,2,12762278.0,0.0,0.0,12762278.0,12762278.0,12762278.0,12762278.0,12762278.0,1.0,0.0,12762278.0,12762278.0
Spain,21-99 All industrial installations (excl. combustion),2015.0,2,56591761.0,0.0,0.0,56591761.0,56591761.0,56591761.0,56591761.0,56591761.0,1.0,0.0,56591761.0,56591761.0
Spain,21-99 All industrial installations (excl. combustion),2016.0,2,56376963.0,0.0,0.0,56376963.0,56376963.0,56376963.0,56376963.0,56376963.0,1.0,0.0,56376963.0,56376963.0
Spain,21-99 All industrial installations (excl. combustion),2017.0,2,56370676.0,0.0,0.0,56370676.0,56370676.0,56370676.0,56370676.0,56370676.0,1.0,0.0,56370676.0,56370676.0
Spain,21-99 All industrial installations (excl. combustion),2018.0,2,57565671.0,0.0,0.0,57565671.0,57565671.0,57565671.0,57565671.0,57565671.0,1.0,0.0,57565671.0,57565671.0
Spain,21-99 All industrial installations (excl. combustion),2019.0,2,55099121.0,0.0,0.0,55099121.0,55099121.0,55099121.0,55099121.0,55099121.0,1.0,0.0,55099121.0,55099121.0
Spain,21-99 All industrial installations (excl. combustion),2020.0,2,49028190.0,0.0,0.0,49028190.0,49028190.0,49028190.0,49028190.0,49028190.0,1.0,0.0,49028190.0,49028190.0
Spain,21-99 All industrial installations (excl. combustion),2021.0,2,51804574.0,0.0,0.0,51804574.0,51804574.0,51804574.0,51804574.0,51804574.0,1.0,0.0,51804574.0,51804574.0
Spain,21-99 All industrial installations (excl. combustion),2022.0,2,48307575.0,0.0,0.0,48307575.0,48307575.0,48307575.0,48307575.0,48307575.0,1.0,0.0,48307575.0,48307575.0
Spain,21-99 All industrial installations (excl. combustion),2023.0,2,44765660.0,0.0,0.0,44765660.0,44765660.0,44765660.0,44765660.0,44765660.0,1.0,0.0,44765660.0,44765660.0
Spain,22  Production of coke,2015.0,2,27975.0,0.0,0.0,27975.0,27975.0,27975.0,27975.0,27975.0,1.0,0.0,27975.0,27975.0
Spain,22  Production of coke,2016.0,2,25296.0,0.0,0.0,25296.0,25296.0,25296.0,25296.0,25296.0,1.0,0.0,25296.0,25296.0
Spain,22  Production of coke,2017.0,2,30678.0,0.0,0.0,30678.0,30678.0,30678.0,30678.0,30678.0,1.0,0.0,30678.0,30678.0
Spain,22  Production of coke,2018.0,2,28211.0,0.0,0.0,28211.0,28211.0,28211.0,28211.0,28211.0,1.0,0.0,28211.0,28211.0
Spain,22  Production of coke,2019.0,2,28180.0,0.0,0.0,28180.0,28180.0,28180.0,28180.0,28180.0,1.0,0.0,28180.0,28180.0
Spain,22  Production of coke,2020.0,2,25457.0,0.0,0.0,25457.0,25457.0,25457.0,25457.0,25457.0,1.0,0.0,25457.0,25457.0
Spain,22  Production of coke,2021.0,2,27881.0,0.0,0.0,27881.0,27881.0,27881.0,27881.0,27881.0,1.0,0.0,27881.0,27881.0
Spain,22  Production of coke,2022.0,2,28853.0,0.0,0.0,28853.0,28853.0,28853.0,28853.0,28853.0,1.0,0.0,28853.0,28853.0
Spain,22  Production of coke,2023.0,2,29449.0,0.0,0.0,29449.0,29449.0,29449.0,29449.0,29449.0,1.0,0.0,29449.0,29449.0
Spain,23 Metal ore roasting or sintering,2015.0,2,144242.0,0.0,0.0,144242.0,144242.0,144242.0,144242.0,144242.0,1.0,0.0,144242.0,144242.0
Spain,23 Metal ore roasting or sintering,2016.0,2,160808.0,0.0,0.0,160808.0,160808.0,160808.0,160808.0,160808.0,1.0,0.0,160808.0,160808.0
Spain,23 Metal ore roasting or sintering,2017.0,2,161487.0,0.0,0.0,161487.0,161487.0,161487.0,161487.0,161487.0,1.0,0.0,161487.0,161487.0
Spain,23 Metal ore roasting or sintering,2018.0,2,162854.0,0.0,0.0,162854.0,162854.0,162854.0,162854.0,162854.0,1.0,0.0,162854.0,162854.0
Spain,23 Metal ore roasting or sintering,2019.0,2,161964.0,0.0,0.0,161964.0,161964.0,161964.0,161964.0,161964.0,1.0,0.0,161964.0,161964.0
Spain,23 Metal ore roasting or sintering,2020.0,2,160516.0,0.0,0.0,160516.0,160516.0,160516.0,160516.0,160516.0,1.0,0.0,160516.0,160516.0
Spain,23 Metal ore roasting or sintering,2021.0,2,167036.0,0.0,0.0,167036.0,167036.0,167036.0,167036.0,167036.0,1.0,0.0,167036.0,167036.0
Spain,23 Metal ore roasting or sintering,2022.0,2,159517.0,0.0,0.0,159517.0,159517.0,159517.0,159517.0,159517.0,1.0,0.0,159517.0,159517.0
Spain,23 Metal ore roasting or sintering,2023.0,2,120711.0,0.0,0.0,120711.0,120711.0,120711.0,120711.0,120711.0,1.0,0.0,120711.0,120711.0
Spain,24  Production of pig iron or steel,2015.0,2,7441933.0,0.0,0.0,7441933.0,7441933.0,7441933.0,7441933.0,7441933.0,1.0,0.0,7441933.0,7441933.0
Spain,24  Production of pig iron or steel,2016.0,2,7068173.0,0.0,0.0,7068173.0,7068173.0,7068173.0,7068173.0,7068173.0,1.0,0.0,7068173.0,7068173.0
Spain,24  Production of pig iron or steel,2017.0,2,6716779.0,0.0,0.0,6716779.0,6716779.0,6716779.0,6716779.0,6716779.0,1.0,0.0,6716779.0,6716779.0
Spain,24  Production of pig iron or steel,2018.0,2,7063799.0,0.0,0.0,7063799.0,7063799.0,7063799.0,7063799.0,7063799.0,1.0,0.0,7063799.0,7063799.0
Spain,24  Production of pig iron or steel,2019.0,2,6464516.0,0.0,0.0,6464516.0,6464516.0,6464516.0,6464516.0,6464516.0,1.0,0.0,6464516.0,6464516.0
Spain,24  Production of pig iron or steel,2020.0,2,5120418.0,0.0,0.0,5120418.0,5120418.0,5120418.0,5120418.0,5120418.0,1.0,0.0,5120418.0,5120418.0
Spain,24  Production of pig iron or steel,2021.0,2,6626587.0,0.0,0.0,6626587.0,6626587.0,6626587.0,6626587.0,6626587.0,1.0,0.0,6626587.0,6626587.0
Spain,24  Production of pig iron or steel,2022.0,2,5958863.0,0.0,0.0,5958863.0,5958863.0,5958863.0,5958863.0,5958863.0,1.0,0.0,5958863.0,5958863.0
Spain,24  Production of pig iron or steel,2023.0,2,5324544.0,0.0,0.0,5324544.0,5324544.0,5324544.0,5324544.0,5324544.0,1.0,0.0,5324544.0,5324544.0
Spain,25 Production or processing of ferrous metals,2015.0,2,534428.0,0.0,0.0,534428.0,534428.0,534428.0,534428.0,534428.0,1.0,0.0,534428.0,534428.0
Spain,25 Production or processing of ferrous metals,2016.0,2,540457.0,0.0,0.0,540457.0,540457.0,540457.0,540457.0,540457.0,1.0,0.0,540457.0,540457.0
Spain,25 Production or processing of ferrous metals,2017.0,2,596108.0,0.0,0.0,596108.0,596108.0,596108.0,596108.0,596108.0,1.0,0.0,596108.0,596108.0
Spain,25 Production or processing of ferrous metals,2018.0,2,586767.0,0.0,0.0,586767.0,586767.0,586767.0,586767.0,586767.0,1.0,0.0,586767.0,586767.0
Spain,25 Production or processing of ferrous metals,2019.0,2,538038.0,0.0,0.0,538038.0,538038.0,538038.0,538038.0,538038.0,1.0,0.0,538038.0,538038.0
Spain,25 Production or processing of ferrous metals,2020.0,2,455461.0,0.0,0.0,455461.0,455461.0,455461.0,455461.0,455461.0,1.0,0.0,455461.0,455461.0
Spain,25 Production or processing of ferrous metals,2021.0,2,463955.0,0.0,0.0,463955.0,463955.0,463955.0,463955.0,463955.0,1.0,0.0,463955.0,463955.0
Spain,25 Production or processing of ferrous metals,2022.0,2,360424.0,0.0,0.0,360424.0,360424.0,360424.0,360424.0,360424.0,1.0,0.0,360424.0,360424.0
Spain,25 Production or processing of ferrous metals,2023.0,2,313585.0,0.0,0.0,313585.0,313585.0,313585.0,313585.0,313585.0,1.0,0.0,313585.0,313585.0
Spain,26 Production of primary aluminium,2015.0,2,1395937.0,0.0,0.0,1395937.0,1395937.0,1395937.0,1395937.0,1395937.0,1.0,0.0,1395937.0,1395937.0
Spain,26 Production of primary aluminium,2016.0,2,1398957.0,0.0,0.0,1398957.0,1398957.0,1398957.0,1398957.0,1398957.0,1.0,0.0,1398957.0,1398957.0
Spain,26 Production of primary aluminium,2017.0,2,1457448.0,0.0,0.0,1457448.0,1457448.0,1457448.0,1457448.0,1457448.0,1.0,0.0,1457448.0,1457448.0
Spain,26 Production of primary aluminium,2018.0,2,1452397.0,0.0,0.0,1452397.0,1452397.0,1452397.0,1452397.0,1452397.0,1.0,0.0,1452397.0,1452397.0
Spain,26 Production of primary aluminium,2019.0,2,1168566.0,0.0,0.0,1168566.0,1168566.0,1168566.0,1168566.0,1168566.0,1.0,0.0,1168566.0,1168566.0
Spain,26 Production of primary aluminium,2020.0,2,1060531.0,0.0,0.0,1060531.0,1060531.0,1060531.0,1060531.0,1060531.0,1.0,0.0,1060531.0,1060531.0
Spain,26 Production of primary aluminium,2021.0,2,1075519.0,0.0,0.0,1075519.0,1075519.0,1075519.0,1075519.0,1075519.0,1.0,0.0,1075519.0,1075519.0
Spain,26 Production of primary aluminium,2022.0,2,611390.0,0.0,0.0,611390.0,611390.0,611390.0,611390.0,611390.0,1.0,0.0,611390.0,611390.0
Spain,26 Production of primary aluminium,2023.0,2,398036.0,0.0,0.0,398036.0,398036.0,398036.0,398036.0,398036.0,1.0,0.0,398036.0,398036.0
Spain,27 Production of secondary aluminium,2015.0,2,50544.0,0.0,0.0,50544.0,50544.0,50544.0,50544.0,50544.0,1.0,0.0,50544.0,50544.0
Spain,27 Production of secondary aluminium,2016.0,2,54519.0,0.0,0.0,54519.0,54519.0,54519.0,54519.0,54519.0,1.0,0.0,54519.0,54519.0
Spain,27 Production of secondary aluminium,2017.0,2,56550.0,0.0,0.0,56550.0,56550.0,56550.0,56550.0,56550.0,1.0,0.0,56550.0,56550.0
Spain,27 Production of secondary aluminium,2018.0,2,57484.0,0.0,0.0,57484.0,57484.0,57484.0,57484.0,57484.0,1.0,0.0,57484.0,57484.0
Spain,27 Production of secondary aluminium,2019.0,2,53903.0,0.0,0.0,53903.0,53903.0,53903.0,53903.0,53903.0,1.0,0.0,53903.0,53903.0
Spain,27 Production of secondary aluminium,2020.0,2,17582.0,0.0,0.0,17582.0,17582.0,17582.0,17582.0,17582.0,1.0,0.0,17582.0,17582.0
Spain,27 Production of secondary aluminium,2021.0,2,16800.0,0.0,0.0,16800.0,16800.0,16800.0,16800.0,16800.0,1.0,0.0,16800.0,16800.0
Spain,27 Production of secondary aluminium,2022.0,2,15842.0,0.0,0.0,15842.0,15842.0,15842.0,15842.0,15842.0,1.0,0.0,15842.0,15842.0
Spain,27 Production of secondary aluminium,2023.0,2,12031.0,0.0,0.0,12031.0,12031.0,12031.0,12031.0,12031.0,1.0,0.0,12031.0,12031.0
Spain,28 Production or processing of non-ferrous metals,2015.0,2,916510.0,0.0,0.0,916510.0,916510.0,916510.0,916510.0,916510.0,1.0,0.0,916510.0,916510.0
Spain,28 Production or processing of non-ferrous metals,2016.0,2,888922.0,0.0,0.0,888922.0,888922.0,888922.0,888922.0,888922.0,1.0,0.0,888922.0,888922.0
Spain,28 Production or processing of non-ferrous metals,2017.0,2,910676.0,0.0,0.0,910676.0,910676.0,910676.0,910676.0,910676.0,1.0,0.0,910676.0,910676.0
Spain,28 Production or processing of non-ferrous metals,2018.0,2,961986.0,0.0,0.0,961986.0,961986.0,961986.0,961986.0,961986.0,1.0,0.0,961986.0,961986.0
Spain,28 Production or processing of non-ferrous metals,2019.0,2,810221.0,0.0,0.0,810221.0,810221.0,810221.0,810221.0,810221.0,1.0,0.0,810221.0,810221.0
Spain,28 Production or processing of non-ferrous metals,2020.0,2,630844.0,0.0,0.0,630844.0,630844.0,630844.0,630844.0,630844.0,1.0,0.0,630844.0,630844.0
Spain,28 Production or processing of non-ferrous metals,2021.0,2,745066.0,0.0,0.0,745066.0,745066.0,745066.0,745066.0,745066.0,1.0,0.0,745066.0,745066.0
Spain,28 Production or processing of non-ferrous metals,2022.0,2,543557.0,0.0,0.0,543557.0,543557.0,543557.0,543557.0,543557.0,1.0,0.0,543557.0,543557.0
Spain,28 Production or processing of non-ferrous metals,2023.0,2,403935.0,0.0,0.0,403935.0,403935.0,403935.0,403935.0,403935.0,1.0,0.0,403935.0,403935.0
Spain,29 Production of cement clinker,2015.0,2,14543776.0,0.0,0.0,14543776.0,14543776.0,14543776.0,14543776.0,14543776.0,1.0,0.0,14543776.0,14543776.0
Spain,29 Production of cement clinker,2016.0,2,14824778.0,0.0,0.0,14824778.0,14824778.0,14824778.0,14824778.0,14824778.0,1.0,0.0,14824778.0,14824778.0
Spain,29 Production of cement clinker,2017.0,2,14773131.0,0.0,0.0,14773131.0,14773131.0,14773131.0,14773131.0,14773131.0,1.0,0.0,14773131.0,14773131.0
Spain,29 Production of cement clinker,2018.0,2,15158667.0,0.0,0.0,15158667.0,15158667.0,15158667.0,15158667.0,15158667.0,1.0,0.0,15158667.0,15158667.0
Spain,29 Production of cement clinker,2019.0,2,14079614.0,0.0,0.0,14079614.0,14079614.0,14079614.0,14079614.0,14079614.0,1.0,0.0,14079614.0,14079614.0
Spain,29 Production of cement clinker,2020.0,2,12285453.0,0.0,0.0,12285453.0,12285453.0,12285453.0,12285453.0,12285453.0,1.0,0.0,12285453.0,12285453.0
Spain,29 Production of cement clinker,2021.0,2,12862503.0,0.0,0.0,12862503.0,12862503.0,12862503.0,12862503.0,12862503.0,1.0,0.0,12862503.0,12862503.0
Spain,29 Production of cement clinker,2022.0,2,11656026.0,0.0,0.0,11656026.0,11656026.0,11656026.0,11656026.0,11656026.0,1.0,0.0,11656026.0,11656026.0
Spain,29 Production of cement clinker,2023.0,2,11300154.0,0.0,0.0,11300154.0,11300154.0,11300154.0,11300154.0,11300154.0,1.0,0.0,11300154.0,11300154.0
Spain,"30 Production of lime, or calcination of dolomite/magnesite",2015.0,2,2559507.0,0.0,0.0,2559507.0,2559507.0,2559507.0,2559507.0,2559507.0,1.0,0.0,2559507.0,2559507.0
Spain,"30 Production of lime, or calcination of dolomite/magnesite",2016.0,2,2370074.0,0.0,0.0,2370074.0,2370074.0,2370074.0,2370074.0,2370074.0,1.0,0.0,2370074.0,2370074.0
Spain,"30 Production of lime, or calcination of dolomite/magnesite",2017.0,2,2564209.0,0.0,0.0,2564209.0,2564209.0,2564209.0,2564209.0,2564209.0,1.0,0.0,2564209.0,2564209.0
Spain,"30 Production of lime, or calcination of dolomite/magnesite",2018.0,2,2652947.0,0.0,0.0,2652947.0,2652947.0,2652947.0,2652947.0,2652947.0,1.0,0.0,2652947.0,2652947.0
Spain,"30 Production of lime, or calcination of dolomite/magnesite",2019.0,2,2644127.0,0.0,0.0,2644127.0,2644127.0,2644127.0,2644127.0,2644127.0,1.0,0.0,2644127.0,2644127.0
Spain,"30 Production of lime, or calcination of dolomite/magnesite",2020.0,2,2348646.0,0.0,0.0,2348646.0,2348646.0,2348646.0,2348646.0,2348646.0,1.0,0.0,2348646.0,2348646.0
Spain,"30 Production of lime, or calcination of dolomite/magnesite",2021.0,2,2688417.0,0.0,0.0,2688417.0,2688417.0,2688417.0,2688417.0,2688417.0,1.0,0.0,2688417.0,2688417.0
Spain,"30 Production of lime, or calcination of dolomite/magnesite",2022.0,2,2412815.0,0.0,0.0,2412815.0,2412815.0,2412815.0,2412815.0,2412815.0,1.0,0.0,2412815.0,2412815.0
Spain,"30 Production of lime, or calcination of dolomite/magnesite",2023.0,2,2304544.0,0.0,0.0,2304544.0,2304544.0,2304544.0,2304544.0,2304544.0,1.0,0.0,2304544.0,2304544.0
Spain,31 Manufacture of glass,2015.0,2,1936450.0,0.0,0.0,1936450.0,1936450.0,1936450.0,1936450.0,1936450.0,1.0,0.0,1936450.0,1936450.0
Spain,31 Manufacture of glass,2016.0,2,1956288.0,0.0,0.0,1956288.0,1956288.0,1956288.0,1956288.0,1956288.0,1.0,0.0,1956288.0,1956288.0
Spain,31 Manufacture of glass,2017.0,2,1959115.0,0.0,0.0,1959115.0,1959115.0,1959115.0,1959115.0,1959115.0,1.0,0.0,1959115.0,1959115.0
Spain,31 Manufacture of glass,2018.0,2,1957121.0,0.0,0.0,1957121.0,1957121.0,1957121.0,1957121.0,1957121.0,1.0,0.0,1957121.0,1957121.0
Spain,31 Manufacture of glass,2019.0,2,1966844.0,0.0,0.0,1966844.0,1966844.0,1966844.0,1966844.0,1966844.0,1.0,0.0,1966844.0,1966844.0
Spain,31 Manufacture of glass,2020.0,2,1842449.0,0.0,0.0,1842449.0,1842449.0,1842449.0,1842449.0,1842449.0,1.0,0.0,1842449.0,1842449.0
Spain,31 Manufacture of glass,2021.0,2,1828547.0,0.0,0.0,1828547.0,1828547.0,1828547.0,1828547.0,1828547.0,1.0,0.0,1828547.0,1828547.0
Spain,31 Manufacture of glass,2022.0,2,1778001.0,0.0,0.0,1778001.0,1778001.0,1778001.0,1778001.0,1778001.0,1.0,0.0,1778001.0,1778001.0
Spain,31 Manufacture of glass,2023.0,2,1583479.0,0.0,0.0,1583479.0,1583479.0,1583479.0,1583479.0,1583479.0,1.0,0.0,1583479.0,1583479.0
Spain,32 Manufacture of ceramics,2015.0,2,3045483.0,0.0,0.0,3045483.0,3045483.0,3045483.0,3045483.0,3045483.0,1.0,0.0,3045483.0,3045483.0
Spain,32 Manufacture of ceramics,2016.0,2,3245065.0,0.0,0.0,3245065.0,3245065.0,3245065.0,3245065.0,3245065.0,1.0,0.0,3245065.0,3245065.0
Spain,32 Manufacture of ceramics,2017.0,2,3489899.0,0.0,0.0,3489899.0,3489899.0,3489899.0,3489899.0,3489899.0,1.0,0.0,3489899.0,3489899.0
Spain,32 Manufacture of ceramics,2018.0,2,3551932.0,0.0,0.0,3551932.0,3551932.0,3551932.0,3551932.0,3551932.0,1.0,0.0,3551932.0,3551932.0
Spain,32 Manufacture of ceramics,2019.0,2,3517583.0,0.0,0.0,3517583.0,3517583.0,3517583.0,3517583.0,3517583.0,1.0,0.0,3517583.0,3517583.0
Spain,32 Manufacture of ceramics,2020.0,2,3280020.0,0.0,0.0,3280020.0,3280020.0,3280020.0,3280020.0,3280020.0,1.0,0.0,3280020.0,3280020.0
Spain,32 Manufacture of ceramics,2021.0,2,3176957.0,0.0,0.0,3176957.0,3176957.0,3176957.0,3176957.0,3176957.0,1.0,0.0,3176957.0,3176957.0
Spain,32 Manufacture of ceramics,2022.0,2,2742879.0,0.0,0.0,2742879.0,2742879.0,2742879.0,2742879.0,2742879.0,1.0,0.0,2742879.0,2742879.0
Spain,32 Manufacture of ceramics,2023.0,2,2249129.0,0.0,0.0,2249129.0,2249129.0,2249129.0,2249129.0,2249129.0,1.0,0.0,2249129.0,2249129.0
Spain,33 Manufacture of mineral wool,2015.0,2,38317.0,0.0,0.0,38317.0,38317.0,38317.0,38317.0,38317.0,1.0,0.0,38317.0,38317.0
Spain,33 Manufacture of mineral wool,2016.0,2,37879.0,0.0,0.0,37879.0,37879.0,37879.0,37879.0,37879.0,1.0,0.0,37879.0,37879.0
Spain,33 Manufacture of mineral wool,2017.0,2,42347.0,0.0,0.0,42347.0,42347.0,42347.0,42347.0,42347.0,1.0,0.0,42347.0,42347.0
Spain,33 Manufacture of mineral wool,2018.0,2,53807.0,0.0,0.0,53807.0,53807.0,53807.0,53807.0,53807.0,1.0,0.0,53807.0,53807.0
Spain,33 Manufacture of mineral wool,2019.0,2,57014.0,0.0,0.0,57014.0,57014.0,57014.0,57014.0,57014.0,1.0,0.0,57014.0,57014.0
Spain,33 Manufacture of mineral wool,2020.0,2,76620.0,0.0,0.0,76620.0,76620.0,76620.0,76620.0,76620.0,1.0,0.0,76620.0,76620.0
Spain,33 Manufacture of mineral wool,2021.0,2,84848.0,0.0,0.0,84848.0,84848.0,84848.0,84848.0,84848.0,1.0,0.0,84848.0,84848.0
Spain,33 Manufacture of mineral wool,2022.0,2,72786.0,0.0,0.0,72786.0,72786.0,72786.0,72786.0,72786.0,1.0,0.0,72786.0,72786.0
Spain,33 Manufacture of mineral wool,2023.0,2,73965.0,0.0,0.0,73965.0,73965.0,73965.0,73965.0,73965.0,1.0,0.0,73965.0,73965.0
Spain,34 Production or processing of gypsum or plasterboard,2015.0,2,68040.0,0.0,0.0,68040.0,68040.0,68040.0,68040.0,68040.0,1.0,0.0,68040.0,68040.0
Spain,34 Production or processing of gypsum or plasterboard,2016.0,2,77276.0,0.0,0.0,77276.0,77276.0,77276.0,77276.0,77276.0,1.0,0.0,77276.0,77276.0
Spain,34 Production or processing of gypsum or plasterboard,2017.0,2,88264.0,0.0,0.0,88264.0,88264.0,88264.0,88264.0,88264.0,1.0,0.0,88264.0,88264.0
Spain,34 Production or processing of gypsum or plasterboard,2018.0,2,102568.0,0.0,0.0,102568.0,102568.0,102568.0,102568.0,102568.0,1.0,0.0,102568.0,102568.0
Spain,34 Production or processing of gypsum or plasterboard,2019.0,2,121852.0,0.0,0.0,121852.0,121852.0,121852.0,121852.0,121852.0,1.0,0.0,121852.0,121852.0
Spain,34 Production or processing of gypsum or plasterboard,2020.0,2,117558.0,0.0,0.0,117558.0,117558.0,117558.0,117558.0,117558.0,1.0,0.0,117558.0,117558.0
Spain,34 Production or processing of gypsum or plasterboard,2021.0,2,134088.0,0.0,0.0,134088.0,134088.0,134088.0,134088.0,134088.0,1.0,0.0,134088.0,134088.0
Spain,34 Production or processing of gypsum or plasterboard,2022.0,2,136347.0,0.0,0.0,136347.0,136347.0,136347.0,136347.0,136347.0,1.0,0.0,136347.0,136347.0
Spain,34 Production or processing of gypsum or plasterboard,2023.0,2,139770.0,0.0,0.0,139770.0,139770.0,139770.0,139770.0,139770.0,1.0,0.0,139770.0,139770.0
Spain,35 Production of pulp,2015.0,2,673527.0,0.0,0.0,673527.0,673527.0,673527.0,673527.0,673527.0,1.0,0.0,673527.0,673527.0
Spain,35 Production of pulp,2016.0,2,675360.0,0.0,0.0,675360.0,675360.0,675360.0,675360.0,675360.0,1.0,0.0,675360.0,675360.0
Spain,35 Production of pulp,2017.0,2,711496.0,0.0,0.0,711496.0,711496.0,711496.0,711496.0,711496.0,1.0,0.0,711496.0,711496.0
Spain,35 Production of pulp,2018.0,2,712293.0,0.0,0.0,712293.0,712293.0,712293.0,712293.0,712293.0,1.0,0.0,712293.0,712293.0
Spain,35 Production of pulp,2019.0,2,695189.0,0.0,0.0,695189.0,695189.0,695189.0,695189.0,695189.0,1.0,0.0,695189.0,695189.0
Spain,35 Production of pulp,2020.0,2,590326.0,0.0,0.0,590326.0,590326.0,590326.0,590326.0,590326.0,1.0,0.0,590326.0,590326.0
Spain,35 Production of pulp,2021.0,2,654645.0,0.0,0.0,654645.0,654645.0,654645.0,654645.0,654645.0,1.0,0.0,654645.0,654645.0
Spain,35 Production of pulp,2022.0,2,524707.0,0.0,0.0,524707.0,524707.0,524707.0,524707.0,524707.0,1.0,0.0,524707.0,524707.0
Spain,35 Production of pulp,2023.0,2,534382.0,0.0,0.0,534382.0,534382.0,534382.0,534382.0,534382.0,1.0,0.0,534382.0,534382.0
Spain,36 Production of paper or cardboard,2015.0,2,2322274.0,0.0,0.0,2322274.0,2322274.0,2322274.0,2322274.0,2322274.0,1.0,0.0,2322274.0,2322274.0
Spain,36 Production of paper or cardboard,2016.0,2,2275398.0,0.0,0.0,2275398.0,2275398.0,2275398.0,2275398.0,2275398.0,1.0,0.0,2275398.0,2275398.0
Spain,36 Production of paper or cardboard,2017.0,2,2289284.0,0.0,0.0,2289284.0,2289284.0,2289284.0,2289284.0,2289284.0,1.0,0.0,2289284.0,2289284.0
Spain,36 Production of paper or cardboard,2018.0,2,2295565.0,0.0,0.0,2295565.0,2295565.0,2295565.0,2295565.0,2295565.0,1.0,0.0,2295565.0,2295565.0
Spain,36 Production of paper or cardboard,2019.0,2,2422891.0,0.0,0.0,2422891.0,2422891.0,2422891.0,2422891.0,2422891.0,1.0,0.0,2422891.0,2422891.0
Spain,36 Production of paper or cardboard,2020.0,2,2289529.0,0.0,0.0,2289529.0,2289529.0,2289529.0,2289529.0,2289529.0,1.0,0.0,2289529.0,2289529.0
Spain,36 Production of paper or cardboard,2021.0,2,2338166.0,0.0,0.0,2338166.0,2338166.0,2338166.0,2338166.0,2338166.0,1.0,0.0,2338166.0,2338166.0
Spain,36 Production of paper or cardboard,2022.0,2,1838104.0,0.0,0.0,1838104.0,1838104.0,1838104.0,1838104.0,1838104.0,1.0,0.0,1838104.0,1838104.0
Spain,36 Production of paper or cardboard,2023.0,2,1704925.0,0.0,0.0,1704925.0,1704925.0,1704925.0,1704925.0,1704925.0,1.0,0.0,1704925.0,1704925.0
Spain,37 Production of carbon black,2015.0,2,92620.0,0.0,0.0,92620.0,92620.0,92620.0,92620.0,92620.0,1.0,0.0,92620.0,92620.0
Spain,37 Production of carbon black,2016.0,2,108225.0,0.0,0.0,108225.0,108225.0,108225.0,108225.0,108225.0,1.0,0.0,108225.0,108225.0
Spain,37 Production of carbon black,2017.0,2,107962.0,0.0,0.0,107962.0,107962.0,107962.0,107962.0,107962.0,1.0,0.0,107962.0,107962.0
Spain,37 Production of carbon black,2018.0,2,118232.0,0.0,0.0,118232.0,118232.0,118232.0,118232.0,118232.0,1.0,0.0,118232.0,118232.0
Spain,37 Production of carbon black,2019.0,2,108710.0,0.0,0.0,108710.0,108710.0,108710.0,108710.0,108710.0,1.0,0.0,108710.0,108710.0
Spain,37 Production of carbon black,2020.0,2,100045.0,0.0,0.0,100045.0,100045.0,100045.0,100045.0,100045.0,1.0,0.0,100045.0,100045.0
Spain,37 Production of carbon black,2021.0,2,120419.0,0.0,0.0,120419.0,120419.0,120419.0,120419.0,120419.0,1.0,0.0,120419.0,120419.0
Spain,37 Production of carbon black,2022.0,2,128674.0,0.0,0.0,128674.0,128674.0,128674.0,128674.0,128674.0,1.0,0.0,128674.0,128674.0
Spain,37 Production of carbon black,2023.0,2,117708.0,0.0,0.0,117708.0,117708.0,117708.0,117708.0,117708.0,1.0,0.0,117708.0,117708.0
Spain,38 Production of nitric acid,2015.0,2,525756.0,0.0,0.0,525756.0,525756.0,525756.0,525756.0,525756.0,1.0,0.0,525756.0,525756.0
Spain,38 Production of nitric acid,2016.0,2,509858.0,0.0,0.0,509858.0,509858.0,509858.0,509858.0,509858.0,1.0,0.0,509858.0,509858.0
Spain,38 Production of nitric acid,2017.0,2,542133.0,0.0,0.0,542133.0,542133.0,542133.0,542133.0,542133.0,1.0,0.0,542133.0,542133.0
Spain,38 Production of nitric acid,2018.0,2,528789.0,0.0,0.0,528789.0,528789.0,528789.0,528789.0,528789.0,1.0,0.0,528789.0,528789.0
Spain,38 Production of nitric acid,2019.0,2,549968.0,0.0,0.0,549968.0,549968.0,549968.0,549968.0,549968.0,1.0,0.0,549968.0,549968.0
Spain,38 Production of nitric acid,2020.0,2,539011.0,0.0,0.0,539011.0,539011.0,539011.0,539011.0,539011.0,1.0,0.0,539011.0,539011.0
Spain,38 Production of nitric acid,2021.0,2,436216.0,0.0,0.0,436216.0,436216.0,436216.0,436216.0,436216.0,1.0,0.0,436216.0,436216.0
Spain,38 Production of nitric acid,2022.0,2,428002.0,0.0,0.0,428002.0,428002.0,428002.0,428002.0,428002.0,1.0,0.0,428002.0,428002.0
Spain,38 Production of nitric acid,2023.0,2,407345.0,0.0,0.0,407345.0,407345.0,407345.0,407345.0,407345.0,1.0,0.0,407345.0,407345.0
Spain,41 Production of ammonia,2015.0,2,663274.0,0.0,0.0,663274.0,663274.0,663274.0,663274.0,663274.0,1.0,0.0,663274.0,663274.0
Spain,41 Production of ammonia,2016.0,2,692197.0,0.0,0.0,692197.0,692197.0,692197.0,692197.0,692197.0,1.0,0.0,692197.0,692197.0
Spain,41 Production of ammonia,2017.0,2,617423.0,0.0,0.0,617423.0,617423.0,617423.0,617423.0,617423.0,1.0,0.0,617423.0,617423.0
Spain,41 Production of ammonia,2018.0,2,726597.0,0.0,0.0,726597.0,726597.0,726597.0,726597.0,726597.0,1.0,0.0,726597.0,726597.0
Spain,41 Production of ammonia,2019.0,2,702428.0,0.0,0.0,702428.0,702428.0,702428.0,702428.0,702428.0,1.0,0.0,702428.0,702428.0
Spain,41 Production of ammonia,2020.0,2,641105.0,0.0,0.0,641105.0,641105.0,641105.0,641105.0,641105.0,1.0,0.0,641105.0,641105.0
Spain,41 Production of ammonia,2021.0,2,575598.0,0.0,0.0,575598.0,575598.0,575598.0,575598.0,575598.0,1.0,0.0,575598.0,575598.0
Spain,41 Production of ammonia,2022.0,2,418909.0,0.0,0.0,418909.0,418909.0,418909.0,418909.0,418909.0,1.0,0.0,418909.0,418909.0
Spain,41 Production of ammonia,2023.0,2,510028.0,0.0,0.0,510028.0,510028.0,510028.0,510028.0,510028.0,1.0,0.0,510028.0,510028.0
Spain,42 Production of bulk chemicals,2015.0,2,3297878.0,0.0,0.0,3297878.0,3297878.0,3297878.0,3297878.0,3297878.0,1.0,0.0,3297878.0,3297878.0
Spain,42 Production of bulk chemicals,2016.0,2,3184107.0,0.0,0.0,3184107.0,3184107.0,3184107.0,3184107.0,3184107.0,1.0,0.0,3184107.0,3184107.0
Spain,42 Production of bulk chemicals,2017.0,2,3271071.0,0.0,0.0,3271071.0,3271071.0,3271071.0,3271071.0,3271071.0,1.0,0.0,3271071.0,3271071.0
Spain,42 Production of bulk chemicals,2018.0,2,3189431.0,0.0,0.0,3189431.0,3189431.0,3189431.0,3189431.0,3189431.0,1.0,0.0,3189431.0,3189431.0
Spain,42 Production of bulk chemicals,2019.0,2,3287518.0,0.0,0.0,3287518.0,3287518.0,3287518.0,3287518.0,3287518.0,1.0,0.0,3287518.0,3287518.0
Spain,42 Production of bulk chemicals,2020.0,2,3130097.0,0.0,0.0,3130097.0,3130097.0,3130097.0,3130097.0,3130097.0,1.0,0.0,3130097.0,3130097.0
Spain,42 Production of bulk chemicals,2021.0,2,3125780.0,0.0,0.0,3125780.0,3125780.0,3125780.0,3125780.0,3125780.0,1.0,0.0,3125780.0,3125780.0
Spain,42 Production of bulk chemicals,2022.0,2,3008654.0,0.0,0.0,3008654.0,3008654.0,3008654.0,3008654.0,3008654.0,1.0,0.0,3008654.0,3008654.0
Spain,42 Production of bulk chemicals,2023.0,2,2784447.0,0.0,0.0,2784447.0,2784447.0,2784447.0,2784447.0,2784447.0,1.0,0.0,2784447.0,2784447.0
Spain,43 Production of hydrogen and synthesis gas,2015.0,2,842198.0,0.0,0.0,842198.0,842198.0,842198.0,842198.0,842198.0,1.0,0.0,842198.0,842198.0
Spain,43 Production of hydrogen and synthesis gas,2016.0,2,852719.0,0.0,0.0,852719.0,852719.0,852719.0,852719.0,852719.0,1.0,0.0,852719.0,852719.0
Spain,43 Production of hydrogen and synthesis gas,2017.0,2,892416.0,0.0,0.0,892416.0,892416.0,892416.0,892416.0,892416.0,1.0,0.0,892416.0,892416.0
Spain,43 Production of hydrogen and synthesis gas,2018.0,2,868447.0,0.0,0.0,868447.0,868447.0,868447.0,868447.0,868447.0,1.0,0.0,868447.0,868447.0
Spain,43 Production of hydrogen and synthesis gas,2019.0,2,884414.0,0.0,0.0,884414.0,884414.0,884414.0,884414.0,884414.0,1.0,0.0,884414.0,884414.0
Spain,43 Production of hydrogen and synthesis gas,2020.0,2,772155.0,0.0,0.0,772155.0,772155.0,772155.0,772155.0,772155.0,1.0,0.0,772155.0,772155.0
Spain,43 Production of hydrogen and synthesis gas,2021.0,2,795615.0,0.0,0.0,795615.0,795615.0,795615.0,795615.0,795615.0,1.0,0.0,795615.0,795615.0
Spain,43 Production of hydrogen and synthesis gas,2022.0,2,845284.0,0.0,0.0,845284.0,845284.0,845284.0,845284.0,845284.0,1.0,0.0,845284.0,845284.0
Spain,43 Production of hydrogen and synthesis gas,2023.0,2,835336.0,0.0,0.0,835336.0,835336.0,835336.0,835336.0,835336.0,1.0,0.0,835336.0,835336.0
Spain,44 Production of soda ash and sodium bicarbonate,2015.0,2,1119919.0,0.0,0.0,1119919.0,1119919.0,1119919.0,1119919.0,1119919.0,1.0,0.0,1119919.0,1119919.0
Spain,44 Production of soda ash and sodium bicarbonate,2016.0,2,1140796.0,0.0,0.0,1140796.0,1140796.0,1140796.0,1140796.0,1140796.0,1.0,0.0,1140796.0,1140796.0
Spain,44 Production of soda ash and sodium bicarbonate,2017.0,2,1088081.0,0.0,0.0,1088081.0,1088081.0,1088081.0,1088081.0,1088081.0,1.0,0.0,1088081.0,1088081.0
Spain,44 Production of soda ash and sodium bicarbonate,2018.0,2,1136123.0,0.0,0.0,1136123.0,1136123.0,1136123.0,1136123.0,1136123.0,1.0,0.0,1136123.0,1136123.0
Spain,44 Production of soda ash and sodium bicarbonate,2019.0,2,1142156.0,0.0,0.0,1142156.0,1142156.0,1142156.0,1142156.0,1142156.0,1.0,0.0,1142156.0,1142156.0
Spain,44 Production of soda ash and sodium bicarbonate,2020.0,2,1004522.0,0.0,0.0,1004522.0,1004522.0,1004522.0,1004522.0,1004522.0,1.0,0.0,1004522.0,1004522.0
Spain,44 Production of soda ash and sodium bicarbonate,2021.0,2,1091451.0,0.0,0.0,1091451.0,1091451.0,1091451.0,1091451.0,1091451.0,1.0,0.0,1091451.0,1091451.0
Spain,44 Production of soda ash and sodium bicarbonate,2022.0,2,1060602.0,0.0,0.0,1060602.0,1060602.0,1060602.0,1060602.0,1060602.0,1.0,0.0,1060602.0,1060602.0
Spain,44 Production of soda ash and sodium bicarbonate,2023.0,2,855879.0,0.0,0.0,855879.0,855879.0,855879.0,855879.0,855879.0,1.0,0.0,855879.0,855879.0
Sweden,10 Aviation,2015.0,2,2808525.0,0.0,0.0,2808525.0,2808525.0,2808525.0,2808525.0,2808525.0,1.0,0.0,2808525.0,2808525.0
Sweden,10 Aviation,2016.0,2,2889899.0,0.0,0.0,2889899.0,2889899.0,2889899.0,2889899.0,2889899.0,1.0,0.0,2889899.0,2889899.0
Sweden,10 Aviation,2017.0,2,2961636.0,0.0,0.0,2961636.0,2961636.0,2961636.0,2961636.0,2961636.0,1.0,0.0,2961636.0,2961636.0
Sweden,10 Aviation,2018.0,2,2860973.0,0.0,0.0,2860973.0,2860973.0,2860973.0,2860973.0,2860973.0,1.0,0.0,2860973.0,2860973.0
Sweden,10 Aviation,2019.0,2,2764968.0,0.0,0.0,2764968.0,2764968.0,2764968.0,2764968.0,2764968.0,1.0,0.0,2764968.0,2764968.0
Sweden,10 Aviation,2020.0,3,678262.6666666666,470865.32818937616,0.6942226829370571,210917.0,508697.0,1004997.0,1011195.5,1014914.6,4.811914639407918,-0.329271648938366,12397.0,1017394.0
Sweden,10 Aviation,2021.0,3,700490.0,491893.6299167399,0.7022136360501076,213058.80000000002,525367.5,1045882.0,1048308.5,1049764.4,4.927111201227079,-0.33179377610275984,4853.0,1050735.0
Sweden,10 Aviation,2022.0,3,1385553.3333333333,968112.8674616864,0.6987193088645834,425546.80000000005,1039165.0,2061862.0,2070096.0,2075036.4,4.876164971749287,-0.33069211017178857,16468.0,2078330.0
Sweden,10 Aviation,2023.0,3,1807834.6666666667,1261924.8007202684,0.6980310887870287,556302.8,1355876.0,2688498.0,2700125.0,2707101.2,4.8662368767512945,-0.33047491068504775,23254.0,2711752.0
Sweden,20 Combustion of fuels,2015.0,2,7608033.0,0.0,0.0,7608033.0,7608033.0,7608033.0,7608033.0,7608033.0,1.0,0.0,7608033.0,7608033.0
Sweden,20 Combustion of fuels,2016.0,2,8231811.0,0.0,0.0,8231811.0,8231811.0,8231811.0,8231811.0,8231811.0,1.0,0.0,8231811.0,8231811.0
Sweden,20 Combustion of fuels,2017.0,2,8085397.0,0.0,0.0,8085397.0,8085397.0,8085397.0,8085397.0,8085397.0,1.0,0.0,8085397.0,8085397.0
Sweden,20 Combustion of fuels,2018.0,2,8432238.0,0.0,0.0,8432238.0,8432238.0,8432238.0,8432238.0,8432238.0,1.0,0.0,8432238.0,8432238.0
Sweden,20 Combustion of fuels,2019.0,2,7194590.0,0.0,0.0,7194590.0,7194590.0,7194590.0,7194590.0,7194590.0,1.0,0.0,7194590.0,7194590.0
Sweden,20 Combustion of fuels,2020.0,2,4702512.0,0.0,0.0,4702512.0,4702512.0,4702512.0,4702512.0,4702512.0,1.0,0.0,4702512.0,4702512.0
Sweden,20 Combustion of fuels,2021.0,2,5736175.0,0.0,0.0,5736175.0,5736175.0,5736175.0,5736175.0,5736175.0,1.0,0.0,5736175.0,5736175.0
Sweden,20 Combustion of fuels,2022.0,2,5214490.0,0.0,0.0,5214490.0,5214490.0,5214490.0,5214490.0,5214490.0,1.0,0.0,5214490.0,5214490.0
Sweden,20 Combustion of fuels,2023.0,2,5114141.0,0.0,0.0,5114141.0,5114141.0,5114141.0,5114141.0,5114141.0,1.0,0.0,5114141.0,5114141.0
Sweden,20-99 All stationary installations,2015.0,2,19236229.0,0.0,0.0,19236229.0,19236229.0,19236229.0,19236229.0,19236229.0,1.0,0.0,19236229.0,19236229.0
Sweden,20-99 All stationary installations,2016.0,2,19884726.0,0.0,0.0,19884726.0,19884726.0,19884726.0,19884726.0,19884726.0,1.0,0.0,19884726.0,19884726.0
Sweden,20-99 All stationary installations,2017.0,2,19761991.0,0.0,0.0,19761991.0,19761991.0,19761991.0,19761991.0,19761991.0,1.0,0.0,19761991.0,19761991.0
Sweden,20-99 All stationary installations,2018.0,2,19999943.0,0.0,0.0,19999943.0,19999943.0,19999943.0,19999943.0,19999943.0,1.0,0.0,19999943.0,19999943.0
Sweden,20-99 All stationary installations,2019.0,2,18895094.0,0.0,0.0,18895094.0,18895094.0,18895094.0,18895094.0,18895094.0,1.0,0.0,18895094.0,18895094.0
Sweden,20-99 All stationary installations,2020.0,2,16705579.0,0.0,0.0,16705579.0,16705579.0,16705579.0,16705579.0,16705579.0,1.0,0.0,16705579.0,16705579.0
Sweden,20-99 All stationary installations,2021.0,2,18476247.0,0.0,0.0,18476247.0,18476247.0,18476247.0,18476247.0,18476247.0,1.0,0.0,18476247.0,18476247.0
Sweden,20-99 All stationary installations,2022.0,2,17657586.0,0.0,0.0,17657586.0,17657586.0,17657586.0,17657586.0,17657586.0,1.0,0.0,17657586.0,17657586.0
Sweden,20-99 All stationary installations,2023.0,2,17008456.0,0.0,0.0,17008456.0,17008456.0,17008456.0,17008456.0,17008456.0,1.0,0.0,17008456.0,17008456.0
Sweden,21  Refining of mineral oil,2015.0,2,2865251.0,0.0,0.0,2865251.0,2865251.0,2865251.0,2865251.0,2865251.0,1.0,0.0,2865251.0,2865251.0
Sweden,21  Refining of mineral oil,2016.0,2,2786353.0,0.0,0.0,2786353.0,2786353.0,2786353.0,2786353.0,2786353.0,1.0,0.0,2786353.0,2786353.0
Sweden,21  Refining of mineral oil,2017.0,2,2859499.0,0.0,0.0,2859499.0,2859499.0,2859499.0,2859499.0,2859499.0,1.0,0.0,2859499.0,2859499.0
Sweden,21  Refining of mineral oil,2018.0,2,3018719.0,0.0,0.0,3018719.0,3018719.0,3018719.0,3018719.0,3018719.0,1.0,0.0,3018719.0,3018719.0
Sweden,21  Refining of mineral oil,2019.0,2,2391596.0,0.0,0.0,2391596.0,2391596.0,2391596.0,2391596.0,2391596.0,1.0,0.0,2391596.0,2391596.0
Sweden,21  Refining of mineral oil,2020.0,2,2332033.0,0.0,0.0,2332033.0,2332033.0,2332033.0,2332033.0,2332033.0,1.0,0.0,2332033.0,2332033.0
Sweden,21  Refining of mineral oil,2021.0,2,2766327.0,0.0,0.0,2766327.0,2766327.0,2766327.0,2766327.0,2766327.0,1.0,0.0,2766327.0,2766327.0
Sweden,21  Refining of mineral oil,2022.0,2,2671892.0,0.0,0.0,2671892.0,2671892.0,2671892.0,2671892.0,2671892.0,1.0,0.0,2671892.0,2671892.0
Sweden,21  Refining of mineral oil,2023.0,2,2652799.0,0.0,0.0,2652799.0,2652799.0,2652799.0,2652799.0,2652799.0,1.0,0.0,2652799.0,2652799.0
Sweden,21-99 All industrial installations (excl. combustion),2015.0,2,11628196.0,0.0,0.0,11628196.0,11628196.0,11628196.0,11628196.0,11628196.0,1.0,0.0,11628196.0,11628196.0
Sweden,21-99 All industrial installations (excl. combustion),2016.0,2,11652915.0,0.0,0.0,11652915.0,11652915.0,11652915.0,11652915.0,11652915.0,1.0,0.0,11652915.0,11652915.0
Sweden,21-99 All industrial installations (excl. combustion),2017.0,2,11676594.0,0.0,0.0,11676594.0,11676594.0,11676594.0,11676594.0,11676594.0,1.0,0.0,11676594.0,11676594.0
Sweden,21-99 All industrial installations (excl. combustion),2018.0,2,11567705.0,0.0,0.0,11567705.0,11567705.0,11567705.0,11567705.0,11567705.0,1.0,0.0,11567705.0,11567705.0
Sweden,21-99 All industrial installations (excl. combustion),2019.0,2,11700504.0,0.0,0.0,11700504.0,11700504.0,11700504.0,11700504.0,11700504.0,1.0,0.0,11700504.0,11700504.0
Sweden,21-99 All industrial installations (excl. combustion),2020.0,2,12003067.0,0.0,0.0,12003067.0,12003067.0,12003067.0,12003067.0,12003067.0,1.0,0.0,12003067.0,12003067.0
Sweden,21-99 All industrial installations (excl. combustion),2021.0,2,12740072.0,0.0,0.0,12740072.0,12740072.0,12740072.0,12740072.0,12740072.0,1.0,0.0,12740072.0,12740072.0
Sweden,21-99 All industrial installations (excl. combustion),2022.0,2,12443096.0,0.0,0.0,12443096.0,12443096.0,12443096.0,12443096.0,12443096.0,1.0,0.0,12443096.0,12443096.0
Sweden,21-99 All industrial installations (excl. combustion),2023.0,2,11894315.0,0.0,0.0,11894315.0,11894315.0,11894315.0,11894315.0,11894315.0,1.0,0.0,11894315.0,11894315.0
Sweden,23 Metal ore roasting or sintering,2015.0,2,628659.0,0.0,0.0,628659.0,628659.0,628659.0,628659.0,628659.0,1.0,0.0,628659.0,628659.0
Sweden,23 Metal ore roasting or sintering,2016.0,2,677178.0,0.0,0.0,677178.0,677178.0,677178.0,677178.0,677178.0,1.0,0.0,677178.0,677178.0
Sweden,23 Metal ore roasting or sintering,2017.0,2,711984.0,0.0,0.0,711984.0,711984.0,711984.0,711984.0,711984.0,1.0,0.0,711984.0,711984.0
Sweden,23 Metal ore roasting or sintering,2018.0,2,652815.0,0.0,0.0,652815.0,652815.0,652815.0,652815.0,652815.0,1.0,0.0,652815.0,652815.0
Sweden,23 Metal ore roasting or sintering,2019.0,2,668076.0,0.0,0.0,668076.0,668076.0,668076.0,668076.0,668076.0,1.0,0.0,668076.0,668076.0
Sweden,23 Metal ore roasting or sintering,2020.0,2,649747.0,0.0,0.0,649747.0,649747.0,649747.0,649747.0,649747.0,1.0,0.0,649747.0,649747.0
Sweden,23 Metal ore roasting or sintering,2021.0,2,642191.0,0.0,0.0,642191.0,642191.0,642191.0,642191.0,642191.0,1.0,0.0,642191.0,642191.0
Sweden,23 Metal ore roasting or sintering,2022.0,2,596859.0,0.0,0.0,596859.0,596859.0,596859.0,596859.0,596859.0,1.0,0.0,596859.0,596859.0
Sweden,23 Metal ore roasting or sintering,2023.0,2,600772.0,0.0,0.0,600772.0,600772.0,600772.0,600772.0,600772.0,1.0,0.0,600772.0,600772.0
Sweden,24  Production of pig iron or steel,2015.0,2,3710824.0,0.0,0.0,3710824.0,3710824.0,3710824.0,3710824.0,3710824.0,1.0,0.0,3710824.0,3710824.0
Sweden,24  Production of pig iron or steel,2016.0,2,3681142.0,0.0,0.0,3681142.0,3681142.0,3681142.0,3681142.0,3681142.0,1.0,0.0,3681142.0,3681142.0
Sweden,24  Production of pig iron or steel,2017.0,2,3521596.0,0.0,0.0,3521596.0,3521596.0,3521596.0,3521596.0,3521596.0,1.0,0.0,3521596.0,3521596.0
Sweden,24  Production of pig iron or steel,2018.0,2,3206354.0,0.0,0.0,3206354.0,3206354.0,3206354.0,3206354.0,3206354.0,1.0,0.0,3206354.0,3206354.0
Sweden,24  Production of pig iron or steel,2019.0,2,4457024.0,0.0,0.0,4457024.0,4457024.0,4457024.0,4457024.0,4457024.0,1.0,0.0,4457024.0,4457024.0
Sweden,24  Production of pig iron or steel,2020.0,2,5132004.0,0.0,0.0,5132004.0,5132004.0,5132004.0,5132004.0,5132004.0,1.0,0.0,5132004.0,5132004.0
Sweden,24  Production of pig iron or steel,2021.0,2,5440017.0,0.0,0.0,5440017.0,5440017.0,5440017.0,5440017.0,5440017.0,1.0,0.0,5440017.0,5440017.0
Sweden,24  Production of pig iron or steel,2022.0,2,5363401.0,0.0,0.0,5363401.0,5363401.0,5363401.0,5363401.0,5363401.0,1.0,0.0,5363401.0,5363401.0
Sweden,24  Production of pig iron or steel,2023.0,2,5250466.0,0.0,0.0,5250466.0,5250466.0,5250466.0,5250466.0,5250466.0,1.0,0.0,5250466.0,5250466.0
Sweden,25 Production or processing of ferrous metals,2015.0,2,45601.0,0.0,0.0,45601.0,45601.0,45601.0,45601.0,45601.0,1.0,0.0,45601.0,45601.0
Sweden,25 Production or processing of ferrous metals,2016.0,2,49055.0,0.0,0.0,49055.0,49055.0,49055.0,49055.0,49055.0,1.0,0.0,49055.0,49055.0
Sweden,25 Production or processing of ferrous metals,2017.0,2,50517.0,0.0,0.0,50517.0,50517.0,50517.0,50517.0,50517.0,1.0,0.0,50517.0,50517.0
Sweden,25 Production or processing of ferrous metals,2018.0,2,50162.0,0.0,0.0,50162.0,50162.0,50162.0,50162.0,50162.0,1.0,0.0,50162.0,50162.0
Sweden,25 Production or processing of ferrous metals,2019.0,2,45586.0,0.0,0.0,45586.0,45586.0,45586.0,45586.0,45586.0,1.0,0.0,45586.0,45586.0
Sweden,25 Production or processing of ferrous metals,2020.0,2,39174.0,0.0,0.0,39174.0,39174.0,39174.0,39174.0,39174.0,1.0,0.0,39174.0,39174.0
Sweden,25 Production or processing of ferrous metals,2021.0,2,48388.0,0.0,0.0,48388.0,48388.0,48388.0,48388.0,48388.0,1.0,0.0,48388.0,48388.0
Sweden,25 Production or processing of ferrous metals,2022.0,2,46672.0,0.0,0.0,46672.0,46672.0,46672.0,46672.0,46672.0,1.0,0.0,46672.0,46672.0
Sweden,25 Production or processing of ferrous metals,2023.0,2,40333.0,0.0,0.0,40333.0,40333.0,40333.0,40333.0,40333.0,1.0,0.0,40333.0,40333.0
Sweden,26 Production of primary aluminium,2015.0,2,223511.0,0.0,0.0,223511.0,223511.0,223511.0,223511.0,223511.0,1.0,0.0,223511.0,223511.0
Sweden,26 Production of primary aluminium,2016.0,2,230478.0,0.0,0.0,230478.0,230478.0,230478.0,230478.0,230478.0,1.0,0.0,230478.0,230478.0
Sweden,26 Production of primary aluminium,2017.0,2,254477.0,0.0,0.0,254477.0,254477.0,254477.0,254477.0,254477.0,1.0,0.0,254477.0,254477.0
Sweden,26 Production of primary aluminium,2018.0,2,258087.0,0.0,0.0,258087.0,258087.0,258087.0,258087.0,258087.0,1.0,0.0,258087.0,258087.0
Sweden,26 Production of primary aluminium,2019.0,2,235026.0,0.0,0.0,235026.0,235026.0,235026.0,235026.0,235026.0,1.0,0.0,235026.0,235026.0
Sweden,26 Production of primary aluminium,2020.0,2,245204.0,0.0,0.0,245204.0,245204.0,245204.0,245204.0,245204.0,1.0,0.0,245204.0,245204.0
Sweden,26 Production of primary aluminium,2021.0,2,227326.0,0.0,0.0,227326.0,227326.0,227326.0,227326.0,227326.0,1.0,0.0,227326.0,227326.0
Sweden,26 Production of primary aluminium,2022.0,2,217349.0,0.0,0.0,217349.0,217349.0,217349.0,217349.0,217349.0,1.0,0.0,217349.0,217349.0
Sweden,28 Production or processing of non-ferrous metals,2015.0,2,129126.0,0.0,0.0,129126.0,129126.0,129126.0,129126.0,129126.0,1.0,0.0,129126.0,129126.0
Sweden,28 Production or processing of non-ferrous metals,2016.0,2,118750.0,0.0,0.0,118750.0,118750.0,118750.0,118750.0,118750.0,1.0,0.0,118750.0,118750.0
Sweden,28 Production or processing of non-ferrous metals,2017.0,2,162922.0,0.0,0.0,162922.0,162922.0,162922.0,162922.0,162922.0,1.0,0.0,162922.0,162922.0
Sweden,28 Production or processing of non-ferrous metals,2018.0,2,165316.0,0.0,0.0,165316.0,165316.0,165316.0,165316.0,165316.0,1.0,0.0,165316.0,165316.0
Sweden,28 Production or processing of non-ferrous metals,2019.0,2,181727.0,0.0,0.0,181727.0,181727.0,181727.0,181727.0,181727.0,1.0,0.0,181727.0,181727.0
Sweden,28 Production or processing of non-ferrous metals,2020.0,2,154696.0,0.0,0.0,154696.0,154696.0,154696.0,154696.0,154696.0,1.0,0.0,154696.0,154696.0
Sweden,28 Production or processing of non-ferrous metals,2021.0,2,163077.0,0.0,0.0,163077.0,163077.0,163077.0,163077.0,163077.0,1.0,0.0,163077.0,163077.0
Sweden,28 Production or processing of non-ferrous metals,2022.0,2,196874.0,0.0,0.0,196874.0,196874.0,196874.0,196874.0,196874.0,1.0,0.0,196874.0,196874.0
Sweden,28 Production or processing of non-ferrous metals,2023.0,2,140838.0,0.0,0.0,140838.0,140838.0,140838.0,140838.0,140838.0,1.0,0.0,140838.0,140838.0
Sweden,29 Production of cement clinker,2015.0,2,2352412.0,0.0,0.0,2352412.0,2352412.0,2352412.0,2352412.0,2352412.0,1.0,0.0,2352412.0,2352412.0
Sweden,29 Production of cement clinker,2016.0,2,2347921.0,0.0,0.0,2347921.0,2347921.0,2347921.0,2347921.0,2347921.0,1.0,0.0,2347921.0,2347921.0
Sweden,29 Production of cement clinker,2017.0,2,2251548.0,0.0,0.0,2251548.0,2251548.0,2251548.0,2251548.0,2251548.0,1.0,0.0,2251548.0,2251548.0
Sweden,29 Production of cement clinker,2018.0,2,2408056.0,0.0,0.0,2408056.0,2408056.0,2408056.0,2408056.0,2408056.0,1.0,0.0,2408056.0,2408056.0
Sweden,29 Production of cement clinker,2019.0,2,2038287.0,0.0,0.0,2038287.0,2038287.0,2038287.0,2038287.0,2038287.0,1.0,0.0,2038287.0,2038287.0
Sweden,29 Production of cement clinker,2020.0,2,1908316.0,0.0,0.0,1908316.0,1908316.0,1908316.0,1908316.0,1908316.0,1.0,0.0,1908316.0,1908316.0
Sweden,29 Production of cement clinker,2021.0,2,1862873.0,0.0,0.0,1862873.0,1862873.0,1862873.0,1862873.0,1862873.0,1.0,0.0,1862873.0,1862873.0
Sweden,29 Production of cement clinker,2022.0,2,1753629.0,0.0,0.0,1753629.0,1753629.0,1753629.0,1753629.0,1753629.0,1.0,0.0,1753629.0,1753629.0
Sweden,29 Production of cement clinker,2023.0,2,1661131.0,0.0,0.0,1661131.0,1661131.0,1661131.0,1661131.0,1661131.0,1.0,0.0,1661131.0,1661131.0
Sweden,"30 Production of lime, or calcination of dolomite/magnesite",2015.0,2,690220.0,0.0,0.0,690220.0,690220.0,690220.0,690220.0,690220.0,1.0,0.0,690220.0,690220.0
Sweden,"30 Production of lime, or calcination of dolomite/magnesite",2016.0,2,709563.0,0.0,0.0,709563.0,709563.0,709563.0,709563.0,709563.0,1.0,0.0,709563.0,709563.0
Sweden,"30 Production of lime, or calcination of dolomite/magnesite",2017.0,2,769247.0,0.0,0.0,769247.0,769247.0,769247.0,769247.0,769247.0,1.0,0.0,769247.0,769247.0
Sweden,"30 Production of lime, or calcination of dolomite/magnesite",2018.0,2,632917.0,0.0,0.0,632917.0,632917.0,632917.0,632917.0,632917.0,1.0,0.0,632917.0,632917.0
Sweden,"30 Production of lime, or calcination of dolomite/magnesite",2019.0,2,621406.0,0.0,0.0,621406.0,621406.0,621406.0,621406.0,621406.0,1.0,0.0,621406.0,621406.0
Sweden,"30 Production of lime, or calcination of dolomite/magnesite",2020.0,2,628885.0,0.0,0.0,628885.0,628885.0,628885.0,628885.0,628885.0,1.0,0.0,628885.0,628885.0
Sweden,"30 Production of lime, or calcination of dolomite/magnesite",2021.0,2,611307.0,0.0,0.0,611307.0,611307.0,611307.0,611307.0,611307.0,1.0,0.0,611307.0,611307.0
Sweden,"30 Production of lime, or calcination of dolomite/magnesite",2022.0,2,656598.0,0.0,0.0,656598.0,656598.0,656598.0,656598.0,656598.0,1.0,0.0,656598.0,656598.0
Sweden,"30 Production of lime, or calcination of dolomite/magnesite",2023.0,2,640412.0,0.0,0.0,640412.0,640412.0,640412.0,640412.0,640412.0,1.0,0.0,640412.0,640412.0
Sweden,31 Manufacture of glass,2015.0,2,63898.0,0.0,0.0,63898.0,63898.0,63898.0,63898.0,63898.0,1.0,0.0,63898.0,63898.0
Sweden,31 Manufacture of glass,2016.0,2,58649.0,0.0,0.0,58649.0,58649.0,58649.0,58649.0,58649.0,1.0,0.0,58649.0,58649.0
Sweden,31 Manufacture of glass,2017.0,2,65569.0,0.0,0.0,65569.0,65569.0,65569.0,65569.0,65569.0,1.0,0.0,65569.0,65569.0
Sweden,31 Manufacture of glass,2018.0,2,63704.0,0.0,0.0,63704.0,63704.0,63704.0,63704.0,63704.0,1.0,0.0,63704.0,63704.0
Sweden,31 Manufacture of glass,2019.0,2,62946.0,0.0,0.0,62946.0,62946.0,62946.0,62946.0,62946.0,1.0,0.0,62946.0,62946.0
Sweden,31 Manufacture of glass,2020.0,2,60657.0,0.0,0.0,60657.0,60657.0,60657.0,60657.0,60657.0,1.0,0.0,60657.0,60657.0
Sweden,31 Manufacture of glass,2021.0,2,60241.0,0.0,0.0,60241.0,60241.0,60241.0,60241.0,60241.0,1.0,0.0,60241.0,60241.0
Sweden,31 Manufacture of glass,2022.0,2,62810.0,0.0,0.0,62810.0,62810.0,62810.0,62810.0,62810.0,1.0,0.0,62810.0,62810.0
Sweden,31 Manufacture of glass,2023.0,2,64164.0,0.0,0.0,64164.0,64164.0,64164.0,64164.0,64164.0,1.0,0.0,64164.0,64164.0
Sweden,32 Manufacture of ceramics,2015.0,2,42611.0,0.0,0.0,42611.0,42611.0,42611.0,42611.0,42611.0,1.0,0.0,42611.0,42611.0
Sweden,32 Manufacture of ceramics,2016.0,2,37436.0,0.0,0.0,37436.0,37436.0,37436.0,37436.0,37436.0,1.0,0.0,37436.0,37436.0
Sweden,32 Manufacture of ceramics,2017.0,2,46945.0,0.0,0.0,46945.0,46945.0,46945.0,46945.0,46945.0,1.0,0.0,46945.0,46945.0
Sweden,32 Manufacture of ceramics,2018.0,2,49277.0,0.0,0.0,49277.0,49277.0,49277.0,49277.0,49277.0,1.0,0.0,49277.0,49277.0
Sweden,32 Manufacture of ceramics,2019.0,2,28789.0,0.0,0.0,28789.0,28789.0,28789.0,28789.0,28789.0,1.0,0.0,28789.0,28789.0
Sweden,32 Manufacture of ceramics,2020.0,2,19118.0,0.0,0.0,19118.0,19118.0,19118.0,19118.0,19118.0,1.0,0.0,19118.0,19118.0
Sweden,32 Manufacture of ceramics,2021.0,2,9065.0,0.0,0.0,9065.0,9065.0,9065.0,9065.0,9065.0,1.0,0.0,9065.0,9065.0
Sweden,32 Manufacture of ceramics,2022.0,2,5590.0,0.0,0.0,5590.0,5590.0,5590.0,5590.0,5590.0,1.0,0.0,5590.0,5590.0
Sweden,32 Manufacture of ceramics,2023.0,2,5072.0,0.0,0.0,5072.0,5072.0,5072.0,5072.0,5072.0,1.0,0.0,5072.0,5072.0
Sweden,33 Manufacture of mineral wool,2015.0,2,91860.0,0.0,0.0,91860.0,91860.0,91860.0,91860.0,91860.0,1.0,0.0,91860.0,91860.0
Sweden,33 Manufacture of mineral wool,2016.0,2,100754.0,0.0,0.0,100754.0,100754.0,100754.0,100754.0,100754.0,1.0,0.0,100754.0,100754.0
Sweden,33 Manufacture of mineral wool,2017.0,2,117359.0,0.0,0.0,117359.0,117359.0,117359.0,117359.0,117359.0,1.0,0.0,117359.0,117359.0
Sweden,33 Manufacture of mineral wool,2018.0,2,128381.0,0.0,0.0,128381.0,128381.0,128381.0,128381.0,128381.0,1.0,0.0,128381.0,128381.0
Sweden,33 Manufacture of mineral wool,2019.0,2,120306.0,0.0,0.0,120306.0,120306.0,120306.0,120306.0,120306.0,1.0,0.0,120306.0,120306.0
Sweden,33 Manufacture of mineral wool,2020.0,2,111403.0,0.0,0.0,111403.0,111403.0,111403.0,111403.0,111403.0,1.0,0.0,111403.0,111403.0
Sweden,33 Manufacture of mineral wool,2021.0,2,111988.0,0.0,0.0,111988.0,111988.0,111988.0,111988.0,111988.0,1.0,0.0,111988.0,111988.0
Sweden,33 Manufacture of mineral wool,2022.0,2,115073.0,0.0,0.0,115073.0,115073.0,115073.0,115073.0,115073.0,1.0,0.0,115073.0,115073.0
Sweden,33 Manufacture of mineral wool,2023.0,2,87624.0,0.0,0.0,87624.0,87624.0,87624.0,87624.0,87624.0,1.0,0.0,87624.0,87624.0
Sweden,34 Production or processing of gypsum or plasterboard,2015.0,2,20812.0,0.0,0.0,20812.0,20812.0,20812.0,20812.0,20812.0,1.0,0.0,20812.0,20812.0
Sweden,34 Production or processing of gypsum or plasterboard,2016.0,2,20607.0,0.0,0.0,20607.0,20607.0,20607.0,20607.0,20607.0,1.0,0.0,20607.0,20607.0
Sweden,34 Production or processing of gypsum or plasterboard,2017.0,2,20926.0,0.0,0.0,20926.0,20926.0,20926.0,20926.0,20926.0,1.0,0.0,20926.0,20926.0
Sweden,34 Production or processing of gypsum or plasterboard,2018.0,2,23404.0,0.0,0.0,23404.0,23404.0,23404.0,23404.0,23404.0,1.0,0.0,23404.0,23404.0
Sweden,34 Production or processing of gypsum or plasterboard,2019.0,2,23385.0,0.0,0.0,23385.0,23385.0,23385.0,23385.0,23385.0,1.0,0.0,23385.0,23385.0
Sweden,34 Production or processing of gypsum or plasterboard,2020.0,2,23295.0,0.0,0.0,23295.0,23295.0,23295.0,23295.0,23295.0,1.0,0.0,23295.0,23295.0
Sweden,34 Production or processing of gypsum or plasterboard,2021.0,2,25389.0,0.0,0.0,25389.0,25389.0,25389.0,25389.0,25389.0,1.0,0.0,25389.0,25389.0
Sweden,34 Production or processing of gypsum or plasterboard,2022.0,2,22580.0,0.0,0.0,22580.0,22580.0,22580.0,22580.0,22580.0,1.0,0.0,22580.0,22580.0
Sweden,34 Production or processing of gypsum or plasterboard,2023.0,2,16998.0,0.0,0.0,16998.0,16998.0,16998.0,16998.0,16998.0,1.0,0.0,16998.0,16998.0
Sweden,35 Production of pulp,2015.0,2,198754.0,0.0,0.0,198754.0,198754.0,198754.0,198754.0,198754.0,1.0,0.0,198754.0,198754.0
Sweden,35 Production of pulp,2016.0,2,210357.0,0.0,0.0,210357.0,210357.0,210357.0,210357.0,210357.0,1.0,0.0,210357.0,210357.0
Sweden,35 Production of pulp,2017.0,2,205000.0,0.0,0.0,205000.0,205000.0,205000.0,205000.0,205000.0,1.0,0.0,205000.0,205000.0
Sweden,35 Production of pulp,2018.0,2,257821.0,0.0,0.0,257821.0,257821.0,257821.0,257821.0,257821.0,1.0,0.0,257821.0,257821.0
Sweden,35 Production of pulp,2019.0,2,209040.0,0.0,0.0,209040.0,209040.0,209040.0,209040.0,209040.0,1.0,0.0,209040.0,209040.0
Sweden,35 Production of pulp,2020.0,2,185402.0,0.0,0.0,185402.0,185402.0,185402.0,185402.0,185402.0,1.0,0.0,185402.0,185402.0
Sweden,35 Production of pulp,2021.0,2,258877.0,0.0,0.0,258877.0,258877.0,258877.0,258877.0,258877.0,1.0,0.0,258877.0,258877.0
Sweden,35 Production of pulp,2022.0,2,271981.0,0.0,0.0,271981.0,271981.0,271981.0,271981.0,271981.0,1.0,0.0,271981.0,271981.0
Sweden,35 Production of pulp,2023.0,2,283152.0,0.0,0.0,283152.0,283152.0,283152.0,283152.0,283152.0,1.0,0.0,283152.0,283152.0
Sweden,36 Production of paper or cardboard,2015.0,2,444539.0,0.0,0.0,444539.0,444539.0,444539.0,444539.0,444539.0,1.0,0.0,444539.0,444539.0
Sweden,36 Production of paper or cardboard,2016.0,2,491611.0,0.0,0.0,491611.0,491611.0,491611.0,491611.0,491611.0,1.0,0.0,491611.0,491611.0
Sweden,36 Production of paper or cardboard,2017.0,2,502186.0,0.0,0.0,502186.0,502186.0,502186.0,502186.0,502186.0,1.0,0.0,502186.0,502186.0
Sweden,36 Production of paper or cardboard,2018.0,2,529397.0,0.0,0.0,529397.0,529397.0,529397.0,529397.0,529397.0,1.0,0.0,529397.0,529397.0
Sweden,36 Production of paper or cardboard,2019.0,2,487283.0,0.0,0.0,487283.0,487283.0,487283.0,487283.0,487283.0,1.0,0.0,487283.0,487283.0
Sweden,36 Production of paper or cardboard,2020.0,2,431204.0,0.0,0.0,431204.0,431204.0,431204.0,431204.0,431204.0,1.0,0.0,431204.0,431204.0
Sweden,36 Production of paper or cardboard,2021.0,2,407410.0,0.0,0.0,407410.0,407410.0,407410.0,407410.0,407410.0,1.0,0.0,407410.0,407410.0
Sweden,36 Production of paper or cardboard,2022.0,2,376020.0,0.0,0.0,376020.0,376020.0,376020.0,376020.0,376020.0,1.0,0.0,376020.0,376020.0
Sweden,36 Production of paper or cardboard,2023.0,2,347820.0,0.0,0.0,347820.0,347820.0,347820.0,347820.0,347820.0,1.0,0.0,347820.0,347820.0
Sweden,37 Production of carbon black,2015.0,2,82829.0,0.0,0.0,82829.0,82829.0,82829.0,82829.0,82829.0,1.0,0.0,82829.0,82829.0
Sweden,37 Production of carbon black,2016.0,2,79668.0,0.0,0.0,79668.0,79668.0,79668.0,79668.0,79668.0,1.0,0.0,79668.0,79668.0
Sweden,37 Production of carbon black,2017.0,2,93921.0,0.0,0.0,93921.0,93921.0,93921.0,93921.0,93921.0,1.0,0.0,93921.0,93921.0
Sweden,37 Production of carbon black,2018.0,2,90816.0,0.0,0.0,90816.0,90816.0,90816.0,90816.0,90816.0,1.0,0.0,90816.0,90816.0
Sweden,37 Production of carbon black,2019.0,2,100937.0,0.0,0.0,100937.0,100937.0,100937.0,100937.0,100937.0,1.0,0.0,100937.0,100937.0
Sweden,37 Production of carbon black,2020.0,2,74108.0,0.0,0.0,74108.0,74108.0,74108.0,74108.0,74108.0,1.0,0.0,74108.0,74108.0
Sweden,37 Production of carbon black,2021.0,2,93818.0,0.0,0.0,93818.0,93818.0,93818.0,93818.0,93818.0,1.0,0.0,93818.0,93818.0
Sweden,37 Production of carbon black,2022.0,2,78690.0,0.0,0.0,78690.0,78690.0,78690.0,78690.0,78690.0,1.0,0.0,78690.0,78690.0
Sweden,37 Production of carbon black,2023.0,2,74920.0,0.0,0.0,74920.0,74920.0,74920.0,74920.0,74920.0,1.0,0.0,74920.0,74920.0
Sweden,38 Production of nitric acid,2015.0,2,35928.0,0.0,0.0,35928.0,35928.0,35928.0,35928.0,35928.0,1.0,0.0,35928.0,35928.0
Sweden,38 Production of nitric acid,2016.0,2,51552.0,0.0,0.0,51552.0,51552.0,51552.0,51552.0,51552.0,1.0,0.0,51552.0,51552.0
Sweden,38 Production of nitric acid,2017.0,2,41030.0,0.0,0.0,41030.0,41030.0,41030.0,41030.0,41030.0,1.0,0.0,41030.0,41030.0
Sweden,38 Production of nitric acid,2018.0,2,30624.0,0.0,0.0,30624.0,30624.0,30624.0,30624.0,30624.0,1.0,0.0,30624.0,30624.0
Sweden,38 Production of nitric acid,2019.0,2,27692.0,0.0,0.0,27692.0,27692.0,27692.0,27692.0,27692.0,1.0,0.0,27692.0,27692.0
Sweden,38 Production of nitric acid,2020.0,2,5817.0,0.0,0.0,5817.0,5817.0,5817.0,5817.0,5817.0,1.0,0.0,5817.0,5817.0
Sweden,38 Production of nitric acid,2021.0,2,10097.0,0.0,0.0,10097.0,10097.0,10097.0,10097.0,10097.0,1.0,0.0,10097.0,10097.0
Sweden,38 Production of nitric acid,2022.0,2,5511.0,0.0,0.0,5511.0,5511.0,5511.0,5511.0,5511.0,1.0,0.0,5511.0,5511.0
Sweden,38 Production of nitric acid,2023.0,2,5349.0,0.0,0.0,5349.0,5349.0,5349.0,5349.0,5349.0,1.0,0.0,5349.0,5349.0
Sweden,42 Production of bulk chemicals,2015.0,2,1361.0,0.0,0.0,1361.0,1361.0,1361.0,1361.0,1361.0,1.0,0.0,1361.0,1361.0
Sweden,42 Production of bulk chemicals,2016.0,2,1841.0,0.0,0.0,1841.0,1841.0,1841.0,1841.0,1841.0,1.0,0.0,1841.0,1841.0
Sweden,42 Production of bulk chemicals,2017.0,2,1868.0,0.0,0.0,1868.0,1868.0,1868.0,1868.0,1868.0,1.0,0.0,1868.0,1868.0
Sweden,42 Production of bulk chemicals,2018.0,2,1852.0,0.0,0.0,1852.0,1852.0,1852.0,1852.0,1852.0,1.0,0.0,1852.0,1852.0
Sweden,42 Production of bulk chemicals,2019.0,2,1398.0,0.0,0.0,1398.0,1398.0,1398.0,1398.0,1398.0,1.0,0.0,1398.0,1398.0
Sweden,42 Production of bulk chemicals,2020.0,2,1960.0,0.0,0.0,1960.0,1960.0,1960.0,1960.0,1960.0,1.0,0.0,1960.0,1960.0
Sweden,42 Production of bulk chemicals,2021.0,2,1486.0,0.0,0.0,1486.0,1486.0,1486.0,1486.0,1486.0,1.0,0.0,1486.0,1486.0
Sweden,42 Production of bulk chemicals,2022.0,2,1567.0,0.0,0.0,1567.0,1567.0,1567.0,1567.0,1567.0,1.0,0.0,1567.0,1567.0
Sweden,42 Production of bulk chemicals,2023.0,2,1136.0,0.0,0.0,1136.0,1136.0,1136.0,1136.0,1136.0,1.0,0.0,1136.0,1136.0
Sweden,99 Other activity opted-in under Art. 24,2018.0,2,3.0,0.0,0.0,3.0,3.0,3.0,3.0,3.0,1.0,0.0,3.0,3.0
Sweden,99 Other activity opted-in under Art. 24,2020.0,2,44.0,0.0,0.0,44.0,44.0,44.0,44.0,44.0,1.0,0.0,44.0,44.0
Sweden,99 Other activity opted-in under Art. 24,2021.0,2,195.0,0.0,0.0,195.0,195.0,195.0,195.0,195.0,1.0,0.0,195.0,195.0
Sweden,99 Other activity opted-in under Art. 24,2023.0,2,21329.0,0.0,0.0,21329.0,21329.0,21329.0,21329.0,21329.0,1.0,0.0,21329.0,21329.0
United Kingdom (excl. NI),10 Aviation,2015.0,2,6353579.0,0.0,0.0,6353579.0,6353579.0,6353579.0,6353579.0,6353579.0,1.0,0.0,6353579.0,6353579.0
United Kingdom (excl. NI),10 Aviation,2016.0,2,6912632.0,0.0,0.0,6912632.0,6912632.0,6912632.0,6912632.0,6912632.0,1.0,0.0,6912632.0,6912632.0
United Kingdom (excl. NI),10 Aviation,2017.0,2,7324654.0,0.0,0.0,7324654.0,7324654.0,7324654.0,7324654.0,7324654.0,1.0,0.0,7324654.0,7324654.0
United Kingdom (excl. NI),10 Aviation,2018.0,2,4148465.0,0.0,0.0,4148465.0,4148465.0,4148465.0,4148465.0,4148465.0,1.0,0.0,4148465.0,4148465.0
United Kingdom (excl. NI),10 Aviation,2019.0,2,1114740.0,0.0,0.0,1114740.0,1114740.0,1114740.0,1114740.0,1114740.0,1.0,0.0,1114740.0,1114740.0
United Kingdom (excl. NI),10 Aviation,2020.0,3,146434.66666666666,102915.55648631982,0.702808691609818,44465.0,109826.0,218761.0,219206.5,219473.8,4.93587765658383,-0.3319811944955353,891.0,219652.0
United Kingdom (excl. NI),20 Combustion of fuels,2015.0,2,127838068.0,0.0,0.0,127838068.0,127838068.0,127838068.0,127838068.0,127838068.0,1.0,0.0,127838068.0,127838068.0
United Kingdom (excl. NI),20 Combustion of fuels,2016.0,2,104806548.0,0.0,0.0,104806548.0,104806548.0,104806548.0,104806548.0,104806548.0,1.0,0.0,104806548.0,104806548.0
United Kingdom (excl. NI),20 Combustion of fuels,2017.0,2,94905256.0,0.0,0.0,94905256.0,94905256.0,94905256.0,94905256.0,94905256.0,1.0,0.0,94905256.0,94905256.0
United Kingdom (excl. NI),20 Combustion of fuels,2018.0,2,88355939.0,0.0,0.0,88355939.0,88355939.0,88355939.0,88355939.0,88355939.0,1.0,0.0,88355939.0,88355939.0
United Kingdom (excl. NI),20 Combustion of fuels,2019.0,2,78788298.0,0.0,0.0,78788298.0,78788298.0,78788298.0,78788298.0,78788298.0,1.0,0.0,78788298.0,78788298.0
United Kingdom (excl. NI),20 Combustion of fuels,2020.0,2,68074651.0,0.0,0.0,68074651.0,68074651.0,68074651.0,68074651.0,68074651.0,1.0,0.0,68074651.0,68074651.0
United Kingdom (excl. NI),20-99 All stationary installations,2015.0,2,172184309.0,0.0,0.0,172184309.0,172184309.0,172184309.0,172184309.0,172184309.0,1.0,0.0,172184309.0,172184309.0
United Kingdom (excl. NI),20-99 All stationary installations,2016.0,2,143328206.0,0.0,0.0,143328206.0,143328206.0,143328206.0,143328206.0,143328206.0,1.0,0.0,143328206.0,143328206.0
United Kingdom (excl. NI),20-99 All stationary installations,2017.0,2,133625070.0,0.0,0.0,133625070.0,133625070.0,133625070.0,133625070.0,133625070.0,1.0,0.0,133625070.0,133625070.0
United Kingdom (excl. NI),20-99 All stationary installations,2018.0,2,125998614.0,0.0,0.0,125998614.0,125998614.0,125998614.0,125998614.0,125998614.0,1.0,0.0,125998614.0,125998614.0
United Kingdom (excl. NI),20-99 All stationary installations,2019.0,2,115856805.0,0.0,0.0,115856805.0,115856805.0,115856805.0,115856805.0,115856805.0,1.0,0.0,115856805.0,115856805.0
United Kingdom (excl. NI),20-99 All stationary installations,2020.0,2,102575278.0,0.0,0.0,102575278.0,102575278.0,102575278.0,102575278.0,102575278.0,1.0,0.0,102575278.0,102575278.0
United Kingdom (excl. NI),21  Refining of mineral oil,2015.0,2,8444624.0,0.0,0.0,8444624.0,8444624.0,8444624.0,8444624.0,8444624.0,1.0,0.0,8444624.0,8444624.0
United Kingdom (excl. NI),21  Refining of mineral oil,2016.0,2,8442559.0,0.0,0.0,8442559.0,8442559.0,8442559.0,8442559.0,8442559.0,1.0,0.0,8442559.0,8442559.0
United Kingdom (excl. NI),21  Refining of mineral oil,2017.0,2,8583014.0,0.0,0.0,8583014.0,8583014.0,8583014.0,8583014.0,8583014.0,1.0,0.0,8583014.0,8583014.0
United Kingdom (excl. NI),21  Refining of mineral oil,2018.0,2,8429767.0,0.0,0.0,8429767.0,8429767.0,8429767.0,8429767.0,8429767.0,1.0,0.0,8429767.0,8429767.0
United Kingdom (excl. NI),21  Refining of mineral oil,2019.0,2,7907083.0,0.0,0.0,7907083.0,7907083.0,7907083.0,7907083.0,7907083.0,1.0,0.0,7907083.0,7907083.0
United Kingdom (excl. NI),21  Refining of mineral oil,2020.0,2,6969546.0,0.0,0.0,6969546.0,6969546.0,6969546.0,6969546.0,6969546.0,1.0,0.0,6969546.0,6969546.0
United Kingdom (excl. NI),21-99 All industrial installations (excl. combustion),2015.0,2,44346241.0,0.0,0.0,44346241.0,44346241.0,44346241.0,44346241.0,44346241.0,1.0,0.0,44346241.0,44346241.0
United Kingdom (excl. NI),21-99 All industrial installations (excl. combustion),2016.0,2,38521658.0,0.0,0.0,38521658.0,38521658.0,38521658.0,38521658.0,38521658.0,1.0,0.0,38521658.0,38521658.0
United Kingdom (excl. NI),21-99 All industrial installations (excl. combustion),2017.0,2,38719814.0,0.0,0.0,38719814.0,38719814.0,38719814.0,38719814.0,38719814.0,1.0,0.0,38719814.0,38719814.0
United Kingdom (excl. NI),21-99 All industrial installations (excl. combustion),2018.0,2,37642675.0,0.0,0.0,37642675.0,37642675.0,37642675.0,37642675.0,37642675.0,1.0,0.0,37642675.0,37642675.0
United Kingdom (excl. NI),21-99 All industrial installations (excl. combustion),2019.0,2,37068507.0,0.0,0.0,37068507.0,37068507.0,37068507.0,37068507.0,37068507.0,1.0,0.0,37068507.0,37068507.0
United Kingdom (excl. NI),21-99 All industrial installations (excl. combustion),2020.0,2,34500627.0,0.0,0.0,34500627.0,34500627.0,34500627.0,34500627.0,34500627.0,1.0,0.0,34500627.0,34500627.0
United Kingdom (excl. NI),22  Production of coke,2015.0,2,5667711.0,0.0,0.0,5667711.0,5667711.0,5667711.0,5667711.0,5667711.0,1.0,0.0,5667711.0,5667711.0
United Kingdom (excl. NI),22  Production of coke,2016.0,2,5235774.0,0.0,0.0,5235774.0,5235774.0,5235774.0,5235774.0,5235774.0,1.0,0.0,5235774.0,5235774.0
United Kingdom (excl. NI),22  Production of coke,2017.0,2,4955613.0,0.0,0.0,4955613.0,4955613.0,4955613.0,4955613.0,4955613.0,1.0,0.0,4955613.0,4955613.0
United Kingdom (excl. NI),22  Production of coke,2018.0,2,5073764.0,0.0,0.0,5073764.0,5073764.0,5073764.0,5073764.0,5073764.0,1.0,0.0,5073764.0,5073764.0
United Kingdom (excl. NI),22  Production of coke,2019.0,2,4525127.0,0.0,0.0,4525127.0,4525127.0,4525127.0,4525127.0,4525127.0,1.0,0.0,4525127.0,4525127.0
United Kingdom (excl. NI),22  Production of coke,2020.0,2,4714925.0,0.0,0.0,4714925.0,4714925.0,4714925.0,4714925.0,4714925.0,1.0,0.0,4714925.0,4714925.0
United Kingdom (excl. NI),24  Production of pig iron or steel,2015.0,2,11941499.0,0.0,0.0,11941499.0,11941499.0,11941499.0,11941499.0,11941499.0,1.0,0.0,11941499.0,11941499.0
United Kingdom (excl. NI),24  Production of pig iron or steel,2016.0,2,6714197.0,0.0,0.0,6714197.0,6714197.0,6714197.0,6714197.0,6714197.0,1.0,0.0,6714197.0,6714197.0
United Kingdom (excl. NI),24  Production of pig iron or steel,2017.0,2,6707214.0,0.0,0.0,6707214.0,6707214.0,6707214.0,6707214.0,6707214.0,1.0,0.0,6707214.0,6707214.0
United Kingdom (excl. NI),24  Production of pig iron or steel,2018.0,2,5988366.0,0.0,0.0,5988366.0,5988366.0,5988366.0,5988366.0,5988366.0,1.0,0.0,5988366.0,5988366.0
United Kingdom (excl. NI),24  Production of pig iron or steel,2019.0,2,6595332.0,0.0,0.0,6595332.0,6595332.0,6595332.0,6595332.0,6595332.0,1.0,0.0,6595332.0,6595332.0
United Kingdom (excl. NI),24  Production of pig iron or steel,2020.0,2,6216539.0,0.0,0.0,6216539.0,6216539.0,6216539.0,6216539.0,6216539.0,1.0,0.0,6216539.0,6216539.0
United Kingdom (excl. NI),25 Production or processing of ferrous metals,2015.0,2,436168.0,0.0,0.0,436168.0,436168.0,436168.0,436168.0,436168.0,1.0,0.0,436168.0,436168.0
United Kingdom (excl. NI),25 Production or processing of ferrous metals,2016.0,2,410107.0,0.0,0.0,410107.0,410107.0,410107.0,410107.0,410107.0,1.0,0.0,410107.0,410107.0
United Kingdom (excl. NI),25 Production or processing of ferrous metals,2017.0,2,435664.0,0.0,0.0,435664.0,435664.0,435664.0,435664.0,435664.0,1.0,0.0,435664.0,435664.0
United Kingdom (excl. NI),25 Production or processing of ferrous metals,2018.0,2,449576.0,0.0,0.0,449576.0,449576.0,449576.0,449576.0,449576.0,1.0,0.0,449576.0,449576.0
United Kingdom (excl. NI),25 Production or processing of ferrous metals,2019.0,2,407667.0,0.0,0.0,407667.0,407667.0,407667.0,407667.0,407667.0,1.0,0.0,407667.0,407667.0
United Kingdom (excl. NI),25 Production or processing of ferrous metals,2020.0,2,361745.0,0.0,0.0,361745.0,361745.0,361745.0,361745.0,361745.0,1.0,0.0,361745.0,361745.0
United Kingdom (excl. NI),26 Production of primary aluminium,2015.0,2,83581.0,0.0,0.0,83581.0,83581.0,83581.0,83581.0,83581.0,1.0,0.0,83581.0,83581.0
United Kingdom (excl. NI),26 Production of primary aluminium,2016.0,2,84596.0,0.0,0.0,84596.0,84596.0,84596.0,84596.0,84596.0,1.0,0.0,84596.0,84596.0
United Kingdom (excl. NI),26 Production of primary aluminium,2017.0,2,85775.0,0.0,0.0,85775.0,85775.0,85775.0,85775.0,85775.0,1.0,0.0,85775.0,85775.0
United Kingdom (excl. NI),26 Production of primary aluminium,2018.0,2,77837.0,0.0,0.0,77837.0,77837.0,77837.0,77837.0,77837.0,1.0,0.0,77837.0,77837.0
United Kingdom (excl. NI),26 Production of primary aluminium,2019.0,2,64125.0,0.0,0.0,64125.0,64125.0,64125.0,64125.0,64125.0,1.0,0.0,64125.0,64125.0
United Kingdom (excl. NI),26 Production of primary aluminium,2020.0,2,57723.0,0.0,0.0,57723.0,57723.0,57723.0,57723.0,57723.0,1.0,0.0,57723.0,57723.0
United Kingdom (excl. NI),27 Production of secondary aluminium,2015.0,2,106955.0,0.0,0.0,106955.0,106955.0,106955.0,106955.0,106955.0,1.0,0.0,106955.0,106955.0
United Kingdom (excl. NI),27 Production of secondary aluminium,2016.0,2,102737.0,0.0,0.0,102737.0,102737.0,102737.0,102737.0,102737.0,1.0,0.0,102737.0,102737.0
United Kingdom (excl. NI),27 Production of secondary aluminium,2017.0,2,107469.0,0.0,0.0,107469.0,107469.0,107469.0,107469.0,107469.0,1.0,0.0,107469.0,107469.0
United Kingdom (excl. NI),27 Production of secondary aluminium,2018.0,2,108560.0,0.0,0.0,108560.0,108560.0,108560.0,108560.0,108560.0,1.0,0.0,108560.0,108560.0
United Kingdom (excl. NI),27 Production of secondary aluminium,2019.0,2,104813.0,0.0,0.0,104813.0,104813.0,104813.0,104813.0,104813.0,1.0,0.0,104813.0,104813.0
United Kingdom (excl. NI),27 Production of secondary aluminium,2020.0,2,85377.0,0.0,0.0,85377.0,85377.0,85377.0,85377.0,85377.0,1.0,0.0,85377.0,85377.0
United Kingdom (excl. NI),29 Production of cement clinker,2015.0,2,6534421.0,0.0,0.0,6534421.0,6534421.0,6534421.0,6534421.0,6534421.0,1.0,0.0,6534421.0,6534421.0
United Kingdom (excl. NI),29 Production of cement clinker,2016.0,2,6821576.0,0.0,0.0,6821576.0,6821576.0,6821576.0,6821576.0,6821576.0,1.0,0.0,6821576.0,6821576.0
United Kingdom (excl. NI),29 Production of cement clinker,2017.0,2,6559684.0,0.0,0.0,6559684.0,6559684.0,6559684.0,6559684.0,6559684.0,1.0,0.0,6559684.0,6559684.0
United Kingdom (excl. NI),29 Production of cement clinker,2018.0,2,6517101.0,0.0,0.0,6517101.0,6517101.0,6517101.0,6517101.0,6517101.0,1.0,0.0,6517101.0,6517101.0
United Kingdom (excl. NI),29 Production of cement clinker,2019.0,2,6628633.0,0.0,0.0,6628633.0,6628633.0,6628633.0,6628633.0,6628633.0,1.0,0.0,6628633.0,6628633.0
United Kingdom (excl. NI),29 Production of cement clinker,2020.0,2,5823876.0,0.0,0.0,5823876.0,5823876.0,5823876.0,5823876.0,5823876.0,1.0,0.0,5823876.0,5823876.0
United Kingdom (excl. NI),"30 Production of lime, or calcination of dolomite/magnesite",2015.0,2,2464255.0,0.0,0.0,2464255.0,2464255.0,2464255.0,2464255.0,2464255.0,1.0,0.0,2464255.0,2464255.0
United Kingdom (excl. NI),"30 Production of lime, or calcination of dolomite/magnesite",2016.0,2,2213250.0,0.0,0.0,2213250.0,2213250.0,2213250.0,2213250.0,2213250.0,1.0,0.0,2213250.0,2213250.0
United Kingdom (excl. NI),"30 Production of lime, or calcination of dolomite/magnesite",2017.0,2,2407118.0,0.0,0.0,2407118.0,2407118.0,2407118.0,2407118.0,2407118.0,1.0,0.0,2407118.0,2407118.0
United Kingdom (excl. NI),"30 Production of lime, or calcination of dolomite/magnesite",2018.0,2,2552766.0,0.0,0.0,2552766.0,2552766.0,2552766.0,2552766.0,2552766.0,1.0,0.0,2552766.0,2552766.0
United Kingdom (excl. NI),"30 Production of lime, or calcination of dolomite/magnesite",2019.0,2,2444463.0,0.0,0.0,2444463.0,2444463.0,2444463.0,2444463.0,2444463.0,1.0,0.0,2444463.0,2444463.0
United Kingdom (excl. NI),"30 Production of lime, or calcination of dolomite/magnesite",2020.0,2,2323320.0,0.0,0.0,2323320.0,2323320.0,2323320.0,2323320.0,2323320.0,1.0,0.0,2323320.0,2323320.0
United Kingdom (excl. NI),31 Manufacture of glass,2015.0,2,1214311.0,0.0,0.0,1214311.0,1214311.0,1214311.0,1214311.0,1214311.0,1.0,0.0,1214311.0,1214311.0
United Kingdom (excl. NI),31 Manufacture of glass,2016.0,2,1233330.0,0.0,0.0,1233330.0,1233330.0,1233330.0,1233330.0,1233330.0,1.0,0.0,1233330.0,1233330.0
United Kingdom (excl. NI),31 Manufacture of glass,2017.0,2,1251120.0,0.0,0.0,1251120.0,1251120.0,1251120.0,1251120.0,1251120.0,1.0,0.0,1251120.0,1251120.0
United Kingdom (excl. NI),31 Manufacture of glass,2018.0,2,1246004.0,0.0,0.0,1246004.0,1246004.0,1246004.0,1246004.0,1246004.0,1.0,0.0,1246004.0,1246004.0
United Kingdom (excl. NI),31 Manufacture of glass,2019.0,2,1233293.0,0.0,0.0,1233293.0,1233293.0,1233293.0,1233293.0,1233293.0,1.0,0.0,1233293.0,1233293.0
United Kingdom (excl. NI),31 Manufacture of glass,2020.0,2,1130015.0,0.0,0.0,1130015.0,1130015.0,1130015.0,1130015.0,1130015.0,1.0,0.0,1130015.0,1130015.0
United Kingdom (excl. NI),32 Manufacture of ceramics,2015.0,2,583512.0,0.0,0.0,583512.0,583512.0,583512.0,583512.0,583512.0,1.0,0.0,583512.0,583512.0
United Kingdom (excl. NI),32 Manufacture of ceramics,2016.0,2,587819.0,0.0,0.0,587819.0,587819.0,587819.0,587819.0,587819.0,1.0,0.0,587819.0,587819.0
United Kingdom (excl. NI),32 Manufacture of ceramics,2017.0,2,603227.0,0.0,0.0,603227.0,603227.0,603227.0,603227.0,603227.0,1.0,0.0,603227.0,603227.0
United Kingdom (excl. NI),32 Manufacture of ceramics,2018.0,2,639819.0,0.0,0.0,639819.0,639819.0,639819.0,639819.0,639819.0,1.0,0.0,639819.0,639819.0
United Kingdom (excl. NI),32 Manufacture of ceramics,2019.0,2,614660.0,0.0,0.0,614660.0,614660.0,614660.0,614660.0,614660.0,1.0,0.0,614660.0,614660.0
United Kingdom (excl. NI),32 Manufacture of ceramics,2020.0,2,418493.0,0.0,0.0,418493.0,418493.0,418493.0,418493.0,418493.0,1.0,0.0,418493.0,418493.0
United Kingdom (excl. NI),33 Manufacture of mineral wool,2015.0,2,288764.0,0.0,0.0,288764.0,288764.0,288764.0,288764.0,288764.0,1.0,0.0,288764.0,288764.0
United Kingdom (excl. NI),33 Manufacture of mineral wool,2016.0,2,302936.0,0.0,0.0,302936.0,302936.0,302936.0,302936.0,302936.0,1.0,0.0,302936.0,302936.0
United Kingdom (excl. NI),33 Manufacture of mineral wool,2017.0,2,304281.0,0.0,0.0,304281.0,304281.0,304281.0,304281.0,304281.0,1.0,0.0,304281.0,304281.0
United Kingdom (excl. NI),33 Manufacture of mineral wool,2018.0,2,333143.0,0.0,0.0,333143.0,333143.0,333143.0,333143.0,333143.0,1.0,0.0,333143.0,333143.0
United Kingdom (excl. NI),33 Manufacture of mineral wool,2019.0,2,342151.0,0.0,0.0,342151.0,342151.0,342151.0,342151.0,342151.0,1.0,0.0,342151.0,342151.0
United Kingdom (excl. NI),33 Manufacture of mineral wool,2020.0,2,322148.0,0.0,0.0,322148.0,322148.0,322148.0,322148.0,322148.0,1.0,0.0,322148.0,322148.0
United Kingdom (excl. NI),34 Production or processing of gypsum or plasterboard,2015.0,2,149575.0,0.0,0.0,149575.0,149575.0,149575.0,149575.0,149575.0,1.0,0.0,149575.0,149575.0
United Kingdom (excl. NI),34 Production or processing of gypsum or plasterboard,2016.0,2,149777.0,0.0,0.0,149777.0,149777.0,149777.0,149777.0,149777.0,1.0,0.0,149777.0,149777.0
United Kingdom (excl. NI),34 Production or processing of gypsum or plasterboard,2017.0,2,152426.0,0.0,0.0,152426.0,152426.0,152426.0,152426.0,152426.0,1.0,0.0,152426.0,152426.0
United Kingdom (excl. NI),34 Production or processing of gypsum or plasterboard,2018.0,2,154965.0,0.0,0.0,154965.0,154965.0,154965.0,154965.0,154965.0,1.0,0.0,154965.0,154965.0
United Kingdom (excl. NI),34 Production or processing of gypsum or plasterboard,2019.0,2,157631.0,0.0,0.0,157631.0,157631.0,157631.0,157631.0,157631.0,1.0,0.0,157631.0,157631.0
United Kingdom (excl. NI),34 Production or processing of gypsum or plasterboard,2020.0,2,132812.0,0.0,0.0,132812.0,132812.0,132812.0,132812.0,132812.0,1.0,0.0,132812.0,132812.0
United Kingdom (excl. NI),35 Production of pulp,2015.0,2,541621.0,0.0,0.0,541621.0,541621.0,541621.0,541621.0,541621.0,1.0,0.0,541621.0,541621.0
United Kingdom (excl. NI),35 Production of pulp,2016.0,2,493844.0,0.0,0.0,493844.0,493844.0,493844.0,493844.0,493844.0,1.0,0.0,493844.0,493844.0
United Kingdom (excl. NI),35 Production of pulp,2017.0,2,479157.0,0.0,0.0,479157.0,479157.0,479157.0,479157.0,479157.0,1.0,0.0,479157.0,479157.0
United Kingdom (excl. NI),35 Production of pulp,2018.0,2,473686.0,0.0,0.0,473686.0,473686.0,473686.0,473686.0,473686.0,1.0,0.0,473686.0,473686.0
United Kingdom (excl. NI),35 Production of pulp,2019.0,2,490787.0,0.0,0.0,490787.0,490787.0,490787.0,490787.0,490787.0,1.0,0.0,490787.0,490787.0
United Kingdom (excl. NI),35 Production of pulp,2020.0,2,457713.0,0.0,0.0,457713.0,457713.0,457713.0,457713.0,457713.0,1.0,0.0,457713.0,457713.0
United Kingdom (excl. NI),36 Production of paper or cardboard,2015.0,2,777297.0,0.0,0.0,777297.0,777297.0,777297.0,777297.0,777297.0,1.0,0.0,777297.0,777297.0
United Kingdom (excl. NI),36 Production of paper or cardboard,2016.0,2,729090.0,0.0,0.0,729090.0,729090.0,729090.0,729090.0,729090.0,1.0,0.0,729090.0,729090.0
United Kingdom (excl. NI),36 Production of paper or cardboard,2017.0,2,736194.0,0.0,0.0,736194.0,736194.0,736194.0,736194.0,736194.0,1.0,0.0,736194.0,736194.0
United Kingdom (excl. NI),36 Production of paper or cardboard,2018.0,2,784574.0,0.0,0.0,784574.0,784574.0,784574.0,784574.0,784574.0,1.0,0.0,784574.0,784574.0
United Kingdom (excl. NI),36 Production of paper or cardboard,2019.0,2,829356.0,0.0,0.0,829356.0,829356.0,829356.0,829356.0,829356.0,1.0,0.0,829356.0,829356.0
United Kingdom (excl. NI),36 Production of paper or cardboard,2020.0,2,790831.0,0.0,0.0,790831.0,790831.0,790831.0,790831.0,790831.0,1.0,0.0,790831.0,790831.0
United Kingdom (excl. NI),41 Production of ammonia,2015.0,2,1639258.0,0.0,0.0,1639258.0,1639258.0,1639258.0,1639258.0,1639258.0,1.0,0.0,1639258.0,1639258.0
United Kingdom (excl. NI),41 Production of ammonia,2016.0,2,1460285.0,0.0,0.0,1460285.0,1460285.0,1460285.0,1460285.0,1460285.0,1.0,0.0,1460285.0,1460285.0
United Kingdom (excl. NI),41 Production of ammonia,2017.0,2,1779429.0,0.0,0.0,1779429.0,1779429.0,1779429.0,1779429.0,1779429.0,1.0,0.0,1779429.0,1779429.0
United Kingdom (excl. NI),41 Production of ammonia,2018.0,2,1364718.0,0.0,0.0,1364718.0,1364718.0,1364718.0,1364718.0,1364718.0,1.0,0.0,1364718.0,1364718.0
United Kingdom (excl. NI),41 Production of ammonia,2019.0,2,1611554.0,0.0,0.0,1611554.0,1611554.0,1611554.0,1611554.0,1611554.0,1.0,0.0,1611554.0,1611554.0
United Kingdom (excl. NI),41 Production of ammonia,2020.0,2,1702364.0,0.0,0.0,1702364.0,1702364.0,1702364.0,1702364.0,1702364.0,1.0,0.0,1702364.0,1702364.0
United Kingdom (excl. NI),42 Production of bulk chemicals,2015.0,2,2472076.0,0.0,0.0,2472076.0,2472076.0,2472076.0,2472076.0,2472076.0,1.0,0.0,2472076.0,2472076.0
United Kingdom (excl. NI),42 Production of bulk chemicals,2016.0,2,2490451.0,0.0,0.0,2490451.0,2490451.0,2490451.0,2490451.0,2490451.0,1.0,0.0,2490451.0,2490451.0
United Kingdom (excl. NI),42 Production of bulk chemicals,2017.0,2,2548838.0,0.0,0.0,2548838.0,2548838.0,2548838.0,2548838.0,2548838.0,1.0,0.0,2548838.0,2548838.0
United Kingdom (excl. NI),42 Production of bulk chemicals,2018.0,2,2437795.0,0.0,0.0,2437795.0,2437795.0,2437795.0,2437795.0,2437795.0,1.0,0.0,2437795.0,2437795.0
United Kingdom (excl. NI),42 Production of bulk chemicals,2019.0,2,2199490.0,0.0,0.0,2199490.0,2199490.0,2199490.0,2199490.0,2199490.0,1.0,0.0,2199490.0,2199490.0
United Kingdom (excl. NI),42 Production of bulk chemicals,2020.0,2,2074524.0,0.0,0.0,2074524.0,2074524.0,2074524.0,2074524.0,2074524.0,1.0,0.0,2074524.0,2074524.0
United Kingdom (excl. NI),43 Production of hydrogen and synthesis gas,2015.0,2,598244.0,0.0,0.0,598244.0,598244.0,598244.0,598244.0,598244.0,1.0,0.0,598244.0,598244.0
United Kingdom (excl. NI),43 Production of hydrogen and synthesis gas,2016.0,2,625445.0,0.0,0.0,625445.0,625445.0,625445.0,625445.0,625445.0,1.0,0.0,625445.0,625445.0
United Kingdom (excl. NI),43 Production of hydrogen and synthesis gas,2017.0,2,585423.0,0.0,0.0,585423.0,585423.0,585423.0,585423.0,585423.0,1.0,0.0,585423.0,585423.0
United Kingdom (excl. NI),43 Production of hydrogen and synthesis gas,2018.0,2,567502.0,0.0,0.0,567502.0,567502.0,567502.0,567502.0,567502.0,1.0,0.0,567502.0,567502.0
United Kingdom (excl. NI),43 Production of hydrogen and synthesis gas,2019.0,2,561403.0,0.0,0.0,561403.0,561403.0,561403.0,561403.0,561403.0,1.0,0.0,561403.0,561403.0
United Kingdom (excl. NI),43 Production of hydrogen and synthesis gas,2020.0,2,572295.0,0.0,0.0,572295.0,572295.0,572295.0,572295.0,572295.0,1.0,0.0,572295.0,572295.0
United Kingdom (excl. NI),44 Production of soda ash and sodium bicarbonate,2015.0,2,130796.0,0.0,0.0,130796.0,130796.0,130796.0,130796.0,130796.0,1.0,0.0,130796.0,130796.0
United Kingdom (excl. NI),44 Production of soda ash and sodium bicarbonate,2016.0,2,133575.0,0.0,0.0,133575.0,133575.0,133575.0,133575.0,133575.0,1.0,0.0,133575.0,133575.0
United Kingdom (excl. NI),44 Production of soda ash and sodium bicarbonate,2017.0,2,140342.0,0.0,0.0,140342.0,140342.0,140342.0,140342.0,140342.0,1.0,0.0,140342.0,140342.0
United Kingdom (excl. NI),44 Production of soda ash and sodium bicarbonate,2018.0,2,133576.0,0.0,0.0,133576.0,133576.0,133576.0,133576.0,133576.0,1.0,0.0,133576.0,133576.0
United Kingdom (excl. NI),44 Production of soda ash and sodium bicarbonate,2019.0,2,145338.0,0.0,0.0,145338.0,145338.0,145338.0,145338.0,145338.0,1.0,0.0,145338.0,145338.0
United Kingdom (excl. NI),44 Production of soda ash and sodium bicarbonate,2020.0,2,141908.0,0.0,0.0,141908.0,141908.0,141908.0,141908.0,141908.0,1.0,0.0,141908.0,141908.0
United Kingdom (excl. NI),45 Capture of greenhouse gases under Directive 2009/31/EC,2017.0,2,229.0,0.0,0.0,229.0,229.0,229.0,229.0,229.0,1.0,0.0,229.0,229.0
United Kingdom (excl. NI),45 Capture of greenhouse gases under Directive 2009/31/EC,2018.0,2,337.0,0.0,0.0,337.0,337.0,337.0,337.0,337.0,1.0,0.0,337.0,337.0
United Kingdom (excl. NI),45 Capture of greenhouse gases under Directive 2009/31/EC,2019.0,2,221.0,0.0,0.0,221.0,221.0,221.0,221.0,221.0,1.0,0.0,221.0,221.0
United Kingdom (excl. NI),45 Capture of greenhouse gases under Directive 2009/31/EC,2020.0,2,202.0,0.0,0.0,202.0,202.0,202.0,202.0,202.0,1.0,0.0,202.0,202.0
United Kingdom (excl. NI),99 Other activity opted-in under Art. 24,2015.0,2,271573.0,0.0,0.0,271573.0,271573.0,271573.0,271573.0,271573.0,1.0,0.0,271573.0,271573.0
United Kingdom (excl. NI),99 Other activity opted-in under Art. 24,2016.0,2,290310.0,0.0,0.0,290310.0,290310.0,290310.0,290310.0,290310.0,1.0,0.0,290310.0,290310.0
United Kingdom (excl. NI),99 Other activity opted-in under Art. 24,2017.0,2,297597.0,0.0,0.0,297597.0,297597.0,297597.0,297597.0,297597.0,1.0,0.0,297597.0,297597.0
United Kingdom (excl. NI),99 Other activity opted-in under Art. 24,2018.0,2,308819.0,0.0,0.0,308819.0,308819.0,308819.0,308819.0,308819.0,1.0,0.0,308819.0,308819.0
United Kingdom (excl. NI),99 Other activity opted-in under Art. 24,2019.0,2,205380.0,0.0,0.0,205380.0,205380.0,205380.0,205380.0,205380.0,1.0,0.0,205380.0,205380.0
United Kingdom (excl. NI),99 Other activity opted-in under Art. 24,2020.0,2,204271.0,0.0,0.0,204271.0,204271.0,204271.0,204271.0,204271.0,1.0,0.0,204271.0,204271.0
