country_code,country_name,country_iso3,year,govt_consumption_pct_gdp
ZH,Africa Eastern and Southern,AFE,2023,14.5705376110014
ZH,Africa Eastern and Southern,AFE,2022,14.8872425681603
ZH,Africa Eastern and Southern,AFE,2021,15.1258255866986
ZH,Africa Eastern and Southern,AFE,2020,15.7826555852921
ZH,Africa Eastern and Southern,AFE,2019,15.2791925061319
ZH,Africa Eastern and Southern,AFE,2018,15.2618670695093
ZH,Africa Eastern and Southern,AFE,2017,15.7864119328881
ZH,Africa Eastern and Southern,AFE,2016,15.9629492295237
ZH,Africa Eastern and Southern,AFE,2015,15.9819670055995
ZH,Africa Eastern and Southern,AFE,2014,16.505106471797
ZH,Africa Eastern and Southern,AFE,2013,17.0366318053553
ZH,Africa Eastern and Southern,AFE,2012,16.5183069326996
ZH,Africa Eastern and Southern,AFE,2011,16.3146748085105
ZH,Africa Eastern and Southern,AFE,2010,15.7183818919053
1A,Arab World,ARB,2023,16.9333400980492
1A,Arab World,ARB,2022,15.5036186351347
1A,Arab World,ARB,2021,17.4985031490524
1A,Arab World,ARB,2020,20.5228437733905
1A,Arab World,ARB,2019,18.3210635922889
1A,Arab World,ARB,2018,17.9445260852007
1A,Arab World,ARB,2017,18.4123591647724
1A,Arab World,ARB,2016,19.0389889348268
1A,Arab World,ARB,2015,20.1750348322317
1A,Arab World,ARB,2014,18.4176907978
1A,Arab World,ARB,2013,17.1223454328253
1A,Arab World,ARB,2012,15.9753833671278
1A,Arab World,ARB,2011,16.1152540861094
1A,Arab World,ARB,2010,15.5371008605061
B8,Central Europe and the Baltics,CEB,2023,18.9799619368101
B8,Central Europe and the Baltics,CEB,2022,18.6531207688719
B8,Central Europe and the Baltics,CEB,2021,19.4184412084449
B8,Central Europe and the Baltics,CEB,2020,19.906798628749
B8,Central Europe and the Baltics,CEB,2019,18.4714189619692
B8,Central Europe and the Baltics,CEB,2018,18.0544699655338
B8,Central Europe and the Baltics,CEB,2017,17.8996245369147
B8,Central Europe and the Baltics,CEB,2016,18.0202223280004
B8,Central Europe and the Baltics,CEB,2015,17.8673246809236
B8,Central Europe and the Baltics,CEB,2014,18.1232434358261
B8,Central Europe and the Baltics,CEB,2013,18.2229830537619
B8,Central Europe and the Baltics,CEB,2012,18.0083871089508
B8,Central Europe and the Baltics,CEB,2011,18.2340072767718
B8,Central Europe and the Baltics,CEB,2010,19.1574062041676
V2,Early-demographic dividend,EAR,2023,12.8196495280329
V2,Early-demographic dividend,EAR,2022,12.5628594316387
V2,Early-demographic dividend,EAR,2021,13.2898360910417
V2,Early-demographic dividend,EAR,2020,14.4702925752124
V2,Early-demographic dividend,EAR,2019,13.5752132438475
V2,Early-demographic dividend,EAR,2018,13.6034137801564
V2,Early-demographic dividend,EAR,2017,13.6993103545057
V2,Early-demographic dividend,EAR,2016,13.8651795274939
V2,Early-demographic dividend,EAR,2015,14.2930830003608
V2,Early-demographic dividend,EAR,2014,13.9085333063587
V2,Early-demographic dividend,EAR,2013,13.5485057155867
V2,Early-demographic dividend,EAR,2012,13.2308379522971
V2,Early-demographic dividend,EAR,2011,13.1919390216046
V2,Early-demographic dividend,EAR,2010,12.8065723954379
Z4,East Asia & Pacific,EAS,2023,17.2634578610138
Z4,East Asia & Pacific,EAS,2022,16.9658964408051
Z4,East Asia & Pacific,EAS,2021,16.9714051855151
Z4,East Asia & Pacific,EAS,2020,17.7013976138886
Z4,East Asia & Pacific,EAS,2019,16.9182263600674
Z4,East Asia & Pacific,EAS,2018,16.619892008763
Z4,East Asia & Pacific,EAS,2017,16.3785735747358
Z4,East Asia & Pacific,EAS,2016,16.474707394852
Z4,East Asia & Pacific,EAS,2015,16.3322035576371
Z4,East Asia & Pacific,EAS,2014,16.2506633277537
Z4,East Asia & Pacific,EAS,2013,16.3785309101585
Z4,East Asia & Pacific,EAS,2012,16.5951159202283
Z4,East Asia & Pacific,EAS,2011,16.4008576389021
Z4,East Asia & Pacific,EAS,2010,16.0029040997691
4E,East Asia & Pacific (excluding high income),EAP,2023,16.2455669089889
4E,East Asia & Pacific (excluding high income),EAP,2022,15.8784609804594
4E,East Asia & Pacific (excluding high income),EAP,2021,15.8221251686247
4E,East Asia & Pacific (excluding high income),EAP,2020,16.8276120685749
4E,East Asia & Pacific (excluding high income),EAP,2019,16.206566978299
4E,East Asia & Pacific (excluding high income),EAP,2018,15.98970181648
4E,East Asia & Pacific (excluding high income),EAP,2017,15.6587514911741
4E,East Asia & Pacific (excluding high income),EAP,2016,15.6195414431617
4E,East Asia & Pacific (excluding high income),EAP,2015,15.5658167388838
4E,East Asia & Pacific (excluding high income),EAP,2014,15.1553103510211
4E,East Asia & Pacific (excluding high income),EAP,2013,15.1816779595805
4E,East Asia & Pacific (excluding high income),EAP,2012,15.0449222445288
4E,East Asia & Pacific (excluding high income),EAP,2011,14.5962778508884
4E,East Asia & Pacific (excluding high income),EAP,2010,14.0056895034265
T4,East Asia & Pacific (IDA & IBRD countries),TEA,2023,16.2459546165995
T4,East Asia & Pacific (IDA & IBRD countries),TEA,2022,15.8788267864983
T4,East Asia & Pacific (IDA & IBRD countries),TEA,2021,15.8224971099451
T4,East Asia & Pacific (IDA & IBRD countries),TEA,2020,16.828041470121
T4,East Asia & Pacific (IDA & IBRD countries),TEA,2019,16.2069104547009
T4,East Asia & Pacific (IDA & IBRD countries),TEA,2018,15.990029312386
T4,East Asia & Pacific (IDA & IBRD countries),TEA,2017,15.6590841260291
T4,East Asia & Pacific (IDA & IBRD countries),TEA,2016,15.6198801288373
T4,East Asia & Pacific (IDA & IBRD countries),TEA,2015,15.5661500931868
T4,East Asia & Pacific (IDA & IBRD countries),TEA,2014,15.1556684612949
T4,East Asia & Pacific (IDA & IBRD countries),TEA,2013,15.1820544647846
T4,East Asia & Pacific (IDA & IBRD countries),TEA,2012,15.0452952726967
T4,East Asia & Pacific (IDA & IBRD countries),TEA,2011,14.5967545963868
T4,East Asia & Pacific (IDA & IBRD countries),TEA,2010,14.0062912925105
XC,Euro area,EMU,2023,20.7230776927437
XC,Euro area,EMU,2022,21.0855389664228
XC,Euro area,EMU,2021,21.6931347529169
XC,Euro area,EMU,2020,22.2114458779758
XC,Euro area,EMU,2019,20.3371700706325
XC,Euro area,EMU,2018,20.2720883088908
XC,Euro area,EMU,2017,20.3486755771162
XC,Euro area,EMU,2016,20.5625263383385
XC,Euro area,EMU,2015,20.6210572290795
XC,Euro area,EMU,2014,20.9618876413361
XC,Euro area,EMU,2013,21.1066280674022
XC,Euro area,EMU,2012,21.0412648714136
XC,Euro area,EMU,2011,21.0007315418917
XC,Euro area,EMU,2010,21.4049976701023
Z7,Europe & Central Asia,ECS,2023,19.8305811265053
Z7,Europe & Central Asia,ECS,2022,19.7836737260563
Z7,Europe & Central Asia,ECS,2021,20.5995345214569
Z7,Europe & Central Asia,ECS,2020,21.3808934737129
Z7,Europe & Central Asia,ECS,2019,19.4938875646546
Z7,Europe & Central Asia,ECS,2018,19.3246715042741
Z7,Europe & Central Asia,ECS,2017,19.4041066965894
Z7,Europe & Central Asia,ECS,2016,19.6525452854506
Z7,Europe & Central Asia,ECS,2015,19.5538614495969
Z7,Europe & Central Asia,ECS,2014,19.8435486681926
Z7,Europe & Central Asia,ECS,2013,19.9722029426398
Z7,Europe & Central Asia,ECS,2012,19.9453333739118
Z7,Europe & Central Asia,ECS,2011,19.9448750724216
Z7,Europe & Central Asia,ECS,2010,20.5538210621774
7E,Europe & Central Asia (excluding high income),ECA,2023,15.8872709498301
7E,Europe & Central Asia (excluding high income),ECA,2022,14.9646681024167
7E,Europe & Central Asia (excluding high income),ECA,2021,14.0529279060496
7E,Europe & Central Asia (excluding high income),ECA,2020,15.522169536923
7E,Europe & Central Asia (excluding high income),ECA,2019,14.7509389082252
7E,Europe & Central Asia (excluding high income),ECA,2018,14.1972642391179
7E,Europe & Central Asia (excluding high income),ECA,2017,14.2408389744796
7E,Europe & Central Asia (excluding high income),ECA,2016,14.5457235231094
7E,Europe & Central Asia (excluding high income),ECA,2015,13.79644830813
7E,Europe & Central Asia (excluding high income),ECA,2014,14.1756546367923
7E,Europe & Central Asia (excluding high income),ECA,2013,14.0712424640599
7E,Europe & Central Asia (excluding high income),ECA,2012,14.4094105692603
7E,Europe & Central Asia (excluding high income),ECA,2011,13.9794349109994
7E,Europe & Central Asia (excluding high income),ECA,2010,14.8356652119332
T7,Europe & Central Asia (IDA & IBRD countries),TEC,2023,17.3119803375676
T7,Europe & Central Asia (IDA & IBRD countries),TEC,2022,16.5427411877024
T7,Europe & Central Asia (IDA & IBRD countries),TEC,2021,16.43188892612
T7,Europe & Central Asia (IDA & IBRD countries),TEC,2020,18.1474776261828
T7,Europe & Central Asia (IDA & IBRD countries),TEC,2019,16.8517542579997
T7,Europe & Central Asia (IDA & IBRD countries),TEC,2018,16.3917012851742
T7,Europe & Central Asia (IDA & IBRD countries),TEC,2017,16.4880921063377
T7,Europe & Central Asia (IDA & IBRD countries),TEC,2016,16.591396641785
T7,Europe & Central Asia (IDA & IBRD countries),TEC,2015,15.9892038263511
T7,Europe & Central Asia (IDA & IBRD countries),TEC,2014,16.5004458221437
T7,Europe & Central Asia (IDA & IBRD countries),TEC,2013,16.8082159576363
T7,Europe & Central Asia (IDA & IBRD countries),TEC,2012,16.5758679947458
T7,Europe & Central Asia (IDA & IBRD countries),TEC,2011,16.2648117764763
T7,Europe & Central Asia (IDA & IBRD countries),TEC,2010,17.166581262505
EU,European Union,EUU,2023,20.7519256491676
EU,European Union,EUU,2022,21.0054631396333
EU,European Union,EUU,2021,21.6740763054114
EU,European Union,EUU,2020,22.1975052309965
EU,European Union,EUU,2019,20.4319100819572
EU,European Union,EUU,2018,20.3739423086624
EU,European Union,EUU,2017,20.4418164296034
EU,European Union,EUU,2016,20.6652066497042
EU,European Union,EUU,2015,20.6908432800768
EU,European Union,EUU,2014,21.0378011147005
EU,European Union,EUU,2013,21.187149782809
EU,European Union,EUU,2012,21.098902331188
EU,European Union,EUU,2011,21.03816826077
EU,European Union,EUU,2010,21.4829698246364
XE,Heavily indebted poor countries (HIPC),HPC,2023,11.0975670428554
XE,Heavily indebted poor countries (HIPC),HPC,2022,11.8168188628477
XE,Heavily indebted poor countries (HIPC),HPC,2021,11.8259449881507
XE,Heavily indebted poor countries (HIPC),HPC,2020,12.3764349313021
XE,Heavily indebted poor countries (HIPC),HPC,2019,11.8823522195395
XE,Heavily indebted poor countries (HIPC),HPC,2018,11.5681688539538
XE,Heavily indebted poor countries (HIPC),HPC,2017,12.1519158428503
XE,Heavily indebted poor countries (HIPC),HPC,2016,12.1141631805478
XE,Heavily indebted poor countries (HIPC),HPC,2015,11.8752074545162
XE,Heavily indebted poor countries (HIPC),HPC,2014,11.6794225558606
XE,Heavily indebted poor countries (HIPC),HPC,2013,11.45376111253
XE,Heavily indebted poor countries (HIPC),HPC,2012,11.3354620957592
XE,Heavily indebted poor countries (HIPC),HPC,2011,11.7015216273044
XE,Heavily indebted poor countries (HIPC),HPC,2010,10.6831302947294
XD,High income,,2022,17.4254376156518
XD,High income,,2021,18.2082004764377
XD,High income,,2020,18.8488673649624
XD,High income,,2019,17.384978875896
XD,High income,,2018,17.2270807038911
XD,High income,,2017,17.2297200751915
XD,High income,,2016,17.4603216902789
XD,High income,,2015,17.5227397320922
XD,High income,,2014,17.8795106261299
XD,High income,,2013,18.085463320824
XD,High income,,2012,18.206757569855
XD,High income,,2011,18.4484354993491
XD,High income,,2010,18.7914455842143
XF,IBRD only,IBD,2023,15.7277640782607
XF,IBRD only,IBD,2022,15.3394673059493
XF,IBRD only,IBD,2021,15.4468050176
XF,IBRD only,IBD,2020,16.6570652244826
XF,IBRD only,IBD,2019,15.9374373763308
XF,IBRD only,IBD,2018,15.6993732393582
XF,IBRD only,IBD,2017,15.6250492964006
XF,IBRD only,IBD,2016,15.6226407487555
XF,IBRD only,IBD,2015,15.5465385535672
XF,IBRD only,IBD,2014,15.3711988368282
XF,IBRD only,IBD,2013,15.4063714790477
XF,IBRD only,IBD,2012,15.1519919154749
XF,IBRD only,IBD,2011,15.0117654202203
XF,IBRD only,IBD,2010,14.7386058643387
ZT,IDA & IBRD total,IBT,2023,15.5147301883635
ZT,IDA & IBRD total,IBT,2022,15.0950207738421
ZT,IDA & IBRD total,IBT,2021,15.2136372592622
ZT,IDA & IBRD total,IBT,2020,16.3063391587406
ZT,IDA & IBRD total,IBT,2019,15.5996707468296
ZT,IDA & IBRD total,IBT,2018,15.4810165433775
ZT,IDA & IBRD total,IBT,2017,15.4257459012197
ZT,IDA & IBRD total,IBT,2016,15.393601262256
ZT,IDA & IBRD total,IBT,2015,15.2790401131313
ZT,IDA & IBRD total,IBT,2014,15.1149335698219
ZT,IDA & IBRD total,IBT,2013,15.1798518686616
ZT,IDA & IBRD total,IBT,2012,14.9598401631513
ZT,IDA & IBRD total,IBT,2011,14.833080471471
ZT,IDA & IBRD total,IBT,2010,14.5358941517344
XI,IDA only,IDX,2023,9.29337626385223
XI,IDA only,IDX,2022,9.80950309123795
XI,IDA only,IDX,2021,9.86518737166957
XI,IDA only,IDX,2020,10.0566276142972
XI,IDA only,IDX,2019,9.96914464301746
XI,IDA only,IDX,2018,9.81238914704517
XI,IDA only,IDX,2017,10.0668886584785
XI,IDA only,IDX,2016,10.0183940628457
XI,IDA only,IDX,2015,10.218138005023
XI,IDA only,IDX,2014,10.4843851747137
XI,IDA only,IDX,2013,10.4324889263697
XI,IDA only,IDX,2012,10.4209613499793
XI,IDA only,IDX,2011,10.6130113929444
XI,IDA only,IDX,2010,10.1534742131439
XG,IDA total,IDA,2023,11.0766006155077
XG,IDA total,IDA,2022,10.949517685954
XG,IDA total,IDA,2021,11.1081379058285
XG,IDA total,IDA,2020,11.1143143063626
XG,IDA total,IDA,2019,10.5131880697349
XG,IDA total,IDA,2018,11.4699778689505
XG,IDA total,IDA,2017,11.7935362914585
XG,IDA total,IDA,2016,11.6984832162262
XG,IDA total,IDA,2015,11.0506164644422
XG,IDA total,IDA,2014,10.7111258821525
XG,IDA total,IDA,2013,10.8038120415227
XG,IDA total,IDA,2012,10.8807418434961
XG,IDA total,IDA,2011,11.1253266821626
XG,IDA total,IDA,2010,10.8929964260455
V3,Late-demographic dividend,LTE,2023,16.8963251962721
V3,Late-demographic dividend,LTE,2022,16.36927667282
V3,Late-demographic dividend,LTE,2021,16.4192325582902
V3,Late-demographic dividend,LTE,2020,17.6934045560595
V3,Late-demographic dividend,LTE,2019,16.9947169114763
V3,Late-demographic dividend,LTE,2018,16.6865174744903
V3,Late-demographic dividend,LTE,2017,16.6414933828959
V3,Late-demographic dividend,LTE,2016,16.6318035538359
V3,Late-demographic dividend,LTE,2015,16.423215478691
V3,Late-demographic dividend,LTE,2014,16.2471437325755
V3,Late-demographic dividend,LTE,2013,16.3351673590768
V3,Late-demographic dividend,LTE,2012,16.1365026679598
V3,Late-demographic dividend,LTE,2011,15.9542699240972
V3,Late-demographic dividend,LTE,2010,15.933599526233
ZJ,Latin America & Caribbean,LCN,2023,16.0623523876239
ZJ,Latin America & Caribbean,LCN,2022,15.7465063495596
ZJ,Latin America & Caribbean,LCN,2021,16.1105986358323
ZJ,Latin America & Caribbean,LCN,2020,17.4475520262281
ZJ,Latin America & Caribbean,LCN,2019,16.5009407867122
ZJ,Latin America & Caribbean,LCN,2018,16.3461618398358
ZJ,Latin America & Caribbean,LCN,2017,16.7868590391933
ZJ,Latin America & Caribbean,LCN,2016,16.7671583864668
ZJ,Latin America & Caribbean,LCN,2015,16.5298388635472
ZJ,Latin America & Caribbean,LCN,2014,16.1424128470116
ZJ,Latin America & Caribbean,LCN,2013,15.8629039428818
ZJ,Latin America & Caribbean,LCN,2012,15.289481326842
ZJ,Latin America & Caribbean,LCN,2011,15.5178275063366
ZJ,Latin America & Caribbean,LCN,2010,15.4736726658232
XJ,Latin America & Caribbean (excluding high income),LAC,2023,15.7442932835227
XJ,Latin America & Caribbean (excluding high income),LAC,2022,15.4549253874876
XJ,Latin America & Caribbean (excluding high income),LAC,2021,15.7397262980872
XJ,Latin America & Caribbean (excluding high income),LAC,2020,17.045441729272
XJ,Latin America & Caribbean (excluding high income),LAC,2019,16.188775395036
XJ,Latin America & Caribbean (excluding high income),LAC,2018,16.1325253628571
XJ,Latin America & Caribbean (excluding high income),LAC,2017,16.6395758887393
XJ,Latin America & Caribbean (excluding high income),LAC,2016,16.7283785093607
XJ,Latin America & Caribbean (excluding high income),LAC,2015,16.5443698629598
XJ,Latin America & Caribbean (excluding high income),LAC,2014,16.2324749191618
XJ,Latin America & Caribbean (excluding high income),LAC,2013,16.0779003212105
XJ,Latin America & Caribbean (excluding high income),LAC,2012,15.795345302985
XJ,Latin America & Caribbean (excluding high income),LAC,2011,15.8666755438437
XJ,Latin America & Caribbean (excluding high income),LAC,2010,15.9367774767883
T2,Latin America & the Caribbean (IDA & IBRD countries),TLA,2023,15.6888142482172
T2,Latin America & the Caribbean (IDA & IBRD countries),TLA,2022,15.3878503937983
T2,Latin America & the Caribbean (IDA & IBRD countries),TLA,2021,15.7613244686409
T2,Latin America & the Caribbean (IDA & IBRD countries),TLA,2020,17.0964763280687
T2,Latin America & the Caribbean (IDA & IBRD countries),TLA,2019,16.3407517638977
T2,Latin America & the Caribbean (IDA & IBRD countries),TLA,2018,16.2291853452238
T2,Latin America & the Caribbean (IDA & IBRD countries),TLA,2017,16.680497625858
T2,Latin America & the Caribbean (IDA & IBRD countries),TLA,2016,16.6604295515129
T2,Latin America & the Caribbean (IDA & IBRD countries),TLA,2015,16.4086865540617
T2,Latin America & the Caribbean (IDA & IBRD countries),TLA,2014,16.0062714400115
T2,Latin America & the Caribbean (IDA & IBRD countries),TLA,2013,15.7334665535722
T2,Latin America & the Caribbean (IDA & IBRD countries),TLA,2012,15.1499920624182
T2,Latin America & the Caribbean (IDA & IBRD countries),TLA,2011,15.3533917797016
T2,Latin America & the Caribbean (IDA & IBRD countries),TLA,2010,15.3190127631691
XL,Least developed countries: UN classification,LDC,2023,9.61933189838076
XL,Least developed countries: UN classification,LDC,2022,10.1290217286098
XL,Least developed countries: UN classification,LDC,2021,9.70995550064508
XL,Least developed countries: UN classification,LDC,2020,9.83912540487797
XL,Least developed countries: UN classification,LDC,2019,9.87123941083864
XL,Least developed countries: UN classification,LDC,2018,9.69882838187143
XL,Least developed countries: UN classification,LDC,2017,10.2953679961724
XL,Least developed countries: UN classification,LDC,2016,10.2171243722273
XL,Least developed countries: UN classification,LDC,2015,10.956250171612
XL,Least developed countries: UN classification,LDC,2014,11.7552304168946
XL,Least developed countries: UN classification,LDC,2013,12.4339193007705
XL,Least developed countries: UN classification,LDC,2012,11.5671075204182
XL,Least developed countries: UN classification,LDC,2011,11.519136213683
XL,Least developed countries: UN classification,LDC,2010,10.808064144655
XO,Low & middle income,LMY,2023,15.2710229485294
XO,Low & middle income,LMY,2022,14.8689727700671
XO,Low & middle income,LMY,2021,14.9647520751547
XO,Low & middle income,LMY,2020,15.9855792074066
XO,Low & middle income,LMY,2019,15.3453657922656
XO,Low & middle income,LMY,2018,15.2603475651253
XO,Low & middle income,LMY,2017,15.1845886902376
XO,Low & middle income,LMY,2016,15.1868162522177
XO,Low & middle income,LMY,2015,15.1168637227816
XO,Low & middle income,LMY,2014,14.8587979303053
XO,Low & middle income,LMY,2013,14.859363133527
XO,Low & middle income,LMY,2012,14.7658526851308
XO,Low & middle income,LMY,2011,14.6265834046788
XO,Low & middle income,LMY,2010,14.2027215378789
XM,Low income,,2023,13.2837091830418
XM,Low income,,2022,13.6139562822309
XM,Low income,,2021,12.9050535384634
XM,Low income,,2020,13.7562132592355
XM,Low income,,2019,13.38529898335
XM,Low income,,2018,12.8287809831389
XM,Low income,,2017,12.2947109242118
XM,Low income,,2016,12.6850521783664
XM,Low income,,2015,12.4345281874507
XM,Low income,,2014,12.7171139892811
XM,Low income,,2013,12.4276988918909
XM,Low income,,2012,12.1617536923785
XM,Low income,,2011,12.2663152935899
XM,Low income,,2010,11.6998905432943
XN,Lower middle income,,2023,10.8708288817981
XN,Lower middle income,,2022,10.7020958363287
XN,Lower middle income,,2021,11.0513885807073
XN,Lower middle income,,2020,11.5347776479908
XN,Lower middle income,,2019,10.9218696689705
XN,Lower middle income,,2018,11.2591092608646
XN,Lower middle income,,2017,11.3720284983775
XN,Lower middle income,,2016,11.3022618396317
XN,Lower middle income,,2015,11.2649200760276
XN,Lower middle income,,2014,11.2153493968535
XN,Lower middle income,,2013,11.3676100090407
XN,Lower middle income,,2012,11.4664040357467
XN,Lower middle income,,2011,11.598242191413
XN,Lower middle income,,2010,11.4562414371474
ZQ,"Middle East, North Africa, Afghanistan & Pakistan",MEA,2023,16.6479259884756
ZQ,"Middle East, North Africa, Afghanistan & Pakistan",MEA,2022,15.4584775814291
ZQ,"Middle East, North Africa, Afghanistan & Pakistan",MEA,2021,17.2574880644288
ZQ,"Middle East, North Africa, Afghanistan & Pakistan",MEA,2020,19.6776052265317
ZQ,"Middle East, North Africa, Afghanistan & Pakistan",MEA,2019,17.9444860201015
ZQ,"Middle East, North Africa, Afghanistan & Pakistan",MEA,2018,17.5974811542639
ZQ,"Middle East, North Africa, Afghanistan & Pakistan",MEA,2017,17.7860252136993
ZQ,"Middle East, North Africa, Afghanistan & Pakistan",MEA,2016,18.2335560858128
ZQ,"Middle East, North Africa, Afghanistan & Pakistan",MEA,2015,19.1492344993589
ZQ,"Middle East, North Africa, Afghanistan & Pakistan",MEA,2014,17.6535803058039
ZQ,"Middle East, North Africa, Afghanistan & Pakistan",MEA,2013,16.6684413857616
ZQ,"Middle East, North Africa, Afghanistan & Pakistan",MEA,2012,15.7025329458529
ZQ,"Middle East, North Africa, Afghanistan & Pakistan",MEA,2011,15.8458431358469
ZQ,"Middle East, North Africa, Afghanistan & Pakistan",MEA,2010,15.1279525219261
XQ,"Middle East, North Africa, Afghanistan & Pakistan (excluding high income)",MNA,2023,13.3228133851435
XQ,"Middle East, North Africa, Afghanistan & Pakistan (excluding high income)",MNA,2022,12.4144057355788
XQ,"Middle East, North Africa, Afghanistan & Pakistan (excluding high income)",MNA,2021,13.6163603835406
XQ,"Middle East, North Africa, Afghanistan & Pakistan (excluding high income)",MNA,2020,15.0791572404364
XQ,"Middle East, North Africa, Afghanistan & Pakistan (excluding high income)",MNA,2019,15.2385223708646
XQ,"Middle East, North Africa, Afghanistan & Pakistan (excluding high income)",MNA,2018,14.8509406493644
XQ,"Middle East, North Africa, Afghanistan & Pakistan (excluding high income)",MNA,2017,15.1983941868787
XQ,"Middle East, North Africa, Afghanistan & Pakistan (excluding high income)",MNA,2016,15.6345234119823
XQ,"Middle East, North Africa, Afghanistan & Pakistan (excluding high income)",MNA,2015,15.8457782493419
XQ,"Middle East, North Africa, Afghanistan & Pakistan (excluding high income)",MNA,2014,15.3578422060469
XQ,"Middle East, North Africa, Afghanistan & Pakistan (excluding high income)",MNA,2013,15.0330351311061
XQ,"Middle East, North Africa, Afghanistan & Pakistan (excluding high income)",MNA,2012,14.8023161035883
XQ,"Middle East, North Africa, Afghanistan & Pakistan (excluding high income)",MNA,2011,15.3493664582475
XQ,"Middle East, North Africa, Afghanistan & Pakistan (excluding high income)",MNA,2010,13.4671109756074
T3,"Middle East, North Africa, Afghanistan & Pakistan (IDA & IBRD)",TMN,2023,13.2636532440815
T3,"Middle East, North Africa, Afghanistan & Pakistan (IDA & IBRD)",TMN,2022,12.3419305982655
T3,"Middle East, North Africa, Afghanistan & Pakistan (IDA & IBRD)",TMN,2021,13.5196403654653
T3,"Middle East, North Africa, Afghanistan & Pakistan (IDA & IBRD)",TMN,2020,14.9996328953455
T3,"Middle East, North Africa, Afghanistan & Pakistan (IDA & IBRD)",TMN,2019,15.1867326918647
T3,"Middle East, North Africa, Afghanistan & Pakistan (IDA & IBRD)",TMN,2018,14.7878255294409
T3,"Middle East, North Africa, Afghanistan & Pakistan (IDA & IBRD)",TMN,2017,15.1498089405373
T3,"Middle East, North Africa, Afghanistan & Pakistan (IDA & IBRD)",TMN,2016,15.5675040030441
T3,"Middle East, North Africa, Afghanistan & Pakistan (IDA & IBRD)",TMN,2015,15.7726556439007
T3,"Middle East, North Africa, Afghanistan & Pakistan (IDA & IBRD)",TMN,2014,15.285168273652
T3,"Middle East, North Africa, Afghanistan & Pakistan (IDA & IBRD)",TMN,2013,14.9621380435827
T3,"Middle East, North Africa, Afghanistan & Pakistan (IDA & IBRD)",TMN,2012,14.73745111693
T3,"Middle East, North Africa, Afghanistan & Pakistan (IDA & IBRD)",TMN,2011,15.2872270466741
T3,"Middle East, North Africa, Afghanistan & Pakistan (IDA & IBRD)",TMN,2010,13.3926747278071
XP,Middle income,MIC,2023,15.2872694834173
XP,Middle income,MIC,2022,14.8782218064587
XP,Middle income,MIC,2021,14.9806978197099
XP,Middle income,MIC,2020,16.0040060299481
XP,Middle income,MIC,2019,15.3613368682452
XP,Middle income,MIC,2018,15.281239399226
XP,Middle income,MIC,2017,15.2109304476563
XP,Middle income,MIC,2016,15.2121058028455
XP,Middle income,MIC,2015,15.1514924097619
XP,Middle income,MIC,2014,14.8876096577646
XP,Middle income,MIC,2013,14.8913762921579
XP,Middle income,MIC,2012,14.8020486505458
XP,Middle income,MIC,2011,14.6686247071571
XP,Middle income,MIC,2010,14.2522079144358
XU,North America,NAC,2022,14.4525587409958
XU,North America,NAC,2021,14.9838450342219
XU,North America,NAC,2020,15.6450073748448
XU,North America,NAC,2019,14.5950209633706
XU,North America,NAC,2018,14.4500955652359
XU,North America,NAC,2017,14.4697375442126
XU,North America,NAC,2016,14.7099512563208
XU,North America,NAC,2015,14.8199602025515
XU,North America,NAC,2014,15.1272334206736
XU,North America,NAC,2013,15.5857619251361
XU,North America,NAC,2012,16.0395748747515
XU,North America,NAC,2011,16.6179147941224
XU,North America,NAC,2010,17.1493158075872
OE,OECD members,OED,2022,17.3438000652895
OE,OECD members,OED,2021,18.1175602564437
OE,OECD members,OED,2020,18.6294122012379
OE,OECD members,OED,2019,17.2471292452412
OE,OECD members,OED,2018,17.107668360183
OE,OECD members,OED,2017,17.0775187568162
OE,OECD members,OED,2016,17.3065768997781
OE,OECD members,OED,2015,17.3145915340868
OE,OECD members,OED,2014,17.7495232825085
OE,OECD members,OED,2013,17.982171823698
OE,OECD members,OED,2012,18.1989986871176
OE,OECD members,OED,2011,18.46480013641
OE,OECD members,OED,2010,18.7539602037261
S4,Other small states,OSS,2023,20.1029070797068
S4,Other small states,OSS,2022,19.8731407699215
S4,Other small states,OSS,2021,20.8351880924152
S4,Other small states,OSS,2020,22.1127051230798
S4,Other small states,OSS,2019,19.5953292329723
S4,Other small states,OSS,2018,19.1352358056733
S4,Other small states,OSS,2017,19.4049218513852
S4,Other small states,OSS,2016,19.802466624589
S4,Other small states,OSS,2015,19.905640381803
S4,Other small states,OSS,2014,19.45442719026
S4,Other small states,OSS,2013,19.6157483870833
S4,Other small states,OSS,2012,19.6787777856137
S4,Other small states,OSS,2011,19.9643122960156
S4,Other small states,OSS,2010,20.5532153274897
V4,Post-demographic dividend,PST,2022,17.6588562287045
V4,Post-demographic dividend,PST,2021,18.3472702677125
V4,Post-demographic dividend,PST,2020,18.8197886650713
V4,Post-demographic dividend,PST,2019,17.3774363042587
V4,Post-demographic dividend,PST,2018,17.234246330669
V4,Post-demographic dividend,PST,2017,17.2221702592234
V4,Post-demographic dividend,PST,2016,17.4445939710428
V4,Post-demographic dividend,PST,2015,17.4881197166733
V4,Post-demographic dividend,PST,2014,17.9222648245176
V4,Post-demographic dividend,PST,2013,18.1833057940043
V4,Post-demographic dividend,PST,2012,18.4090692809013
V4,Post-demographic dividend,PST,2011,18.6913747814972
V4,Post-demographic dividend,PST,2010,18.9774191888408
S1,Small states,SST,2023,20.3477624653744
S1,Small states,SST,2022,19.7994982395871
S1,Small states,SST,2021,21.8664759673102
S1,Small states,SST,2020,23.2990926735112
S1,Small states,SST,2019,20.0406657905179
S1,Small states,SST,2018,19.4776720402587
S1,Small states,SST,2017,19.4106652232856
S1,Small states,SST,2016,19.3104810146733
S1,Small states,SST,2015,18.7579819603256
S1,Small states,SST,2014,18.6711315665257
S1,Small states,SST,2013,18.8690675296007
S1,Small states,SST,2012,18.9592386311892
S1,Small states,SST,2011,19.6495582018017
S1,Small states,SST,2010,19.9431173531668
8S,South Asia,SAS,2023,9.73507723834729
8S,South Asia,SAS,2022,9.6642137358236
8S,South Asia,SAS,2021,9.93612445042164
8S,South Asia,SAS,2020,10.9099918798807
8S,South Asia,SAS,2019,10.4305334761499
8S,South Asia,SAS,2018,10.2459422481639
8S,South Asia,SAS,2017,10.2156678474162
8S,South Asia,SAS,2016,9.79564165533001
8S,South Asia,SAS,2015,9.9734212081083
8S,South Asia,SAS,2014,10.0013582448905
8S,South Asia,SAS,2013,9.85389046991084
8S,South Asia,SAS,2012,10.2714382825817
8S,South Asia,SAS,2011,10.6731848870409
8S,South Asia,SAS,2010,10.6492487953791
T5,South Asia (IDA & IBRD),TSA,2023,9.73507723834729
T5,South Asia (IDA & IBRD),TSA,2022,9.6642137358236
T5,South Asia (IDA & IBRD),TSA,2021,9.93612445042164
T5,South Asia (IDA & IBRD),TSA,2020,10.9099918798807
T5,South Asia (IDA & IBRD),TSA,2019,10.4305334761499
T5,South Asia (IDA & IBRD),TSA,2018,10.2459422481639
T5,South Asia (IDA & IBRD),TSA,2017,10.2156678474162
T5,South Asia (IDA & IBRD),TSA,2016,9.79564165533001
T5,South Asia (IDA & IBRD),TSA,2015,9.9734212081083
T5,South Asia (IDA & IBRD),TSA,2014,10.0013582448905
T5,South Asia (IDA & IBRD),TSA,2013,9.85389046991084
T5,South Asia (IDA & IBRD),TSA,2012,10.2714382825817
T5,South Asia (IDA & IBRD),TSA,2011,10.6731848870409
T5,South Asia (IDA & IBRD),TSA,2010,10.6492487953791
ZG,Sub-Saharan Africa,SSF,2023,14.8610667775572
ZG,Sub-Saharan Africa,SSF,2022,14.4043373748236
ZG,Sub-Saharan Africa,SSF,2021,14.6514652829413
ZG,Sub-Saharan Africa,SSF,2020,14.5511197165027
ZG,Sub-Saharan Africa,SSF,2019,13.8198408218723
ZG,Sub-Saharan Africa,SSF,2018,15.6115669463209
ZG,Sub-Saharan Africa,SSF,2017,16.4144310353634
ZG,Sub-Saharan Africa,SSF,2016,15.8011411182062
ZG,Sub-Saharan Africa,SSF,2015,15.2472656187396
ZG,Sub-Saharan Africa,SSF,2014,15.3727726152789
ZG,Sub-Saharan Africa,SSF,2013,16.1796239562538
ZG,Sub-Saharan Africa,SSF,2012,16.2688975544497
ZG,Sub-Saharan Africa,SSF,2011,16.6224545133243
ZG,Sub-Saharan Africa,SSF,2010,15.8316113223584
ZF,Sub-Saharan Africa (excluding high income),SSA,2023,15.486342227703
ZF,Sub-Saharan Africa (excluding high income),SSA,2022,14.8487829952443
ZF,Sub-Saharan Africa (excluding high income),SSA,2021,14.9815781703529
ZF,Sub-Saharan Africa (excluding high income),SSA,2020,14.8510560461318
ZF,Sub-Saharan Africa (excluding high income),SSA,2019,14.0571500444783
ZF,Sub-Saharan Africa (excluding high income),SSA,2018,15.8927657864057
ZF,Sub-Saharan Africa (excluding high income),SSA,2017,16.3827471119607
ZF,Sub-Saharan Africa (excluding high income),SSA,2016,16.0416570327615
ZF,Sub-Saharan Africa (excluding high income),SSA,2015,15.5771668486496
ZF,Sub-Saharan Africa (excluding high income),SSA,2014,15.6859290446188
ZF,Sub-Saharan Africa (excluding high income),SSA,2013,16.5314043632527
ZF,Sub-Saharan Africa (excluding high income),SSA,2012,16.649281318824
ZF,Sub-Saharan Africa (excluding high income),SSA,2011,16.9308716388123
ZF,Sub-Saharan Africa (excluding high income),SSA,2010,16.1405725788906
T6,Sub-Saharan Africa (IDA & IBRD countries),TSS,2023,14.8610667775572
T6,Sub-Saharan Africa (IDA & IBRD countries),TSS,2022,14.4043373748236
T6,Sub-Saharan Africa (IDA & IBRD countries),TSS,2021,14.6514652829413
T6,Sub-Saharan Africa (IDA & IBRD countries),TSS,2020,14.5511197165027
T6,Sub-Saharan Africa (IDA & IBRD countries),TSS,2019,13.8198408218723
T6,Sub-Saharan Africa (IDA & IBRD countries),TSS,2018,15.6115669463209
T6,Sub-Saharan Africa (IDA & IBRD countries),TSS,2017,16.4144310353634
T6,Sub-Saharan Africa (IDA & IBRD countries),TSS,2016,15.8011411182061
T6,Sub-Saharan Africa (IDA & IBRD countries),TSS,2015,15.2472656187396
T6,Sub-Saharan Africa (IDA & IBRD countries),TSS,2014,15.3727726152789
T6,Sub-Saharan Africa (IDA & IBRD countries),TSS,2013,16.1796239562538
T6,Sub-Saharan Africa (IDA & IBRD countries),TSS,2012,16.2688975544497
T6,Sub-Saharan Africa (IDA & IBRD countries),TSS,2011,16.6224545133243
T6,Sub-Saharan Africa (IDA & IBRD countries),TSS,2010,15.8316113223584
XT,Upper middle income,,2023,16.2963265976906
XT,Upper middle income,,2022,15.8614288852937
XT,Upper middle income,,2021,15.8807728758315
XT,Upper middle income,,2020,17.1041300614683
XT,Upper middle income,,2019,16.4595797311589
XT,Upper middle income,,2018,16.1953886003573
XT,Upper middle income,,2017,16.1157472409906
XT,Upper middle income,,2016,16.1471603866357
XT,Upper middle income,,2015,16.0367037281262
XT,Upper middle income,,2014,15.6833793512524
XT,Upper middle income,,2013,15.6112830717105
XT,Upper middle income,,2012,15.4900286638792
XT,Upper middle income,,2011,15.3126091067441
XT,Upper middle income,,2010,14.9083606495719
1W,World,WLD,2023,16.7308151826664
1W,World,WLD,2022,16.5303397153764
1W,World,WLD,2021,17.0872773446612
1W,World,WLD,2020,17.9012982452256
1W,World,WLD,2019,16.710995151299
1W,World,WLD,2018,16.5849898068047
1W,World,WLD,2017,16.5627822373721
1W,World,WLD,2016,16.7350666964871
1W,World,WLD,2015,16.7440504723297
1W,World,WLD,2014,16.9111554964257
1W,World,WLD,2013,17.0639367069065
1W,World,WLD,2012,17.1288921834499
1W,World,WLD,2011,17.3194284673963
1W,World,WLD,2010,17.5060345096658
AF,Afghanistan,AFG,2023,21.2145146604881
AF,Afghanistan,AFG,2022,21.8454919236646
AF,Afghanistan,AFG,2021,21.2623843883974
AF,Afghanistan,AFG,2020,22.1092193573017
AL,Albania,ALB,2023,12.1218077852414
AL,Albania,ALB,2022,12.1443449725759
AL,Albania,ALB,2021,12.9573410290912
AL,Albania,ALB,2020,13.6673304618118
AL,Albania,ALB,2019,12.6759912713341
AL,Albania,ALB,2018,11.8666140811981
AL,Albania,ALB,2017,11.851016747215
AL,Albania,ALB,2016,12.1050326390236
AL,Albania,ALB,2015,11.6995817212428
AL,Albania,ALB,2014,12.2746384670784
AL,Albania,ALB,2013,11.7676839794264
AL,Albania,ALB,2012,11.7429129944326
AL,Albania,ALB,2011,11.8730326134018
AL,Albania,ALB,2010,11.6894266755022
DZ,Algeria,DZA,2023,17.9064173126831
DZ,Algeria,DZA,2022,16.5400734153236
DZ,Algeria,DZA,2021,18.4286289389909
DZ,Algeria,DZA,2020,19.8031597171656
DZ,Algeria,DZA,2019,18.2610260787535
DZ,Algeria,DZA,2018,17.4037117605062
DZ,Algeria,DZA,2017,18.8290421977276
DZ,Algeria,DZA,2016,20.0218426111777
DZ,Algeria,DZA,2015,20.5244656437501
DZ,Algeria,DZA,2014,18.9932826125176
DZ,Algeria,DZA,2013,18.535080427414
DZ,Algeria,DZA,2012,19.7502925593678
DZ,Algeria,DZA,2011,20.1129065782839
DZ,Algeria,DZA,2010,16.9633056770368
AO,Angola,AGO,2023,11.4124342408281
AO,Angola,AGO,2022,11.0015935806375
AO,Angola,AGO,2021,10.6324549113259
AO,Angola,AGO,2020,11.4461511598374
AO,Angola,AGO,2019,10.9876391749416
AO,Angola,AGO,2018,10.3390695869705
AO,Angola,AGO,2017,12.513953427254
AO,Angola,AGO,2016,14.7723921275852
AO,Angola,AGO,2015,17.5157411960111
AO,Angola,AGO,2014,19.2372167777476
AO,Angola,AGO,2013,23.2187693014755
AO,Angola,AGO,2012,19.2206005775826
AO,Angola,AGO,2011,19.6108702785931
AO,Angola,AGO,2010,18.0528160549635
AR,Argentina,ARG,2023,16.3015627890885
AR,Argentina,ARG,2022,15.7026090548718
AR,Argentina,ARG,2021,15.9158179423023
AR,Argentina,ARG,2020,16.8730073837365
AR,Argentina,ARG,2019,16.4432415862976
AR,Argentina,ARG,2018,15.8050971558947
AR,Argentina,ARG,2017,17.6968939223042
AR,Argentina,ARG,2016,17.6545781863509
AR,Argentina,ARG,2015,18.098379759087
AR,Argentina,ARG,2014,16.9498757371062
AR,Argentina,ARG,2013,16.8062377968797
AR,Argentina,ARG,2012,16.6454378106252
AR,Argentina,ARG,2011,15.6889565165983
AR,Argentina,ARG,2010,15.1637178886417
AM,Armenia,ARM,2023,12.0992285468561
AM,Armenia,ARM,2022,11.6764818949578
AM,Armenia,ARM,2021,13.649850256969
AM,Armenia,ARM,2020,14.9686182373692
AM,Armenia,ARM,2019,12.5645600985114
AM,Armenia,ARM,2018,11.4866903221706
AM,Armenia,ARM,2017,12.3185519874739
AM,Armenia,ARM,2016,13.4541585167703
AM,Armenia,ARM,2015,13.1115978061212
AM,Armenia,ARM,2014,12.0858534859076
AM,Armenia,ARM,2013,11.9350654316666
AM,Armenia,ARM,2012,10.9099638916146
AM,Armenia,ARM,2011,11.9102932556784
AM,Armenia,ARM,2010,12.0437077284519
AW,Aruba,ABW,2023,18.9016243810326
AW,Aruba,ABW,2022,20.36447283404
AW,Aruba,ABW,2021,22.8465703093355
AW,Aruba,ABW,2020,29.1602187981906
AW,Aruba,ABW,2019,22.9089458395218
AW,Aruba,ABW,2018,23.0710479682749
AW,Aruba,ABW,2017,23.0215595997143
AW,Aruba,ABW,2016,23.4875843310001
AW,Aruba,ABW,2015,23.2556245254405
AW,Aruba,ABW,2014,24.8237206145142
AW,Aruba,ABW,2013,26.1933092353851
AW,Aruba,ABW,2012,26.1779453788038
AW,Aruba,ABW,2011,25.1084551379907
AW,Aruba,ABW,2010,26.4651444384815
AU,Australia,AUS,2023,21.2449452137028
AU,Australia,AUS,2022,22.0179536839799
AU,Australia,AUS,2021,22.3669467050339
AU,Australia,AUS,2020,21.8138607927779
AU,Australia,AUS,2019,20.2893843805062
AU,Australia,AUS,2018,19.9423017325165
AU,Australia,AUS,2017,19.8687250416928
AU,Australia,AUS,2016,19.8952681410756
AU,Australia,AUS,2015,19.1109568570267
AU,Australia,AUS,2014,18.6961228698943
AU,Australia,AUS,2013,18.7749964695624
AU,Australia,AUS,2012,18.8350599059489
AU,Australia,AUS,2011,18.6079623317755
AU,Australia,AUS,2010,18.7746025195731
AT,Austria,AUT,2023,20.2679436557872
AT,Austria,AUT,2022,20.4896150467344
AT,Austria,AUT,2021,21.7317961073693
AT,Austria,AUT,2020,21.1529340170726
AT,Austria,AUT,2019,19.5313211345866
AT,Austria,AUT,2018,19.4423168006638
AT,Austria,AUT,2017,19.598940636538
AT,Austria,AUT,2016,19.7584191442748
AT,Austria,AUT,2015,19.8879548545364
AT,Austria,AUT,2014,19.9847608163281
AT,Austria,AUT,2013,20.0845066022548
AT,Austria,AUT,2012,19.9901506497011
AT,Austria,AUT,2011,20.0232182516466
AT,Austria,AUT,2010,20.6211987878032
AZ,Azerbaijan,AZE,2023,13.81500937233
AZ,Azerbaijan,AZE,2022,11.6421479898517
AZ,Azerbaijan,AZE,2021,13.867442319577
AZ,Azerbaijan,AZE,2020,16.2189420775689
AZ,Azerbaijan,AZE,2019,11.1234709302752
AZ,Azerbaijan,AZE,2018,10.4664635668981
AZ,Azerbaijan,AZE,2017,11.3414124411056
AZ,Azerbaijan,AZE,2016,12.8320634437288
AZ,Azerbaijan,AZE,2015,12.4082383229128
AZ,Azerbaijan,AZE,2014,10.8858730371216
AZ,Azerbaijan,AZE,2013,10.2832491148465
AZ,Azerbaijan,AZE,2012,10.5259600648111
AZ,Azerbaijan,AZE,2011,10.1276832686917
AZ,Azerbaijan,AZE,2010,10.8814317673378
BS,"Bahamas, The",BHS,2023,13.1128325682817
BS,"Bahamas, The",BHS,2022,13.1735363536929
BS,"Bahamas, The",BHS,2021,17.3440225969926
BS,"Bahamas, The",BHS,2020,21.7683727034121
BS,"Bahamas, The",BHS,2019,12.6549672365745
BS,"Bahamas, The",BHS,2018,11.2721542685971
BS,"Bahamas, The",BHS,2017,11.7105464011119
BS,"Bahamas, The",BHS,2016,10.718043245882
BS,"Bahamas, The",BHS,2015,11.3680137865784
BS,"Bahamas, The",BHS,2014,11.1355495506818
BS,"Bahamas, The",BHS,2013,11.7380886466259
BS,"Bahamas, The",BHS,2012,13.0881310398866
BS,"Bahamas, The",BHS,2011,13.7590673703757
BS,"Bahamas, The",BHS,2010,12.5171359065588
BH,Bahrain,BHR,2023,14.6137011761089
BH,Bahrain,BHR,2022,13.6922335799518
BH,Bahrain,BHR,2021,15.2083548234166
BH,Bahrain,BHR,2020,16.5555426921807
BH,Bahrain,BHR,2019,14.994212256707
BH,Bahrain,BHR,2018,15.5591911576898
BH,Bahrain,BHR,2017,15.8528823698032
BH,Bahrain,BHR,2016,16.2780346984139
BH,Bahrain,BHR,2015,16.8844592583385
BH,Bahrain,BHR,2014,15.4830750309573
BH,Bahrain,BHR,2013,14.9618991678442
BH,Bahrain,BHR,2012,14.8557525893975
BH,Bahrain,BHR,2011,13.3095861279241
BH,Bahrain,BHR,2010,12.3894325358045
BD,Bangladesh,BGD,2023,5.66516962733289
BD,Bangladesh,BGD,2022,5.69899955596024
BD,Bangladesh,BGD,2021,5.88274868783073
BD,Bangladesh,BGD,2020,5.97120729189186
BD,Bangladesh,BGD,2019,6.2381894055709
BD,Bangladesh,BGD,2018,5.95916693091491
BD,Bangladesh,BGD,2017,6.02233215987973
BD,Bangladesh,BGD,2016,5.86529831496558
BD,Bangladesh,BGD,2015,5.40424038147983
BD,Bangladesh,BGD,2014,5.33752075651661
BD,Bangladesh,BGD,2013,5.11613164192944
BD,Bangladesh,BGD,2012,5.03934251857421
BD,Bangladesh,BGD,2011,5.0974466876342
BD,Bangladesh,BGD,2010,5.07532583559895
BY,Belarus,BLR,2023,17.8518963705848
BY,Belarus,BLR,2022,17.2288777285138
BY,Belarus,BLR,2021,16.8160720040254
BY,Belarus,BLR,2020,16.9649774780792
BY,Belarus,BLR,2019,16.8429795126774
BY,Belarus,BLR,2018,15.7394924938501
BY,Belarus,BLR,2017,15.652843263526
BY,Belarus,BLR,2016,15.6531401067942
BY,Belarus,BLR,2015,14.9217643769907
BY,Belarus,BLR,2014,13.7542695534472
BY,Belarus,BLR,2013,13.4298113058447
BY,Belarus,BLR,2012,13.5666972902762
BY,Belarus,BLR,2011,13.4483555468763
BY,Belarus,BLR,2010,16.0213954939935
BE,Belgium,BEL,2023,23.5329643613137
BE,Belgium,BEL,2022,23.5865586358746
BE,Belgium,BEL,2021,23.8396339313803
BE,Belgium,BEL,2020,24.3008045914304
BE,Belgium,BEL,2019,23.0038112825895
BE,Belgium,BEL,2018,23.1696191313969
BE,Belgium,BEL,2017,23.1178023270709
BE,Belgium,BEL,2016,23.3498908084191
BE,Belgium,BEL,2015,23.681203644432
BE,Belgium,BEL,2014,24.1169029008666
BE,Belgium,BEL,2013,24.205791803329
BE,Belgium,BEL,2012,24.1930798182891
BE,Belgium,BEL,2011,23.8730556199494
BE,Belgium,BEL,2010,23.7260022508386
BZ,Belize,BLZ,2023,15.8201811308365
BZ,Belize,BLZ,2022,15.8042476117203
BZ,Belize,BLZ,2021,16.6281627579605
BZ,Belize,BLZ,2020,17.2815933847204
BZ,Belize,BLZ,2019,18.8183305235662
BZ,Belize,BLZ,2018,19.4628711158798
BZ,Belize,BLZ,2017,18.8215967740032
BZ,Belize,BLZ,2016,18.1188316269796
BZ,Belize,BLZ,2015,17.1820018844144
BZ,Belize,BLZ,2014,16.263195067425
BZ,Belize,BLZ,2013,16.4576973827204
BZ,Belize,BLZ,2012,16.011230079441
BZ,Belize,BLZ,2011,16.285214809732
BZ,Belize,BLZ,2010,16.3373725063014
BJ,Benin,BEN,2023,9.5040595229118
BJ,Benin,BEN,2022,10.0575798056106
BJ,Benin,BEN,2021,10.075964534303
BJ,Benin,BEN,2020,11.3993621464496
BJ,Benin,BEN,2019,10.3420632400446
BJ,Benin,BEN,2018,10.4105053943384
BJ,Benin,BEN,2017,10.4789842865023
BJ,Benin,BEN,2016,10.2808187596981
BJ,Benin,BEN,2015,11.4113801450627
BJ,Benin,BEN,2014,10.1801970840633
BJ,Benin,BEN,2013,11.0422342334299
BJ,Benin,BEN,2012,11.1283007356691
BJ,Benin,BEN,2011,11.0235419657792
BJ,Benin,BEN,2010,11.2118694926743
BM,Bermuda,BMU,2023,11.368766611316
BM,Bermuda,BMU,2022,11.9364049059856
BM,Bermuda,BMU,2021,12.318359975402
BM,Bermuda,BMU,2020,12.7247812080209
BM,Bermuda,BMU,2019,12.2567291689258
BM,Bermuda,BMU,2018,11.7283240729939
BM,Bermuda,BMU,2017,11.6269288561301
BM,Bermuda,BMU,2016,12.1305912496553
BM,Bermuda,BMU,2015,12.5031463477346
BM,Bermuda,BMU,2014,12.8349164357651
BM,Bermuda,BMU,2013,13.6558354506418
BM,Bermuda,BMU,2012,14.1060125540357
BM,Bermuda,BMU,2011,14.0446443521471
BM,Bermuda,BMU,2010,13.8163449807869
BT,Bhutan,BTN,2023,20.3353967828134
BT,Bhutan,BTN,2022,21.0173313155104
BT,Bhutan,BTN,2021,22.6722251193985
BT,Bhutan,BTN,2020,22.3153543493509
BT,Bhutan,BTN,2019,19.1177473889876
BT,Bhutan,BTN,2018,18.4949254691549
BT,Bhutan,BTN,2017,18.1851042374345
BT,Bhutan,BTN,2016,18.1053243492064
BT,Bhutan,BTN,2015,19.1338713636951
BT,Bhutan,BTN,2014,18.1267964157003
BT,Bhutan,BTN,2013,18.3622984774485
BT,Bhutan,BTN,2012,20.2848791621702
BT,Bhutan,BTN,2011,21.1374784281586
BT,Bhutan,BTN,2010,21.2189303810615
BO,Bolivia,BOL,2023,16.8530546961722
BO,Bolivia,BOL,2022,16.3831026050567
BO,Bolivia,BOL,2021,16.9868563354909
BO,Bolivia,BOL,2020,18.606656345504
BO,Bolivia,BOL,2019,16.115250287981
BO,Bolivia,BOL,2018,16.0782526056378
BO,Bolivia,BOL,2017,15.1955405478657
BO,Bolivia,BOL,2016,17.4582521973373
BO,Bolivia,BOL,2015,17.4952582258727
BO,Bolivia,BOL,2014,14.7070466402409
BO,Bolivia,BOL,2013,13.8415143362661
BO,Bolivia,BOL,2012,13.4396269650146
BO,Bolivia,BOL,2011,13.7771015326236
BO,Bolivia,BOL,2010,13.831218450538
BA,Bosnia and Herzegovina,BIH,2023,19.1261848173666
BA,Bosnia and Herzegovina,BIH,2022,18.661917599169
BA,Bosnia and Herzegovina,BIH,2021,19.4015209289746
BA,Bosnia and Herzegovina,BIH,2020,20.7503447462277
BA,Bosnia and Herzegovina,BIH,2019,19.3589709289337
BA,Bosnia and Herzegovina,BIH,2018,19.6573521170013
BA,Bosnia and Herzegovina,BIH,2017,20.1653338742345
BA,Bosnia and Herzegovina,BIH,2016,20.9094484105117
BA,Bosnia and Herzegovina,BIH,2015,21.9698064883276
BA,Bosnia and Herzegovina,BIH,2014,22.8610434691357
BA,Bosnia and Herzegovina,BIH,2013,22.8257766277783
BA,Bosnia and Herzegovina,BIH,2012,23.3654292280655
BA,Bosnia and Herzegovina,BIH,2011,23.0899893417252
BA,Bosnia and Herzegovina,BIH,2010,23.1270966380596
BW,Botswana,BWA,2023,29.2900715297286
BW,Botswana,BWA,2022,27.8884041765419
BW,Botswana,BWA,2021,31.5305263637302
BW,Botswana,BWA,2020,36.1431463788663
BW,Botswana,BWA,2019,31.6419395023481
BW,Botswana,BWA,2018,29.0985189512999
BW,Botswana,BWA,2017,28.8780859521463
BW,Botswana,BWA,2016,28.4757218286483
BW,Botswana,BWA,2015,31.6393989708793
BW,Botswana,BWA,2014,29.2537913997764
BW,Botswana,BWA,2013,31.0633222428851
BW,Botswana,BWA,2012,31.8383799827492
BW,Botswana,BWA,2011,28.3311194802288
BW,Botswana,BWA,2010,30.7752600268408
BR,Brazil,BRA,2023,19.0426107944103
BR,Brazil,BRA,2022,18.4022127200972
BR,Brazil,BRA,2021,18.5475883604547
BR,Brazil,BRA,2020,20.1351530146558
BR,Brazil,BRA,2019,19.9835812871943
BR,Brazil,BRA,2018,19.8950877838984
BR,Brazil,BRA,2017,20.1619046967128
BR,Brazil,BRA,2016,20.3792974269012
BR,Brazil,BRA,2015,19.7768199561866
BR,Brazil,BRA,2014,19.1535387106968
BR,Brazil,BRA,2013,18.8924789945529
BR,Brazil,BRA,2012,18.530103265812
BR,Brazil,BRA,2011,18.6692569362796
BR,Brazil,BRA,2010,19.0168578361845
BN,Brunei Darussalam,BRN,2023,22.8682451787794
BN,Brunei Darussalam,BRN,2022,20.124238185447
BN,Brunei Darussalam,BRN,2021,22.4670591025892
BN,Brunei Darussalam,BRN,2020,25.4309862541788
BN,Brunei Darussalam,BRN,2019,25.0403962194955
BN,Brunei Darussalam,BRN,2018,24.1417286550942
BN,Brunei Darussalam,BRN,2017,26.4772470161103
BN,Brunei Darussalam,BRN,2016,26.2231785594048
BN,Brunei Darussalam,BRN,2015,25.0616657972591
BN,Brunei Darussalam,BRN,2014,21.4176335253563
BN,Brunei Darussalam,BRN,2013,20.1643799499486
BN,Brunei Darussalam,BRN,2012,18.4380612665171
BN,Brunei Darussalam,BRN,2011,18.7287967375108
BN,Brunei Darussalam,BRN,2010,22.1519357509498
BG,Bulgaria,BGR,2023,18.4564371446211
BG,Bulgaria,BGR,2022,18.2797383544062
BG,Bulgaria,BGR,2021,18.8942579133309
BG,Bulgaria,BGR,2020,19.3251141847366
BG,Bulgaria,BGR,2019,16.8038914263273
BG,Bulgaria,BGR,2018,16.4797908950834
BG,Bulgaria,BGR,2017,15.5845769435159
BG,Bulgaria,BGR,2016,15.5888636114576
BG,Bulgaria,BGR,2015,16.089141458635
BG,Bulgaria,BGR,2014,16.833076863621
BG,Bulgaria,BGR,2013,17.0826070059115
BG,Bulgaria,BGR,2012,15.790962526113
BG,Bulgaria,BGR,2011,15.849987567536
BG,Bulgaria,BGR,2010,16.5024385412597
BF,Burkina Faso,BFA,2023,20.8974398580733
BF,Burkina Faso,BFA,2022,20.9839929953881
BF,Burkina Faso,BFA,2021,20.2479804523801
BF,Burkina Faso,BFA,2020,19.7841401519952
BF,Burkina Faso,BFA,2019,20.4999424066528
BF,Burkina Faso,BFA,2018,18.419409475168
BF,Burkina Faso,BFA,2017,17.7393231525305
BF,Burkina Faso,BFA,2016,16.5070965979117
BF,Burkina Faso,BFA,2015,15.9440802560458
BF,Burkina Faso,BFA,2014,15.474778613438
BF,Burkina Faso,BFA,2013,14.6555862871714
BF,Burkina Faso,BFA,2012,14.2545817669135
BF,Burkina Faso,BFA,2011,14.2866253805326
BF,Burkina Faso,BFA,2010,14.457528015174
BI,Burundi,BDI,2023,23.4920286407168
BI,Burundi,BDI,2022,25.6227743547335
BI,Burundi,BDI,2021,24.8626819357677
BI,Burundi,BDI,2020,25.7299573934325
BI,Burundi,BDI,2019,24.4455203896315
BI,Burundi,BDI,2018,23.9950865185295
BI,Burundi,BDI,2017,24.1313841628672
BI,Burundi,BDI,2016,23.7098417296399
BI,Burundi,BDI,2015,24.7636871326286
BI,Burundi,BDI,2014,25.8995915476602
BI,Burundi,BDI,2013,24.6999881180297
BI,Burundi,BDI,2012,23.3592798479488
BI,Burundi,BDI,2011,22.9000817159208
BI,Burundi,BDI,2010,21.9000002798828
CV,Cabo Verde,CPV,2023,22.55276028434
CV,Cabo Verde,CPV,2022,22.365022001237
CV,Cabo Verde,CPV,2021,26.5876325060221
CV,Cabo Verde,CPV,2020,25.729310475556
CV,Cabo Verde,CPV,2019,19.8144671965614
CV,Cabo Verde,CPV,2018,18.1291233549744
CV,Cabo Verde,CPV,2017,17.7675351284663
CV,Cabo Verde,CPV,2016,19.8316445191845
CV,Cabo Verde,CPV,2015,20.2594635661932
CV,Cabo Verde,CPV,2014,19.7924331719005
CV,Cabo Verde,CPV,2013,18.7509657708995
CV,Cabo Verde,CPV,2012,18.5150511457677
CV,Cabo Verde,CPV,2011,19.8861881451878
CV,Cabo Verde,CPV,2010,19.789478169377
KH,Cambodia,KHM,2023,6.07786090254716
KH,Cambodia,KHM,2022,5.8998539290284
KH,Cambodia,KHM,2021,6.56578640454773
KH,Cambodia,KHM,2020,5.42216584441989
KH,Cambodia,KHM,2019,4.8093386379996
KH,Cambodia,KHM,2018,4.94820757909564
KH,Cambodia,KHM,2017,5.24450335654665
KH,Cambodia,KHM,2016,5.32085003676989
KH,Cambodia,KHM,2015,5.46108287495604
KH,Cambodia,KHM,2014,5.64093045299287
KH,Cambodia,KHM,2013,5.82900284861149
KH,Cambodia,KHM,2012,5.94560756780208
KH,Cambodia,KHM,2011,6.16017209860721
KH,Cambodia,KHM,2010,6.47508291551917
CM,Cameroon,CMR,2023,11.2406870791033
CM,Cameroon,CMR,2022,10.5075554912877
CM,Cameroon,CMR,2021,12.0432363133751
CM,Cameroon,CMR,2020,12.2819316968054
CM,Cameroon,CMR,2019,12.0963512548066
CM,Cameroon,CMR,2018,11.920018840418
CM,Cameroon,CMR,2017,11.6804244481323
CM,Cameroon,CMR,2016,12.1243456243326
CM,Cameroon,CMR,2015,12.2538855757043
CM,Cameroon,CMR,2014,12.058933037832
CM,Cameroon,CMR,2013,12.2644051897938
CM,Cameroon,CMR,2012,12.2579541224464
CM,Cameroon,CMR,2011,12.054704648339
CM,Cameroon,CMR,2010,11.4130574105196
CA,Canada,CAN,2023,20.9054437744776
CA,Canada,CAN,2022,20.4184233971953
CA,Canada,CAN,2021,21.2842897783513
CA,Canada,CAN,2020,22.7011077555498
CA,Canada,CAN,2019,20.6634960880685
CA,Canada,CAN,2018,20.6814326967462
CA,Canada,CAN,2017,20.7033313853187
CA,Canada,CAN,2016,21.0480401948524
CA,Canada,CAN,2015,20.8778251262785
CA,Canada,CAN,2014,20.266560128167
CA,Canada,CAN,2013,20.7043347111761
CA,Canada,CAN,2012,21.0578451788387
CA,Canada,CAN,2011,21.1458668604215
CA,Canada,CAN,2010,21.4754574603582
KY,Cayman Islands,CYM,2020,2.55899943532413
KY,Cayman Islands,CYM,2019,2.35481310281108
KY,Cayman Islands,CYM,2018,2.1113327004712
KY,Cayman Islands,CYM,2017,2.01383568290918
CF,Central African Republic,CAF,2023,8.33527999694578
CF,Central African Republic,CAF,2022,8.33527999723824
CF,Central African Republic,CAF,2021,9.14075000341498
CF,Central African Republic,CAF,2020,9.67704000219521
CF,Central African Republic,CAF,2019,8.0446400022651
CF,Central African Republic,CAF,2018,7.70001000295874
CF,Central African Republic,CAF,2017,14.0670343149476
CF,Central African Republic,CAF,2016,14.408108617903
CF,Central African Republic,CAF,2015,14.776798538189
CF,Central African Republic,CAF,2014,15.5309338184523
CF,Central African Republic,CAF,2013,17.3592051258419
CF,Central African Republic,CAF,2012,10.9198859827975
CF,Central African Republic,CAF,2011,7.14770875692839
CF,Central African Republic,CAF,2010,7.63618270005339
TD,Chad,TCD,2023,9.39409136356972
TD,Chad,TCD,2022,8.8051701758117
TD,Chad,TCD,2021,9.33553170706264
TD,Chad,TCD,2020,9.63713677698176
TD,Chad,TCD,2019,8.48865154975086
TD,Chad,TCD,2018,8.15520088031379
TD,Chad,TCD,2017,9.56813070886601
TD,Chad,TCD,2016,10.8312408448115
TD,Chad,TCD,2015,6.99882928975911
TD,Chad,TCD,2014,8.71275886033188
TD,Chad,TCD,2013,11.3877074043518
TD,Chad,TCD,2012,11.4888192552861
TD,Chad,TCD,2011,12.0219212195258
TD,Chad,TCD,2010,10.9370714292223
CL,Chile,CHL,2023,15.299339236854
CL,Chile,CHL,2022,14.7249541091785
CL,Chile,CHL,2021,14.7373122384899
CL,Chile,CHL,2020,16.0263618695537
CL,Chile,CHL,2019,15.2539557255243
CL,Chile,CHL,2018,14.856473757383
CL,Chile,CHL,2017,14.6487131962187
CL,Chile,CHL,2016,14.3426676192841
CL,Chile,CHL,2015,13.5921177180299
CL,Chile,CHL,2014,13.2263259780646
CL,Chile,CHL,2013,12.7855842175532
CL,Chile,CHL,2012,12.3259315107792
CL,Chile,CHL,2011,12.3111909097858
CL,Chile,CHL,2010,12.5461769482963
CN,China,CHN,2023,17.1891419707315
CN,China,CHN,2022,16.6626986358672
CN,China,CHN,2021,16.3512045683208
CN,China,CHN,2020,17.6037978191606
CN,China,CHN,2019,17.1510123948127
CN,China,CHN,2018,16.8365384091475
CN,China,CHN,2017,16.501760892272
CN,China,CHN,2016,16.4004661104345
CN,China,CHN,2015,16.2578121496943
CN,China,CHN,2014,15.8783188765672
CN,China,CHN,2013,15.9462837052091
CN,China,CHN,2012,15.9047696976095
CN,China,CHN,2011,15.511543498627
CN,China,CHN,2010,14.837784222569
CO,Colombia,COL,2023,14.6540810646728
CO,Colombia,COL,2022,14.0050262426423
CO,Colombia,COL,2021,16.04633106217
CO,Colombia,COL,2020,17.15883586003
CO,Colombia,COL,2019,15.7732334152149
CO,Colombia,COL,2018,15.4214808598175
CO,Colombia,COL,2017,14.8806426275244
CO,Colombia,COL,2016,14.5412847223026
CO,Colombia,COL,2015,14.8116297912742
CO,Colombia,COL,2014,14.2437505161207
CO,Colombia,COL,2013,14.0973234578689
CO,Colombia,COL,2012,13.4754773768318
CO,Colombia,COL,2011,13.3492616590983
CO,Colombia,COL,2010,13.7602470315774
KM,Comoros,COM,2023,9.44262274742877
KM,Comoros,COM,2022,9.6086867871538
KM,Comoros,COM,2021,10.1267158041932
KM,Comoros,COM,2020,10.5607884034007
KM,Comoros,COM,2019,10.0948841000297
KM,Comoros,COM,2018,10.229688934695
KM,Comoros,COM,2017,10.823776632134
KM,Comoros,COM,2016,10.6149160629911
KM,Comoros,COM,2015,10.5919046751925
KM,Comoros,COM,2014,10.2752327037229
KM,Comoros,COM,2013,9.32676654324183
KM,Comoros,COM,2012,10.0436065493696
KM,Comoros,COM,2011,10.6599505248952
KM,Comoros,COM,2010,11.1388350096603
CD,"Congo, Dem. Rep.",COD,2023,16.8866147903097
CD,"Congo, Dem. Rep.",COD,2022,17.2337882834927
CD,"Congo, Dem. Rep.",COD,2021,15.395850115308
CD,"Congo, Dem. Rep.",COD,2020,16.6449520609411
CD,"Congo, Dem. Rep.",COD,2019,18.1548551592585
CD,"Congo, Dem. Rep.",COD,2018,15.458640012583
CD,"Congo, Dem. Rep.",COD,2017,15.069716676648
CD,"Congo, Dem. Rep.",COD,2016,18.0121757701771
CD,"Congo, Dem. Rep.",COD,2015,17.2949642088958
CD,"Congo, Dem. Rep.",COD,2014,15.4281966029746
CD,"Congo, Dem. Rep.",COD,2013,14.2309746384014
CD,"Congo, Dem. Rep.",COD,2012,11.493754875181
CD,"Congo, Dem. Rep.",COD,2011,11.4925113672991
CD,"Congo, Dem. Rep.",COD,2010,9.19096389251508
CG,"Congo, Rep.",COG,2023,13.0993020877754
CG,"Congo, Rep.",COG,2022,11.836792240361
CG,"Congo, Rep.",COG,2021,14.8705070974177
CG,"Congo, Rep.",COG,2020,17.4783555029861
CG,"Congo, Rep.",COG,2019,13.2408750888074
CG,"Congo, Rep.",COG,2018,13.5041075595188
CG,"Congo, Rep.",COG,2017,18.0865862122574
CG,"Congo, Rep.",COG,2016,21.3085234763745
CG,"Congo, Rep.",COG,2015,19.3062714257081
CG,"Congo, Rep.",COG,2014,16.7341898264262
CG,"Congo, Rep.",COG,2013,14.0730144980116
CG,"Congo, Rep.",COG,2012,13.7571530354376
CG,"Congo, Rep.",COG,2011,12.8349574887585
CG,"Congo, Rep.",COG,2010,10.5717695005542
CR,Costa Rica,CRI,2023,14.873493459823
CR,Costa Rica,CRI,2022,15.3958787283636
CR,Costa Rica,CRI,2021,16.5307979779817
CR,Costa Rica,CRI,2020,17.7047320692606
CR,Costa Rica,CRI,2019,16.7512009792355
CR,Costa Rica,CRI,2018,16.1957338928329
CR,Costa Rica,CRI,2017,16.3581746478518
CR,Costa Rica,CRI,2016,16.7086790790549
CR,Costa Rica,CRI,2015,16.9602419140685
CR,Costa Rica,CRI,2014,17.0113032501812
CR,Costa Rica,CRI,2013,17.1301891401507
CR,Costa Rica,CRI,2012,16.7900477033521
CR,Costa Rica,CRI,2011,16.9618362201618
CR,Costa Rica,CRI,2010,16.6207106449752
CI,Cote d'Ivoire,CIV,2023,9.26221456590428
CI,Cote d'Ivoire,CIV,2022,9.46903676410753
CI,Cote d'Ivoire,CIV,2021,9.96265946726249
CI,Cote d'Ivoire,CIV,2020,11.3216044456757
CI,Cote d'Ivoire,CIV,2019,10.8276425991993
CI,Cote d'Ivoire,CIV,2018,10.047344032596
CI,Cote d'Ivoire,CIV,2017,10.2683859615717
CI,Cote d'Ivoire,CIV,2016,9.86519507238038
CI,Cote d'Ivoire,CIV,2015,9.34787599976032
HR,Croatia,HRV,2023,20.9014881150441
HR,Croatia,HRV,2022,21.1186699180416
HR,Croatia,HRV,2021,23.0732257039235
HR,Croatia,HRV,2020,24.8876066017549
HR,Croatia,HRV,2019,21.6961954688798
HR,Croatia,HRV,2018,21.6739078048576
HR,Croatia,HRV,2017,21.7966877128331
HR,Croatia,HRV,2016,21.9611727546405
HR,Croatia,HRV,2015,22.4560874135699
HR,Croatia,HRV,2014,23.0870594382284
HR,Croatia,HRV,2013,22.5750195433825
HR,Croatia,HRV,2012,22.7097789792741
HR,Croatia,HRV,2011,22.7567325896497
HR,Croatia,HRV,2010,22.2933555431377
CU,Cuba,CUB,2023,26.7223820119028
CU,Cuba,CUB,2022,32.6936168935686
CU,Cuba,CUB,2021,33.8264694122351
CU,Cuba,CUB,2020,38.8479022281839
CU,Cuba,CUB,2019,32.232015438819
CU,Cuba,CUB,2018,30.0449666704318
CU,Cuba,CUB,2017,30.8386160469918
CU,Cuba,CUB,2016,31.8958566234003
CU,Cuba,CUB,2015,32.2062712319586
CU,Cuba,CUB,2014,32.4067243519089
CU,Cuba,CUB,2013,32.4467257738373
CU,Cuba,CUB,2012,31.9150681560274
CU,Cuba,CUB,2011,35.421075518191
CU,Cuba,CUB,2010,34.7593582887701
CW,Curacao,CUW,2018,14.478287356986
CW,Curacao,CUW,2017,16.1220056391969
CW,Curacao,CUW,2016,16.0670225187566
CW,Curacao,CUW,2015,15.7199312378092
CW,Curacao,CUW,2014,15.6564463024547
CW,Curacao,CUW,2013,14.1636752040442
CW,Curacao,CUW,2012,16.0282533404287
CW,Curacao,CUW,2011,15.8116554657296
CW,Curacao,CUW,2010,16.1918532831074
CY,Cyprus,CYP,2023,18.4416024400142
CY,Cyprus,CYP,2022,17.9936859679305
CY,Cyprus,CYP,2021,18.7839611599537
CY,Cyprus,CYP,2020,19.2034035770133
CY,Cyprus,CYP,2019,16.0348848806971
CY,Cyprus,CYP,2018,14.711254825282
CY,Cyprus,CYP,2017,15.0336429268327
CY,Cyprus,CYP,2016,15.487159442376
CY,Cyprus,CYP,2015,16.6093100075551
CY,Cyprus,CYP,2014,17.0727810804208
CY,Cyprus,CYP,2013,18.7335653096676
CY,Cyprus,CYP,2012,19.1014564892632
CY,Cyprus,CYP,2011,19.3608887386673
CY,Cyprus,CYP,2010,18.7471157245929
CZ,Czechia,CZE,2023,19.5529041451606
CZ,Czechia,CZE,2022,19.4414735473211
CZ,Czechia,CZE,2021,20.7709874590881
CZ,Czechia,CZE,2020,21.3198902324822
CZ,Czechia,CZE,2019,19.2646329881001
CZ,Czechia,CZE,2018,19.1749183174686
CZ,Czechia,CZE,2017,18.5098151426127
CZ,Czechia,CZE,2016,18.7814653223292
CZ,Czechia,CZE,2015,18.807763768664
CZ,Czechia,CZE,2014,19.1899663567148
CZ,Czechia,CZE,2013,19.5991807169614
CZ,Czechia,CZE,2012,19.3133426541368
CZ,Czechia,CZE,2011,19.6370766392657
CZ,Czechia,CZE,2010,20.3296245529329
DK,Denmark,DNK,2023,22.617097497429
DK,Denmark,DNK,2022,21.7803158451184
DK,Denmark,DNK,2021,23.9787227305152
DK,Denmark,DNK,2020,24.6799875258246
DK,Denmark,DNK,2019,24.2047767614883
DK,Denmark,DNK,2018,24.3811073900807
DK,Denmark,DNK,2017,24.4496622577768
DK,Denmark,DNK,2016,24.9429154800128
DK,Denmark,DNK,2015,25.5463558237146
DK,Denmark,DNK,2014,25.7974203785069
DK,Denmark,DNK,2013,25.9285043343491
DK,Denmark,DNK,2012,26.5003228378334
DK,Denmark,DNK,2011,26.5405591973408
DK,Denmark,DNK,2010,27.3361076692926
DJ,Djibouti,DJI,2023,17.0952967214066
DJ,Djibouti,DJI,2022,21.5891928401356
DJ,Djibouti,DJI,2021,18.1462403988085
DJ,Djibouti,DJI,2020,19.8438122308273
DJ,Djibouti,DJI,2019,19.810959232023
DJ,Djibouti,DJI,2018,21.350138897968
DJ,Djibouti,DJI,2017,21.7735536161827
DJ,Djibouti,DJI,2016,22.2299077070923
DJ,Djibouti,DJI,2015,19.9111202338378
DJ,Djibouti,DJI,2014,19.0422496667967
DJ,Djibouti,DJI,2013,19.6559696152364
DO,Dominican Republic,DOM,2023,11.2787393309517
DO,Dominican Republic,DOM,2022,10.9578295683435
DO,Dominican Republic,DOM,2021,10.4769394644063
DO,Dominican Republic,DOM,2020,12.0062907437446
DO,Dominican Republic,DOM,2019,10.4392552012067
DO,Dominican Republic,DOM,2018,10.1454233339167
DO,Dominican Republic,DOM,2017,10.667738860033
DO,Dominican Republic,DOM,2016,10.3233829732791
DO,Dominican Republic,DOM,2015,10.3174583695894
DO,Dominican Republic,DOM,2014,10.4971698369669
DO,Dominican Republic,DOM,2013,10.4695035935792
DO,Dominican Republic,DOM,2012,9.90571903286609
DO,Dominican Republic,DOM,2011,9.33525688896479
DO,Dominican Republic,DOM,2010,9.93802246934321
EC,Ecuador,ECU,2023,13.5836201122079
EC,Ecuador,ECU,2022,13.5357543693328
EC,Ecuador,ECU,2021,14.4433893877456
EC,Ecuador,ECU,2020,16.3225877996763
EC,Ecuador,ECU,2019,15.184077301137
EC,Ecuador,ECU,2018,15.5567599876593
EC,Ecuador,ECU,2017,15.2975347755569
EC,Ecuador,ECU,2016,15.6897053000134
EC,Ecuador,ECU,2015,15.3738143732739
EC,Ecuador,ECU,2014,14.7396467646102
EC,Ecuador,ECU,2013,14.2480971433732
EC,Ecuador,ECU,2012,13.7469463742699
EC,Ecuador,ECU,2011,13.0638269394594
EC,Ecuador,ECU,2010,13.6565759414611
EG,"Egypt, Arab Rep.",EGY,2023,6.78850660732221
EG,"Egypt, Arab Rep.",EGY,2022,7.26809053235575
EG,"Egypt, Arab Rep.",EGY,2021,7.55804355330102
EG,"Egypt, Arab Rep.",EGY,2020,7.5399018301206
EG,"Egypt, Arab Rep.",EGY,2019,7.2855611150822
EG,"Egypt, Arab Rep.",EGY,2018,7.94222279370794
EG,"Egypt, Arab Rep.",EGY,2017,9.57903662572827
EG,"Egypt, Arab Rep.",EGY,2016,11.4268841809995
EG,"Egypt, Arab Rep.",EGY,2015,11.7598919759401
EG,"Egypt, Arab Rep.",EGY,2014,11.849765258216
EG,"Egypt, Arab Rep.",EGY,2013,11.3523973339067
EG,"Egypt, Arab Rep.",EGY,2012,11.1781214545889
EG,"Egypt, Arab Rep.",EGY,2011,11.4506600539713
EG,"Egypt, Arab Rep.",EGY,2010,11.163600198906
SV,El Salvador,SLV,2023,19.0636599462278
SV,El Salvador,SLV,2022,18.8109426635356
SV,El Salvador,SLV,2021,19.3467717333594
SV,El Salvador,SLV,2020,19.6968523573714
SV,El Salvador,SLV,2019,16.0320209633966
SV,El Salvador,SLV,2018,16.1096582163919
SV,El Salvador,SLV,2017,16.1331092000982
SV,El Salvador,SLV,2016,16.3164393340948
SV,El Salvador,SLV,2015,16.497441787438
SV,El Salvador,SLV,2014,15.9541672881589
SV,El Salvador,SLV,2013,16.3058820533528
SV,El Salvador,SLV,2012,15.7574411476586
SV,El Salvador,SLV,2011,15.7558896813119
SV,El Salvador,SLV,2010,15.7115815766764
GQ,Equatorial Guinea,GNQ,2023,26.2033825636043
GQ,Equatorial Guinea,GNQ,2022,22.1620665334551
GQ,Equatorial Guinea,GNQ,2021,25.4888078033074
GQ,Equatorial Guinea,GNQ,2020,28.4349315814674
GQ,Equatorial Guinea,GNQ,2019,25.4606719871873
GQ,Equatorial Guinea,GNQ,2018,23.5278374099566
GQ,Equatorial Guinea,GNQ,2017,23.6949369917015
GQ,Equatorial Guinea,GNQ,2016,25.3273260838461
GQ,Equatorial Guinea,GNQ,2015,21.921512888337
GQ,Equatorial Guinea,GNQ,2014,15.9663871801715
GQ,Equatorial Guinea,GNQ,2013,15.4580393322424
GQ,Equatorial Guinea,GNQ,2012,11.5818444162295
GQ,Equatorial Guinea,GNQ,2011,11.7810521849986
GQ,Equatorial Guinea,GNQ,2010,11.6862333911814
ER,Eritrea,ERI,2011,26.6169943369009
ER,Eritrea,ERI,2010,31.8062662651194
EE,Estonia,EST,2023,20.5544434569907
EE,Estonia,EST,2022,19.3667065306624
EE,Estonia,EST,2021,19.8175308273567
EE,Estonia,EST,2020,20.5086892203171
EE,Estonia,EST,2019,19.0819330513563
EE,Estonia,EST,2018,18.7628505913655
EE,Estonia,EST,2017,18.8749816531166
EE,Estonia,EST,2016,19.3323940974428
EE,Estonia,EST,2015,19.2232645126562
EE,Estonia,EST,2014,18.4390132763221
EE,Estonia,EST,2013,18.3991728743446
EE,Estonia,EST,2012,18.0242576821827
EE,Estonia,EST,2011,18.2949896179378
EE,Estonia,EST,2010,19.5616522470917
SZ,Eswatini,SWZ,2023,19.4173831726115
SZ,Eswatini,SWZ,2022,19.9867251904013
SZ,Eswatini,SWZ,2021,21.9543072317789
SZ,Eswatini,SWZ,2020,25.2347332939379
SZ,Eswatini,SWZ,2019,21.7273637148635
SZ,Eswatini,SWZ,2018,23.7060402472274
SZ,Eswatini,SWZ,2017,24.537855245936
SZ,Eswatini,SWZ,2016,24.6004901040889
SZ,Eswatini,SWZ,2015,22.7243204590203
SZ,Eswatini,SWZ,2014,19.7382461280456
SZ,Eswatini,SWZ,2013,18.8520941345052
ET,Ethiopia,ETH,2023,6.31777188442684
ET,Ethiopia,ETH,2022,7.36173479559612
ET,Ethiopia,ETH,2021,8.83582491858562
ET,Ethiopia,ETH,2020,9.12947509940408
ET,Ethiopia,ETH,2019,9.20441362859999
ET,Ethiopia,ETH,2018,10.2500179989793
ET,Ethiopia,ETH,2017,15.4931325929715
ET,Ethiopia,ETH,2016,11.0526402184145
ET,Ethiopia,ETH,2015,9.01378857603043
ET,Ethiopia,ETH,2014,9.24959184376664
ET,Ethiopia,ETH,2013,8.9554736783348
ET,Ethiopia,ETH,2012,8.30218871752089
ET,Ethiopia,ETH,2011,10.3182460672537
FO,Faroe Islands,FRO,2023,26.9716935988515
FO,Faroe Islands,FRO,2022,26.9462903604097
FO,Faroe Islands,FRO,2021,28.4855650379415
FO,Faroe Islands,FRO,2020,29.5556583367204
FO,Faroe Islands,FRO,2019,27.6094430648189
FO,Faroe Islands,FRO,2018,28.4050499632477
FO,Faroe Islands,FRO,2017,27.5661940336433
FO,Faroe Islands,FRO,2016,27.6578555512139
FO,Faroe Islands,FRO,2015,28.2577813709072
FO,Faroe Islands,FRO,2014,28.8624746251865
FO,Faroe Islands,FRO,2013,30.400105900652
FO,Faroe Islands,FRO,2012,31.7514847611935
FO,Faroe Islands,FRO,2011,32.5959294114149
FO,Faroe Islands,FRO,2010,32.8826767930945
FI,Finland,FIN,2023,25.6197589866886
FI,Finland,FIN,2022,24.1490221128375
FI,Finland,FIN,2021,24.7953884002508
FI,Finland,FIN,2020,24.4205476612504
FI,Finland,FIN,2019,23.318575537276
FI,Finland,FIN,2018,23.0551303335418
FI,Finland,FIN,2017,22.9490979324095
FI,Finland,FIN,2016,23.868772512134
FI,Finland,FIN,2015,24.5228172337672
FI,Finland,FIN,2014,24.6314153166064
FI,Finland,FIN,2013,24.6357440158823
FI,Finland,FIN,2012,24.1763067801854
FI,Finland,FIN,2011,23.4018871265589
FI,Finland,FIN,2010,23.6857350901157
FR,France,FRA,2023,23.0901262196221
FR,France,FRA,2022,23.8742904476312
FR,France,FRA,2021,24.3515984176563
FR,France,FRA,2020,24.8398357365701
FR,France,FRA,2019,23.0348422675243
FR,France,FRA,2018,23.3500758354509
FR,France,FRA,2017,23.7013842025535
FR,France,FRA,2016,23.7569423186251
FR,France,FRA,2015,23.7757617692292
FR,France,FRA,2014,24.081442589149
FR,France,FRA,2013,24.0757206386355
FR,France,FRA,2012,23.9564328020669
FR,France,FRA,2011,23.7010905265759
FR,France,FRA,2010,23.9798091765185
PF,French Polynesia,PYF,2023,31.7755629383536
PF,French Polynesia,PYF,2022,32.7727022668178
PF,French Polynesia,PYF,2021,33.7649023595747
PF,French Polynesia,PYF,2020,34.7750636838472
PF,French Polynesia,PYF,2019,30.6497192744132
PF,French Polynesia,PYF,2018,30.7248836166431
PF,French Polynesia,PYF,2017,31.2555278767273
PF,French Polynesia,PYF,2016,31.1774195181382
PF,French Polynesia,PYF,2015,31.0890833292599
PF,French Polynesia,PYF,2014,31.3869550976386
PF,French Polynesia,PYF,2013,32.3288945145499
PF,French Polynesia,PYF,2012,33.0228555758338
PF,French Polynesia,PYF,2011,33.8535820449328
PF,French Polynesia,PYF,2010,33.4321389654977
GA,Gabon,GAB,2023,11.4661377111924
GA,Gabon,GAB,2022,10.8069715660043
GA,Gabon,GAB,2021,11.8172640052801
GA,Gabon,GAB,2020,13.1475545986154
GA,Gabon,GAB,2019,10.9934292922959
GA,Gabon,GAB,2018,10.5658037085265
GA,Gabon,GAB,2017,13.2317051644466
GA,Gabon,GAB,2016,14.6412017071143
GA,Gabon,GAB,2015,14.816398045437
GA,Gabon,GAB,2014,14.8494691273466
GA,Gabon,GAB,2013,14.4562195996819
GA,Gabon,GAB,2012,14.0308076101756
GA,Gabon,GAB,2011,12.7937160493487
GA,Gabon,GAB,2010,13.4869443832076
GM,"Gambia, The",GMB,2023,9.61731353349514
GM,"Gambia, The",GMB,2022,8.36246319461186
GM,"Gambia, The",GMB,2021,9.75803714271528
GM,"Gambia, The",GMB,2020,8.99176809738058
GM,"Gambia, The",GMB,2019,8.24288423463265
GM,"Gambia, The",GMB,2018,6.82478004672062
GM,"Gambia, The",GMB,2017,7.86685508622327
GM,"Gambia, The",GMB,2016,8.44661706335853
GM,"Gambia, The",GMB,2015,8.32657938721957
GM,"Gambia, The",GMB,2014,8.83679840265619
GM,"Gambia, The",GMB,2013,9.27476976067688
GM,"Gambia, The",GMB,2012,8.75316494770267
GM,"Gambia, The",GMB,2011,9.23149910484917
GM,"Gambia, The",GMB,2010,10.1386268114772
GE,Georgia,GEO,2023,12.1485458625234
GE,Georgia,GEO,2022,12.5293829261598
GE,Georgia,GEO,2021,14.1266594756604
GE,Georgia,GEO,2020,14.6114698025668
GE,Georgia,GEO,2019,13.1442836745365
GE,Georgia,GEO,2018,13.288692643364
GE,Georgia,GEO,2017,13.8912339138849
GE,Georgia,GEO,2016,15.1857694306897
GE,Georgia,GEO,2015,14.6096581567674
GE,Georgia,GEO,2014,15.0157404955551
GE,Georgia,GEO,2013,14.6421161370032
GE,Georgia,GEO,2012,14.0906606445137
GE,Georgia,GEO,2011,15.5350239472777
GE,Georgia,GEO,2010,17.3024592532394
DE,Germany,DEU,2023,21.0588698152068
DE,Germany,DEU,2022,21.3296017686915
DE,Germany,DEU,2021,21.6396095960721
DE,Germany,DEU,2020,21.7243937497102
DE,Germany,DEU,2019,19.8895196309028
DE,Germany,DEU,2018,19.4857645390401
DE,Germany,DEU,2017,19.4478730074915
DE,Germany,DEU,2016,19.5245695901052
DE,Germany,DEU,2015,19.3036024917153
DE,Germany,DEU,2014,19.2146344242026
DE,Germany,DEU,2013,19.2533699868829
DE,Germany,DEU,2012,18.9052184847532
DE,Germany,DEU,2011,18.6995569567259
DE,Germany,DEU,2010,19.1827581196516
GH,Ghana,GHA,2023,5.49933849254746
GH,Ghana,GHA,2022,6.65253432796479
GH,Ghana,GHA,2021,8.00565308777829
GH,Ghana,GHA,2020,7.83341015600264
GH,Ghana,GHA,2019,7.04320381025923
GH,Ghana,GHA,2018,7.10478039787287
GH,Ghana,GHA,2017,6.9570521307014
GH,Ghana,GHA,2016,7.88693112799624
GH,Ghana,GHA,2015,7.6804908567544
GH,Ghana,GHA,2014,8.26779337958511
GH,Ghana,GHA,2013,8.78317284558237
GH,Ghana,GHA,2012,11.7643463119471
GH,Ghana,GHA,2011,13.7885981215538
GH,Ghana,GHA,2010,7.06949942103097
GR,Greece,GRC,2023,19.3306773184981
GR,Greece,GRC,2022,20.0673187289139
GR,Greece,GRC,2021,21.4974385558012
GR,Greece,GRC,2020,22.7274940590434
GR,Greece,GRC,2019,19.9791204523634
GR,Greece,GRC,2018,19.6597104516787
GR,Greece,GRC,2017,20.4384126534599
GR,Greece,GRC,2016,20.6180603140124
GR,Greece,GRC,2015,20.7679837462522
GR,Greece,GRC,2014,20.7227080595732
GR,Greece,GRC,2013,20.9297924686921
GR,Greece,GRC,2012,22.557839474738
GR,Greece,GRC,2011,22.0783071279586
GR,Greece,GRC,2010,22.4102559565882
GL,Greenland,GRL,2023,41.7101169776909
GL,Greenland,GRL,2022,41.2836674676326
GL,Greenland,GRL,2021,44.2577666597447
GL,Greenland,GRL,2020,43.6149370695797
GL,Greenland,GRL,2019,43.7935208900272
GL,Greenland,GRL,2018,43.1423966501003
GL,Greenland,GRL,2017,42.4119305960518
GL,Greenland,GRL,2016,42.3437611461997
GL,Greenland,GRL,2015,44.1988128798963
GL,Greenland,GRL,2014,45.8403861826845
GL,Greenland,GRL,2013,47.8530455253821
GL,Greenland,GRL,2012,45.7771309496246
GL,Greenland,GRL,2011,46.6899341525524
GL,Greenland,GRL,2010,46.8148884784771
GT,Guatemala,GTM,2023,11.2417426602033
GT,Guatemala,GTM,2022,11.4856903862176
GT,Guatemala,GTM,2021,11.2203667881749
GT,Guatemala,GTM,2020,11.4719698943082
GT,Guatemala,GTM,2019,11.1070027458915
GT,Guatemala,GTM,2018,11.1202600459909
GT,Guatemala,GTM,2017,10.5728190519411
GT,Guatemala,GTM,2016,10.4403519389388
GT,Guatemala,GTM,2015,11.0881083257277
GT,Guatemala,GTM,2014,11.2553838402906
GT,Guatemala,GTM,2013,11.2879542377876
GT,Guatemala,GTM,2012,10.5135030709737
GT,Guatemala,GTM,2011,10.3584830794978
GT,Guatemala,GTM,2010,10.6462476186343
GN,Guinea,GIN,2023,13.491592156736
GN,Guinea,GIN,2022,17.1208210322962
GN,Guinea,GIN,2021,17.4820305537183
GN,Guinea,GIN,2020,17.4132237183255
GN,Guinea,GIN,2019,15.402325246451
GN,Guinea,GIN,2018,15.4819047734539
GN,Guinea,GIN,2017,15.2760215806747
GN,Guinea,GIN,2016,16.8835450171097
GN,Guinea,GIN,2015,19.5018955831566
GN,Guinea,GIN,2014,17.7931457653875
GN,Guinea,GIN,2013,18.8734187898997
GN,Guinea,GIN,2012,14.4754964199334
GN,Guinea,GIN,2011,14.98158225192
GN,Guinea,GIN,2010,12.568200056716
GW,Guinea-Bissau,GNB,2023,15.9067047788791
GW,Guinea-Bissau,GNB,2022,18.9278810411413
GW,Guinea-Bissau,GNB,2021,18.5087161927678
GW,Guinea-Bissau,GNB,2020,19.4482528933069
GW,Guinea-Bissau,GNB,2019,18.6975579237039
GW,Guinea-Bissau,GNB,2018,16.6439614567477
GW,Guinea-Bissau,GNB,2017,16.7287795836931
GW,Guinea-Bissau,GNB,2016,16.5063333685714
GW,Guinea-Bissau,GNB,2015,16.4379138210165
GW,Guinea-Bissau,GNB,2014,17.420044053081
GW,Guinea-Bissau,GNB,2013,15.1049350147196
GW,Guinea-Bissau,GNB,2012,15.3241812644952
GW,Guinea-Bissau,GNB,2011,15.8359370374465
GW,Guinea-Bissau,GNB,2010,16.3830595159343
HT,Haiti,HTI,2023,6.2167919005445
HT,Haiti,HTI,2022,6.90413793385249
HT,Haiti,HTI,2021,7.44905982898635
HT,Haiti,HTI,2020,7.31205557129014
HT,Haiti,HTI,2019,7.19135114705545
HT,Haiti,HTI,2018,8.26343071867152
HT,Haiti,HTI,2017,7.89768746069131
HT,Haiti,HTI,2016,8.20929017383708
HT,Haiti,HTI,2015,8.25780291243123
HT,Haiti,HTI,2014,7.66400253789781
HT,Haiti,HTI,2013,7.19118472596498
HT,Haiti,HTI,2012,7.43953745212035
HT,Haiti,HTI,2011,6.55241371085916
HT,Haiti,HTI,2010,7.27840732548793
HN,Honduras,HND,2023,14.9293299388294
HN,Honduras,HND,2022,14.2760938647873
HN,Honduras,HND,2021,15.6740308613565
HN,Honduras,HND,2020,15.6611069089394
HN,Honduras,HND,2019,13.879034545863
HN,Honduras,HND,2018,13.4622514861767
HN,Honduras,HND,2017,13.4984164607115
HN,Honduras,HND,2016,14.1139360855006
HN,Honduras,HND,2015,14.3052467695847
HN,Honduras,HND,2014,15.3323115474268
HN,Honduras,HND,2013,16.7338132476973
HN,Honduras,HND,2012,16.2017830432394
HN,Honduras,HND,2011,16.0643683897277
HN,Honduras,HND,2010,17.9264315738123
HK,"Hong Kong SAR, China",HKG,2023,13.3006615253428
HK,"Hong Kong SAR, China",HKG,2022,14.3371108759121
HK,"Hong Kong SAR, China",HKG,2021,12.6776298103225
HK,"Hong Kong SAR, China",HKG,2020,12.7458289934984
HK,"Hong Kong SAR, China",HKG,2019,10.8764361048878
HK,"Hong Kong SAR, China",HKG,2018,9.92512949539558
HK,"Hong Kong SAR, China",HKG,2017,9.83027217138145
HK,"Hong Kong SAR, China",HKG,2016,9.95636389333004
HK,"Hong Kong SAR, China",HKG,2015,9.64286905615691
HK,"Hong Kong SAR, China",HKG,2014,9.47856310052411
HK,"Hong Kong SAR, China",HKG,2013,9.28642078655758
HK,"Hong Kong SAR, China",HKG,2012,9.09693828210179
HK,"Hong Kong SAR, China",HKG,2011,8.71145505394354
HK,"Hong Kong SAR, China",HKG,2010,8.85932359491356
HU,Hungary,HUN,2023,19.9521193750233
HU,Hungary,HUN,2022,20.637770274229
HU,Hungary,HUN,2021,20.7647214478007
HU,Hungary,HUN,2020,21.1998844610097
HU,Hungary,HUN,2019,19.9741487864456
HU,Hungary,HUN,2018,19.616933321186
HU,Hungary,HUN,2017,20.1614178223679
HU,Hungary,HUN,2016,19.9032674759188
HU,Hungary,HUN,2015,19.7028762956894
HU,Hungary,HUN,2014,19.9810520498971
HU,Hungary,HUN,2013,19.7285704568356
HU,Hungary,HUN,2012,20.0094207331442
HU,Hungary,HUN,2011,20.6306576272386
HU,Hungary,HUN,2010,21.4452733386217
IS,Iceland,ISL,2023,25.1365329197638
IS,Iceland,ISL,2022,25.2082830039574
IS,Iceland,ISL,2021,26.9118122871775
IS,Iceland,ISL,2020,27.5550125083192
IS,Iceland,ISL,2019,24.2878846398556
IS,Iceland,ISL,2018,23.769940970751
IS,Iceland,ISL,2017,23.3637717606539
IS,Iceland,ISL,2016,22.6926621696994
IS,Iceland,ISL,2015,23.1847803925667
IS,Iceland,ISL,2014,23.8773222507324
IS,Iceland,ISL,2013,24.1713375804808
IS,Iceland,ISL,2012,24.4376809555254
IS,Iceland,ISL,2011,24.5970301031889
IS,Iceland,ISL,2010,24.5152044598019
IN,India,IND,2023,10.3054222433801
IN,India,IND,2022,10.255037910793
IN,India,IND,2021,10.4763782400684
IN,India,IND,2020,11.6124524106018
IN,India,IND,2019,11.0026755133718
IN,India,IND,2018,10.8232185258548
IN,India,IND,2017,10.7671989547856
IN,India,IND,2016,10.3085480747222
IN,India,IND,2015,10.4282907091862
IN,India,IND,2014,10.4408568081213
IN,India,IND,2013,10.2951601419598
IN,India,IND,2012,10.6838562318127
IN,India,IND,2011,11.0844615855594
IN,India,IND,2010,11.0076078674499
ID,Indonesia,IDN,2023,7.45486118997106
ID,Indonesia,IDN,2022,7.68965394773072
ID,Indonesia,IDN,2021,9.24694161503832
ID,Indonesia,IDN,2020,9.65575053126545
ID,Indonesia,IDN,2019,8.80847129067065
ID,Indonesia,IDN,2018,9.02123180420785
ID,Indonesia,IDN,2017,9.12057115207813
ID,Indonesia,IDN,2016,9.52781009028137
ID,Indonesia,IDN,2015,9.74941376966575
ID,Indonesia,IDN,2014,9.4250257185865
ID,Indonesia,IDN,2013,9.51771996272418
ID,Indonesia,IDN,2012,9.24878837149533
ID,Indonesia,IDN,2011,9.05867718048359
ID,Indonesia,IDN,2010,9.00591499311107
IR,"Iran, Islamic Rep.",IRN,2023,12.5507486764489
IR,"Iran, Islamic Rep.",IRN,2022,12.6796919148053
IR,"Iran, Islamic Rep.",IRN,2021,14.0761964637181
IR,"Iran, Islamic Rep.",IRN,2020,13.701007548158
IR,"Iran, Islamic Rep.",IRN,2019,14.8711446390003
IR,"Iran, Islamic Rep.",IRN,2018,15.1648897031614
IR,"Iran, Islamic Rep.",IRN,2017,15.0478623743342
IR,"Iran, Islamic Rep.",IRN,2016,15.0516117348001
IR,"Iran, Islamic Rep.",IRN,2015,15.5688232193039
IR,"Iran, Islamic Rep.",IRN,2014,12.8201259776576
IR,"Iran, Islamic Rep.",IRN,2013,12.973939207079
IR,"Iran, Islamic Rep.",IRN,2012,13.3279001556293
IR,"Iran, Islamic Rep.",IRN,2011,13.2008336811217
IR,"Iran, Islamic Rep.",IRN,2010,10.8045401696765
IQ,Iraq,IRQ,2023,17.527542508163
IQ,Iraq,IRQ,2022,13.7692467945466
IQ,Iraq,IRQ,2021,17.7173083564783
IQ,Iraq,IRQ,2020,22.5089088159129
IQ,Iraq,IRQ,2019,19.3153864358706
IQ,Iraq,IRQ,2018,15.8794898494183
IQ,Iraq,IRQ,2017,16.3052516699702
IQ,Iraq,IRQ,2016,18.3892282517436
IQ,Iraq,IRQ,2015,18.6660985734816
IQ,Iraq,IRQ,2014,18.0026366207318
IQ,Iraq,IRQ,2013,17.4553799427346
IQ,Iraq,IRQ,2012,16.5831656707271
IQ,Iraq,IRQ,2011,19.6730397838995
IQ,Iraq,IRQ,2010,18.9188448476728
IE,Ireland,IRL,2023,11.8263997853123
IE,Ireland,IRL,2022,11.0654566411677
IE,Ireland,IRL,2021,11.7054714853037
IE,Ireland,IRL,2020,12.6225400090635
IE,Ireland,IRL,2019,11.8119798486019
IE,Ireland,IRL,2018,11.7440209496828
IE,Ireland,IRL,2017,11.9291911581432
IE,Ireland,IRL,2016,12.5364480955914
IE,Ireland,IRL,2015,12.1147192419549
IE,Ireland,IRL,2014,15.9876242099312
IE,Ireland,IRL,2013,16.843884115121
IE,Ireland,IRL,2012,18.0944284777264
IE,Ireland,IRL,2011,18.9394324176037
IE,Ireland,IRL,2010,18.6807522831162
IL,Israel,ISR,2023,22.3099973815371
IL,Israel,ISR,2022,20.8858862559158
IL,Israel,ISR,2021,22.1207775122752
IL,Israel,ISR,2020,23.3727199721885
IL,Israel,ISR,2019,22.1367419361983
IL,Israel,ISR,2018,22.3715311976857
IL,Israel,ISR,2017,22.0647725999189
IL,Israel,ISR,2016,21.9138156537504
IL,Israel,ISR,2015,21.9177306694707
IL,Israel,ISR,2014,21.9318746180128
IL,Israel,ISR,2013,22.0526120672646
IL,Israel,ISR,2012,22.0038394447968
IL,Israel,ISR,2011,21.7733543239687
IL,Israel,ISR,2010,21.8954473452812
IT,Italy,ITA,2023,17.6651591380703
IT,Italy,ITA,2022,18.7892572071706
IT,Italy,ITA,2021,19.1946040488087
IT,Italy,ITA,2020,20.5680570300128
IT,Italy,ITA,2019,18.5421071991348
IT,Italy,ITA,2018,18.8133907214108
IT,Italy,ITA,2017,18.7448158290116
IT,Italy,ITA,2016,18.9253442826016
IT,Italy,ITA,2015,19.0193134916677
IT,Italy,ITA,2014,19.437905453041
IT,Italy,ITA,2013,19.7032469855095
IT,Italy,ITA,2012,19.7044703023489
IT,Italy,ITA,2011,19.7131321083587
IT,Italy,ITA,2010,20.4683139046718
JP,Japan,JPN,2022,21.5663525457355
JP,Japan,JPN,2021,21.2457665716874
JP,Japan,JPN,2020,20.9756766472836
JP,Japan,JPN,2019,19.9451059201578
JP,Japan,JPN,2018,19.5636743323798
JP,Japan,JPN,2017,19.4117955495929
JP,Japan,JPN,2016,19.6572481017318
JP,Japan,JPN,2015,19.617744139153
JP,Japan,JPN,2014,19.9261773555302
JP,Japan,JPN,2013,19.854370134417
JP,Japan,JPN,2012,19.9573325085164
JP,Japan,JPN,2011,19.885399284228
JP,Japan,JPN,2010,19.2025962424431
JO,Jordan,JOR,2021,15.8410812024988
JO,Jordan,JOR,2020,16.549956438323
JO,Jordan,JOR,2019,16.3717377599542
JO,Jordan,JOR,2018,16.7438960469568
JO,Jordan,JOR,2017,16.9453719425362
JO,Jordan,JOR,2016,17.2505641942481
JO,Jordan,JOR,2015,17.8232606852775
JO,Jordan,JOR,2014,18.2212045749756
JO,Jordan,JOR,2013,18.2645769913954
JO,Jordan,JOR,2012,19.1135218893324
JO,Jordan,JOR,2011,20.0647396505336
JO,Jordan,JOR,2010,19.247338736188
KZ,Kazakhstan,KAZ,2023,11.2471234717129
KZ,Kazakhstan,KAZ,2022,10.499269785365
KZ,Kazakhstan,KAZ,2021,11.2703470377122
KZ,Kazakhstan,KAZ,2020,12.742044005777
KZ,Kazakhstan,KAZ,2019,9.13216157597614
KZ,Kazakhstan,KAZ,2018,8.32120070703086
KZ,Kazakhstan,KAZ,2017,10.5359417828743
KZ,Kazakhstan,KAZ,2016,11.6308534068253
KZ,Kazakhstan,KAZ,2015,11.6327261488061
KZ,Kazakhstan,KAZ,2014,10.6896762840233
KZ,Kazakhstan,KAZ,2013,10.17335661126
KZ,Kazakhstan,KAZ,2012,11.5216030974968
KZ,Kazakhstan,KAZ,2011,10.4758481012217
KZ,Kazakhstan,KAZ,2010,10.812344717753
KE,Kenya,KEN,2023,11.7769650802435
KE,Kenya,KEN,2022,12.2133041039933
KE,Kenya,KEN,2021,12.1468578016243
KE,Kenya,KEN,2020,12.4776599686236
KE,Kenya,KEN,2019,12.1707972873275
KE,Kenya,KEN,2018,12.3486893953272
KE,Kenya,KEN,2017,12.3350790178839
KE,Kenya,KEN,2016,12.609768629814
KE,Kenya,KEN,2015,12.7266800758884
KE,Kenya,KEN,2014,11.7424945888753
KE,Kenya,KEN,2013,11.8426259978213
KE,Kenya,KEN,2012,12.2713774212109
KE,Kenya,KEN,2011,12.6846420216244
KE,Kenya,KEN,2010,12.9529718175577
KI,Kiribati,KIR,2023,55.9069057475778
KI,Kiribati,KIR,2022,61.7079785444723
KI,Kiribati,KIR,2021,53.5672328645448
KI,Kiribati,KIR,2020,54.5251989906961
KI,Kiribati,KIR,2019,62.0669368514723
KI,Kiribati,KIR,2018,60.1415906440629
KI,Kiribati,KIR,2017,57.0529007822932
KI,Kiribati,KIR,2016,59.3526337529475
KI,Kiribati,KIR,2015,55.5672158293952
KI,Kiribati,KIR,2014,63.9068313591936
KI,Kiribati,KIR,2013,56.2430302100818
KI,Kiribati,KIR,2012,58.7103110383024
KI,Kiribati,KIR,2011,57.4475343709519
KI,Kiribati,KIR,2010,57.8645912061472
KR,"Korea, Rep.",KOR,2023,17.7751832803211
KR,"Korea, Rep.",KOR,2022,17.6379104489815
KR,"Korea, Rep.",KOR,2021,17.0244387167472
KR,"Korea, Rep.",KOR,2020,16.9828462110022
KR,"Korea, Rep.",KOR,2019,16.06298714056
KR,"Korea, Rep.",KOR,2018,15.1402621209188
KR,"Korea, Rep.",KOR,2017,14.5742094583287
KR,"Korea, Rep.",KOR,2016,14.4415307448348
KR,"Korea, Rep.",KOR,2015,14.3464638758806
KR,"Korea, Rep.",KOR,2014,14.4870309446874
KR,"Korea, Rep.",KOR,2013,14.2597016228901
KR,"Korea, Rep.",KOR,2012,14.0026335270874
KR,"Korea, Rep.",KOR,2011,13.7084319244367
KR,"Korea, Rep.",KOR,2010,13.5041083461487
XK,Kosovo,XKX,2023,12.5993329798923
XK,Kosovo,XKX,2022,11.7917287704535
XK,Kosovo,XKX,2021,12.8723308672227
XK,Kosovo,XKX,2020,13.9131774135574
XK,Kosovo,XKX,2019,12.4854382801326
XK,Kosovo,XKX,2018,12.1025924972731
XK,Kosovo,XKX,2017,11.8229560623089
XK,Kosovo,XKX,2016,12.0848144799198
XK,Kosovo,XKX,2015,13.608097246187
XK,Kosovo,XKX,2014,13.5871191030395
XK,Kosovo,XKX,2013,12.9470521748527
XK,Kosovo,XKX,2012,13.0191229435717
XK,Kosovo,XKX,2011,12.6934632512011
XK,Kosovo,XKX,2010,12.2780011858129
KW,Kuwait,KWT,2023,24.5978587375597
KW,Kuwait,KWT,2022,20.8890068490553
KW,Kuwait,KWT,2021,25.3912150628385
KW,Kuwait,KWT,2020,30.1778042041291
KW,Kuwait,KWT,2019,24.4026499843359
KW,Kuwait,KWT,2018,22.9805567513079
KW,Kuwait,KWT,2017,24.4212697923604
KW,Kuwait,KWT,2016,25.7054637753891
KW,Kuwait,KWT,2015,24.1918106136514
KW,Kuwait,KWT,2014,17.7554132778726
KW,Kuwait,KWT,2013,16.3868419041871
KW,Kuwait,KWT,2012,15.0596547797974
KW,Kuwait,KWT,2011,14.8819781935718
KW,Kuwait,KWT,2010,17.1304520045673
KG,Kyrgyz Republic,KGZ,2023,15.9811206166166
KG,Kyrgyz Republic,KGZ,2022,16.7856680309648
KG,Kyrgyz Republic,KGZ,2021,16.6329417875076
KG,Kyrgyz Republic,KGZ,2020,18.372283013954
KG,Kyrgyz Republic,KGZ,2019,15.700980649991
KG,Kyrgyz Republic,KGZ,2018,17.1697001118399
KG,Kyrgyz Republic,KGZ,2017,17.1301720323853
KG,Kyrgyz Republic,KGZ,2016,17.4341508597379
KG,Kyrgyz Republic,KGZ,2015,17.755373303036
KG,Kyrgyz Republic,KGZ,2014,17.4733337659161
KG,Kyrgyz Republic,KGZ,2013,18.4469910620701
KG,Kyrgyz Republic,KGZ,2012,20.1058519740794
KG,Kyrgyz Republic,KGZ,2011,18.2274429340139
KG,Kyrgyz Republic,KGZ,2010,18.1270712390519
LA,Lao PDR,LAO,2016,13.9709429126153
LA,Lao PDR,LAO,2015,15.1066545133558
LA,Lao PDR,LAO,2014,15.1805486591378
LA,Lao PDR,LAO,2013,17.0739467617107
LA,Lao PDR,LAO,2012,13.4167137797277
LA,Lao PDR,LAO,2011,11.564752617982
LA,Lao PDR,LAO,2010,11.8982241208958
LV,Latvia,LVA,2023,20.112103306672
LV,Latvia,LVA,2022,20.493101172277
LV,Latvia,LVA,2021,21.7309999551168
LV,Latvia,LVA,2020,20.8896933172828
LV,Latvia,LVA,2019,19.8089011462475
LV,Latvia,LVA,2018,18.5352676047473
LV,Latvia,LVA,2017,18.6703159549355
LV,Latvia,LVA,2016,18.476344400199
LV,Latvia,LVA,2015,18.7095636533339
LV,Latvia,LVA,2014,18.4883353835292
LV,Latvia,LVA,2013,18.2811109375838
LV,Latvia,LVA,2012,17.988056098072
LV,Latvia,LVA,2011,19.2557040077919
LV,Latvia,LVA,2010,18.7899697736523
LB,Lebanon,LBN,2023,5.16901441243845
LB,Lebanon,LBN,2022,3.62532508452807
LB,Lebanon,LBN,2021,2.36013682064937
LB,Lebanon,LBN,2020,9.13975488671309
LB,Lebanon,LBN,2019,15.6297834775773
LB,Lebanon,LBN,2018,15.3368530010403
LB,Lebanon,LBN,2017,13.2087179804347
LB,Lebanon,LBN,2016,12.9841490908637
LB,Lebanon,LBN,2015,12.5317444279389
LB,Lebanon,LBN,2014,12.7459654094194
LB,Lebanon,LBN,2013,12.9273362789226
LB,Lebanon,LBN,2012,13.6696239596325
LB,Lebanon,LBN,2011,12.5687445905327
LB,Lebanon,LBN,2010,12.2198707797911
LS,Lesotho,LSO,2023,35.5840481087612
LS,Lesotho,LSO,2022,35.21209862606
LS,Lesotho,LSO,2021,34.6882565674606
LS,Lesotho,LSO,2020,37.1352943243696
LS,Lesotho,LSO,2019,37.6925712652716
LS,Lesotho,LSO,2018,38.062996044466
LS,Lesotho,LSO,2017,39.6805700890466
LS,Lesotho,LSO,2016,39.6241930676544
LS,Lesotho,LSO,2015,36.9439612312321
LS,Lesotho,LSO,2014,38.8381215630779
LS,Lesotho,LSO,2013,40.553528590732
LS,Lesotho,LSO,2012,39.5064924563953
LS,Lesotho,LSO,2011,38.1757839803951
LS,Lesotho,LSO,2010,39.9126147444074
LY,Libya,LBY,2023,36.1401604530439
LY,Libya,LBY,2022,30.8000883969407
LY,Libya,LBY,2021,34.6344715672153
LY,Libya,LBY,2020,48.3378160301237
LY,Libya,LBY,2019,43.6144615638812
LY,Libya,LBY,2018,35.3379400213425
LY,Libya,LBY,2017,40.2666940155162
LY,Libya,LBY,2016,48.4195100019886
LY,Libya,LBY,2015,50.8364653413406
LY,Libya,LBY,2014,42.6473992715138
LY,Libya,LBY,2013,31.6630384645087
LY,Libya,LBY,2012,24.3708203146412
LY,Libya,LBY,2011,43.7021020409894
LY,Libya,LBY,2010,17.4573470336658
LT,Lithuania,LTU,2023,17.2754834531022
LT,Lithuania,LTU,2022,16.744046116116
LT,Lithuania,LTU,2021,17.497494956833
LT,Lithuania,LTU,2020,18.3605454231444
LT,Lithuania,LTU,2019,16.7959480603607
LT,Lithuania,LTU,2018,16.2178168712684
LT,Lithuania,LTU,2017,16.2993641257124
LT,Lithuania,LTU,2016,17.0291846390389
LT,Lithuania,LTU,2015,17.1689914887841
LT,Lithuania,LTU,2014,16.691874395721
LT,Lithuania,LTU,2013,16.7355436181775
LT,Lithuania,LTU,2012,17.5438790188972
LT,Lithuania,LTU,2011,18.4673993995514
LT,Lithuania,LTU,2010,20.1107100441688
LU,Luxembourg,LUX,2023,18.3408704839661
LU,Luxembourg,LUX,2022,17.8221100296952
LU,Luxembourg,LUX,2021,17.3096066828169
LU,Luxembourg,LUX,2020,18.4796236594474
LU,Luxembourg,LUX,2019,17.2435453447671
LU,Luxembourg,LUX,2018,16.7835114977709
LU,Luxembourg,LUX,2017,16.2193608860725
LU,Luxembourg,LUX,2016,15.6742178009036
LU,Luxembourg,LUX,2015,15.9681641919044
LU,Luxembourg,LUX,2014,16.0514535620466
LU,Luxembourg,LUX,2013,16.3503422960569
LU,Luxembourg,LUX,2012,16.3040906079705
LU,Luxembourg,LUX,2011,16.0447899088036
LU,Luxembourg,LUX,2010,15.7858005082929
MO,"Macao SAR, China",MAC,2023,13.8674762981647
MO,"Macao SAR, China",MAC,2022,27.4723962996121
MO,"Macao SAR, China",MAC,2021,21.3854942689028
MO,"Macao SAR, China",MAC,2020,25.9273930007328
MO,"Macao SAR, China",MAC,2019,10.2159750855141
MO,"Macao SAR, China",MAC,2018,9.45740479167979
MO,"Macao SAR, China",MAC,2017,9.74722802984513
MO,"Macao SAR, China",MAC,2016,10.4234527687296
MO,"Macao SAR, China",MAC,2015,9.69209890511051
MO,"Macao SAR, China",MAC,2014,7.09445522032562
MO,"Macao SAR, China",MAC,2013,6.49787943746222
MO,"Macao SAR, China",MAC,2012,6.86478764680145
MO,"Macao SAR, China",MAC,2011,7.09059032972091
MO,"Macao SAR, China",MAC,2010,8.14721081693332
MG,Madagascar,MDG,2023,16.6262406413491
MG,Madagascar,MDG,2022,16.4804812290772
MG,Madagascar,MDG,2021,17.4535706647599
MG,Madagascar,MDG,2020,18.7239712521771
MG,Madagascar,MDG,2019,15.1061191330375
MG,Madagascar,MDG,2018,13.6033052508512
MG,Madagascar,MDG,2017,16.1225669832662
MG,Madagascar,MDG,2016,14.7612913030354
MG,Madagascar,MDG,2015,15.1403201984676
MG,Madagascar,MDG,2014,15.8000024612157
MG,Madagascar,MDG,2013,15.6466696693396
MG,Madagascar,MDG,2012,15.0076929940252
MG,Madagascar,MDG,2011,14.1171136847924
MG,Madagascar,MDG,2010,13.1160745689745
MW,Malawi,MWI,2023,19.0395224898473
MW,Malawi,MWI,2022,21.4078008103887
MW,Malawi,MWI,2021,20.8345990770463
MW,Malawi,MWI,2020,20.9426048830886
MW,Malawi,MWI,2019,22.402273573662
MW,Malawi,MWI,2018,22.2819379454736
MW,Malawi,MWI,2017,22.6260648963785
MY,Malaysia,MYS,2023,11.9697728310015
MY,Malaysia,MYS,2022,11.6132678517006
MY,Malaysia,MYS,2021,12.6368812579757
MY,Malaysia,MYS,2020,12.9622736088155
MY,Malaysia,MYS,2019,11.653100184343
MY,Malaysia,MYS,2018,11.9694462955517
MY,Malaysia,MYS,2017,12.1925918694431
MY,Malaysia,MYS,2016,12.5648977951943
MY,Malaysia,MYS,2015,13.0865607985559
MY,Malaysia,MYS,2014,13.3287480692634
MY,Malaysia,MYS,2013,13.7154015161779
MY,Malaysia,MYS,2012,13.842133658412
MY,Malaysia,MYS,2011,13.2706614765507
MY,Malaysia,MYS,2010,12.581169028796
MV,Maldives,MDV,2023,17.041154413287
MV,Maldives,MDV,2022,17.2210402649709
MV,Maldives,MDV,2021,18.6831087463756
MV,Maldives,MDV,2020,22.9707228266051
MV,Maldives,MDV,2019,16.5770131482612
MV,Maldives,MDV,2018,14.480734648674
MV,Maldives,MDV,2017,14.5356776556599
MV,Maldives,MDV,2016,17.664193009105
MV,Maldives,MDV,2015,18.0820885797839
MV,Maldives,MDV,2014,18.7912983557095
ML,Mali,MLI,2023,12.8416749921675
ML,Mali,MLI,2022,12.5839288010643
ML,Mali,MLI,2021,12.5434586605531
ML,Mali,MLI,2020,12.2677294788011
ML,Mali,MLI,2019,12.6301441404934
ML,Mali,MLI,2018,12.7637527443261
ML,Mali,MLI,2017,13.3118876209049
ML,Mali,MLI,2016,14.197455713639
ML,Mali,MLI,2015,14.3931607640933
ML,Mali,MLI,2014,14.1187849154377
ML,Mali,MLI,2013,14.4875573609332
ML,Mali,MLI,2012,13.3689309281424
ML,Mali,MLI,2011,16.0065904917025
ML,Mali,MLI,2010,14.4663909734299
MT,Malta,MLT,2023,16.435760263033
MT,Malta,MLT,2022,17.634375608805
MT,Malta,MLT,2021,18.3293036689112
MT,Malta,MLT,2020,19.6916334859235
MT,Malta,MLT,2019,16.8902824316435
MT,Malta,MLT,2018,16.0277301616069
MT,Malta,MLT,2017,15.8238068513221
MT,Malta,MLT,2016,16.9417849911805
MT,Malta,MLT,2015,16.931006323623
MT,Malta,MLT,2014,17.859076447939
MT,Malta,MLT,2013,17.9887123879272
MT,Malta,MLT,2012,19.1551659612337
MT,Malta,MLT,2011,18.9139000655301
MT,Malta,MLT,2010,18.5800555056127
MH,Marshall Islands,MHL,2023,57.2112342444942
MH,Marshall Islands,MHL,2022,62.0794453595082
MH,Marshall Islands,MHL,2021,61.0333177033941
MH,Marshall Islands,MHL,2020,61.3466501240695
MH,Marshall Islands,MHL,2019,66.0351223701159
MH,Marshall Islands,MHL,2018,59.9404545454545
MH,Marshall Islands,MHL,2017,55.7505849321479
MH,Marshall Islands,MHL,2016,56.3810208126858
MH,Marshall Islands,MHL,2015,56.1756668481219
MH,Marshall Islands,MHL,2014,53.0808064516129
MH,Marshall Islands,MHL,2013,54.8702253218884
MH,Marshall Islands,MHL,2012,54.9435528500277
MH,Marshall Islands,MHL,2011,55.0955310504933
MH,Marshall Islands,MHL,2010,57.1000620732464
MR,Mauritania,MRT,2023,16.4865587126041
MR,Mauritania,MRT,2022,16.8008362049552
MR,Mauritania,MRT,2021,14.9695395666927
MR,Mauritania,MRT,2020,12.2964872619914
MR,Mauritania,MRT,2019,13.295473572103
MR,Mauritania,MRT,2018,12.9844027999052
MR,Mauritania,MRT,2017,13.381255831285
MR,Mauritania,MRT,2016,13.4404887144015
MR,Mauritania,MRT,2015,14.6177765924186
MR,Mauritania,MRT,2014,13.6335849710832
MR,Mauritania,MRT,2013,11.6870215715386
MR,Mauritania,MRT,2012,12.0694596182607
MR,Mauritania,MRT,2011,10.4556411558464
MR,Mauritania,MRT,2010,13.5200915076767
MU,Mauritius,MUS,2023,14.3584873078916
MU,Mauritius,MUS,2022,15.9449094420961
MU,Mauritius,MUS,2021,17.0280343743035
MU,Mauritius,MUS,2020,17.3284024513779
MU,Mauritius,MUS,2019,14.5392459934016
MU,Mauritius,MUS,2018,14.3464512633601
MU,Mauritius,MUS,2017,14.2600159437045
MU,Mauritius,MUS,2016,14.6919493992484
MU,Mauritius,MUS,2015,14.0090579242765
MU,Mauritius,MUS,2014,14.1751349536826
MU,Mauritius,MUS,2013,14.1861750476086
MU,Mauritius,MUS,2012,13.1729857886551
MU,Mauritius,MUS,2011,13.2799355647038
MU,Mauritius,MUS,2010,13.626364477632
MX,Mexico,MEX,2023,11.1313196484459
MX,Mexico,MEX,2022,11.1310457406985
MX,Mexico,MEX,2021,11.4047335559142
MX,Mexico,MEX,2020,12.1968302781894
MX,Mexico,MEX,2019,11.1079031013032
MX,Mexico,MEX,2018,11.256296772473
MX,Mexico,MEX,2017,11.2156675514112
MX,Mexico,MEX,2016,11.5736804911904
MX,Mexico,MEX,2015,11.901246126141
MX,Mexico,MEX,2014,11.7538929143727
MX,Mexico,MEX,2013,11.7127320792546
MX,Mexico,MEX,2012,11.4486765368681
MX,Mexico,MEX,2011,11.3282462816794
MX,Mexico,MEX,2010,11.2739649249476
MD,Moldova,MDA,2023,17.9303159195662
MD,Moldova,MDA,2022,17.5088164034295
MD,Moldova,MDA,2021,16.7622739221644
MD,Moldova,MDA,2020,17.1942044345322
MD,Moldova,MDA,2019,15.2110207292095
MD,Moldova,MDA,2018,14.2811623246706
MD,Moldova,MDA,2017,14.7555707903283
MD,Moldova,MDA,2016,14.376992859583
MD,Moldova,MDA,2015,13.6994347068011
MD,Moldova,MDA,2014,13.9079312251112
MD,Moldova,MDA,2013,15.3061340306286
MD,Moldova,MDA,2012,16.690137947323
MD,Moldova,MDA,2011,16.5595893281307
MD,Moldova,MDA,2010,18.2136557075206
MN,Mongolia,MNG,2023,13.0063852760592
MN,Mongolia,MNG,2022,13.9186983764226
MN,Mongolia,MNG,2021,14.9127365231555
MN,Mongolia,MNG,2020,15.8102434127387
MN,Mongolia,MNG,2019,13.1079648639038
MN,Mongolia,MNG,2018,12.6929848143572
MN,Mongolia,MNG,2017,13.9288663463462
MN,Mongolia,MNG,2016,15.9552953447701
MN,Mongolia,MNG,2015,14.87177395106
MN,Mongolia,MNG,2014,13.0170100980658
MN,Mongolia,MNG,2013,13.4571255187117
MN,Mongolia,MNG,2012,13.5268117672589
MN,Mongolia,MNG,2011,12.2552375580087
MN,Mongolia,MNG,2010,12.688125697708
ME,Montenegro,MNE,2023,17.8621887929582
ME,Montenegro,MNE,2022,18.0647571264996
ME,Montenegro,MNE,2021,20.0437704035034
ME,Montenegro,MNE,2020,23.6719174909554
ME,Montenegro,MNE,2019,18.7637676616963
ME,Montenegro,MNE,2018,19.4477083495575
ME,Montenegro,MNE,2017,19.3687025220012
ME,Montenegro,MNE,2016,20.4974138662231
ME,Montenegro,MNE,2015,20.4583214557252
ME,Montenegro,MNE,2014,20.1741420269378
ME,Montenegro,MNE,2013,20.0214987017646
ME,Montenegro,MNE,2012,21.5021483251167
ME,Montenegro,MNE,2011,21.6122499218727
ME,Montenegro,MNE,2010,22.4999248524657
MA,Morocco,MAR,2023,18.150541674579
MA,Morocco,MAR,2022,18.9405784157794
MA,Morocco,MAR,2021,18.9738383456202
MA,Morocco,MAR,2020,19.4049859563358
MA,Morocco,MAR,2019,18.1789365690301
MA,Morocco,MAR,2018,17.9957615100603
MA,Morocco,MAR,2017,17.9819739836974
MA,Morocco,MAR,2016,18.3617257132517
MA,Morocco,MAR,2015,18.1564372764046
MA,Morocco,MAR,2014,19.1051211538423
MA,Morocco,MAR,2013,18.3285750203973
MA,Morocco,MAR,2012,18.2279591190152
MA,Morocco,MAR,2011,17.2210400602812
MA,Morocco,MAR,2010,16.5869372261684
MZ,Mozambique,MOZ,2023,17.2118079322706
MZ,Mozambique,MOZ,2022,16.4981778962806
MZ,Mozambique,MOZ,2021,18.7299195994103
MZ,Mozambique,MOZ,2020,20.6358423037231
MZ,Mozambique,MOZ,2019,22.5751969191515
MZ,Mozambique,MOZ,2018,21.7271408941656
MZ,Mozambique,MOZ,2017,24.5647654528052
MZ,Mozambique,MOZ,2016,26.0744614430361
MZ,Mozambique,MOZ,2015,25.5147097732063
MZ,Mozambique,MOZ,2014,26.0847751395686
MZ,Mozambique,MOZ,2013,23.1595948895098
MZ,Mozambique,MOZ,2012,19.9942902217798
MZ,Mozambique,MOZ,2011,18.888766353457
MZ,Mozambique,MOZ,2010,17.3655000387917
NA,Namibia,NAM,2023,21.7553488337535
NA,Namibia,NAM,2022,23.006967050593
NA,Namibia,NAM,2021,25.052912407333
NA,Namibia,NAM,2020,26.4760046729225
NA,Namibia,NAM,2019,25.5542319178444
NA,Namibia,NAM,2018,25.3675240119024
NA,Namibia,NAM,2017,25.6039125172173
NA,Namibia,NAM,2016,26.9873492327104
NA,Namibia,NAM,2015,27.2285825878505
NA,Namibia,NAM,2014,27.7268888440133
NA,Namibia,NAM,2013,27.9400294775947
NA,Namibia,NAM,2012,24.9705795754093
NA,Namibia,NAM,2011,22.8558404032114
NA,Namibia,NAM,2010,25.1893890625545
NP,Nepal,NPL,2023,6.62485343600964
NP,Nepal,NPL,2022,8.41256130684511
NP,Nepal,NPL,2021,8.25401086967028
NP,Nepal,NPL,2020,9.06773207203869
NP,Nepal,NPL,2019,8.11709521231421
NP,Nepal,NPL,2018,8.06153627743491
NP,Nepal,NPL,2017,8.51853832194441
NP,Nepal,NPL,2016,7.92601848392004
NP,Nepal,NPL,2015,8.81199699710941
NP,Nepal,NPL,2014,8.00114144403982
NP,Nepal,NPL,2013,7.53433761044771
NP,Nepal,NPL,2012,7.89638625509625
NP,Nepal,NPL,2011,8.19727848201115
NP,Nepal,NPL,2010,9.99258870498519
NL,Netherlands,NLD,2023,24.9106541742808
NL,Netherlands,NLD,2022,24.1995532390171
NL,Netherlands,NLD,2021,25.1515899276541
NL,Netherlands,NLD,2020,25.419278032195
NL,Netherlands,NLD,2019,24.1193009603901
NL,Netherlands,NLD,2018,23.9575090216481
NL,Netherlands,NLD,2017,23.9046907483542
NL,Netherlands,NLD,2016,24.2777102787517
NL,Netherlands,NLD,2015,24.6510530267816
NL,Netherlands,NLD,2014,25.4138134792751
NL,Netherlands,NLD,2013,25.591112540135
NL,Netherlands,NLD,2012,25.8184044531411
NL,Netherlands,NLD,2011,25.5644324121626
NL,Netherlands,NLD,2010,26.0868212907179
NC,New Caledonia,NCL,2017,23.5139817745229
NC,New Caledonia,NCL,2016,24.4656420375773
NC,New Caledonia,NCL,2015,23.8343005377614
NC,New Caledonia,NCL,2014,23.4297617988349
NC,New Caledonia,NCL,2013,24.1589774850236
NC,New Caledonia,NCL,2012,23.6005064950409
NC,New Caledonia,NCL,2011,23.2948136462236
NC,New Caledonia,NCL,2010,23.8225060000261
NZ,New Zealand,NZL,2022,20.8745105114568
NZ,New Zealand,NZL,2021,21.0705871213176
NZ,New Zealand,NZL,2020,20.4371940676521
NZ,New Zealand,NZL,2019,18.852086342506
NZ,New Zealand,NZL,2018,18.2215201028808
NZ,New Zealand,NZL,2017,17.904225778071
NZ,New Zealand,NZL,2016,18.1231524736147
NZ,New Zealand,NZL,2015,18.4818972567095
NZ,New Zealand,NZL,2014,18.7562006775977
NZ,New Zealand,NZL,2013,18.7337391916607
NZ,New Zealand,NZL,2012,19.3450987950038
NZ,New Zealand,NZL,2011,19.5615885966146
NZ,New Zealand,NZL,2010,19.6516168275646
NI,Nicaragua,NIC,2023,12.8951938413098
NI,Nicaragua,NIC,2022,13.933777682316
NI,Nicaragua,NIC,2021,15.4655261086513
NI,Nicaragua,NIC,2020,15.0817033768448
NI,Nicaragua,NIC,2019,15.2130925728858
NI,Nicaragua,NIC,2018,14.8026116933585
NI,Nicaragua,NIC,2017,14.4104462520195
NI,Nicaragua,NIC,2016,14.4608322130013
NI,Nicaragua,NIC,2015,14.0522981904084
NI,Nicaragua,NIC,2014,14.2795824550978
NI,Nicaragua,NIC,2013,13.7621211200531
NI,Nicaragua,NIC,2012,13.5686638804069
NI,Nicaragua,NIC,2011,13.5986900703289
NI,Nicaragua,NIC,2010,14.0971885412328
NE,Niger,NER,2023,13.4392076221623
NE,Niger,NER,2021,17.3385320753636
NE,Niger,NER,2020,15.7621549642209
NE,Niger,NER,2019,15.6551048903491
NE,Niger,NER,2018,15.1748924943314
NE,Niger,NER,2017,15.4619253267481
NE,Niger,NER,2016,15.2699976502753
NE,Niger,NER,2015,16.4975609653854
NE,Niger,NER,2014,17.9391046614083
NE,Niger,NER,2013,15.2962875130716
NE,Niger,NER,2012,15.1011981520766
NE,Niger,NER,2011,16.3864510922319
NE,Niger,NER,2010,15.4806842903938
MK,North Macedonia,MKD,2023,14.934347481884
MK,North Macedonia,MKD,2022,15.0221055675641
MK,North Macedonia,MKD,2021,15.8306657801479
MK,North Macedonia,MKD,2020,16.7387341620846
MK,North Macedonia,MKD,2019,13.9974562678743
MK,North Macedonia,MKD,2018,14.2837255892918
MK,North Macedonia,MKD,2017,14.920741749797
MK,North Macedonia,MKD,2016,15.4300221084575
MK,North Macedonia,MKD,2015,16.9763522579676
MK,North Macedonia,MKD,2014,17.1123379786252
MK,North Macedonia,MKD,2013,17.504796858282
MK,North Macedonia,MKD,2012,18.6480481162538
MK,North Macedonia,MKD,2011,18.1203224569461
MK,North Macedonia,MKD,2010,18.2905857817131
NO,Norway,NOR,2023,22.0477897050686
NO,Norway,NOR,2022,18.0964798823633
NO,Norway,NOR,2021,22.4493406578412
NO,Norway,NOR,2020,26.1340574738378
NO,Norway,NOR,2019,24.1035080681146
NO,Norway,NOR,2018,23.112939424551
NO,Norway,NOR,2017,23.8057622649674
NO,Norway,NOR,2016,24.2188229593057
NO,Norway,NOR,2015,23.0978508285298
NO,Norway,NOR,2014,21.7227596135843
NO,Norway,NOR,2013,20.9790524328269
NO,Norway,NOR,2012,20.6096915874254
NO,Norway,NOR,2011,20.790418547942
NO,Norway,NOR,2010,21.2265832895452
OM,Oman,OMN,2023,18.8474117097071
OM,Oman,OMN,2022,17.6517102920565
OM,Oman,OMN,2021,22.1420061949011
OM,Oman,OMN,2020,26.0658781931806
OM,Oman,OMN,2019,23.1085016273177
OM,Oman,OMN,2018,21.5586630286494
OM,Oman,OMN,2017,24.5282958178672
OM,Oman,OMN,2016,26.1249004742618
OM,Oman,OMN,2015,24.6382701731082
OM,Oman,OMN,2014,21.6155857564501
OM,Oman,OMN,2013,18.8971209124244
OM,Oman,OMN,2012,17.1446678984906
OM,Oman,OMN,2011,15.8182818865822
OM,Oman,OMN,2010,16.374549819928
PK,Pakistan,PAK,2023,10.3442770582193
PK,Pakistan,PAK,2022,10.4918852190112
PK,Pakistan,PAK,2021,10.9295676776143
PK,Pakistan,PAK,2020,11.7888005549132
PK,Pakistan,PAK,2019,10.7497525398245
PK,Pakistan,PAK,2018,10.9936267499128
PK,Pakistan,PAK,2017,10.7537396159781
PK,Pakistan,PAK,2016,10.6089550735279
PK,Pakistan,PAK,2015,9.78896217919677
PK,Pakistan,PAK,2014,10.0273769948874
PK,Pakistan,PAK,2013,10.2598043429356
PK,Pakistan,PAK,2012,10.0992931187824
PK,Pakistan,PAK,2011,10.2265876334272
PK,Pakistan,PAK,2010,10.9187548907222
PW,Palau,PLW,2023,41.6364449714263
PW,Palau,PLW,2022,42.9017573463489
PW,Palau,PLW,2021,46.1670170648013
PW,Palau,PLW,2020,41.5717989333888
PW,Palau,PLW,2019,33.7697140932375
PW,Palau,PLW,2018,32.2659908256006
PW,Palau,PLW,2017,29.8930364953972
PW,Palau,PLW,2016,28.2282604750662
PW,Palau,PLW,2015,27.8799445180416
PW,Palau,PLW,2014,31.4653696805566
PW,Palau,PLW,2013,32.8880510682928
PW,Palau,PLW,2012,32.6261292105935
PW,Palau,PLW,2011,34.9218911950911
PW,Palau,PLW,2010,36.5547291789821
PA,Panama,PAN,2023,12.2638661007732
PA,Panama,PAN,2022,12.7631580189509
PA,Panama,PAN,2021,13.7437085434751
PA,Panama,PAN,2020,14.7376302795166
PA,Panama,PAN,2019,11.1248445479389
PA,Panama,PAN,2018,10.9797047197199
PA,Panama,PAN,2017,10.901052607274
PA,Panama,PAN,2016,10.5122480412502
PA,Panama,PAN,2015,9.86027277598914
PA,Panama,PAN,2014,9.61762053561465
PA,Panama,PAN,2013,10.2656853883718
PA,Panama,PAN,2012,10.4225540806429
PA,Panama,PAN,2011,11.4328553723706
PA,Panama,PAN,2010,12.2425044918398
PY,Paraguay,PRY,2023,12.1267410499793
PY,Paraguay,PRY,2022,11.859126961468
PY,Paraguay,PRY,2021,12.0136316874781
PY,Paraguay,PRY,2020,12.6444728382554
PY,Paraguay,PRY,2019,11.9462687058863
PY,Paraguay,PRY,2018,11.5202342967927
PY,Paraguay,PRY,2017,11.1076787786842
PY,Paraguay,PRY,2016,11.3629906714715
PY,Paraguay,PRY,2015,11.8031750486302
PY,Paraguay,PRY,2014,11.548845761159
PY,Paraguay,PRY,2013,11.2997503996582
PY,Paraguay,PRY,2012,11.7254484481284
PY,Paraguay,PRY,2011,10.0606239849801
PY,Paraguay,PRY,2010,9.06137526685847
PE,Peru,PER,2023,13.5642010031547
PE,Peru,PER,2022,13.3949556323686
PE,Peru,PER,2021,13.7498135562536
PE,Peru,PER,2020,15.8181030380089
PE,Peru,PER,2019,13.2443725852511
PE,Peru,PER,2018,13.0774424949562
PE,Peru,PER,2017,13.2122751962604
PE,Peru,PER,2016,13.1636888035228
PE,Peru,PER,2015,12.9655733799238
PE,Peru,PER,2014,12.4020903759554
PE,Peru,PER,2013,11.5009309068431
PE,Peru,PER,2012,10.8712123448481
PE,Peru,PER,2011,10.3623514688753
PE,Peru,PER,2010,10.5258359246036
PH,Philippines,PHL,2023,14.2212747884667
PH,Philippines,PHL,2022,15.0436742203408
PH,Philippines,PHL,2021,15.5791947083897
PH,Philippines,PHL,2020,15.2614545873485
PH,Philippines,PHL,2019,12.4677544303537
PH,Philippines,PHL,2018,12.0427836518839
PH,Philippines,PHL,2017,11.3233663056554
PH,Philippines,PHL,2016,11.2579676044704
PH,Philippines,PHL,2015,10.9116416620787
PH,Philippines,PHL,2014,10.5611726821726
PH,Philippines,PHL,2013,10.816955018461
PH,Philippines,PHL,2012,10.7921471088194
PH,Philippines,PHL,2011,9.71363218007827
PH,Philippines,PHL,2010,9.72039517748043
PL,Poland,POL,2023,18.9482308008084
PL,Poland,POL,2022,18.1191286260219
PL,Poland,POL,2021,18.523151073936
PL,Poland,POL,2020,18.8371621590167
PL,Poland,POL,2019,17.8183081676231
PL,Poland,POL,2018,17.4696531502565
PL,Poland,POL,2017,17.5668407420539
PL,Poland,POL,2016,17.8215503011855
PL,Poland,POL,2015,17.9050312672003
PL,Poland,POL,2014,18.2380268801328
PL,Poland,POL,2013,18.3308014321931
PL,Poland,POL,2012,18.0086571547278
PL,Poland,POL,2011,18.0778612921893
PL,Poland,POL,2010,19.1492387195228
PT,Portugal,PRT,2023,16.6915492938731
PT,Portugal,PRT,2022,17.4472259436645
PT,Portugal,PRT,2021,18.6558096632307
PT,Portugal,PRT,2020,18.9224290644649
PT,Portugal,PRT,2019,16.9881438936785
PT,Portugal,PRT,2018,16.992571222013
PT,Portugal,PRT,2017,17.2232442375481
PT,Portugal,PRT,2016,17.5981688967244
PT,Portugal,PRT,2015,17.8825695753332
PT,Portugal,PRT,2014,18.3843383966832
PT,Portugal,PRT,2013,18.8278452071391
PT,Portugal,PRT,2012,18.3090369425429
PT,Portugal,PRT,2011,19.6805549082876
PT,Portugal,PRT,2010,20.5645795720703
PR,Puerto Rico (US),PRI,2023,8.10567266535621
PR,Puerto Rico (US),PRI,2022,8.04005843098915
PR,Puerto Rico (US),PRI,2021,7.35286103286208
PR,Puerto Rico (US),PRI,2020,7.47884484669483
PR,Puerto Rico (US),PRI,2019,7.97249786923171
PR,Puerto Rico (US),PRI,2018,7.97618021733769
PR,Puerto Rico (US),PRI,2017,8.75581828112388
PR,Puerto Rico (US),PRI,2016,8.24609173953173
PR,Puerto Rico (US),PRI,2015,8.80314968246828
PR,Puerto Rico (US),PRI,2014,10.769206741516
PR,Puerto Rico (US),PRI,2013,10.3361639824305
PR,Puerto Rico (US),PRI,2012,10.6282885409118
PR,Puerto Rico (US),PRI,2011,10.4697777915073
PR,Puerto Rico (US),PRI,2010,11.0202853591079
QA,Qatar,QAT,2022,12.8767373907611
QA,Qatar,QAT,2021,16.6489324467882
QA,Qatar,QAT,2020,21.9553255158297
QA,Qatar,QAT,2019,18.4635724588468
QA,Qatar,QAT,2018,16.2809701051938
QA,Qatar,QAT,2017,17.6114241790174
QA,Qatar,QAT,2016,19.5437359248966
QA,Qatar,QAT,2015,20.2272945290989
QA,Qatar,QAT,2014,15.4671435327406
QA,Qatar,QAT,2013,14.5557331044045
QA,Qatar,QAT,2012,12.2483729711767
QA,Qatar,QAT,2011,11.0390992660905
QA,Qatar,QAT,2010,14.1530167576661
RO,Romania,ROU,2023,17.1999939148178
RO,Romania,ROU,2022,16.656923765154
RO,Romania,ROU,2021,17.8062190423497
RO,Romania,ROU,2020,18.8744011544391
RO,Romania,ROU,2019,17.5583336108956
RO,Romania,ROU,2018,16.7401011406337
RO,Romania,ROU,2017,15.6975535819589
RO,Romania,ROU,2016,15.3089409783507
RO,Romania,ROU,2015,13.9413929099012
RO,Romania,ROU,2014,14.1783362360873
RO,Romania,ROU,2013,14.2828758426557
RO,Romania,ROU,2012,13.7701345444659
RO,Romania,ROU,2011,13.5263054824729
RO,Romania,ROU,2010,15.0223287183306
RU,Russian Federation,RUS,2023,17.9582539621367
RU,Russian Federation,RUS,2022,17.0922277314908
RU,Russian Federation,RUS,2021,17.2518644108863
RU,Russian Federation,RUS,2020,19.9710007886076
RU,Russian Federation,RUS,2019,18.1013664111203
RU,Russian Federation,RUS,2018,17.7103783204011
RU,Russian Federation,RUS,2017,18.2168086477823
RU,Russian Federation,RUS,2016,18.4659193773134
RU,Russian Federation,RUS,2015,17.7653892166562
RU,Russian Federation,RUS,2014,18.0273313931418
RU,Russian Federation,RUS,2013,18.675302148229
RU,Russian Federation,RUS,2012,17.9672380527257
RU,Russian Federation,RUS,2011,17.6255115280966
RU,Russian Federation,RUS,2010,18.7250554156357
RW,Rwanda,RWA,2023,16.2989613675996
RW,Rwanda,RWA,2022,17.0328176794153
RW,Rwanda,RWA,2021,16.9437619532634
RW,Rwanda,RWA,2020,16.383453875618
RW,Rwanda,RWA,2019,15.8165587890012
RW,Rwanda,RWA,2018,14.7476601788797
RW,Rwanda,RWA,2017,15.0074832365581
RW,Rwanda,RWA,2016,15.0678995077858
RW,Rwanda,RWA,2015,13.8497879923213
RW,Rwanda,RWA,2014,14.2814464949749
RW,Rwanda,RWA,2013,12.8653723978061
RW,Rwanda,RWA,2012,12.9526437680734
RW,Rwanda,RWA,2011,12.0235602281128
RW,Rwanda,RWA,2010,13.0834898136764
WS,Samoa,WSM,2023,16.4684574663298
WS,Samoa,WSM,2022,20.4563753812071
WS,Samoa,WSM,2021,16.6216935851512
WS,Samoa,WSM,2020,14.643347623337
WS,Samoa,WSM,2019,13.7720334091913
WS,Samoa,WSM,2018,13.4088642552028
WS,Samoa,WSM,2017,12.1192926550714
WS,Samoa,WSM,2016,12.5741292115668
WS,Samoa,WSM,2015,15.1943629379555
WS,Samoa,WSM,2014,15.8878182440943
WS,Samoa,WSM,2013,14.5706479214532
WS,Samoa,WSM,2012,14.3427620576163
WS,Samoa,WSM,2011,13.3438736770929
WS,Samoa,WSM,2010,13.7157428353031
SM,San Marino,SMR,2023,14.1491669111055
SM,San Marino,SMR,2022,17.09852890289
SM,San Marino,SMR,2021,18.4723388977779
SM,San Marino,SMR,2020,21.6198092800334
SM,San Marino,SMR,2019,19.5202935432042
SM,San Marino,SMR,2018,19.4112752308576
SM,San Marino,SMR,2017,19.867108852768
SM,San Marino,SMR,2016,19.696629853926
SM,San Marino,SMR,2015,19.9905353841669
SA,Saudi Arabia,SAU,2023,20.9337084424946
SA,Saudi Arabia,SAU,2022,19.1390912620423
SA,Saudi Arabia,SAU,2021,21.6735834858218
SA,Saudi Arabia,SAU,2020,27.3711142062152
SA,Saudi Arabia,SAU,2019,22.6767882524964
SA,Saudi Arabia,SAU,2018,23.1693987098668
SA,Saudi Arabia,SAU,2017,23.3805006784788
SA,Saudi Arabia,SAU,2016,24.8383819547988
SA,Saudi Arabia,SAU,2015,28.9147345848793
SA,Saudi Arabia,SAU,2014,25.5951913122192
SA,Saudi Arabia,SAU,2013,22.3610329718449
SA,Saudi Arabia,SAU,2012,20.1587045453336
SA,Saudi Arabia,SAU,2011,19.8722966466312
SA,Saudi Arabia,SAU,2010,20.2028697814697
SN,Senegal,SEN,2023,8.0703764544053
SN,Senegal,SEN,2022,15.1470361751039
SN,Senegal,SEN,2021,15.1624726863083
SN,Senegal,SEN,2020,14.2802395565824
SN,Senegal,SEN,2019,14.0076479696607
SN,Senegal,SEN,2018,13.7846307930863
SN,Senegal,SEN,2017,13.6339715657972
SN,Senegal,SEN,2016,14.0312810079519
SN,Senegal,SEN,2015,14.2992772620651
SN,Senegal,SEN,2014,14.7346215191571
SN,Senegal,SEN,2013,14.5997172827542
SN,Senegal,SEN,2012,14.5744556263971
SN,Senegal,SEN,2011,14.8307179076936
SN,Senegal,SEN,2010,14.1628239594365
RS,Serbia,SRB,2023,17.1267778521403
RS,Serbia,SRB,2022,18.3527496834241
RS,Serbia,SRB,2021,18.7648402743056
RS,Serbia,SRB,2020,19.3837021106122
RS,Serbia,SRB,2019,18.3652144119898
RS,Serbia,SRB,2018,17.9956413715916
RS,Serbia,SRB,2017,17.5131315634351
RS,Serbia,SRB,2016,17.4876963346774
RS,Serbia,SRB,2015,18.2577533473438
RS,Serbia,SRB,2014,19.8535654361421
RS,Serbia,SRB,2013,20.1032369350754
RS,Serbia,SRB,2012,21.4856358559922
RS,Serbia,SRB,2011,20.9398727490957
RS,Serbia,SRB,2010,21.2839315255668
SC,Seychelles,SYC,2023,24.3504350833088
SC,Seychelles,SYC,2022,19.9748789957858
SC,Seychelles,SYC,2021,25.8451233580434
SC,Seychelles,SYC,2020,26.3767644643015
SC,Seychelles,SYC,2019,22.1841344223733
SC,Seychelles,SYC,2018,22.8895408301537
SC,Seychelles,SYC,2017,21.5958431981451
SC,Seychelles,SYC,2016,22.3644110312255
SC,Seychelles,SYC,2015,22.2902862090887
SC,Seychelles,SYC,2014,21.9007338679485
SC,Seychelles,SYC,2013,26.4810210783101
SC,Seychelles,SYC,2012,27.4115967343312
SC,Seychelles,SYC,2011,28.3756262839702
SC,Seychelles,SYC,2010,27.8102511990236
SL,Sierra Leone,SLE,2023,5.50037312032248
SL,Sierra Leone,SLE,2022,6.68383348844788
SL,Sierra Leone,SLE,2021,8.07171798807232
SL,Sierra Leone,SLE,2020,7.75670885304487
SL,Sierra Leone,SLE,2019,7.02931059822851
SL,Sierra Leone,SLE,2018,6.5131420698771
SL,Sierra Leone,SLE,2017,7.11636200315235
SL,Sierra Leone,SLE,2016,7.83245707032084
SL,Sierra Leone,SLE,2015,6.75860278543363
SL,Sierra Leone,SLE,2014,5.09056223969131
SL,Sierra Leone,SLE,2013,6.02254540329628
SL,Sierra Leone,SLE,2012,6.68298180881628
SL,Sierra Leone,SLE,2011,6.5154356343344
SL,Sierra Leone,SLE,2010,6.73531368697131
SG,Singapore,SGP,2023,9.9992117137858
SG,Singapore,SGP,2022,9.24182573082399
SG,Singapore,SGP,2021,10.6408439406424
SG,Singapore,SGP,2020,12.2619659464446
SG,Singapore,SGP,2019,10.2740281293141
SG,Singapore,SGP,2018,9.96197415154469
SG,Singapore,SGP,2017,10.1720211105612
SG,Singapore,SGP,2016,10.2365840342405
SG,Singapore,SGP,2015,10.1909083158792
SG,Singapore,SGP,2014,9.6310320219758
SG,Singapore,SGP,2013,9.74421772737465
SG,Singapore,SGP,2012,8.85786688468844
SG,Singapore,SGP,2011,9.23684263701949
SG,Singapore,SGP,2010,9.691568385966
SK,Slovak Republic,SVK,2023,19.9979297175368
SK,Slovak Republic,SVK,2022,20.5171306444411
SK,Slovak Republic,SVK,2021,20.7965783704832
SK,Slovak Republic,SVK,2020,20.7560453692276
SK,Slovak Republic,SVK,2019,19.5594607255757
SK,Slovak Republic,SVK,2018,18.5660492970595
SK,Slovak Republic,SVK,2017,18.8324415253841
SK,Slovak Republic,SVK,2016,18.7978158666459
SK,Slovak Republic,SVK,2015,18.4916159434894
SK,Slovak Republic,SVK,2014,18.3081999887673
SK,Slovak Republic,SVK,2013,18.0395982882231
SK,Slovak Republic,SVK,2012,17.8032795774858
SK,Slovak Republic,SVK,2011,18.3560850522368
SK,Slovak Republic,SVK,2010,19.2064841969329
SI,Slovenia,SVN,2023,19.1972075944159
SI,Slovenia,SVN,2022,19.53040722729
SI,Slovenia,SVN,2021,20.8465487377028
SI,Slovenia,SVN,2020,20.7447344651164
SI,Slovenia,SVN,2019,18.4696011878283
SI,Slovenia,SVN,2018,18.4130304503047
SI,Slovenia,SVN,2017,18.6197208157994
SI,Slovenia,SVN,2016,19.2401548940592
SI,Slovenia,SVN,2015,18.9985678506753
SI,Slovenia,SVN,2014,19.0721509937972
SI,Slovenia,SVN,2013,19.8659414498386
SI,Slovenia,SVN,2012,20.5364965325746
SI,Slovenia,SVN,2011,20.7174320914296
SI,Slovenia,SVN,2010,20.5968980752648
SB,Solomon Islands,SLB,2023,27.8268760317656
SB,Solomon Islands,SLB,2022,26.4598792818994
SB,Solomon Islands,SLB,2021,24.8969434799213
SB,Solomon Islands,SLB,2020,25.1217879464616
SB,Solomon Islands,SLB,2019,27.6261688448347
SB,Solomon Islands,SLB,2018,26.8322740143619
SB,Solomon Islands,SLB,2017,25.9796656440273
SB,Solomon Islands,SLB,2016,29.0835748227662
SB,Solomon Islands,SLB,2015,29.5654923443768
SB,Solomon Islands,SLB,2014,30.518382545774
SB,Solomon Islands,SLB,2013,30.5599050532294
SB,Solomon Islands,SLB,2012,25.4855335465756
SB,Solomon Islands,SLB,2011,24.5588179941151
SB,Solomon Islands,SLB,2010,31.5454724156809
SO,"Somalia, Fed. Rep.",SOM,2023,7.16371600657054
SO,"Somalia, Fed. Rep.",SOM,2022,7.43898853278448
SO,"Somalia, Fed. Rep.",SOM,2021,7.1285458188337
SO,"Somalia, Fed. Rep.",SOM,2020,6.89615206305053
SO,"Somalia, Fed. Rep.",SOM,2019,6.11136783733826
SO,"Somalia, Fed. Rep.",SOM,2018,6.28731106312714
SO,"Somalia, Fed. Rep.",SOM,2017,6.37481874945745
SO,"Somalia, Fed. Rep.",SOM,2016,5.90765767381111
SO,"Somalia, Fed. Rep.",SOM,2015,5.32198902658072
SO,"Somalia, Fed. Rep.",SOM,2014,5.57031501984449
SO,"Somalia, Fed. Rep.",SOM,2013,5.36060649728664
SO,"Somalia, Fed. Rep.",SOM,2012,3.99050131201431
ZA,South Africa,ZAF,2023,19.1795974311491
ZA,South Africa,ZAF,2022,18.775567058988
ZA,South Africa,ZAF,2021,19.1219841764515
ZA,South Africa,ZAF,2020,20.6203398698938
ZA,South Africa,ZAF,2019,19.5800800398681
ZA,South Africa,ZAF,2018,19.352226142463
ZA,South Africa,ZAF,2017,19.2360771279531
ZA,South Africa,ZAF,2016,19.3075616545523
ZA,South Africa,ZAF,2015,18.9850713286308
ZA,South Africa,ZAF,2014,19.3140625940978
ZA,South Africa,ZAF,2013,19.0813745546722
ZA,South Africa,ZAF,2012,18.8205452606488
ZA,South Africa,ZAF,2011,18.1951431854763
ZA,South Africa,ZAF,2010,17.996063602882
ES,Spain,ESP,2023,19.470863508931
ES,Spain,ESP,2022,19.9317083168891
ES,Spain,ESP,2021,21.0051364901244
ES,Spain,ESP,2020,21.8157054375876
ES,Spain,ESP,2019,18.7386237646665
ES,Spain,ESP,2018,18.5844642639135
ES,Spain,ESP,2017,18.5432948383965
ES,Spain,ESP,2016,18.9554100877408
ES,Spain,ESP,2015,19.3555953756375
ES,Spain,ESP,2014,19.5517778062253
ES,Spain,ESP,2013,19.8099355336898
ES,Spain,ESP,2012,19.8836059940307
ES,Spain,ESP,2011,20.5764066286762
ES,Spain,ESP,2010,20.5479299444365
LK,Sri Lanka,LKA,2023,6.77749233444335
LK,Sri Lanka,LKA,2022,7.23003958939168
LK,Sri Lanka,LKA,2021,9.45146674010959
LK,Sri Lanka,LKA,2020,10.3979083372906
LK,Sri Lanka,LKA,2019,8.97254856440914
LK,Sri Lanka,LKA,2018,8.60915689754483
LK,Sri Lanka,LKA,2017,7.85322795456497
LK,Sri Lanka,LKA,2016,8.17028444044681
LK,Sri Lanka,LKA,2015,8.91065634760838
SD,Sudan,SDN,2023,17.4245401216912
SD,Sudan,SDN,2022,17.8526819914311
SD,Sudan,SDN,2021,10.9562837482065
SD,Sudan,SDN,2020,14.44544106941
SD,Sudan,SDN,2019,6.17093549809089
SD,Sudan,SDN,2018,6.71404330537475
SD,Sudan,SDN,2017,6.42960097705768
SD,Sudan,SDN,2016,5.58845645649478
SD,Sudan,SDN,2015,6.17444136369761
SD,Sudan,SDN,2014,6.08247265963609
SD,Sudan,SDN,2013,6.39875149443446
SD,Sudan,SDN,2012,6.45206378391761
SD,Sudan,SDN,2011,6.25205207638722
SD,Sudan,SDN,2010,9.45186901010427
SR,Suriname,SUR,2010,13.3244392562328
SE,Sweden,SWE,2023,26.3170240463134
SE,Sweden,SWE,2022,25.5364171916894
SE,Sweden,SWE,2021,25.9763998405245
SE,Sweden,SWE,2020,26.5741578401929
SE,Sweden,SWE,2019,25.8980495807728
SE,Sweden,SWE,2018,26.3346572936666
SE,Sweden,SWE,2017,26.3066887513623
SE,Sweden,SWE,2016,26.4988102124362
SE,Sweden,SWE,2015,25.8977209771077
SE,Sweden,SWE,2014,26.2755994072154
SE,Sweden,SWE,2013,26.3184051620825
SE,Sweden,SWE,2012,25.8787030187985
SE,Sweden,SWE,2011,25.0926024146402
SE,Sweden,SWE,2010,25.1879057776486
CH,Switzerland,CHE,2023,11.2574218352381
CH,Switzerland,CHE,2022,11.2347528038153
CH,Switzerland,CHE,2021,11.9159806875632
CH,Switzerland,CHE,2020,12.1264545910032
CH,Switzerland,CHE,2019,11.3549037641088
CH,Switzerland,CHE,2018,11.2649207517523
CH,Switzerland,CHE,2017,11.5093914980384
CH,Switzerland,CHE,2016,11.5149617444437
CH,Switzerland,CHE,2015,11.5375670168373
CH,Switzerland,CHE,2014,11.4816364729739
CH,Switzerland,CHE,2013,11.4125791729509
CH,Switzerland,CHE,2012,11.3149273831192
CH,Switzerland,CHE,2011,11.2755715577404
CH,Switzerland,CHE,2010,11.1836121803075
SY,Syrian Arab Republic,SYR,2022,2.72332358480479
SY,Syrian Arab Republic,SYR,2021,6.83495852711064
SY,Syrian Arab Republic,SYR,2020,10.6812655408486
SY,Syrian Arab Republic,SYR,2019,15.3699342294974
SY,Syrian Arab Republic,SYR,2018,15.9632633383117
SY,Syrian Arab Republic,SYR,2017,16.4912083998601
SY,Syrian Arab Republic,SYR,2016,16.7288942442319
SY,Syrian Arab Republic,SYR,2015,16.7235303672229
SY,Syrian Arab Republic,SYR,2014,19.6239364160388
SY,Syrian Arab Republic,SYR,2013,19.114396445054
SY,Syrian Arab Republic,SYR,2012,14.5638350697326
SY,Syrian Arab Republic,SYR,2011,12.7846233306279
SY,Syrian Arab Republic,SYR,2010,13.3239984096056
TJ,Tajikistan,TJK,2023,10.6621971920935
TJ,Tajikistan,TJK,2022,10.1350716735332
TJ,Tajikistan,TJK,2021,10.8842527872508
TJ,Tajikistan,TJK,2020,11.5680045927562
TJ,Tajikistan,TJK,2019,11.154496661602
TJ,Tajikistan,TJK,2018,11.2210663784563
TJ,Tajikistan,TJK,2017,11.3864820445011
TJ,Tajikistan,TJK,2016,11.7568255694895
TJ,Tajikistan,TJK,2015,11.5589531129237
TJ,Tajikistan,TJK,2014,14.0398407791244
TJ,Tajikistan,TJK,2013,13.2973252306821
TJ,Tajikistan,TJK,2012,12.8418194236667
TJ,Tajikistan,TJK,2011,13.6533083259342
TJ,Tajikistan,TJK,2010,11.3267036600815
TZ,Tanzania,TZA,2023,8.75962998482192
TZ,Tanzania,TZA,2022,8.30175218114757
TZ,Tanzania,TZA,2021,8.00508198452759
TZ,Tanzania,TZA,2020,7.69958423897104
TZ,Tanzania,TZA,2019,7.78241227923226
TZ,Tanzania,TZA,2018,8.11258642479634
TZ,Tanzania,TZA,2017,8.50343167431648
TZ,Tanzania,TZA,2016,9.06650633826612
TZ,Tanzania,TZA,2015,9.92729404696031
TZ,Tanzania,TZA,2014,9.86779141018669
TZ,Tanzania,TZA,2013,10.045603308513
TZ,Tanzania,TZA,2012,10.4270536311811
TZ,Tanzania,TZA,2011,9.69687940199349
TZ,Tanzania,TZA,2010,10.3622039008706
TH,Thailand,THA,2023,16.6164810176384
TH,Thailand,THA,2022,17.7190156034668
TH,Thailand,THA,2021,18.2351747744466
TH,Thailand,THA,2020,17.7948874074302
TH,Thailand,THA,2019,16.1693520358071
TH,Thailand,THA,2018,16.1739664282364
TH,Thailand,THA,2017,16.2984037874409
TH,Thailand,THA,2016,16.8651827576018
TH,Thailand,THA,2015,17.1211512659094
TH,Thailand,THA,2014,16.9163611055347
TH,Thailand,THA,2013,16.3634854486488
TH,Thailand,THA,2012,16.3529827045331
TH,Thailand,THA,2011,16.1417809611223
TH,Thailand,THA,2010,15.8008150334771
TL,Timor-Leste,TLS,2023,52.9207740368254
TL,Timor-Leste,TLS,2022,33.1098595238069
TL,Timor-Leste,TLS,2021,28.1944597520693
TL,Timor-Leste,TLS,2020,44.4784602451638
TL,Timor-Leste,TLS,2019,47.221848819118
TL,Timor-Leste,TLS,2018,56.6796948739336
TL,Timor-Leste,TLS,2017,55.1826840578112
TL,Timor-Leste,TLS,2016,55.6080712389117
TL,Timor-Leste,TLS,2015,58.9435170130636
TL,Timor-Leste,TLS,2014,65.6661832247071
TL,Timor-Leste,TLS,2013,62.3368152518921
TL,Timor-Leste,TLS,2012,84.1935081887808
TL,Timor-Leste,TLS,2011,89.7061692707584
TL,Timor-Leste,TLS,2010,103.163525101522
TG,Togo,TGO,2022,12.5462865190925
TG,Togo,TGO,2021,12.7682267745102
TG,Togo,TGO,2020,13.6268683907906
TG,Togo,TGO,2019,13.2456024093298
TG,Togo,TGO,2018,13.2027764907528
TG,Togo,TGO,2017,13.9788039637618
TG,Togo,TGO,2016,15.480759395721
TG,Togo,TGO,2015,13.0282064740467
TG,Togo,TGO,2014,12.077816840506
TG,Togo,TGO,2013,12.410587297798
TG,Togo,TGO,2012,11.6087018500549
TG,Togo,TGO,2011,12.0919635411184
TG,Togo,TGO,2010,13.0954636712604
TO,Tonga,TON,2023,25.0876026664515
TO,Tonga,TON,2022,27.853114646283
TO,Tonga,TON,2021,28.6049535505785
TO,Tonga,TON,2020,22.1054859867712
TO,Tonga,TON,2019,20.5749585910743
TO,Tonga,TON,2018,19.0352295404744
TO,Tonga,TON,2017,20.0801111516128
TO,Tonga,TON,2016,20.588156893115
TO,Tonga,TON,2015,21.2925550306424
TO,Tonga,TON,2014,20.1340646371478
TO,Tonga,TON,2013,20.0088548595829
TO,Tonga,TON,2012,19.4738425294551
TO,Tonga,TON,2011,18.3709571364235
TO,Tonga,TON,2010,18.7662753402163
TN,Tunisia,TUN,2023,19.4187952219205
TN,Tunisia,TUN,2022,20.369250848904
TN,Tunisia,TUN,2021,20.8063272836741
TN,Tunisia,TUN,2020,21.6353520147345
TN,Tunisia,TUN,2019,18.816485090181
TN,Tunisia,TUN,2018,18.3880232419204
TN,Tunisia,TUN,2017,19.1245104718586
TN,Tunisia,TUN,2016,18.7192573165881
TN,Tunisia,TUN,2015,17.9055746963883
TN,Tunisia,TUN,2014,17.3282152950605
TN,Tunisia,TUN,2013,17.302761665394
TN,Tunisia,TUN,2012,16.656985085655
TN,Tunisia,TUN,2011,16.431096340513
TN,Tunisia,TUN,2010,15.153644726139
TR,Turkiye,TUR,2023,13.2360600879054
TR,Turkiye,TUR,2022,11.817312986037
TR,Turkiye,TUR,2021,13.045605699142
TR,Turkiye,TUR,2020,15.0319947560781
TR,Turkiye,TUR,2019,15.2428471146395
TR,Turkiye,TUR,2018,14.5122068809579
TR,Turkiye,TUR,2017,14.1092729854912
TR,Turkiye,TUR,2016,14.6023400852653
TR,Turkiye,TUR,2015,13.5014007063213
TR,Turkiye,TUR,2014,14.5742586923768
TR,Turkiye,TUR,2013,14.2663052756586
TR,Turkiye,TUR,2012,14.4431255231411
TR,Turkiye,TUR,2011,14.0398285658332
TR,Turkiye,TUR,2010,14.6884914691775
TM,Turkmenistan,TKM,2023,12.7079042982832
TM,Turkmenistan,TKM,2022,11.4144727279774
TM,Turkmenistan,TKM,2021,11.8853198953298
TM,Turkmenistan,TKM,2020,12.174441735313
TM,Turkmenistan,TKM,2019,12.3076777311057
TM,Turkmenistan,TKM,2018,11.9695960863196
TM,Turkmenistan,TKM,2017,15.1866779165599
TM,Turkmenistan,TKM,2016,8.99220336037538
TM,Turkmenistan,TKM,2015,9.57948586979944
TM,Turkmenistan,TKM,2014,6.58395408081004
TM,Turkmenistan,TKM,2013,6.06285750091753
TM,Turkmenistan,TKM,2012,5.94104851423896
TM,Turkmenistan,TKM,2011,6.63145892096261
TM,Turkmenistan,TKM,2010,7.1284298188372
UG,Uganda,UGA,2023,9.56616058785446
UG,Uganda,UGA,2022,9.78726680444974
UG,Uganda,UGA,2021,9.93159612659213
UG,Uganda,UGA,2020,9.51141446504173
UG,Uganda,UGA,2019,8.77456131212774
UG,Uganda,UGA,2018,8.63607272997988
UG,Uganda,UGA,2017,8.00943502980076
UG,Uganda,UGA,2016,7.3519468435187
UG,Uganda,UGA,2015,8.95453398978222
UG,Uganda,UGA,2014,7.42890180380585
UG,Uganda,UGA,2013,7.09808347224892
UG,Uganda,UGA,2012,7.59446464218355
UG,Uganda,UGA,2011,15.3978037954044
UG,Uganda,UGA,2010,8.27345406223707
UA,Ukraine,UKR,2023,41.8556928744753
UA,Ukraine,UKR,2022,39.8363540094756
UA,Ukraine,UKR,2021,17.7421719075322
UA,Ukraine,UKR,2020,19.2950967142315
UA,Ukraine,UKR,2019,18.7805334308224
UA,Ukraine,UKR,2018,20.7717491381349
UA,Ukraine,UKR,2017,20.6834635537649
UA,Ukraine,UKR,2016,18.602043207607
UA,Ukraine,UKR,2015,18.9241475169772
UA,Ukraine,UKR,2014,18.6657760497569
UA,Ukraine,UKR,2013,18.8979527234302
UA,Ukraine,UKR,2012,18.9399463777572
UA,Ukraine,UKR,2011,17.6915870255815
UA,Ukraine,UKR,2010,19.6666919510791
AE,United Arab Emirates,ARE,2023,12.2173883594796
AE,United Arab Emirates,ARE,2022,12.4330650344039
AE,United Arab Emirates,ARE,2021,14.3597204102575
AE,United Arab Emirates,ARE,2020,14.8528181861846
AE,United Arab Emirates,ARE,2019,12.6068496743838
AE,United Arab Emirates,ARE,2018,12.1263420474092
AE,United Arab Emirates,ARE,2017,12.6302352301064
AE,United Arab Emirates,ARE,2016,11.716895315924
AE,United Arab Emirates,ARE,2015,11.6529416964405
AE,United Arab Emirates,ARE,2014,10.3710999200937
AE,United Arab Emirates,ARE,2013,10.4608821198956
AE,United Arab Emirates,ARE,2012,9.27950398396156
AE,United Arab Emirates,ARE,2011,9.46183554339064
AE,United Arab Emirates,ARE,2010,9.44599092873411
GB,United Kingdom,GBR,2023,20.2413809642158
GB,United Kingdom,GBR,2022,20.3875396220537
GB,United Kingdom,GBR,2021,21.9023771103032
GB,United Kingdom,GBR,2020,22.3849730788057
GB,United Kingdom,GBR,2019,18.934726344575
GB,United Kingdom,GBR,2018,18.3768895986708
GB,United Kingdom,GBR,2017,18.5281767976876
GB,United Kingdom,GBR,2016,19.0926073260822
GB,United Kingdom,GBR,2015,19.4312702799147
GB,United Kingdom,GBR,2014,19.7332253904663
GB,United Kingdom,GBR,2013,20.0423459760144
GB,United Kingdom,GBR,2012,20.6413631115148
GB,United Kingdom,GBR,2011,20.8042181029914
GB,United Kingdom,GBR,2010,21.4325808449976
US,United States,USA,2022,13.9429723365358
US,United States,USA,2021,14.4381701420122
US,United States,USA,2020,15.0912418134706
US,United States,USA,2019,14.1009184202812
US,United States,USA,2018,13.9274534549159
US,United States,USA,2017,13.9429433442707
US,United States,USA,2016,14.1928765356073
US,United States,USA,2015,14.3028948337723
US,United States,USA,2014,14.5992974323344
US,United States,USA,2013,15.0253298264668
US,United States,USA,2012,15.4758416244692
US,United States,USA,2011,16.098427999507
US,United States,USA,2010,16.6858457892174
UY,Uruguay,URY,2023,16.9963640196447
UY,Uruguay,URY,2022,16.3519256045241
UY,Uruguay,URY,2021,16.8274233316562
UY,Uruguay,URY,2020,18.0526209986761
UY,Uruguay,URY,2019,17.2836793288606
UY,Uruguay,URY,2018,16.8898046110751
UY,Uruguay,URY,2017,16.4943479737156
UY,Uruguay,URY,2016,15.9448322857982
UY,Uruguay,URY,2015,13.8358099973704
UY,Uruguay,URY,2014,13.6963930072559
UY,Uruguay,URY,2013,13.5224297817283
UY,Uruguay,URY,2012,13.273834491652
UY,Uruguay,URY,2011,12.7604586461063
UY,Uruguay,URY,2010,12.64589594908
UZ,Uzbekistan,UZB,2023,14.4844754028732
UZ,Uzbekistan,UZB,2022,14.9774337437257
UZ,Uzbekistan,UZB,2021,14.9259640726969
UZ,Uzbekistan,UZB,2020,14.6422818278123
UZ,Uzbekistan,UZB,2019,14.4693873139304
UZ,Uzbekistan,UZB,2018,12.1011710764461
UZ,Uzbekistan,UZB,2017,11.2974060135313
UZ,Uzbekistan,UZB,2016,14.139970579292
UZ,Uzbekistan,UZB,2015,13.6168821592493
UZ,Uzbekistan,UZB,2014,13.2451945912363
UZ,Uzbekistan,UZB,2013,13.3203912371116
UZ,Uzbekistan,UZB,2012,12.3643881888595
UZ,Uzbekistan,UZB,2011,11.9684755060854
UZ,Uzbekistan,UZB,2010,12.5052768290029
VU,Vanuatu,VUT,2022,23.3315804177417
VU,Vanuatu,VUT,2021,24.8464281937648
VU,Vanuatu,VUT,2020,23.4063033098571
VU,Vanuatu,VUT,2019,20.5742205677059
VU,Vanuatu,VUT,2018,16.9185579184488
VU,Vanuatu,VUT,2017,17.436529766986
VU,Vanuatu,VUT,2016,14.462056871712
VU,Vanuatu,VUT,2015,15.839754583444
VU,Vanuatu,VUT,2014,13.8910340052725
VU,Vanuatu,VUT,2013,15.7395525302684
VU,Vanuatu,VUT,2012,16.1696353820838
VU,Vanuatu,VUT,2011,16.908787460997
VU,Vanuatu,VUT,2010,18.2718936549942
VE,"Venezuela, RB",VEN,2011,11.5177950119703
VE,"Venezuela, RB",VEN,2010,11.2095388384583
VN,Viet Nam,VNM,2023,8.84756445434067
VN,Viet Nam,VNM,2022,8.81892224803344
VN,Viet Nam,VNM,2021,9.58508554643739
VN,Viet Nam,VNM,2020,9.47881328344632
VN,Viet Nam,VNM,2019,9.5788363682709
VN,Viet Nam,VNM,2018,9.74588913320742
VN,Viet Nam,VNM,2017,10.1349272840895
VN,Viet Nam,VNM,2016,10.3983766667541
VN,Viet Nam,VNM,2015,10.6549127142472
VN,Viet Nam,VNM,2014,10.3174617549851
VN,Viet Nam,VNM,2013,10.9161669772076
VN,Viet Nam,VNM,2012,10.4451862897283
VN,Viet Nam,VNM,2011,9.98091727618404
VN,Viet Nam,VNM,2010,10.3833082456979
VI,Virgin Islands (U.S.),VIR,2022,34.375
VI,Virgin Islands (U.S.),VIR,2021,33.9028178389172
VI,Virgin Islands (U.S.),VIR,2020,34.7363442894301
VI,Virgin Islands (U.S.),VIR,2019,37.0541130793497
VI,Virgin Islands (U.S.),VIR,2018,43.2322202396125
VI,Virgin Islands (U.S.),VIR,2017,31.9451765946231
VI,Virgin Islands (U.S.),VIR,2016,27.5934702474987
VI,Virgin Islands (U.S.),VIR,2015,28.2555282555283
VI,Virgin Islands (U.S.),VIR,2014,29.3969144460028
VI,Virgin Islands (U.S.),VIR,2013,27.9026217228464
VI,Virgin Islands (U.S.),VIR,2012,25.0917094644167
VI,Virgin Islands (U.S.),VIR,2011,27.1607861709685
VI,Virgin Islands (U.S.),VIR,2010,28.168362627197
PS,West Bank and Gaza,PSE,2023,20.2483205307067
PS,West Bank and Gaza,PSE,2022,20.4899428660875
PS,West Bank and Gaza,PSE,2021,23.7992158595174
PS,West Bank and Gaza,PSE,2020,23.4333653109447
PS,West Bank and Gaza,PSE,2019,20.660110310211
PS,West Bank and Gaza,PSE,2018,21.9910792180185
PS,West Bank and Gaza,PSE,2017,20.7508680555556
PS,West Bank and Gaza,PSE,2016,23.5326573798798
PS,West Bank and Gaza,PSE,2015,25.0100197532278
PS,West Bank and Gaza,PSE,2014,25.1842426928383
PS,West Bank and Gaza,PSE,2013,25.0209019274167
PS,West Bank and Gaza,PSE,2012,25.6126928999705
PS,West Bank and Gaza,PSE,2011,25.8561965296216
PS,West Bank and Gaza,PSE,2010,25.8307080514383
YE,"Yemen, Rep.",YEM,2018,8.99114080709907
YE,"Yemen, Rep.",YEM,2017,6.00374775134919
YE,"Yemen, Rep.",YEM,2016,8.64832414801485
YE,"Yemen, Rep.",YEM,2015,10.614494195253
YE,"Yemen, Rep.",YEM,2014,11.9817330972627
YE,"Yemen, Rep.",YEM,2013,13.0920244120503
YE,"Yemen, Rep.",YEM,2012,14.4623057330816
YE,"Yemen, Rep.",YEM,2011,12.7990675563281
YE,"Yemen, Rep.",YEM,2010,11.8518365629436
ZM,Zambia,ZMB,2023,13.312782708599
ZM,Zambia,ZMB,2022,14.4528290197612
ZM,Zambia,ZMB,2021,11.5310478017208
ZM,Zambia,ZMB,2020,14.6896417176015
ZM,Zambia,ZMB,2019,17.6842563810264
ZM,Zambia,ZMB,2018,12.7086519245005
ZM,Zambia,ZMB,2017,13.7207952422721
ZM,Zambia,ZMB,2016,16.0718741959666
ZM,Zambia,ZMB,2015,14.7806073693567
ZM,Zambia,ZMB,2014,14.5238685926023
ZM,Zambia,ZMB,2013,12.1843034143698
ZM,Zambia,ZMB,2012,11.897397961769
ZM,Zambia,ZMB,2011,10.2458003430842
ZM,Zambia,ZMB,2010,8.65362421922944
ZW,Zimbabwe,ZWE,2023,11.9689867430753
ZW,Zimbabwe,ZWE,2022,14.1539646988449
ZW,Zimbabwe,ZWE,2021,12.9409184212007
ZW,Zimbabwe,ZWE,2020,7.53056464790837
ZW,Zimbabwe,ZWE,2019,6.06469116961296
ZW,Zimbabwe,ZWE,2018,10.3741618687993
ZW,Zimbabwe,ZWE,2017,11.6514896623328
ZW,Zimbabwe,ZWE,2016,18.1244452010652
ZW,Zimbabwe,ZWE,2015,18.8777489892732
ZW,Zimbabwe,ZWE,2014,19.5598677296147
ZW,Zimbabwe,ZWE,2013,18.4390665288012
ZW,Zimbabwe,ZWE,2012,20.0061319239641
ZW,Zimbabwe,ZWE,2011,18.7734779218938
ZW,Zimbabwe,ZWE,2010,15.3161378680667
