country,ymabs,sb_rate,comp3_rate,n,cohort,id
AT,24183,0.09016393442622951,0.7896174863387978,366,24209,1
AT,24184,0.05829596412556054,0.8295964125560538,223,24209,1
AT,24185,0.0856269113149847,0.7339449541284404,327,24209,1
AT,24186,0.2219679633867277,0.631578947368421,437,24209,1
AT,24187,0.1256544502617801,0.7382198952879581,191,24209,1
AT,24188,0.10393258426966293,0.8089887640449438,356,24209,1
AT,24189,0.11392405063291139,0.7257383966244726,237,24209,1
AT,24190,0.2826086956521739,0.5217391304347826,46,24209,1
AT,24191,0.26976744186046514,0.5488372093023256,215,24209,1
AT,24192,0.13382899628252787,0.7397769516728625,538,24209,1
AT,24193,0.22007722007722008,0.6756756756756757,259,24209,1
AT,24194,0.1162227602905569,0.7893462469733656,413,24209,1
AT,24195,0.09090909090909091,0.7892561983471075,242,24209,1
AT,24196,0.25263157894736843,0.6526315789473685,95,24209,1
AT,24197,0.04807692307692308,0.8269230769230769,104,24209,1
AT,24198,0.078125,0.75,64,24209,1
AT,24199,0.1095890410958904,0.7671232876712328,73,24209,1
AT,24200,0.07964601769911504,0.8053097345132744,113,24209,1
AT,24201,0.1724137931034483,0.6436781609195402,87,24209,1
AT,24202,0.15384615384615385,0.7514792899408284,169,24209,1
AT,24203,0.32599118942731276,0.2511013215859031,227,24209,1
AT,24204,0.14814814814814814,0.6851851851851852,270,24209,1
AT,24205,0.1111111111111111,0.6434108527131783,387,24209,1
AT,24206,0.19696969696969696,0.6628787878787878,264,24209,1
AT,24207,0.15508021390374332,0.7593582887700535,187,24209,1
AT,24209,0.21951219512195122,0.6655052264808362,287,24209,1
AT,24210,0.13043478260869565,0.7260869565217392,230,24209,1
AT,24211,0.13333333333333333,0.6888888888888889,45,24209,1
AT,24212,0.14181818181818182,0.6945454545454546,275,24209,1
AT,24213,0.10997442455242967,0.7161125319693095,391,24209,1
AT,24214,0.11057692307692307,0.6875,416,24209,1
AT,24215,0.2150101419878296,0.45841784989858014,493,24209,1
AT,24216,0.21103896103896103,0.6038961038961039,308,24209,1
AT,24217,0.18357487922705315,0.6521739130434783,207,24209,1
AT,24218,0.171021377672209,0.6888361045130641,421,24209,1
AT,24219,0.12830188679245283,0.7169811320754716,265,24209,1
AT,24220,0.14977973568281938,0.7048458149779736,227,24209,1
AT,24221,0.19607843137254902,0.6470588235294118,306,24209,1
AT,24222,0.15699658703071673,0.6621160409556314,293,24209,1
AT,24223,0.18076923076923077,0.5153846153846153,260,24209,1
AT,24224,0.22916666666666666,0.5763888888888888,288,24209,1
AT,24225,0.15246636771300448,0.6547085201793722,223,24209,1
AT,24226,0.15702479338842976,0.6473829201101928,363,24209,1
AT,24227,0.21515892420537897,0.5819070904645477,409,24209,1
AT,24228,0.17866004962779156,0.56575682382134,403,24209,1
AT,24229,0.3195402298850575,0.35402298850574715,1305,24209,1
AT,24230,0.24126984126984127,0.6095238095238096,315,24209,1
AT,24231,0.2491349480968858,0.5778546712802768,289,24209,1
AT,24232,0.1437908496732026,0.6830065359477124,306,24209,1
AT,24233,0.2798507462686567,0.5373134328358209,268,24209,1
AT,24234,0.25176470588235295,0.5647058823529412,425,24209,1
AT,24235,0.21428571428571427,0.5885714285714285,350,24209,1
AT,24236,0.19325153374233128,0.5674846625766872,326,24209,1
AT,24238,0.28921568627450983,0.5196078431372549,408,24209,1
AT,24240,0.2003012048192771,0.5316265060240963,664,24209,1
AT,24241,0.2939189189189189,0.46283783783783783,296,24209,1
AT,24242,0.22459893048128343,0.5828877005347594,374,24209,1
AT,24243,0.2492753623188406,0.5971014492753624,345,24209,1
AT,24244,0.37666666666666665,0.48,300,24209,1
AT,24245,0.2684729064039409,0.6133004926108374,406,24209,1
AT,24246,0.32653061224489793,0.5759637188208617,882,24209,1
AT,24247,0.1506276150627615,0.6799163179916318,478,24209,1
AT,24248,0.22016460905349794,0.654320987654321,486,24209,1
AT,24249,0.19957537154989385,0.6263269639065817,471,24209,1
AT,24250,0.3157894736842105,0.5357142857142857,532,24209,1
AT,24251,0.3752711496746204,0.48156182212581344,461,24209,1
BE,24182,0.14302461899179367,0.8229777256740914,853,24197,2
BE,24183,0.16813186813186815,0.7201465201465201,2730,24197,2
BE,24184,0.20982986767485823,0.6509136735979836,1587,24197,2
BE,24185,0.2003577817531306,0.6929039952295766,1677,24197,2
BE,24186,0.2734189253447456,0.5397051830718022,2103,24197,2
BE,24187,0.12360594795539033,0.7128252788104089,1076,24197,2
BE,24188,0.2531446540880503,0.5267295597484277,1272,24197,2
BE,24189,0.15123094958968347,0.7368112543962485,1706,24197,2
BE,24190,0.2643020594965675,0.5743707093821511,874,24197,2
BE,24191,0.6530878859857482,0.2635391923990499,8420,24197,2
BE,24192,0.18181818181818182,0.6121979286536249,4345,24197,2
BE,24193,0.18482957273163705,0.6524243879020644,2083,24197,2
BE,24194,0.2557471264367816,0.6340996168582376,1044,24197,2
BE,24195,0.10463045414069456,0.8303650934995548,2246,24197,2
BE,24196,0.07341490545050056,0.8286985539488321,1798,24197,2
BE,24197,0.13148283418553688,0.7260774287801315,1369,24197,2
BE,24198,0.14452554744525548,0.6642335766423357,685,24197,2
BE,24199,0.11188811188811189,0.7118881118881119,1430,24197,2
BE,24200,0.12546468401486988,0.7611524163568774,1076,24197,2
BE,24201,0.13350449293966624,0.668806161745828,779,24197,2
BE,24202,0.2311377245508982,0.5700598802395209,835,24197,2
BE,24203,0.20883534136546184,0.6345381526104418,1743,24197,2
BE,24204,0.20286264794935316,0.5067437379576107,3633,24197,2
BE,24205,0.2619949494949495,0.5126262626262627,1584,24197,2
BE,24206,0.2916881775942179,0.5591120289106867,1937,24197,2
BE,24207,0.22183098591549297,0.6091549295774648,1136,24197,2
BE,24208,0.22459893048128343,0.6256684491978609,374,24197,2
BE,24209,0.27636113025499653,0.549276361130255,1451,24197,2
BE,24210,0.3447204968944099,0.5015527950310559,644,24197,2
BE,24211,0.1510574018126888,0.5347432024169184,331,24197,2
BE,24212,0.2656641604010025,0.6353383458646616,1596,24197,2
BE,24213,0.1755639097744361,0.6755639097744361,2660,24197,2
BE,24214,0.3031341821743389,0.5523996082272282,2042,24197,2
BE,24215,0.25012309207287053,0.5445593303791236,2031,24197,2
BE,24216,0.19231855408076814,0.5461733973453826,3541,24197,2
BE,24217,0.24324324324324326,0.5052399338113623,1813,24197,2
BE,24218,0.2439830108541765,0.5648890986314299,2119,24197,2
BE,24219,0.3774403470715835,0.3676789587852495,922,24197,2
BE,24220,0.3027604630454141,0.5716829919857525,1123,24197,2
BE,24221,0.2034029389017788,0.6434648105181748,1293,24197,2
BE,24222,0.18040569702201123,0.6094087181700475,2317,24197,2
BE,24223,0.14335839598997493,0.6726817042606517,1995,24197,2
BE,24224,0.26657552973342447,0.5242652084757348,1463,24197,2
BE,24225,0.2775609756097561,0.5424390243902439,2050,24197,2
BE,24226,0.27037773359840955,0.4914512922465209,2515,24197,2
BE,24227,0.22663877266387727,0.47175732217573224,2868,24197,2
BE,24228,0.23653250773993809,0.5049535603715171,3230,24197,2
BE,24229,0.27574563871693863,0.5441755768148565,1777,24197,2
BE,24230,0.184,0.5673333333333334,1500,24197,2
BE,24231,0.18041582830315225,0.6586183769282361,1491,24197,2
BE,24232,0.32945499081445195,0.45009185548071035,1633,24197,2
BE,24233,0.23653525818989452,0.6474181010549694,1801,24197,2
BE,24234,0.12209302325581395,0.6872923588039868,2408,24197,2
BE,24235,0.11986301369863013,0.6883561643835616,2044,24197,2
BE,24236,0.23076923076923078,0.6436222005842259,1027,24197,2
BE,24237,0.11179577464788733,0.8089788732394366,1136,24197,2
BE,24238,0.34216335540838855,0.4613686534216336,1359,24197,2
BE,24239,0.14893617021276595,0.46808510638297873,47,24197,2
BE,24240,0.287463556851312,0.519533527696793,3430,24197,2
BE,24241,0.32225237449118044,0.4559023066485753,1474,24197,2
BE,24242,0.1603563474387528,0.6302895322939867,1347,24197,2
BE,24243,0.2853898561695685,0.5518546555639667,1321,24197,2
BE,24244,0.21305841924398625,0.6475208640157094,2037,24197,2
BE,24245,0.15556295802798134,0.7768154563624251,3002,24197,2
BE,24246,0.28237523689197724,0.5824384080859129,1583,24197,2
BE,24247,0.2514245014245014,0.5149572649572649,1404,24197,2
BE,24248,0.3088235294117647,0.47058823529411764,1292,24197,2
BE,24249,0.20793499043977057,0.6424474187380497,2092,24197,2
BE,24250,0.27353071144498453,0.5002209456473707,2263,24197,2
BE,24251,0.21122740247383445,0.5490009514747859,3153,24197,2
BG,24182,0.4868421052631579,0.3157894736842105,304,24201,3
BG,24183,0.32597173144876324,0.4275618374558304,1132,24201,3
BG,24184,0.23659305993690852,0.5930599369085173,634,24201,3
BG,24185,0.26939970717423134,0.541727672035139,683,24201,3
BG,24186,0.21668597914252608,0.6164542294322132,863,24201,3
BG,24187,0.20768307322929172,0.631452581032413,833,24201,3
BG,24188,0.1831537708129285,0.7159647404505387,1021,24201,3
BG,24189,0.3180147058823529,0.5716911764705882,1088,24201,3
BG,24190,0.2032520325203252,0.6829268292682927,123,24201,3
BG,24191,0.307103825136612,0.571584699453552,915,24201,3
BG,24192,0.2485207100591716,0.6082840236686391,845,24201,3
BG,24193,0.23883495145631067,0.6038834951456311,1030,24201,3
BG,24194,0.22598870056497175,0.632768361581921,708,24201,3
BG,24195,0.22580645161290322,0.6384408602150538,744,24201,3
BG,24196,0.22779043280182232,0.6457858769931663,878,24201,3
BG,24197,0.15565509518477044,0.7278835386338186,893,24201,3
BG,24198,0.32397660818713453,0.5380116959064327,855,24201,3
BG,24199,0.23423423423423423,0.6186186186186187,999,24201,3
BG,24200,0.17045454545454544,0.6960227272727273,704,24201,3
BG,24201,0.17750439367311072,0.6467486818980668,569,24201,3
BG,24202,0.18288590604026847,0.6929530201342282,596,24201,3
BG,24203,0.31699346405228757,0.5065359477124183,306,24201,3
BG,24204,0.379047619047619,0.47523809523809524,1050,24201,3
BG,24205,0.31567328918322296,0.5750551876379691,906,24201,3
BG,24206,0.3023952095808383,0.5479041916167665,1002,24201,3
BG,24207,0.3064516129032258,0.5391705069124424,868,24201,3
BG,24208,0.18181818181818182,0.5974025974025974,77,24201,3
BG,24209,0.37991967871485943,0.47630522088353416,1245,24201,3
BG,24210,0.2883959044368601,0.5469283276450512,1172,24201,3
BG,24211,0.35,0.5214285714285715,140,24201,3
BG,24212,0.2897125567322239,0.5741301059001512,1322,24201,3
BG,24213,0.31014304291287387,0.5442132639791938,1538,24201,3
BG,24214,0.3443396226415094,0.5165094339622641,1272,24201,3
BG,24215,0.34103585657370517,0.4940239043824701,1255,24201,3
BG,24216,0.3556782334384858,0.500788643533123,1268,24201,3
BG,24217,0.37273593898951385,0.4613918017159199,1049,24201,3
BG,24218,0.2719869706840391,0.5952768729641694,1228,24201,3
BG,24219,0.26433430515063167,0.5743440233236151,1029,24201,3
BG,24220,0.3081032947462155,0.5467497773820125,1123,24201,3
BG,24221,0.2966751918158568,0.5490196078431373,1173,24201,3
BG,24222,0.2701492537313433,0.6044776119402985,1340,24201,3
BG,24223,0.32315112540192925,0.5458199356913184,1244,24201,3
BG,24224,0.3822525597269625,0.46757679180887374,1172,24201,3
BG,24225,0.34733542319749217,0.4952978056426332,1595,24201,3
BG,24226,0.3414814814814815,0.5111111111111111,1350,24201,3
BG,24227,0.3838771593090211,0.43761996161228406,1042,24201,3
BG,24228,0.4261744966442953,0.43154362416107384,1490,24201,3
BG,24229,0.37659033078880405,0.46140797285835455,1179,24201,3
BG,24230,0.34790059982862037,0.50471293916024,1167,24201,3
BG,24231,0.3432950191570881,0.4835249042145594,1305,24201,3
BG,24232,0.3165863730213352,0.5519614590502409,1453,24201,3
BG,24233,0.34430379746835443,0.5063291139240507,1185,24201,3
BG,24234,0.3905109489051095,0.46715328467153283,1370,24201,3
BG,24235,0.2887624466571835,0.5846372688477952,1406,24201,3
BG,24236,0.43636363636363634,0.4251082251082251,1155,24201,3
BG,24237,0.5663716814159292,0.25663716814159293,113,24201,3
BG,24238,0.3654042988741044,0.4503582395087001,977,24201,3
BG,24239,0.3684210526315789,0.21052631578947367,38,24201,3
BG,24240,0.3978978978978979,0.43993993993993996,1332,24201,3
BG,24241,0.3555776892430279,0.4591633466135458,1004,24201,3
BG,24242,0.3699914748508099,0.484228473998295,1173,24201,3
BG,24243,0.48693126815101645,0.3814133591481123,1033,24201,3
BG,24244,0.44849589790337285,0.43938012762078393,1097,24201,3
BG,24245,0.31537356321839083,0.5387931034482759,1392,24201,3
BG,24246,0.39515455304928987,0.4578111946532999,1197,24201,3
BG,24247,0.3288166214995483,0.5239385727190605,1107,24201,3
BG,24248,0.360625,0.508125,1600,24201,3
BG,24249,0.3365570599613153,0.5286911669890393,1551,24201,3
BG,24250,0.2849122807017544,0.5726315789473684,1425,24201,3
BG,24251,0.38347622759158223,0.49571317225253314,1283,24201,3
CZ,24182,0.15384615384615385,0.5576923076923077,104,24195,4
CZ,24183,0.19113573407202217,0.5623268698060941,722,24195,4
CZ,24184,0.23573200992555832,0.5620347394540943,806,24195,4
CZ,24185,0.24652087475149106,0.5198807157057654,1006,24195,4
CZ,24186,0.3321878579610538,0.4570446735395189,873,24195,4
CZ,24187,0.3072289156626506,0.46586345381526106,996,24195,4
CZ,24188,0.36208530805687206,0.43507109004739336,1055,24195,4
CZ,24189,0.44902912621359226,0.3737864077669903,824,24195,4
CZ,24190,0.3988439306358382,0.3930635838150289,173,24195,4
CZ,24191,0.3014586709886548,0.526742301458671,1234,24195,4
CZ,24192,0.33207190160832545,0.554399243140965,1057,24195,4
CZ,24193,0.2854368932038835,0.49902912621359224,515,24195,4
CZ,24194,0.4088176352705411,0.4468937875751503,499,24195,4
CZ,24195,0.45454545454545453,0.386748844375963,649,24195,4
CZ,24196,0.30847457627118646,0.511864406779661,590,24195,4
CZ,24197,0.3278955954323002,0.48776508972267535,613,24195,4
CZ,24198,0.29003021148036257,0.5755287009063444,662,24195,4
CZ,24199,0.3553459119496855,0.4056603773584906,636,24195,4
CZ,24200,0.3147410358565737,0.4913678618857902,753,24195,4
CZ,24201,0.5428571428571428,0.37142857142857144,70,24195,4
CZ,24203,0.6179775280898876,0.02247191011235955,89,24195,4
CZ,24204,0.43780806030733543,0.3688025514641925,3449,24195,4
CZ,24205,0.31208499335989376,0.4847277556440903,753,24195,4
CZ,24206,0.3206806282722513,0.5314136125654451,764,24195,4
CZ,24207,0.4685423993747558,0.3767096522078937,2559,24195,4
CZ,24208,0.3076923076923077,0.2087912087912088,91,24195,4
CZ,24209,0.4431960049937578,0.40823970037453183,801,24195,4
CZ,24210,0.5249094202898551,0.3020833333333333,2208,24195,4
CZ,24211,0.37662337662337664,0.4935064935064935,77,24195,4
CZ,24212,0.3697978596908442,0.3436385255648038,841,24195,4
CZ,24213,0.4795262267343486,0.29441624365482233,2955,24195,4
CZ,24214,0.3731481481481482,0.38425925925925924,1080,24195,4
CZ,24215,0.5158648925281474,0.27942681678607983,977,24195,4
CZ,24216,0.4598957039980134,0.346163397069779,4027,24195,4
CZ,24217,0.2990152193375112,0.5246195165622203,1117,24195,4
CZ,24218,0.3449447748513169,0.44774851316907394,1177,24195,4
CZ,24219,0.5735675208753239,0.23610711200691045,3473,24195,4
CZ,24220,0.4206611570247934,0.3694214876033058,1210,24195,4
CZ,24221,0.4765765765765766,0.2963963963963964,1110,24195,4
CZ,24222,0.5576635047428856,0.2488766849725412,4006,24195,4
CZ,24223,0.4201388888888889,0.3333333333333333,1440,24195,4
CZ,24224,0.4910958904109589,0.2541095890410959,1460,24195,4
CZ,24225,0.5621948384096722,0.2497093699139735,4301,24195,4
CZ,24226,0.5414057063326374,0.2616562282533055,1437,24195,4
CZ,24227,0.4588457899716178,0.30842005676442763,1057,24195,4
CZ,24228,0.5412293853073463,0.28849860783893766,4669,24195,4
CZ,24229,0.37351308485329104,0.4639175257731959,1261,24195,4
CZ,24230,0.48125,0.3104166666666667,960,24195,4
CZ,24231,0.5758764403039961,0.23902917381711203,4079,24195,4
CZ,24232,0.537567084078712,0.2853309481216458,1118,24195,4
CZ,24233,0.40039447731755423,0.3915187376725838,1014,24195,4
CZ,24234,0.5479888490641179,0.24970131421744324,5022,24195,4
CZ,24235,0.4192521877486078,0.3420843277645187,1257,24195,4
CZ,24236,0.4231974921630094,0.31974921630094044,957,24195,4
CZ,24237,0.7343485617597293,0.14720812182741116,591,24195,4
CZ,24238,0.38411819021237303,0.4275161588180979,1083,24195,4
CZ,24239,0.5277777777777778,0.25,36,24195,4
CZ,24240,0.5715590047934261,0.24400821730198585,4381,24195,4
CZ,24241,0.49723247232472323,0.29797047970479706,1084,24195,4
CZ,24242,0.4258589511754069,0.3453887884267631,1106,24195,4
CZ,24243,0.5112179487179487,0.31677350427350426,3744,24195,4
CZ,24244,0.36514822848879247,0.45336225596529284,1383,24195,4
CZ,24245,0.44115082824760243,0.3722755013077594,1147,24195,4
CZ,24246,0.47699757869249393,0.3579132731675105,4543,24195,4
CZ,24247,0.3550583657587549,0.43190661478599224,1028,24195,4
CZ,24248,0.459211732355637,0.3519706691109074,1091,24195,4
CZ,24249,0.5273270708795901,0.30081127241673783,4684,24195,4
CZ,24250,0.4375896700143472,0.3436154949784792,1394,24195,4
CZ,24251,0.4160777385159011,0.38604240282685515,1132,24195,4
DE,24182,0.22003577817531306,0.627906976744186,559,24193,5
DE,24183,0.12317728319263238,0.7513430544896393,2606,24193,5
DE,24184,0.13298928146089717,0.7483128225486304,2519,24193,5
DE,24185,0.13230495401957876,0.7181845149807179,3371,24193,5
DE,24186,0.14217896985521006,0.6964158556847851,4213,24193,5
DE,24187,0.16087477531455963,0.6692630317555422,3338,24193,5
DE,24188,0.16925329428989752,0.6629575402635431,3415,24193,5
DE,24189,0.1553100061387354,0.7016574585635359,3258,24193,5
DE,24190,0.17410714285714285,0.6339285714285714,672,24193,5
DE,24191,0.18400211193241817,0.6488912354804647,3788,24193,5
DE,24192,0.15668464376951463,0.6857791654839626,3523,24193,5
DE,24193,0.15992102665350444,0.7038499506416585,3039,24193,5
DE,24194,0.12811937226652945,0.7522510933882172,3887,24193,5
DE,24195,0.12090395480225989,0.772316384180791,3540,24193,5
DE,24196,0.15423302598491198,0.6705783738474435,2386,24193,5
DE,24197,0.15030585493737256,0.7104573259539761,3433,24193,5
DE,24198,0.19072747832642292,0.6430456087448172,2653,24193,5
DE,24199,0.1505841627001298,0.6650800519255733,2311,24193,5
DE,24200,0.20159151193633953,0.6312997347480106,1508,24193,5
DE,24201,0.20765027322404372,0.6129326047358834,1098,24193,5
DE,24202,0.18606492478226444,0.6049089469517023,1263,24193,5
DE,24203,0.21847930702598653,0.5938402309913379,1039,24193,5
DE,24204,0.20827805784027595,0.6131599893871054,3769,24193,5
DE,24205,0.20845721836802114,0.5979517674264949,3027,24193,5
DE,24206,0.17351274787535412,0.6702077431539188,4236,24193,5
DE,24207,0.16240698802976383,0.697508896797153,3091,24193,5
DE,24208,0.17495395948434622,0.6519337016574586,543,24193,5
DE,24209,0.19334245326037391,0.6137710898312814,4386,24193,5
DE,24210,0.17792358162871477,0.6590119644924739,5182,24193,5
DE,24211,0.2479740680713128,0.6191247974068071,617,24193,5
DE,24212,0.2153960029607698,0.617813964964224,4053,24193,5
DE,24213,0.20395957929469993,0.613941018766756,4849,24193,5
DE,24214,0.21186803770351328,0.6088260497000857,4668,24193,5
DE,24215,0.22948539638386647,0.5706338168090602,5033,24193,5
DE,24216,0.17867061655249028,0.6530272171820033,5401,24193,5
DE,24217,0.18566176470588236,0.6586134453781513,3808,24193,5
DE,24218,0.2043312101910828,0.6489171974522293,3925,24193,5
DE,24219,0.2008226469876603,0.6445681103314783,4133,24193,5
DE,24220,0.17071509648127128,0.6574347332576618,4405,24193,5
DE,24221,0.21217357910906298,0.6033026113671275,5208,24193,5
DE,24222,0.225226827966554,0.5724959971535314,5621,24193,5
DE,24223,0.20235967107615302,0.6274579907043261,5594,24193,5
DE,24224,0.20605512878445548,0.6129688206055128,4426,24193,5
DE,24225,0.14220820189274447,0.7384227129337539,7925,24193,5
DE,24226,0.2583044982698962,0.5385813148788927,5780,24193,5
DE,24227,0.24967032967032968,0.552967032967033,4550,24193,5
DE,24228,0.18557648139641708,0.6531924666972898,6531,24193,5
DE,24229,0.24044117647058824,0.5720588235294117,4080,24193,5
DE,24230,0.21038193711753533,0.6252373918548217,4739,24193,5
DE,24231,0.2039730400851366,0.6053565094004967,5638,24193,5
DE,24232,0.2126426033289695,0.5853749766224051,5347,24193,5
DE,24233,0.22702793672164254,0.5765735442611916,5942,24193,5
DE,24234,0.2809963616008956,0.5293870696893367,7146,24193,5
DE,24235,0.2594613024207296,0.535799522673031,5866,24193,5
DE,24236,0.2416926272066459,0.5563343717549325,3852,24193,5
DE,24237,0.23303834808259588,0.48672566371681414,339,24193,5
DE,24238,0.21820343012395993,0.5907624384445577,5889,24193,5
DE,24239,0.17857142857142858,0.7261904761904762,168,24193,5
DE,24240,0.23635760490960359,0.588654834964339,6029,24193,5
DE,24241,0.22398506766215587,0.5895940270648623,4286,24193,5
DE,24242,0.25319789315274643,0.5568096313017307,5316,24193,5
DE,24243,0.26387377584330796,0.5703663402248821,5514,24193,5
DE,24244,0.24217365623154163,0.577869659381768,5079,24193,5
DE,24245,0.2323852617970265,0.598093083387201,6188,24193,5
DE,24246,0.2504387064427175,0.5607921784908498,7978,24193,5
DE,24247,0.18075380914194067,0.6558139534883721,6235,24193,5
DE,24248,0.23515131898365432,0.5911959864055673,6179,24193,5
DE,24249,0.2189702727551333,0.6189089794667484,6526,24193,5
DE,24250,0.194592262332806,0.6545376096648928,6953,24193,5
DE,24251,0.24756160164271046,0.5803388090349076,7792,24193,5
DK,24182,0.008064516129032258,0.967741935483871,124,24191,6
DK,24183,0.10566037735849057,0.8226415094339623,265,24191,6
DK,24184,0.13636363636363635,0.7323232323232324,198,24191,6
DK,24185,0.05859375,0.83203125,512,24191,6
DK,24186,0.07177033492822966,0.8564593301435407,418,24191,6
DK,24187,0.32897196261682243,0.5719626168224299,535,24191,6
DK,24188,0.07590759075907591,0.5841584158415841,303,24191,6
DK,24189,0.11714285714285715,0.7085714285714285,350,24191,6
DK,24190,0.04878048780487805,0.8414634146341463,82,24191,6
DK,24191,0.12448132780082988,0.6666666666666666,723,24191,6
DK,24192,0.08380681818181818,0.7400568181818182,704,24191,6
DK,24193,0.09368635437881874,0.814663951120163,491,24191,6
DK,24194,0.046875,0.796875,320,24191,6
DK,24195,0.06310679611650485,0.7961165048543689,206,24191,6
DK,24196,0.15126050420168066,0.6722689075630253,119,24191,6
DK,24197,0.06276150627615062,0.702928870292887,239,24191,6
DK,24198,0.047058823529411764,0.8823529411764706,170,24191,6
DK,24199,0.039473684210526314,0.8618421052631579,152,24191,6
DK,24201,0.030303030303030304,0.6868686868686869,99,24191,6
DK,24202,0.09090909090909091,0.5818181818181818,55,24191,6
DK,24203,0.16289592760180996,0.5294117647058824,221,24191,6
DK,24204,0.22909698996655517,0.5367892976588629,598,24191,6
DK,24205,0.17662337662337663,0.6233766233766234,385,24191,6
DK,24206,0.1424581005586592,0.7094972067039106,358,24191,6
DK,24207,0.14150943396226415,0.7389937106918238,318,24191,6
DK,24208,0.14864864864864866,0.6621621621621622,74,24191,6
DK,24209,0.24210526315789474,0.5605263157894737,380,24191,6
DK,24210,0.11928934010152284,0.6776649746192893,394,24191,6
DK,24211,0.020833333333333332,0.9166666666666666,48,24191,6
DK,24212,0.1509433962264151,0.6698113207547169,318,24191,6
DK,24213,0.23410852713178296,0.5643410852713179,645,24191,6
DK,24214,0.34063526834611174,0.4534501642935378,913,24191,6
DK,24215,0.17365269461077845,0.6287425149700598,668,24191,6
DK,24216,0.18351063829787234,0.5146276595744681,752,24191,6
DK,24217,0.12076271186440678,0.7330508474576272,472,24191,6
DK,24218,0.08940397350993377,0.7152317880794702,302,24191,6
DK,24219,0.1245136186770428,0.7412451361867705,514,24191,6
DK,24220,0.0856453558504222,0.7659831121833535,829,24191,6
DK,24221,0.1624548736462094,0.6173285198555957,277,24191,6
DK,24222,0.12367021276595745,0.7539893617021277,752,24191,6
DK,24223,0.17603911980440098,0.6112469437652812,409,24191,6
DK,24224,0.20962199312714777,0.6048109965635738,291,24191,6
DK,24225,0.23956723338485317,0.5533230293663061,647,24191,6
DK,24226,0.24462809917355371,0.5355371900826447,605,24191,6
DK,24227,0.2504816955684008,0.49710982658959535,519,24191,6
DK,24228,0.10783487784330244,0.7304128053917439,1187,24191,6
DK,24229,0.21548117154811716,0.6652719665271967,478,24191,6
DK,24230,0.08004778972520908,0.8315412186379928,837,24191,6
DK,24231,0.1582089552238806,0.7164179104477612,335,24191,6
DK,24232,0.11988304093567251,0.7470760233918129,684,24191,6
DK,24233,0.1625,0.6071428571428571,560,24191,6
DK,24234,0.08812260536398467,0.7260536398467433,522,24191,6
DK,24235,0.16634050880626222,0.6457925636007827,511,24191,6
DK,24236,0.22789115646258504,0.6224489795918368,294,24191,6
DK,24237,0.4107142857142857,0.375,56,24191,6
DK,24238,0.1994949494949495,0.6262626262626263,396,24191,6
DK,24240,0.22955145118733508,0.5224274406332454,758,24191,6
DK,24241,0.17755443886097153,0.6348408710217756,597,24191,6
DK,24242,0.23728813559322035,0.4851694915254237,472,24191,6
DK,24243,0.1602787456445993,0.6445993031358885,287,24191,6
DK,24244,0.17473118279569894,0.6129032258064516,372,24191,6
DK,24245,0.13277310924369748,0.6621848739495798,595,24191,6
DK,24246,0.12779552715654952,0.7795527156549521,626,24191,6
DK,24247,0.09113300492610837,0.8078817733990148,406,24191,6
DK,24248,0.14974182444061962,0.685025817555938,581,24191,6
DK,24249,0.29846153846153844,0.49846153846153846,650,24191,6
DK,24250,0.1377672209026128,0.7252573238321457,1263,24191,6
DK,24251,0.27202472952086554,0.4528593508500773,647,24191,6
EE,24183,0.21978021978021978,0.6648351648351648,182,24210,7
EE,24184,0.15934065934065933,0.7252747252747253,182,24210,7
EE,24185,0.15483870967741936,0.5763440860215053,465,24210,7
EE,24186,0.3595505617977528,0.550561797752809,267,24210,7
EE,24187,0.18238993710691823,0.6289308176100629,159,24210,7
EE,24188,0.2743682310469314,0.6173285198555957,277,24210,7
EE,24189,0.1461187214611872,0.7671232876712328,219,24210,7
EE,24190,0.7538461538461538,0.2153846153846154,130,24210,7
EE,24191,0.2760942760942761,0.6565656565656566,297,24210,7
EE,24192,0.1013215859030837,0.8061674008810573,227,24210,7
EE,24193,0.0858085808580858,0.8085808580858086,303,24210,7
EE,24194,0.0707070707070707,0.7828282828282829,198,24210,7
EE,24195,0.10795454545454546,0.8238636363636364,176,24210,7
EE,24196,0.16666666666666666,0.7345679012345679,162,24210,7
EE,24197,0.21739130434782608,0.6521739130434783,230,24210,7
EE,24198,0.2397003745318352,0.6554307116104869,267,24210,7
EE,24199,0.24632352941176472,0.6838235294117647,272,24210,7
EE,24200,0.1005586592178771,0.7821229050279329,179,24210,7
EE,24201,0.15441176470588236,0.7352941176470589,136,24210,7
EE,24202,0.09627329192546584,0.8509316770186336,322,24210,7
EE,24203,0.08985507246376812,0.8434782608695652,345,24210,7
EE,24204,0.21428571428571427,0.72,350,24210,7
EE,24205,0.09944751381215469,0.8232044198895028,362,24210,7
EE,24206,0.09852216748768473,0.7881773399014779,203,24210,7
EE,24207,0.1188118811881188,0.8118811881188119,202,24210,7
EE,24208,0.05454545454545454,0.8545454545454545,55,24210,7
EE,24209,0.17732558139534885,0.7093023255813954,344,24210,7
EE,24210,0.17098445595854922,0.7409326424870466,193,24210,7
EE,24212,0.1,0.84,400,24210,7
EE,24213,0.2618296529968454,0.5993690851735016,317,24210,7
EE,24214,0.2938388625592417,0.5971563981042654,422,24210,7
EE,24215,0.4550898203592814,0.3473053892215569,167,24210,7
EE,24216,0.13664596273291926,0.7111801242236024,322,24210,7
EE,24217,0.22440944881889763,0.6181102362204725,254,24210,7
EE,24218,0.15666666666666668,0.41,300,24210,7
EE,24219,0.25072886297376096,0.5160349854227405,343,24210,7
EE,24220,0.10802469135802469,0.6635802469135802,324,24210,7
EE,24221,0.064,0.794,500,24210,7
EE,24222,0.3192488262910798,0.5023474178403756,426,24210,7
EE,24223,0.16822429906542055,0.7102803738317757,428,24210,7
EE,24224,0.08917197452229299,0.5414012738853503,314,24210,7
EE,24225,0.2602739726027397,0.6335616438356164,292,24210,7
EE,24226,0.23782234957020057,0.5702005730659025,349,24210,7
EE,24227,0.38924050632911394,0.36075949367088606,316,24210,7
EE,24228,0.2517361111111111,0.5520833333333334,576,24210,7
EE,24229,0.17777777777777778,0.6666666666666666,585,24210,7
EE,24230,0.3502994011976048,0.3562874251497006,334,24210,7
EE,24231,0.2153846153846154,0.5162393162393163,585,24210,7
EE,24232,0.17849686847599164,0.6910229645093946,958,24210,7
EE,24233,0.3223938223938224,0.4826254826254826,518,24210,7
EE,24234,0.20821114369501467,0.6363636363636364,341,24210,7
EE,24235,0.21978021978021978,0.652014652014652,819,24210,7
EE,24236,0.36335403726708076,0.41304347826086957,322,24210,7
EE,24237,0.7894736842105263,0.12280701754385964,57,24210,7
EE,24238,0.31958762886597936,0.4536082474226804,291,24210,7
EE,24240,0.28433268858800775,0.4081237911025145,517,24210,7
EE,24241,0.29328621908127206,0.519434628975265,283,24210,7
EE,24242,0.22668112798264642,0.5683297180043384,922,24210,7
EE,24243,0.314404432132964,0.4390581717451524,722,24210,7
EE,24244,0.2191142191142191,0.578088578088578,429,24210,7
EE,24245,0.2515151515151515,0.5636363636363636,330,24210,7
EE,24246,0.16774193548387098,0.5032258064516129,465,24210,7
EE,24247,0.23937360178970918,0.5503355704697986,447,24210,7
EE,24248,0.13367609254498714,0.7763496143958869,778,24210,7
EE,24249,0.2739273927392739,0.44554455445544555,303,24210,7
EE,24250,0.10381679389312977,0.815267175572519,655,24210,7
EE,24251,0.22465753424657534,0.5041095890410959,365,24210,7
ES,24182,0.3130434782608696,0.5739130434782609,230,24214,8
ES,24183,0.22562893081761007,0.6627358490566038,1272,24214,8
ES,24184,0.23499142367066894,0.6457975986277873,1166,24214,8
ES,24185,0.17777777777777778,0.7209876543209877,1215,24214,8
ES,24186,0.2071846282372598,0.6574770258980785,1197,24214,8
ES,24187,0.27116564417177913,0.5828220858895705,815,24214,8
ES,24188,0.190694626474443,0.6985583224115334,1526,24214,8
ES,24189,0.23009495982468955,0.5850986121256392,1369,24214,8
ES,24190,0.22818791946308725,0.5794183445190156,447,24214,8
ES,24191,0.3154164205552274,0.4630832841110455,1693,24214,8
ES,24192,0.15331664580725907,0.7015018773466833,1598,24214,8
ES,24193,0.21209912536443148,0.6472303206997084,1372,24214,8
ES,24194,0.23268698060941828,0.564173591874423,1083,24214,8
ES,24195,0.1858600583090379,0.6231778425655977,1372,24214,8
ES,24196,0.21368322399250234,0.6597938144329897,1067,24214,8
ES,24197,0.23027522935779818,0.6495412844036698,1090,24214,8
ES,24198,0.23914643119941134,0.6512141280353201,1359,24214,8
ES,24199,0.18946188340807174,0.6782511210762332,892,24214,8
ES,24200,0.18936170212765957,0.6872340425531915,940,24214,8
ES,24201,0.16041848299912817,0.7088055797733217,1147,24214,8
ES,24202,0.2572178477690289,0.6036745406824147,1143,24214,8
ES,24203,0.17738187451587917,0.6831913245546088,1291,24214,8
ES,24204,0.21156263091746963,0.6158357771260997,2387,24214,8
ES,24205,0.20012239902080783,0.6462668298653611,1634,24214,8
ES,24206,0.22651296829971182,0.6357348703170029,1735,24214,8
ES,24207,0.2642706131078224,0.609584214235377,1419,24214,8
ES,24208,0.4979253112033195,0.3651452282157676,241,24214,8
ES,24209,0.2129367327667611,0.6619452313503305,2118,24214,8
ES,24210,0.33247256294383476,0.5016139444803098,1549,24214,8
ES,24211,0.30201342281879195,0.610738255033557,149,24214,8
ES,24212,0.18659165494608532,0.6840131270511017,2133,24214,8
ES,24213,0.21203573107663376,0.6478608368594264,2127,24214,8
ES,24214,0.2383272431993504,0.5574502639058059,2463,24214,8
ES,24215,0.20424978317432785,0.665654813529922,2306,24214,8
ES,24216,0.24002553463134377,0.5994254707947654,3133,24214,8
ES,24217,0.23546099290780143,0.6401891252955083,2115,24214,8
ES,24218,0.2744004461795873,0.5588399330730619,1793,24214,8
ES,24219,0.25081610446137104,0.5995647442872688,1838,24214,8
ES,24220,0.28335759340126154,0.5570111596312469,2061,24214,8
ES,24221,0.30726915520628684,0.5335952848722986,2545,24214,8
ES,24222,0.285831960461285,0.5304777594728172,2428,24214,8
ES,24223,0.24628776241679468,0.525857654889913,1953,24214,8
ES,24224,0.2228310502283105,0.6310502283105023,2190,24214,8
ES,24225,0.22763954270342973,0.612979152656355,2974,24214,8
ES,24226,0.23472168158816661,0.5749318801089919,2569,24214,8
ES,24227,0.2608450704225352,0.5692957746478873,3550,24214,8
ES,24228,0.25655127790359106,0.6004529278550631,3091,24214,8
ES,24229,0.22531194295900178,0.6092691622103387,2805,24214,8
ES,24230,0.29016493585827735,0.5387904703726328,3274,24214,8
ES,24231,0.28035043804755944,0.5832290362953693,3196,24214,8
ES,24232,0.2935185185185185,0.5496913580246914,3240,24214,8
ES,24233,0.2867350108729419,0.5843429636533085,3219,24214,8
ES,24234,0.2668943644791413,0.6230787997072457,4099,24214,8
ES,24235,0.24378698224852072,0.6078895463510848,2535,24214,8
ES,24236,0.24115117433013564,0.5861726761495203,3023,24214,8
ES,24237,0.24354243542435425,0.5719557195571956,271,24214,8
ES,24238,0.2698412698412698,0.569064505234718,2961,24214,8
ES,24239,0.27956989247311825,0.5161290322580645,93,24214,8
ES,24240,0.2666835187057634,0.5543478260869565,3956,24214,8
ES,24241,0.2884552845528455,0.5508943089430894,3075,24214,8
ES,24242,0.26169122357463165,0.6092248558616271,3122,24214,8
ES,24243,0.35661517797179315,0.4654130288784419,1489,24214,8
ES,24244,0.4312977099236641,0.4078516902944384,1834,24214,8
ES,24245,0.2818856958346787,0.585728123990959,3097,24214,8
ES,24246,0.3281945871873929,0.5190133607399794,2919,24214,8
ES,24247,0.2810136157337368,0.5669440242057489,2644,24214,8
ES,24248,0.32311669128508125,0.4963072378138848,2708,24214,8
ES,24249,0.3180570801317234,0.5027442371020856,3644,24214,8
ES,24250,0.3054938956714761,0.5188679245283019,3604,24214,8
ES,24251,0.2901831129196338,0.5615462868769074,3932,24214,8
FI,24182,0.0,0.9827586206896551,58,24195,9
FI,24183,0.11961722488038277,0.7799043062200957,209,24195,9
FI,24184,0.10273972602739725,0.7534246575342466,146,24195,9
FI,24185,0.13636363636363635,0.7727272727272727,264,24195,9
FI,24186,0.21428571428571427,0.6383928571428571,224,24195,9
FI,24187,0.14136125654450263,0.680628272251309,191,24195,9
FI,24188,0.07854984894259819,0.8036253776435045,331,24195,9
FI,24189,0.06698564593301436,0.7942583732057417,209,24195,9
FI,24190,0.125,0.6875,32,24195,9
FI,24191,0.15481171548117154,0.7698744769874477,239,24195,9
FI,24192,0.20454545454545456,0.6298701298701299,308,24195,9
FI,24193,0.052930056710775046,0.8714555765595463,529,24195,9
FI,24194,0.0893854748603352,0.7318435754189944,179,24195,9
FI,24195,0.15,0.7,100,24195,9
FI,24204,0.10139165009940358,0.7813121272365805,503,24195,9
FI,24205,0.14030612244897958,0.7474489795918368,392,24195,9
FI,24206,0.20612244897959184,0.6551020408163265,490,24195,9
FI,24207,0.059961315280464215,0.8317214700193424,517,24195,9
FI,24208,0.01818181818181818,0.9545454545454546,110,24195,9
FI,24209,0.09256198347107437,0.743801652892562,605,24195,9
FI,24210,0.08463949843260188,0.8181818181818182,319,24195,9
FI,24211,0.05263157894736842,0.8245614035087719,57,24195,9
FI,24212,0.16727941176470587,0.6636029411764706,544,24195,9
FI,24213,0.1493212669683258,0.6968325791855203,442,24195,9
FI,24214,0.09850107066381156,0.815845824411135,467,24195,9
FI,24215,0.08216432865731463,0.7354709418837675,499,24195,9
FI,24216,0.11290322580645161,0.7721774193548387,496,24195,9
FI,24217,0.11021069692058347,0.7649918962722853,617,24195,9
FI,24218,0.1504424778761062,0.6666666666666666,339,24195,9
FI,24219,0.13306451612903225,0.7056451612903226,496,24195,9
FI,24220,0.11507293354943274,0.7876823338735819,617,24195,9
FI,24221,0.09632224168126094,0.7320490367775832,571,24195,9
FI,24222,0.17302798982188294,0.6615776081424937,393,24195,9
FI,24223,0.13618677042801555,0.6361867704280155,514,24195,9
FI,24224,0.17151162790697674,0.6308139534883721,344,24195,9
FI,24225,0.1512455516014235,0.701067615658363,562,24195,9
FI,24226,0.23756906077348067,0.5966850828729282,543,24195,9
FI,24227,0.2099009900990099,0.601980198019802,505,24195,9
FI,24228,0.21403508771929824,0.6105263157894737,855,24195,9
FI,24229,0.18525179856115107,0.6312949640287769,556,24195,9
FI,24230,0.2005813953488372,0.6090116279069767,688,24195,9
FI,24231,0.14838709677419354,0.6580645161290323,620,24195,9
FI,24232,0.1164021164021164,0.725925925925926,945,24195,9
FI,24233,0.1323024054982818,0.6821305841924399,582,24195,9
FI,24234,0.05702364394993046,0.8205841446453408,719,24195,9
FI,24235,0.12777777777777777,0.6819444444444445,720,24195,9
FI,24236,0.15742397137745975,0.6386404293381037,559,24195,9
FI,24237,0.027777777777777776,0.8611111111111112,36,24195,9
FI,24238,0.09064327485380116,0.6769005847953217,684,24195,9
FI,24240,0.15128593040847202,0.5990922844175491,661,24195,9
FI,24241,0.1121251629726206,0.7183833116036505,767,24195,9
FI,24242,0.0763888888888889,0.8125,576,24195,9
FI,24243,0.23597359735973597,0.6122112211221122,606,24195,9
FI,24244,0.1769041769041769,0.6584766584766585,407,24195,9
FI,24245,0.16912972085385877,0.6371100164203612,609,24195,9
FI,24246,0.10643015521064302,0.7627494456762749,451,24195,9
FI,24247,0.14795244385733158,0.6829590488771466,757,24195,9
FI,24248,0.17687074829931973,0.6717687074829932,588,24195,9
FI,24249,0.11442786069651742,0.7412935323383084,603,24195,9
FI,24250,0.22150882825040127,0.5778491171749599,623,24195,9
FI,24251,0.10784313725490197,0.7745098039215687,714,24195,9
FR,24182,0.10211267605633803,0.7790492957746479,1136,24194,10
FR,24183,0.14688682490540075,0.717750257997936,5814,24194,10
FR,24184,0.13419618528610355,0.7311534968210718,4404,24194,10
FR,24185,0.1646256123163051,0.658852344296711,5716,24194,10
FR,24186,0.13961286389269928,0.6934918457552203,6561,24194,10
FR,24187,0.14762684124386252,0.6842880523731587,6110,24194,10
FR,24188,0.24123086734693877,0.5715880102040817,6272,24194,10
FR,24189,0.16315362788812324,0.6623429266315363,4934,24194,10
FR,24190,0.2033898305084746,0.6075619295958279,767,24194,10
FR,24191,0.15587745160876812,0.6563261120369184,7801,24194,10
FR,24192,0.15247252747252749,0.6622992392223161,9464,24194,10
FR,24193,0.16358171175446923,0.6294890049042873,6321,24194,10
FR,24194,0.14546757434611252,0.6873880329630957,5582,24194,10
FR,24195,0.16245081506464307,0.6818437324339517,1779,24194,10
FR,24196,0.16050686378035903,0.6705385427666315,947,24194,10
FR,24197,0.19002375296912113,0.6508313539192399,842,24194,10
FR,24198,0.15439599714081487,0.6683345246604717,1399,24194,10
FR,24199,0.1721170395869191,0.6092943201376936,1162,24194,10
FR,24200,0.16801768607221812,0.6713338246131172,1357,24194,10
FR,24201,0.2557603686635945,0.5403225806451613,868,24194,10
FR,24202,0.20989143546441497,0.6055488540410132,829,24194,10
FR,24203,0.19678407350689128,0.6094946401225115,1306,24194,10
FR,24204,0.1573934837092732,0.651843895452918,13965,24194,10
FR,24205,0.15881231272132934,0.6759738490874421,7342,24194,10
FR,24206,0.14901509337426452,0.6797134817088769,7818,24194,10
FR,24207,0.1413422208756249,0.7086805029540979,6601,24194,10
FR,24208,0.13025210084033614,0.6862745098039216,714,24194,10
FR,24209,0.15725545936167465,0.6783822199250549,7739,24194,10
FR,24210,0.14200817135074903,0.6993933391110561,8077,24194,10
FR,24211,0.1443661971830986,0.6426056338028169,568,24194,10
FR,24212,0.1667207792207792,0.650974025974026,6160,24194,10
FR,24213,0.17238458280389665,0.638288860652266,7083,24194,10
FR,24214,0.19228320387113204,0.6125047752451293,7853,24194,10
FR,24215,0.17152757724516315,0.6204639522571951,10389,24194,10
FR,24216,0.15936453658189073,0.645864500961744,14037,24194,10
FR,24217,0.16547261382019876,0.639819736538017,8654,24194,10
FR,24218,0.15711252653927812,0.6729112026976396,8007,24194,10
FR,24219,0.18601913171449597,0.6304635761589404,6795,24194,10
FR,24220,0.20518867924528303,0.607103218645949,7208,24194,10
FR,24221,0.19555667126898457,0.6062507844860048,7967,24194,10
FR,24222,0.17017292653375923,0.6365238462385725,9079,24194,10
FR,24223,0.17954378219278883,0.6331336066435405,9513,24194,10
FR,24224,0.20247874333477447,0.6003746937599078,6939,24194,10
FR,24225,0.2041216879293425,0.5845191364082434,8152,24194,10
FR,24226,0.19098178004980992,0.5933936295713724,7629,24194,10
FR,24227,0.1882190029825309,0.6149339582445675,9388,24194,10
FR,24228,0.1794130724766563,0.6070846302060174,13494,24194,10
FR,24229,0.19357225922401947,0.5904429643725553,9459,24194,10
FR,24230,0.20306289455225626,0.5873275660509703,8554,24194,10
FR,24231,0.1654726952436876,0.6361714621256606,8515,24194,10
FR,24232,0.17781975175391257,0.6292498650836481,7412,24194,10
FR,24233,0.18708189158016147,0.610957324106113,8670,24194,10
FR,24234,0.18360426847511718,0.6119477410990326,10027,24194,10
FR,24235,0.18225963094852704,0.599762598467681,9267,24194,10
FR,24236,0.2136845386533666,0.5877493765586035,6416,24194,10
FR,24237,0.1905564924114671,0.5868465430016864,593,24194,10
FR,24238,0.217644207464857,0.5462918080465342,6189,24194,10
FR,24239,0.15760869565217392,0.6902173913043478,736,24194,10
FR,24240,0.1855694411695355,0.5967932091487856,12723,24194,10
FR,24241,0.19943927615649293,0.5836625461959984,7847,24194,10
FR,24242,0.20267611176702086,0.5865144956054047,7623,24194,10
FR,24243,0.1988816402609506,0.5735321528424977,5365,24194,10
FR,24244,0.18948283355063017,0.5812690134724033,4602,24194,10
FR,24245,0.1863736958583623,0.625671830540626,6326,24194,10
FR,24246,0.18304154690357982,0.6256859158609878,7654,24194,10
FR,24247,0.1953554056174486,0.6317276008159423,6373,24194,10
FR,24248,0.1732196431391126,0.6252960682141165,6333,24194,10
FR,24249,0.1700380228136882,0.6377186311787072,6575,24194,10
FR,24250,0.1806020066889632,0.6152508361204013,7475,24194,10
FR,24251,0.1687136393018746,0.6209252931942008,10829,24194,10
GR,24182,0.6326530612244898,0.14285714285714285,49,24199,11
GR,24183,0.20666666666666667,0.7,450,24199,11
GR,24184,0.25650557620817843,0.5315985130111525,269,24199,11
GR,24185,0.2908366533864542,0.5378486055776892,251,24199,11
GR,24186,0.1896551724137931,0.6637931034482759,348,24199,11
GR,24187,0.3193916349809886,0.5741444866920152,263,24199,11
GR,24188,0.34011627906976744,0.436046511627907,344,24199,11
GR,24189,0.4606741573033708,0.300561797752809,356,24199,11
GR,24190,0.20224719101123595,0.449438202247191,89,24199,11
GR,24191,0.3354978354978355,0.49567099567099565,462,24199,11
GR,24192,0.34513274336283184,0.39823008849557523,226,24199,11
GR,24193,0.3772893772893773,0.42124542124542125,273,24199,11
GR,24194,0.024464831804281346,0.962865880297073,2289,24199,11
GR,24195,0.4075342465753425,0.339041095890411,292,24199,11
GR,24196,0.42857142857142855,0.3057142857142857,350,24199,11
GR,24197,0.4684385382059801,0.3222591362126246,301,24199,11
GR,24198,0.2350230414746544,0.5576036866359447,217,24199,11
GR,24199,0.3624454148471616,0.45414847161572053,229,24199,11
GR,24200,0.302158273381295,0.48201438848920863,417,24199,11
GR,24201,0.5501222493887531,0.13202933985330073,409,24199,11
GR,24202,0.3527397260273973,0.4452054794520548,292,24199,11
GR,24203,0.4069767441860465,0.45348837209302323,258,24199,11
GR,24204,0.19014084507042253,0.6654929577464789,568,24199,11
GR,24205,0.18996415770609318,0.5698924731182796,279,24199,11
GR,24206,0.3082706766917293,0.5964912280701754,399,24199,11
GR,24207,0.308,0.524,250,24199,11
GR,24209,0.39823008849557523,0.26991150442477874,226,24199,11
GR,24210,0.2459016393442623,0.43278688524590164,610,24199,11
GR,24211,0.9787234042553191,0.02127659574468085,47,24199,11
GR,24212,0.2514450867052023,0.5838150289017341,346,24199,11
GR,24213,0.2903225806451613,0.5304659498207885,558,24199,11
GR,24214,0.4613778705636743,0.3945720250521921,479,24199,11
GR,24215,0.248,0.5173333333333333,375,24199,11
GR,24216,0.3251833740831296,0.3643031784841076,818,24199,11
GR,24217,0.36239782016348776,0.4250681198910082,367,24199,11
GR,24218,0.34278959810874704,0.491725768321513,423,24199,11
GR,24219,0.49074074074074076,0.3425925925925926,216,24199,11
GR,24220,0.3961352657004831,0.47342995169082125,414,24199,11
GR,24221,0.24242424242424243,0.551948051948052,462,24199,11
GR,24222,0.32741116751269034,0.48984771573604063,394,24199,11
GR,24223,0.31044776119402984,0.4746268656716418,670,24199,11
GR,24224,0.4297082228116711,0.38992042440318303,377,24199,11
GR,24225,0.32225063938618925,0.5063938618925832,1173,24199,11
GR,24226,0.33672172808132145,0.3468869123252859,787,24199,11
GR,24227,0.4,0.39019607843137255,510,24199,11
GR,24228,0.3807740324594257,0.50187265917603,801,24199,11
GR,24229,0.6008629989212514,0.26537216828478966,927,24199,11
GR,24230,0.36268656716417913,0.4582089552238806,670,24199,11
GR,24231,0.30514705882352944,0.5625,544,24199,11
GR,24232,0.24454976303317535,0.5014218009478673,1055,24199,11
GR,24233,0.5402097902097902,0.3146853146853147,572,24199,11
GR,24234,0.37080536912751677,0.5285234899328859,596,24199,11
GR,24235,0.4669260700389105,0.3093385214007782,514,24199,11
GR,24236,0.3333333333333333,0.5283018867924528,636,24199,11
GR,24237,0.5555555555555556,0.28888888888888886,45,24199,11
GR,24238,0.45565217391304347,0.38608695652173913,575,24199,11
GR,24239,0.6699029126213593,0.06796116504854369,103,24199,11
GR,24240,0.38427299703264095,0.42136498516320475,674,24199,11
GR,24241,0.4055636896046852,0.47584187408491946,683,24199,11
GR,24242,0.3709677419354839,0.3709677419354839,434,24199,11
GR,24243,0.35294117647058826,0.5361344537815126,595,24199,11
GR,24244,0.30165912518853694,0.5444947209653092,663,24199,11
GR,24245,0.21220930232558138,0.6758720930232558,688,24199,11
GR,24246,0.3260115606936416,0.4913294797687861,865,24199,11
GR,24247,0.32064128256513025,0.3246492985971944,499,24199,11
GR,24248,0.400679117147708,0.4312393887945671,589,24199,11
GR,24249,0.3887733887733888,0.46153846153846156,481,24199,11
GR,24250,0.3861066235864297,0.44264943457189015,619,24199,11
GR,24251,0.4238733252131547,0.2740560292326431,821,24199,11
HR,24182,0.46511627906976744,0.4186046511627907,43,24197,12
HR,24183,0.38929440389294406,0.44768856447688565,411,24197,12
HR,24184,0.30791229742612014,0.47664442326024786,1049,24197,12
HR,24185,0.2769485903814262,0.5903814262023217,603,24197,12
HR,24186,0.3795572916666667,0.4251302083333333,1536,24197,12
HR,24187,0.4107883817427386,0.4066390041493776,241,24197,12
HR,24188,0.36891679748822603,0.3642072213500785,637,24197,12
HR,24189,0.3838383838383838,0.40606060606060607,495,24197,12
HR,24191,0.39152542372881355,0.3943502824858757,1770,24197,12
HR,24192,0.4620355411954766,0.3247172859450727,619,24197,12
HR,24193,0.42757417102966844,0.4013961605584642,573,24197,12
HR,24194,0.3207236842105263,0.4309210526315789,608,24197,12
HR,24195,0.4620938628158845,0.37545126353790614,277,24197,12
HR,24196,0.3133514986376022,0.44686648501362397,367,24197,12
HR,24197,0.5121457489878543,0.33805668016194335,494,24197,12
HR,24198,0.39823008849557523,0.4218289085545723,339,24197,12
HR,24199,0.36774193548387096,0.42258064516129035,620,24197,12
HR,24200,0.3254493850520341,0.48722800378429515,1057,24197,12
HR,24201,0.451847365233192,0.3022410660205936,1651,24197,12
HR,24202,0.27239884393063585,0.5534682080924855,1384,24197,12
HR,24203,0.43850806451612906,0.4102822580645161,992,24197,12
HR,24204,0.37656903765690375,0.42782426778242677,956,24197,12
HR,24205,0.395748987854251,0.39878542510121456,988,24197,12
HR,24206,0.46583481877599525,0.30718954248366015,1683,24197,12
HR,24207,0.41215323645970936,0.4346103038309115,757,24197,12
HR,24208,0.37254901960784315,0.4117647058823529,204,24197,12
HR,24209,0.41705607476635514,0.3685747663551402,1712,24197,12
HR,24210,0.41409691629955947,0.3458149779735683,454,24197,12
HR,24211,0.12149532710280374,0.6822429906542056,107,24197,12
HR,24212,0.40447154471544716,0.3231707317073171,492,24197,12
HR,24213,0.31861804222648754,0.3761996161228407,521,24197,12
HR,24214,0.3036053130929791,0.3766603415559772,1054,24197,12
HR,24215,0.4005167958656331,0.3863049095607235,774,24197,12
HR,24216,0.25578406169665807,0.4961439588688946,778,24197,12
HR,24217,0.2276923076923077,0.42153846153846153,325,24197,12
HR,24218,0.38425925925925924,0.30092592592592593,432,24197,12
HR,24219,0.2083897158322057,0.4709066305818674,739,24197,12
HR,24220,0.22178217821782178,0.3920792079207921,505,24197,12
HR,24221,0.2971698113207547,0.3584905660377358,424,24197,12
HR,24222,0.27599486521181,0.5417201540436457,779,24197,12
HR,24223,0.41811175337186895,0.4026974951830443,519,24197,12
HR,24224,0.24039829302987198,0.4992887624466572,703,24197,12
HR,24225,0.31839258114374036,0.3910355486862442,647,24197,12
HR,24226,0.23123123123123124,0.4519519519519519,666,24197,12
HR,24227,0.24587706146926536,0.46926536731634183,667,24197,12
HR,24228,0.181073703366697,0.5040946314831665,1099,24197,12
HR,24229,0.2078720787207872,0.4317343173431734,813,24197,12
HR,24230,0.2204515272244356,0.4249667994687915,753,24197,12
HR,24231,0.1752021563342318,0.37601078167115903,742,24197,12
HR,24232,0.15562913907284767,0.4326710816777042,906,24197,12
HR,24233,0.18620689655172415,0.41839080459770117,435,24197,12
HR,24234,0.26047904191616766,0.3967065868263473,668,24197,12
HR,24235,0.13947696139476962,0.44333748443337484,803,24197,12
HR,24236,0.18040621266427717,0.43010752688172044,837,24197,12
HR,24237,0.18840579710144928,0.5507246376811594,138,24197,12
HR,24238,0.29765395894428154,0.3284457478005865,682,24197,12
HR,24239,0.13142857142857142,0.5828571428571429,175,24197,12
HR,24240,0.21728395061728395,0.4148148148148148,810,24197,12
HR,24241,0.3168831168831169,0.33246753246753247,770,24197,12
HR,24242,0.26619433198380565,0.35121457489878544,988,24197,12
HR,24243,0.34864864864864864,0.3,370,24197,12
HR,24244,0.14245014245014245,0.5498575498575499,1053,24197,12
HR,24245,0.3164179104477612,0.35074626865671643,670,24197,12
HR,24246,0.3464696223316913,0.2824302134646962,609,24197,12
HR,24247,0.37573385518590996,0.29354207436399216,511,24197,12
HR,24248,0.23870220162224798,0.4646581691772885,863,24197,12
HR,24249,0.21799746514575413,0.3523447401774398,789,24197,12
HR,24250,0.17712691771269176,0.44490934449093444,717,24197,12
HR,24251,0.2907488986784141,0.3766519823788546,454,24197,12
HU,24182,0.3220338983050847,0.4406779661016949,59,24189,13
HU,24183,0.30133333333333334,0.49333333333333335,375,24189,13
HU,24184,0.272875816993464,0.6127450980392157,612,24189,13
HU,24185,0.3991769547325103,0.4053497942386831,486,24189,13
HU,24186,0.275092936802974,0.5130111524163569,538,24189,13
HU,24187,0.5077399380804953,0.29102167182662536,646,24189,13
HU,24188,0.39072847682119205,0.41280353200883,453,24189,13
HU,24189,0.35157894736842105,0.4589473684210526,475,24189,13
HU,24190,0.24444444444444444,0.5333333333333333,135,24189,13
HU,24191,0.35823170731707316,0.4923780487804878,656,24189,13
HU,24192,0.27634660421545665,0.5245901639344263,854,24189,13
HU,24193,0.45579567779960706,0.35363457760314343,1018,24189,13
HU,24194,0.24477611940298508,0.49850746268656715,335,24189,13
HU,24195,0.34226190476190477,0.4880952380952381,336,24189,13
HU,24196,0.3472222222222222,0.3888888888888889,72,24189,13
HU,24204,0.29411764705882354,0.4485294117647059,680,24189,13
HU,24205,0.29545454545454547,0.4090909090909091,440,24189,13
HU,24206,0.45436507936507936,0.34523809523809523,504,24189,13
HU,24207,0.37254901960784315,0.43529411764705883,255,24189,13
HU,24208,0.2261904761904762,0.5119047619047619,168,24189,13
HU,24209,0.40492957746478875,0.36795774647887325,568,24189,13
HU,24210,0.4188679245283019,0.3849056603773585,530,24189,13
HU,24212,0.3055555555555556,0.4623015873015873,504,24189,13
HU,24213,0.23950381679389313,0.6202290076335878,1048,24189,13
HU,24214,0.44221105527638194,0.3442211055276382,398,24189,13
HU,24215,0.38953488372093026,0.375968992248062,516,24189,13
HU,24216,0.39190523198420535,0.40868706811451133,1013,24189,13
HU,24217,0.4506769825918762,0.3230174081237911,517,24189,13
HU,24218,0.5316027088036117,0.2516930022573363,886,24189,13
HU,24219,0.29,0.542,1000,24189,13
HU,24220,0.3037974683544304,0.44585091420534456,711,24189,13
HU,24221,0.34191176470588236,0.39338235294117646,816,24189,13
HU,24222,0.436183395291202,0.35811648079306074,807,24189,13
HU,24223,0.36884306987399773,0.3951890034364261,873,24189,13
HU,24224,0.4171686746987952,0.3870481927710843,664,24189,13
HU,24225,0.3844049247606019,0.43502051983584133,731,24189,13
HU,24226,0.45161290322580644,0.2969639468690702,1054,24189,13
HU,24227,0.2676056338028169,0.48169014084507045,710,24189,13
HU,24228,0.43700787401574803,0.3543307086614173,762,24189,13
HU,24229,0.41237113402061853,0.35738831615120276,582,24189,13
HU,24230,0.37445887445887444,0.34415584415584416,462,24189,13
HU,24231,0.4155844155844156,0.38181818181818183,770,24189,13
HU,24232,0.37483085250338294,0.41136671177266576,739,24189,13
HU,24233,0.45225225225225224,0.32432432432432434,555,24189,13
HU,24234,0.4012237762237762,0.42132867132867136,1144,24189,13
HU,24235,0.39264990328820115,0.3481624758220503,517,24189,13
HU,24236,0.36379928315412186,0.31362007168458783,558,24189,13
HU,24237,0.4594594594594595,0.40540540540540543,37,24189,13
HU,24238,0.5139751552795031,0.2950310559006211,644,24189,13
HU,24239,0.6176470588235294,0.20588235294117646,34,24189,13
HU,24240,0.4140077821011673,0.3673151750972763,1285,24189,13
HU,24241,0.47496206373292865,0.3216995447647951,659,24189,13
HU,24242,0.4152046783625731,0.2953216374269006,684,24189,13
HU,24243,0.49122807017543857,0.3256578947368421,912,24189,13
HU,24244,0.4920886075949367,0.28164556962025317,632,24189,13
HU,24245,0.4,0.4012738853503185,785,24189,13
HU,24246,0.43912337662337664,0.40584415584415584,1232,24189,13
HU,24247,0.4411214953271028,0.35887850467289717,535,24189,13
HU,24248,0.3421875,0.403125,640,24189,13
HU,24249,0.3814919735599622,0.48725212464589235,1059,24189,13
HU,24250,0.30183727034120733,0.4816272965879265,762,24189,13
HU,24251,0.3003412969283277,0.40955631399317405,879,24189,13
IE,24183,0.22935779816513763,0.7064220183486238,218,24195,14
IE,24184,0.020833333333333332,0.8958333333333334,144,24195,14
IE,24185,0.045454545454545456,0.8896103896103896,154,24195,14
IE,24186,0.02857142857142857,0.8714285714285714,140,24195,14
IE,24187,0.02830188679245283,0.8113207547169812,106,24195,14
IE,24188,0.0457516339869281,0.8758169934640523,153,24195,14
IE,24189,0.0829145728643216,0.8090452261306532,398,24195,14
IE,24190,0.0,0.9696969696969697,33,24195,14
IE,24191,0.07216494845360824,0.8092783505154639,194,24195,14
IE,24192,0.16981132075471697,0.601078167115903,371,24195,14
IE,24193,0.21476510067114093,0.7315436241610739,298,24195,14
IE,24194,0.13541666666666666,0.78125,288,24195,14
IE,24195,0.06912442396313365,0.7603686635944701,217,24195,14
IE,24197,0.4067796610169492,0.5932203389830508,59,24195,14
IE,24204,0.05084745762711865,0.885593220338983,236,24195,14
IE,24205,0.07713498622589532,0.9035812672176309,363,24195,14
IE,24206,0.08762886597938144,0.7938144329896907,194,24195,14
IE,24207,0.05172413793103448,0.853448275862069,116,24195,14
IE,24209,0.020316027088036117,0.9006772009029346,443,24195,14
IE,24210,0.030303030303030304,0.9545454545454546,330,24195,14
IE,24212,0.09235668789808917,0.767515923566879,314,24195,14
IE,24213,0.029556650246305417,0.8177339901477833,203,24195,14
IE,24214,0.051490514905149054,0.8482384823848238,369,24195,14
IE,24215,0.04597701149425287,0.8544061302681992,522,24195,14
IE,24216,0.1383399209486166,0.7924901185770751,506,24195,14
IE,24217,0.22790697674418606,0.5116279069767442,215,24195,14
IE,24218,0.28368794326241137,0.5872340425531914,705,24195,14
IE,24219,0.47035573122529645,0.2391304347826087,506,24195,14
IE,24220,0.1642512077294686,0.6473429951690821,207,24195,14
IE,24221,0.13636363636363635,0.7909090909090909,110,24195,14
IE,24222,0.048672566371681415,0.8628318584070797,226,24195,14
IE,24223,0.05102040816326531,0.8622448979591837,196,24195,14
IE,24224,0.0335195530726257,0.9385474860335196,358,24195,14
IE,24225,0.20100502512562815,0.6582914572864321,199,24195,14
IE,24226,0.06782106782106782,0.8080808080808081,693,24195,14
IE,24227,0.021621621621621623,0.8864864864864865,185,24195,14
IE,24228,0.13366336633663367,0.7524752475247525,202,24195,14
IE,24229,0.09714285714285714,0.8228571428571428,175,24195,14
IE,24230,0.10112359550561797,0.7696629213483146,178,24195,14
IE,24231,0.05426356589147287,0.8488372093023255,258,24195,14
IE,24232,0.20168067226890757,0.680672268907563,238,24195,14
IE,24233,0.10328638497652583,0.7934272300469484,213,24195,14
IE,24234,0.12716763005780346,0.7947976878612717,346,24195,14
IE,24235,0.12612612612612611,0.7837837837837838,111,24195,14
IE,24236,0.031141868512110725,0.9307958477508651,289,24195,14
IE,24238,0.06451612903225806,0.8612903225806452,310,24195,14
IE,24240,0.06152512998266898,0.9090121317157712,1154,24195,14
IE,24241,0.07526881720430108,0.8422939068100358,279,24195,14
IE,24242,0.07272727272727272,0.8363636363636363,275,24195,14
IE,24243,0.04361370716510903,0.8161993769470405,321,24195,14
IE,24244,0.07547169811320754,0.8584905660377359,212,24195,14
IE,24245,0.06734006734006734,0.8653198653198653,297,24195,14
IE,24246,0.0975609756097561,0.8170731707317073,164,24195,14
IE,24247,0.04408352668213457,0.9048723897911833,431,24195,14
IE,24248,0.04276985743380855,0.824847250509165,491,24195,14
IE,24249,0.02086230876216968,0.9499304589707928,719,24195,14
IE,24250,0.1238390092879257,0.804953560371517,323,24195,14
IE,24251,0.4022140221402214,0.5461254612546126,542,24195,14
IT,24182,0.3716216216216216,0.4527027027027027,148,24195,15
IT,24183,0.26724890829694326,0.5126637554585153,1145,24195,15
IT,24184,0.27798507462686567,0.47077114427860695,1608,24195,15
IT,24185,0.2598463016330452,0.5384245917387128,2082,24195,15
IT,24186,0.31715521383950024,0.5290725612686209,2081,24195,15
IT,24187,0.24051539012168932,0.5304223335719399,1397,24195,15
IT,24188,0.2925,0.5175,1600,24195,15
IT,24189,0.3297271872060207,0.5145813734713076,2126,24195,15
IT,24190,0.26517571884984026,0.549520766773163,313,24195,15
IT,24191,0.326007326007326,0.478806907378336,1911,24195,15
IT,24192,0.27824109173616374,0.4761182714177407,1319,24195,15
IT,24193,0.29509433962264153,0.52,1325,24195,15
IT,24194,0.31222943722943725,0.44642857142857145,1848,24195,15
IT,24195,0.254069355980184,0.5428167020523709,1413,24195,15
IT,24196,0.31167979002624674,0.526246719160105,1524,24195,15
IT,24197,0.31763619575253926,0.4792243767313019,1083,24195,15
IT,24198,0.3195364238410596,0.5049668874172185,1208,24195,15
IT,24199,0.2767857142857143,0.5367063492063492,1008,24195,15
IT,24200,0.37037037037037035,0.4134366925064599,1161,24195,15
IT,24201,0.26143024618991795,0.5310668229777257,853,24195,15
IT,24202,0.2917981072555205,0.49290220820189273,1268,24195,15
IT,24203,0.4290171606864275,0.41497659906396256,641,24195,15
IT,24204,0.2938906752411576,0.5131832797427652,1555,24195,15
IT,24205,0.2913128674069236,0.5316786414108425,1531,24195,15
IT,24206,0.30831234256926954,0.4780856423173804,1985,24195,15
IT,24207,0.3370473537604457,0.4688950789229341,1077,24195,15
IT,24208,0.22508038585209003,0.6270096463022508,311,24195,15
IT,24209,0.30402384500745155,0.5081967213114754,1342,24195,15
IT,24210,0.2838258164852255,0.5458786936236392,1286,24195,15
IT,24211,0.14726027397260275,0.565068493150685,292,24195,15
IT,24212,0.34766355140186916,0.411214953271028,1605,24195,15
IT,24213,0.2819672131147541,0.48655737704918034,1525,24195,15
IT,24214,0.3471725125268432,0.4574087329992842,1397,24195,15
IT,24215,0.2577189666036547,0.5362318840579711,1587,24195,15
IT,24216,0.3373610439826003,0.4388593523441276,2069,24195,15
IT,24217,0.312807881773399,0.4938423645320197,1624,24195,15
IT,24218,0.3970130678282514,0.40634723086496577,1607,24195,15
IT,24219,0.35197204193709436,0.4338492261607589,2003,24195,15
IT,24220,0.29804727646454265,0.48098663926002055,1946,24195,15
IT,24221,0.2625843279709393,0.5288012454592631,1927,24195,15
IT,24222,0.2825564632388275,0.5502162421912542,2081,24195,15
IT,24223,0.35779325120514194,0.468130690948045,1867,24195,15
IT,24224,0.278853601859024,0.47095274980635166,1291,24195,15
IT,24225,0.3034232365145228,0.4787344398340249,1928,24195,15
IT,24226,0.35236859182349123,0.43672939649578196,1541,24195,15
IT,24227,0.35330480266286257,0.4531621493105088,2103,24195,15
IT,24228,0.410996835443038,0.3817246835443038,2528,24195,15
IT,24229,0.41006477329347285,0.4265072247135027,2007,24195,15
IT,24230,0.3206314643440392,0.4844855743059336,1837,24195,15
IT,24231,0.2920497566252028,0.4975662520281233,1849,24195,15
IT,24232,0.2741585233441911,0.5608034744842563,1842,24195,15
IT,24233,0.27202472952086554,0.5249871200412158,1941,24195,15
IT,24234,0.28533231474407944,0.4912146676852559,2618,24195,15
IT,24235,0.26153846153846155,0.5619909502262443,2210,24195,15
IT,24236,0.262617621899059,0.5303678357570573,2338,24195,15
IT,24237,0.5384615384615384,0.41208791208791207,182,24195,15
IT,24238,0.37402135231316724,0.38434163701067614,2810,24195,15
IT,24239,0.5714285714285714,0.2571428571428571,105,24195,15
IT,24240,0.3449820788530466,0.46908602150537637,2232,24195,15
IT,24241,0.2944754181449569,0.4997465788139889,1973,24195,15
IT,24242,0.24731182795698925,0.5544354838709677,1488,24195,15
IT,24243,0.34357894736842104,0.4223157894736842,2375,24195,15
IT,24244,0.4297423887587822,0.4022248243559719,1708,24195,15
IT,24245,0.30194805194805197,0.5318181818181819,1540,24195,15
IT,24246,0.29915380786460927,0.47486311597809855,2009,24195,15
IT,24247,0.268377253814147,0.5249653259361997,1442,24195,15
IT,24248,0.26026666666666665,0.5381333333333334,1875,24195,15
IT,24249,0.3409188492915414,0.4942035208243882,2329,24195,15
IT,24250,0.28783116299955097,0.5087561742254153,2227,24195,15
IT,24251,0.30014025245441794,0.4904160822814399,2139,24195,15
LT,24182,0.09523809523809523,0.7142857142857143,42,24195,16
LT,24183,0.29914529914529914,0.5,468,24195,16
LT,24184,0.3193916349809886,0.47338403041825095,526,24195,16
LT,24185,0.3538767395626243,0.48906560636182905,503,24195,16
LT,24186,0.2865853658536585,0.5548780487804879,656,24195,16
LT,24187,0.44010767160161507,0.4078061911170929,743,24195,16
LT,24188,0.2921535893155259,0.5442404006677797,599,24195,16
LT,24189,0.17084942084942084,0.6554054054054054,1036,24195,16
LT,24190,0.27225130890052357,0.5235602094240838,191,24195,16
LT,24191,0.20540540540540542,0.6675675675675675,740,24195,16
LT,24192,0.21718931475029035,0.6527293844367015,861,24195,16
LT,24193,0.11049723756906077,0.7803867403314917,724,24195,16
LT,24194,0.2109375,0.62109375,512,24195,16
LT,24195,0.05754828537642885,0.8584942845880962,2537,24195,16
LT,24196,0.2,0.7037974683544304,395,24195,16
LT,24197,0.24162011173184358,0.5935754189944135,716,24195,16
LT,24198,0.23788546255506607,0.6035242290748899,454,24195,16
LT,24199,0.29180327868852457,0.5295081967213114,610,24195,16
LT,24200,0.2549019607843137,0.5686274509803921,612,24195,16
LT,24201,0.1655773420479303,0.7222222222222222,918,24195,16
LT,24202,0.26785714285714285,0.5099206349206349,504,24195,16
LT,24203,0.1919060052219321,0.6631853785900783,766,24195,16
LT,24204,0.08888888888888889,0.8573099415204678,1710,24195,16
LT,24205,0.044234404536862004,0.8862003780718336,2645,24195,16
LT,24206,0.289171974522293,0.5095541401273885,785,24195,16
LT,24207,0.3181818181818182,0.5242424242424243,330,24195,16
LT,24208,0.4854368932038835,0.32038834951456313,103,24195,16
LT,24209,0.21,0.702,500,24195,16
LT,24210,0.29718004338394793,0.4967462039045553,461,24195,16
LT,24211,0.3333333333333333,0.6333333333333333,30,24195,16
LT,24212,0.27122940430925224,0.514575411913815,789,24195,16
LT,24213,0.23033067274800456,0.6054732041049031,877,24195,16
LT,24214,0.34908136482939633,0.4409448818897638,1143,24195,16
LT,24215,0.18181818181818182,0.7102272727272727,704,24195,16
LT,24216,0.20539254559873116,0.6819984139571769,1261,24195,16
LT,24217,0.1444043321299639,0.7436823104693141,831,24195,16
LT,24218,0.18490153172866522,0.6487964989059081,914,24195,16
LT,24219,0.23328488372093023,0.6133720930232558,1376,24195,16
LT,24220,0.20412371134020618,0.6247422680412371,970,24195,16
LT,24221,0.2370500438981563,0.6242317822651449,1139,24195,16
LT,24222,0.2544987146529563,0.572407883461868,1167,24195,16
LT,24223,0.27309893704006544,0.5511038430089943,1223,24195,16
LT,24224,0.24914383561643835,0.5916095890410958,1168,24195,16
LT,24225,0.2952755905511811,0.5380577427821522,762,24195,16
LT,24226,0.30239234449760766,0.5138755980861244,1045,24195,16
LT,24227,0.24673784104389088,0.5765124555160143,843,24195,16
LT,24228,0.23631123919308358,0.595581171950048,1041,24195,16
LT,24229,0.256563245823389,0.5572792362768496,838,24195,16
LT,24230,0.22903629536921152,0.6520650813516896,799,24195,16
LT,24231,0.20440251572327045,0.6153039832285115,954,24195,16
LT,24232,0.19908675799086759,0.6785388127853881,1095,24195,16
LT,24233,0.41849148418491483,0.3953771289537713,822,24195,16
LT,24234,0.28586723768736616,0.5053533190578159,934,24195,16
LT,24235,0.36749482401656314,0.4575569358178054,966,24195,16
LT,24236,0.2686781609195402,0.6091954022988506,696,24195,16
LT,24237,0.17391304347826086,0.6739130434782609,138,24195,16
LT,24238,0.3241455347298787,0.523704520396913,907,24195,16
LT,24239,0.26666666666666666,0.48333333333333334,60,24195,16
LT,24240,0.1678832116788321,0.7160583941605839,1370,24195,16
LT,24241,0.2681818181818182,0.5829545454545455,880,24195,16
LT,24242,0.2446236559139785,0.5954301075268817,744,24195,16
LT,24243,0.43386243386243384,0.44761904761904764,945,24195,16
LT,24244,0.2545103092783505,0.5270618556701031,1552,24195,16
LT,24245,0.3125,0.5530660377358491,848,24195,16
LT,24246,0.27202072538860106,0.5949913644214162,1158,24195,16
LT,24247,0.24626006904487918,0.5868814729574223,869,24195,16
LT,24248,0.25666666666666665,0.48777777777777775,900,24195,16
LT,24249,0.3118279569892473,0.5136476426799007,1209,24195,16
LT,24250,0.20149761742682096,0.5575221238938053,1469,24195,16
LT,24251,0.31647398843930635,0.5216763005780347,692,24195,16
LU,24182,0.44545454545454544,0.5363636363636364,110,24219,17
LU,24183,0.12845010615711253,0.7112526539278131,942,24219,17
LU,24184,0.051188299817184646,0.9488117001828154,547,24219,17
LU,24185,0.008333333333333333,0.5666666666666667,120,24219,17
LU,24186,0.0,0.8316993464052288,612,24219,17
LU,24187,0.17688679245283018,0.7075471698113207,424,24219,17
LU,24188,0.17950087766160422,0.6480958559108602,13103,24219,17
LU,24189,0.16233766233766234,0.5162337662337663,308,24219,17
LU,24190,0.2436548223350254,0.6345177664974619,197,24219,17
LU,24191,0.127129750982962,0.7146133682830931,3052,24219,17
LU,24192,0.03259452411994785,0.9343763581051716,2301,24219,17
LU,24193,0.0506108202443281,0.8900523560209425,573,24219,17
LU,24194,0.324576128923955,0.4498069498069498,11914,24219,17
LU,24195,0.2324561403508772,0.6271929824561403,228,24219,17
LU,24196,0.006711409395973154,0.7718120805369127,149,24219,17
LU,24197,0.016129032258064516,0.9623655913978495,186,24219,17
LU,24198,0.04838709677419355,0.4032258064516129,62,24219,17
LU,24199,0.176056338028169,0.7887323943661971,142,24219,17
LU,24200,0.08787346221441125,0.6098418277680141,569,24219,17
LU,24201,0.08727272727272728,0.8181818181818182,275,24219,17
LU,24202,0.09090909090909091,0.7954545454545454,44,24219,17
LU,24203,0.14732142857142858,0.5997023809523809,672,24219,17
LU,24204,0.3,0.5135802469135803,810,24219,17
LU,24205,0.12264150943396226,0.8632075471698113,424,24219,17
LU,24206,0.11812297734627832,0.6294498381877023,1236,24219,17
LU,24207,0.4641509433962264,0.4226415094339623,265,24219,17
LU,24208,0.0,0.5,192,24219,17
LU,24209,0.09540636042402827,0.7950530035335689,283,24219,17
LU,24210,0.21142857142857144,0.5942857142857143,175,24219,17
LU,24211,0.0034602076124567475,0.9965397923875432,289,24219,17
LU,24212,0.12622950819672132,0.740983606557377,610,24219,17
LU,24213,0.045915324985092425,0.8634466308884914,1677,24219,17
LU,24214,0.15474919957310565,0.6819637139807898,937,24219,17
LU,24215,0.17800632911392406,0.6653481012658228,1264,24219,17
LU,24216,0.08340016038492382,0.7417802726543705,1247,24219,17
LU,24217,0.48286604361370716,0.3052959501557632,321,24219,17
LU,24218,0.07048458149779736,0.8516886930983847,681,24219,17
LU,24219,0.025280898876404494,0.7050561797752809,356,24219,17
LU,24220,0.060674157303370786,0.6539325842696629,445,24219,17
LU,24221,0.3834355828220859,0.3803680981595092,326,24219,17
LU,24222,0.07067371202113606,0.8441215323645971,1514,24219,17
LU,24223,0.267688679245283,0.5719339622641509,848,24219,17
LU,24224,0.412,0.46,250,24219,17
LU,24225,0.09280742459396751,0.8380510440835267,2155,24219,17
LU,24226,0.13761467889908258,0.7486238532110092,545,24219,17
LU,24227,0.20242424242424242,0.7890909090909091,825,24219,17
LU,24228,0.2065359477124183,0.6431372549019608,765,24219,17
LU,24229,0.5,0.23734177215189872,316,24219,17
LU,24230,0.15077605321507762,0.49002217294900224,451,24219,17
LU,24231,0.06161616161616162,0.8606060606060606,990,24219,17
LU,24232,0.0915032679738562,0.4722222222222222,612,24219,17
LU,24233,0.12440191387559808,0.8301435406698564,418,24219,17
LU,24234,0.31631205673758866,0.4879432624113475,705,24219,17
LU,24235,0.19794344473007713,0.7686375321336761,389,24219,17
LU,24236,0.1686746987951807,0.6506024096385542,166,24219,17
LU,24238,0.47924528301886793,0.4037735849056604,265,24219,17
LU,24240,0.22772277227722773,0.584983498349835,1212,24219,17
LU,24241,0.06697038724373576,0.8519362186788155,2195,24219,17
LU,24242,0.025054129291679553,0.9635013918960718,3233,24219,17
LU,24243,0.23045267489711935,0.6941015089163237,729,24219,17
LU,24244,0.2984189723320158,0.5780632411067194,1012,24219,17
LU,24245,0.3613707165109034,0.5560747663551402,642,24219,17
LU,24246,0.06704438149197356,0.8130311614730878,1059,24219,17
LU,24247,0.1419098143236074,0.7824933687002652,754,24219,17
LU,24248,0.04172274562584118,0.9071332436069987,743,24219,17
LU,24249,0.09177215189873418,0.5490506329113924,632,24219,17
LU,24250,0.2323529411764706,0.6794117647058824,680,24219,17
LU,24251,0.15426251691474965,0.6603518267929634,739,24219,17
LV,24182,0.21100917431192662,0.5871559633027523,218,24196,18
LV,24183,0.1498612395929695,0.6790009250693803,1081,24196,18
LV,24184,0.15828402366863906,0.7233727810650887,676,24196,18
LV,24185,0.25390625,0.591796875,512,24196,18
LV,24186,0.141091658084449,0.7394438722966015,971,24196,18
LV,24187,0.24461206896551724,0.5786637931034483,928,24196,18
LV,24188,0.23491179201485607,0.5840297121634169,1077,24196,18
LV,24189,0.1651376146788991,0.6458715596330276,545,24196,18
LV,24190,0.06329113924050633,0.9050632911392406,158,24196,18
LV,24191,0.09045936395759717,0.7837455830388692,1415,24196,18
LV,24192,0.16939890710382513,0.7311475409836066,915,24196,18
LV,24193,0.15539305301645337,0.5585009140767825,1094,24196,18
LV,24194,0.2288888888888889,0.5644444444444444,450,24196,18
LV,24195,0.22413793103448276,0.6666666666666666,348,24196,18
LV,24196,0.11266201395812563,0.7666999002991027,1003,24196,18
LV,24197,0.1180931744312026,0.8028169014084507,923,24196,18
LV,24198,0.19186652763295098,0.6538060479666319,959,24196,18
LV,24199,0.2552083333333333,0.4973958333333333,768,24196,18
LV,24200,0.2045060658578856,0.6516464471403813,577,24196,18
LV,24201,0.12062937062937062,0.756993006993007,572,24196,18
LV,24202,0.07739396589418453,0.7975513773502405,2287,24196,18
LV,24203,0.2788586251621271,0.5499351491569391,771,24196,18
LV,24204,0.13541666666666666,0.7277777777777777,1440,24196,18
LV,24205,0.23059701492537313,0.5194029850746269,1340,24196,18
LV,24206,0.3023255813953488,0.5581395348837209,43,24196,18
LV,24207,0.32211538461538464,0.5,208,24196,18
LV,24209,0.16116870876531575,0.6795475966069745,1061,24196,18
LV,24210,0.13224181360201512,0.7959697732997482,794,24196,18
LV,24211,0.08211143695014662,0.7859237536656891,341,24196,18
LV,24212,0.1055004508566276,0.7944093778178539,1109,24196,18
LV,24213,0.057971014492753624,0.8909592822636301,1449,24196,18
LV,24214,0.1550751879699248,0.7105263157894737,1064,24196,18
LV,24215,0.24963289280469897,0.5770925110132159,681,24196,18
LV,24216,0.2,0.6231707317073171,820,24196,18
LV,24217,0.15896739130434784,0.6589673913043478,736,24196,18
LV,24218,0.24766355140186916,0.661993769470405,642,24196,18
LV,24219,0.22098569157392686,0.6248012718600954,629,24196,18
LV,24220,0.18863636363636363,0.5772727272727273,440,24196,18
LV,24221,0.13807982740021574,0.7249190938511327,927,24196,18
LV,24222,0.2687704026115343,0.6245919477693145,919,24196,18
LV,24223,0.24009603841536614,0.6266506602641057,833,24196,18
LV,24224,0.28998242530755713,0.4903339191564148,569,24196,18
LV,24225,0.375,0.43413978494623656,744,24196,18
LV,24226,0.41678726483357453,0.38205499276411,691,24196,18
LV,24227,0.1552346570397112,0.7196149217809867,831,24196,18
LV,24228,0.2936570086139389,0.5356303837118246,1277,24196,18
LV,24229,0.10850034554250172,0.7850725639253628,1447,24196,18
LV,24230,0.25629077353215285,0.587138863000932,1073,24196,18
LV,24231,0.265905383360522,0.636215334420881,613,24196,18
LV,24232,0.20542082738944364,0.6904422253922967,701,24196,18
LV,24233,0.1715736040609137,0.665989847715736,985,24196,18
LV,24234,0.40381558028616854,0.424483306836248,629,24196,18
LV,24235,0.18943298969072164,0.6520618556701031,776,24196,18
LV,24236,0.17836593785960875,0.6858457997698504,869,24196,18
LV,24238,0.21207177814029363,0.6084828711256117,613,24196,18
LV,24239,0.37142857142857144,0.4380952380952381,105,24196,18
LV,24240,0.3082872928176796,0.5292817679558011,905,24196,18
LV,24241,0.27454545454545454,0.5227272727272727,1100,24196,18
LV,24242,0.12588235294117647,0.7870588235294118,850,24196,18
LV,24243,0.21239606953892667,0.6084656084656085,1323,24196,18
LV,24244,0.17490494296577946,0.7680608365019012,1052,24196,18
LV,24245,0.07491486946651532,0.8217934165720772,1762,24196,18
LV,24246,0.20063694267515925,0.7280254777070063,1570,24196,18
LV,24247,0.15247634947134112,0.7317751808569839,1797,24196,18
LV,24248,0.10302351623740201,0.7894736842105263,893,24196,18
LV,24249,0.2714285714285714,0.6166666666666667,1680,24196,18
LV,24250,0.17265193370165746,0.6546961325966851,724,24196,18
LV,24251,0.27085714285714285,0.5954285714285714,875,24196,18
NL,24182,0.012797074954296161,0.9670932358318098,547,24195,19
NL,24183,0.06882168925964546,0.786235662148071,959,24195,19
NL,24184,0.044063647490820076,0.8971848225214198,817,24195,19
NL,24185,0.10714285714285714,0.7714285714285715,840,24195,19
NL,24186,0.10221465076660988,0.7862010221465077,1174,24195,19
NL,24187,0.11757269279393173,0.7635903919089759,791,24195,19
NL,24188,0.15594059405940594,0.7376237623762376,808,24195,19
NL,24189,0.11203319502074689,0.7372060857538036,723,24195,19
NL,24190,0.367816091954023,0.5402298850574713,174,24195,19
NL,24191,0.060629316960859554,0.8042977743668457,1303,24195,19
NL,24192,0.08338192419825073,0.8262390670553936,1715,24195,19
NL,24193,0.09576138147566719,0.7794348508634223,1274,24195,19
NL,24194,0.06246545052515202,0.8706467661691543,1809,24195,19
NL,24195,0.13052011776251227,0.7262021589793916,1019,24195,19
NL,24196,0.08224543080939947,0.793733681462141,766,24195,19
NL,24197,0.1755663430420712,0.7233009708737864,1236,24195,19
NL,24198,0.11032308904649331,0.7785657998423956,1269,24195,19
NL,24199,0.13578826237054084,0.7295742232451093,869,24195,19
NL,24200,0.08048048048048048,0.8216216216216217,1665,24195,19
NL,24201,0.07401812688821752,0.8383685800604229,662,24195,19
NL,24202,0.03365384615384615,0.7836538461538461,208,24195,19
NL,24203,0.10273972602739725,0.6712328767123288,146,24195,19
NL,24204,0.14250309789343246,0.6592317224287485,807,24195,19
NL,24205,0.14257425742574256,0.7386138613861386,505,24195,19
NL,24206,0.09958932238193019,0.7926078028747433,974,24195,19
NL,24207,0.08456375838926175,0.8268456375838926,745,24195,19
NL,24208,0.13099041533546327,0.8115015974440895,313,24195,19
NL,24209,0.11098265895953757,0.6994219653179191,865,24195,19
NL,24210,0.14774774774774774,0.6810810810810811,555,24195,19
NL,24211,0.12222222222222222,0.7,90,24195,19
NL,24212,0.2717948717948718,0.5726495726495726,585,24195,19
NL,24213,0.23517786561264822,0.4624505928853755,506,24195,19
NL,24214,0.20674646354733406,0.6300326441784548,919,24195,19
NL,24215,0.12987012987012986,0.7159090909090909,616,24195,19
NL,24216,0.1518624641833811,0.6523400191021967,1047,24195,19
NL,24217,0.13036565977742448,0.7201907790143084,629,24195,19
NL,24218,0.1684717208182912,0.6738868832731648,831,24195,19
NL,24219,0.16187594553706505,0.686838124054463,661,24195,19
NL,24220,0.1780185758513932,0.5975232198142415,646,24195,19
NL,24221,0.14674735249621784,0.5854765506807866,661,24195,19
NL,24222,0.1594360086767896,0.6431670281995662,922,24195,19
NL,24223,0.1274074074074074,0.6533333333333333,675,24195,19
NL,24224,0.19359534206695778,0.6128093158660844,687,24195,19
NL,24225,0.2653352353780314,0.5691868758915835,701,24195,19
NL,24226,0.1723076923076923,0.6584615384615384,650,24195,19
NL,24227,0.2330345710627401,0.5710627400768246,781,24195,19
NL,24228,0.19319429198682767,0.6212952799121844,911,24195,19
NL,24229,0.21461897356143078,0.6438569206842923,643,24195,19
NL,24230,0.09827213822894168,0.775377969762419,926,24195,19
NL,24231,0.22393822393822393,0.5894465894465895,777,24195,19
NL,24232,0.1281725888324873,0.7030456852791879,788,24195,19
NL,24233,0.16225165562913907,0.6589403973509934,604,24195,19
NL,24234,0.2113163972286374,0.6235565819861432,866,24195,19
NL,24235,0.13714285714285715,0.6742857142857143,700,24195,19
NL,24236,0.21176470588235294,0.6196078431372549,510,24195,19
NL,24237,0.22875816993464052,0.6601307189542484,153,24195,19
NL,24238,0.185121107266436,0.5795847750865052,578,24195,19
NL,24239,0.11320754716981132,0.6981132075471698,53,24195,19
NL,24240,0.1708595387840671,0.6037735849056604,954,24195,19
NL,24241,0.2048,0.6416,625,24195,19
NL,24242,0.23779724655819776,0.6220275344180225,799,24195,19
NL,24243,0.2038404726735598,0.6277695716395865,677,24195,19
NL,24244,0.2029520295202952,0.5940959409594095,542,24195,19
NL,24245,0.1734860883797054,0.6399345335515548,611,24195,19
NL,24246,0.16901408450704225,0.6960093896713615,852,24195,19
NL,24247,0.15412186379928317,0.6344086021505376,558,24195,19
NL,24248,0.25591098748261476,0.6008344923504868,719,24195,19
NL,24249,0.2727272727272727,0.6002490660024906,803,24195,19
NL,24250,0.11295681063122924,0.75,1204,24195,19
NL,24251,0.08727477477477477,0.7775900900900901,1776,24195,19
NO,24183,0.0392156862745098,0.7892156862745098,204,24204,20
NO,24184,0.12234042553191489,0.7659574468085106,188,24204,20
NO,24185,0.11320754716981132,0.6819407008086253,371,24204,20
NO,24186,0.13194444444444445,0.7395833333333334,288,24204,20
NO,24187,0.06,0.7,300,24204,20
NO,24188,0.10569105691056911,0.7357723577235772,246,24204,20
NO,24189,0.08282208588957055,0.7607361963190185,326,24204,20
NO,24191,0.07160493827160494,0.817283950617284,405,24204,20
NO,24192,0.102803738317757,0.6947040498442367,321,24204,20
NO,24193,0.08070175438596491,0.7263157894736842,285,24204,20
NO,24194,0.060790273556231005,0.8024316109422492,329,24204,20
NO,24195,0.11893203883495146,0.7427184466019418,412,24204,20
NO,24196,0.09411764705882353,0.7323529411764705,340,24204,20
NO,24197,0.0755939524838013,0.7688984881209503,463,24204,20
NO,24198,0.12111801242236025,0.7018633540372671,322,24204,20
NO,24199,0.07662082514734773,0.7544204322200393,509,24204,20
NO,24200,0.07126948775055679,0.7282850779510023,449,24204,20
NO,24201,0.06476683937823834,0.7901554404145078,386,24204,20
NO,24202,0.078125,0.7375,320,24204,20
NO,24203,0.13615023474178403,0.676056338028169,213,24204,20
NO,24204,0.11716621253405994,0.7329700272479565,367,24204,20
NO,24205,0.12704918032786885,0.7213114754098361,244,24204,20
NO,24206,0.09480122324159021,0.746177370030581,327,24204,20
NO,24207,0.10267857142857142,0.7991071428571429,224,24204,20
NO,24208,0.21951219512195122,0.6829268292682927,41,24204,20
NO,24209,0.11170212765957446,0.7287234042553191,376,24204,20
NO,24210,0.06005221932114883,0.7754569190600522,383,24204,20
NO,24212,0.07120743034055728,0.7832817337461301,323,24204,20
NO,24213,0.1,0.7448275862068966,290,24204,20
NO,24214,0.1337386018237082,0.6747720364741642,329,24204,20
NO,24215,0.10273972602739725,0.6883561643835616,292,24204,20
NO,24216,0.0948509485094851,0.7046070460704607,369,24204,20
NO,24217,0.15862068965517243,0.6827586206896552,290,24204,20
NO,24218,0.13993174061433447,0.6723549488054608,293,24204,20
NO,24219,0.17366946778711484,0.6162464985994398,357,24204,20
NO,24220,0.13350785340314136,0.6596858638743456,382,24204,20
NO,24221,0.13144329896907217,0.6881443298969072,388,24204,20
NO,24222,0.14411764705882352,0.6147058823529412,340,24204,20
NO,24223,0.14435695538057744,0.6902887139107612,381,24204,20
NO,24224,0.125,0.6551724137931034,232,24204,20
NO,24225,0.1188118811881188,0.6831683168316832,303,24204,20
NO,24226,0.12304250559284116,0.6621923937360179,447,24204,20
NO,24227,0.10649350649350649,0.7090909090909091,385,24204,20
NO,24228,0.1368909512761021,0.6635730858468677,431,24204,20
NO,24229,0.11661807580174927,0.7201166180758017,343,24204,20
NO,24230,0.0975609756097561,0.686411149825784,287,24204,20
NO,24231,0.14339622641509434,0.6867924528301886,265,24204,20
NO,24232,0.1358974358974359,0.6871794871794872,390,24204,20
NO,24233,0.10837438423645321,0.7216748768472906,406,24204,20
NO,24234,0.1391304347826087,0.6318840579710145,345,24204,20
NO,24235,0.13468013468013468,0.7003367003367004,297,24204,20
NO,24236,0.10526315789473684,0.7368421052631579,304,24204,20
NO,24238,0.16766467065868262,0.6197604790419161,334,24204,20
NO,24240,0.1163895486935867,0.6745843230403801,421,24204,20
NO,24241,0.13994169096209913,0.7084548104956269,343,24204,20
NO,24242,0.11079545454545454,0.6789772727272727,352,24204,20
NO,24243,0.10955056179775281,0.7584269662921348,356,24204,20
NO,24244,0.09401709401709402,0.7578347578347578,351,24204,20
NO,24245,0.0978441127694859,0.7810945273631841,603,24204,20
NO,24246,0.11436950146627566,0.7038123167155426,341,24204,20
NO,24247,0.10588235294117647,0.7352941176470589,340,24204,20
NO,24248,0.07707910750507099,0.7931034482758621,493,24204,20
NO,24249,0.08008658008658008,0.7554112554112554,462,24204,20
NO,24250,0.10261194029850747,0.7406716417910447,536,24204,20
NO,24251,0.06269592476489028,0.7962382445141066,638,24204,20
PL,24182,0.41006600660066006,0.3325082508250825,1212,24195,21
PL,24183,0.4092093831450912,0.3919573042075214,8057,24195,21
PL,24184,0.4280467445742905,0.37673900946021144,8985,24195,21
PL,24185,0.40196165061412037,0.3891490677741451,11317,24195,21
PL,24186,0.37595061286570636,0.4221168470967165,11177,24195,21
PL,24187,0.43141046299280267,0.3592222580298636,9309,24195,21
PL,24188,0.43237754853383153,0.35188043213386405,12311,24195,21
PL,24189,0.3824225865209472,0.3796903460837887,10980,24195,21
PL,24190,0.43452877397831524,0.32777314428690574,1199,24195,21
PL,24191,0.5069995821145006,0.2808190555787714,9572,24195,21
PL,24192,0.44684278350515466,0.33054123711340205,12416,24195,21
PL,24193,0.4637157482685938,0.33373481882966977,9963,24195,21
PL,24194,0.4692661120079473,0.338631565876071,8053,24195,21
PL,24195,0.4794552711904203,0.3234327306879549,8518,24195,21
PL,24196,0.42674494455316375,0.3720808871493803,7665,24195,21
PL,24197,0.4696916812100058,0.3425247236765561,8595,24195,21
PL,24198,0.43357764544205224,0.34699954191479615,8732,24195,21
PL,24199,0.43019158775600086,0.36302576524994495,9082,24195,21
PL,24200,0.45009649848359523,0.3276812792941825,7254,24195,21
PL,24201,0.46405106063450346,0.316688567674113,5327,24195,21
PL,24202,0.46307477937761266,0.31537389688806317,4306,24195,21
PL,24203,0.4456186701893439,0.3344341699691766,4542,24195,21
PL,24204,0.5056777856635912,0.3132540809084457,11272,24195,21
PL,24205,0.4498589783766844,0.3375900971482294,12764,24195,21
PL,24206,0.47988505747126436,0.27206896551724136,8700,24195,21
PL,24207,0.44438908955037987,0.35384232158425705,8029,24195,21
PL,24208,0.5985401459854015,0.21654501216545013,822,24195,21
PL,24209,0.4677821658698815,0.3171897734358761,9622,24195,21
PL,24210,0.5220480433066426,0.27201984887786174,8867,24195,21
PL,24211,0.49216300940438873,0.28056426332288403,638,24195,21
PL,24212,0.47091287433276036,0.3102325160589885,11053,24195,21
PL,24213,0.486050066883241,0.2934263328874451,10466,24195,21
PL,24214,0.5164584464964693,0.2645301466594242,9205,24195,21
PL,24215,0.52536880702652,0.2632386799693016,11727,24195,21
PL,24216,0.5269110451592204,0.25980588754311384,12467,24195,21
PL,24217,0.4967404357522731,0.2867558757934466,11658,24195,21
PL,24218,0.4572225964777211,0.2994899432200943,10391,24195,21
PL,24219,0.5192524206259851,0.27628912407115513,8882,24195,21
PL,24220,0.49909255898366606,0.2848297213622291,9367,24195,21
PL,24221,0.5131350412505428,0.2694311767260096,9212,24195,21
PL,24222,0.5049249530956847,0.2784552845528455,12792,24195,21
PL,24223,0.5068221070811745,0.2682210708117444,11580,24195,21
PL,24224,0.5383807746150256,0.2530331311245917,8572,24195,21
PL,24225,0.5094850948509485,0.2743450767841012,11070,24195,21
PL,24226,0.5243544600938967,0.25273865414710484,10224,24195,21
PL,24227,0.5529944433010907,0.22833916443712698,9718,24195,21
PL,24228,0.5583951827475143,0.23862204173085003,14282,24195,21
PL,24229,0.49446426937505716,0.27513953701162047,10929,24195,21
PL,24230,0.5087793976801107,0.26753219112482707,9397,24195,21
PL,24231,0.5251646284101599,0.27481185324553153,8504,24195,21
PL,24232,0.5009609949123799,0.2878462408140192,8845,24195,21
PL,24233,0.4992636229749632,0.28186246742947774,8827,24195,21
PL,24234,0.5205852949195674,0.27828773970735254,11003,24195,21
PL,24235,0.5048151001540832,0.2829352850539291,10384,24195,21
PL,24236,0.5044845661036692,0.29271986022131624,8585,24195,21
PL,24237,0.47644287396937574,0.28150765606595995,1698,24195,21
PL,24238,0.5060109289617486,0.2785670916818458,8235,24195,21
PL,24239,0.5042662116040956,0.24914675767918087,1172,24195,21
PL,24240,0.5202716331607611,0.26228736636858735,14873,24195,21
PL,24241,0.5409882088714205,0.2539771663859255,10686,24195,21
PL,24242,0.5437915742793792,0.27649667405764966,9020,24195,21
PL,24243,0.5171305022729793,0.2871715267768045,9019,24195,21
PL,24244,0.512221618685497,0.2984247691472026,9205,24195,21
PL,24245,0.5143006263048017,0.29467640918580373,9580,24195,21
PL,24246,0.49082077879311764,0.2998271178068659,12147,24195,21
PL,24247,0.49283731260410885,0.3020544142143254,9005,24195,21
PL,24248,0.48278321108394456,0.31265281173594134,9816,24195,21
PL,24249,0.48700976336256824,0.30233327817309286,12086,24195,21
PL,24250,0.47879428873611846,0.29751454257006876,9455,24195,21
PL,24251,0.5157731582786287,0.2815463165572575,10968,24195,21
PT,24182,0.8382352941176471,0.10294117647058823,68,24195,22
PT,24183,0.0449438202247191,0.8707865168539326,178,24195,22
PT,24184,0.5360824742268041,0.4175257731958763,388,24195,22
PT,24185,0.13068181818181818,0.8352272727272727,176,24195,22
PT,24186,0.28901734104046245,0.5895953757225434,173,24195,22
PT,24187,0.14736842105263157,0.8105263157894737,95,24195,22
PT,24188,0.14912280701754385,0.5877192982456141,228,24195,22
PT,24189,0.36423841059602646,0.40397350993377484,151,24195,22
PT,24190,0.024390243902439025,0.6707317073170732,82,24195,22
PT,24191,0.4276629570747218,0.397456279809221,629,24195,22
PT,24192,0.08391608391608392,0.8461538461538461,143,24195,22
PT,24193,0.0625,0.8616071428571429,224,24195,22
PT,24194,0.36585365853658536,0.5894308943089431,246,24195,22
PT,24195,0.14925373134328357,0.7761194029850746,134,24195,22
PT,24196,0.4059040590405904,0.5535055350553506,271,24195,22
PT,24197,0.10658307210031348,0.6990595611285266,319,24195,22
PT,24198,0.11875,0.85625,160,24195,22
PT,24199,0.032679738562091505,0.6143790849673203,306,24195,22
PT,24200,0.08860759493670886,0.759493670886076,79,24195,22
PT,24201,0.0967741935483871,0.7419354838709677,93,24195,22
PT,24202,0.016877637130801686,0.8607594936708861,237,24195,22
PT,24203,0.1992619926199262,0.6900369003690037,271,24195,22
PT,24204,0.1878453038674033,0.7320441988950276,362,24195,22
PT,24205,0.2877094972067039,0.46089385474860334,358,24195,22
PT,24206,0.08847184986595175,0.7292225201072386,373,24195,22
PT,24207,0.13245033112582782,0.7615894039735099,151,24195,22
PT,24208,0.0,0.7333333333333333,90,24195,22
PT,24209,0.1828358208955224,0.6492537313432836,268,24195,22
PT,24210,0.21232876712328766,0.6643835616438356,146,24195,22
PT,24211,0.6097560975609756,0.35365853658536583,82,24195,22
PT,24212,0.21712538226299694,0.6697247706422018,327,24195,22
PT,24213,0.23278688524590163,0.6688524590163935,305,24195,22
PT,24214,0.3439153439153439,0.5132275132275133,189,24195,22
PT,24215,0.06199460916442048,0.8194070080862533,371,24195,22
PT,24216,0.18396226415094338,0.6957547169811321,424,24195,22
PT,24217,0.3609022556390977,0.518796992481203,266,24195,22
PT,24218,0.32418952618453867,0.5910224438902744,401,24195,22
PT,24219,0.31009615384615385,0.4855769230769231,416,24195,22
PT,24220,0.25386996904024767,0.5170278637770898,323,24195,22
PT,24221,0.16161616161616163,0.7272727272727273,297,24195,22
PT,24222,0.19613259668508287,0.643646408839779,362,24195,22
PT,24223,0.21195652173913043,0.6494565217391305,368,24195,22
PT,24224,0.13406292749658003,0.801641586867305,731,24195,22
PT,24225,0.19924812030075187,0.6616541353383458,798,24195,22
PT,24226,0.20074812967581046,0.6795511221945137,802,24195,22
PT,24227,0.30687830687830686,0.5079365079365079,378,24195,22
PT,24228,0.226215644820296,0.642706131078224,473,24195,22
PT,24229,0.434375,0.46875,640,24195,22
PT,24230,0.49067599067599066,0.3986013986013986,858,24195,22
PT,24231,0.5918367346938775,0.29300291545189505,686,24195,22
PT,24232,0.5210396039603961,0.37995049504950495,808,24195,22
PT,24233,0.5354477611940298,0.35634328358208955,536,24195,22
PT,24234,0.2390745501285347,0.6233933161953727,778,24195,22
PT,24235,0.25859247135842883,0.6252045826513911,611,24195,22
PT,24236,0.18706697459584296,0.674364896073903,433,24195,22
PT,24237,0.18032786885245902,0.5737704918032787,61,24195,22
PT,24238,0.2681992337164751,0.49616858237547895,522,24195,22
PT,24240,0.25673249551166966,0.5368043087971275,557,24195,22
PT,24241,0.2849056603773585,0.5226415094339623,530,24195,22
PT,24242,0.4148296593186373,0.4789579158316633,499,24195,22
PT,24243,0.3439153439153439,0.4417989417989418,378,24195,22
PT,24244,0.41385767790262173,0.40262172284644193,534,24195,22
PT,24245,0.450199203187251,0.37649402390438247,502,24195,22
PT,24246,0.27069351230425054,0.5279642058165548,447,24195,22
PT,24247,0.2925851703406814,0.49298597194388777,499,24195,22
PT,24248,0.31092436974789917,0.5596638655462185,595,24195,22
PT,24249,0.2077922077922078,0.614100185528757,539,24195,22
PT,24250,0.32304900181488205,0.5499092558983666,551,24195,22
PT,24251,0.22905027932960895,0.5307262569832403,716,24195,22
SE,24182,0.09836065573770492,0.7377049180327869,61,24195,23
SE,24183,0.061461794019933555,0.8471760797342193,602,24195,23
SE,24184,0.04838709677419355,0.8563049853372434,682,24195,23
SE,24185,0.06570155902004454,0.8307349665924276,898,24195,23
SE,24186,0.06118881118881119,0.8304195804195804,572,24195,23
SE,24187,0.07306889352818371,0.8632567849686847,958,24195,23
SE,24188,0.06844547563805105,0.8526682134570766,862,24195,23
SE,24189,0.050617283950617285,0.854320987654321,810,24195,23
SE,24190,0.04093567251461988,0.8830409356725146,171,24195,23
SE,24191,0.050352467270896276,0.8559919436052367,993,24195,23
SE,24192,0.052904564315352696,0.8298755186721992,964,24195,23
SE,24193,0.04819277108433735,0.8324205914567361,913,24195,23
SE,24194,0.06210526315789474,0.88,950,24195,23
SE,24195,0.07272727272727272,0.8083916083916084,715,24195,23
SE,24196,0.06770833333333333,0.85625,960,24195,23
SE,24197,0.03944773175542406,0.9058185404339251,2028,24195,23
SE,24198,0.07588075880758807,0.8102981029810298,738,24195,23
SE,24199,0.06587374199451052,0.8353156450137237,1093,24195,23
SE,24200,0.04710144927536232,0.8719806763285024,828,24195,23
SE,24201,0.0615539858728557,0.8435923309788093,991,24195,23
SE,24202,0.06140350877192982,0.8421052631578947,798,24195,23
SE,24203,0.07057546145494029,0.8197611292073833,921,24195,23
SE,24204,0.06964091403699674,0.7769314472252449,919,24195,23
SE,24205,0.06563706563706563,0.8098455598455598,1036,24195,23
SE,24206,0.09566184649610679,0.7819799777530589,899,24195,23
SE,24207,0.07948717948717948,0.7794871794871795,780,24195,23
SE,24208,0.13414634146341464,0.6829268292682927,164,24195,23
SE,24209,0.10966542750929369,0.7704460966542751,1076,24195,23
SE,24210,0.06096256684491978,0.825668449197861,935,24195,23
SE,24211,0.22,0.5866666666666667,150,24195,23
SE,24212,0.1238003838771593,0.763915547024952,1042,24195,23
SE,24213,0.11032863849765258,0.7300469483568075,852,24195,23
SE,24214,0.08695652173913043,0.7855731225296443,1012,24195,23
SE,24215,0.10117878192534381,0.7809430255402751,1018,24195,23
SE,24216,0.1305785123966942,0.7553719008264462,1210,24195,23
SE,24217,0.09751243781094528,0.7621890547263681,1005,24195,23
SE,24218,0.1079136690647482,0.7841726618705036,1390,24195,23
SE,24219,0.10354815351194786,0.7914554670528603,1381,24195,23
SE,24220,0.08861726508785332,0.8105423987776929,1309,24195,23
SE,24221,0.09169764560099132,0.7949194547707559,1614,24195,23
SE,24222,0.10509803921568628,0.803921568627451,1275,24195,23
SE,24223,0.09789156626506024,0.8064759036144579,1328,24195,23
SE,24224,0.08584905660377358,0.7811320754716982,1060,24195,23
SE,24225,0.10589013898080742,0.7908669755129054,1511,24195,23
SE,24226,0.07611940298507462,0.8156716417910448,1340,24195,23
SE,24227,0.1045510455104551,0.8044280442804428,1626,24195,23
SE,24228,0.07649896623018608,0.833907649896623,1451,24195,23
SE,24229,0.0797592174567344,0.7486832204665161,1329,24195,23
SE,24230,0.04710820895522388,0.8661380597014925,2144,24195,23
SE,24231,0.07123870281765018,0.8484848484848485,1881,24195,23
SE,24232,0.11186186186186187,0.7845345345345346,1332,24195,23
SE,24233,0.0776283618581907,0.8251833740831296,1636,24195,23
SE,24234,0.0609375,0.80703125,1280,24195,23
SE,24235,0.07174048658764816,0.8402994385527136,1603,24195,23
SE,24236,0.08333333333333333,0.8091397849462365,1116,24195,23
SE,24237,0.045714285714285714,0.84,175,24195,23
SE,24238,0.08184818481848184,0.8217821782178217,1515,24195,23
SE,24240,0.08892921960072596,0.8021778584392014,1653,24195,23
SE,24241,0.08513341804320203,0.7814485387547649,1574,24195,23
SE,24242,0.09379310344827586,0.7979310344827586,1450,24195,23
SE,24243,0.07246376811594203,0.8178053830227743,1449,24195,23
SE,24244,0.0871130309575234,0.8228941684665226,1389,24195,23
SE,24245,0.06902871105681124,0.8326206475259621,1637,24195,23
SE,24246,0.09991809991809991,0.8337428337428338,1221,24195,23
SE,24247,0.08141592920353982,0.8106194690265487,1130,24195,23
SE,24248,0.10080106809078772,0.7650200267022697,1498,24195,23
SE,24249,0.09931170108161258,0.7856440511307768,1017,24195,23
SE,24250,0.06541353383458647,0.8172932330827067,1330,24195,23
SE,24251,0.06661502711076685,0.7978311386522076,1291,24195,23
SI,24182,0.15584415584415584,0.5584415584415584,77,24221,24
SI,24183,0.3254237288135593,0.4711864406779661,295,24221,24
SI,24184,0.24260355029585798,0.5443786982248521,338,24221,24
SI,24185,0.23754789272030652,0.5191570881226054,522,24221,24
SI,24186,0.308,0.446,500,24221,24
SI,24187,0.22908622908622908,0.5508365508365508,777,24221,24
SI,24188,0.26998841251448435,0.5005793742757821,863,24221,24
SI,24189,0.26424870466321243,0.5181347150259067,386,24221,24
SI,24190,0.3333333333333333,0.42424242424242425,66,24221,24
SI,24191,0.30037546933667086,0.4655819774718398,799,24221,24
SI,24192,0.27606338615512926,0.445371142618849,1199,24221,24
SI,24193,0.1772428884026258,0.6072210065645515,914,24221,24
SI,24194,0.17880794701986755,0.58719646799117,453,24221,24
SI,24196,0.4,0.3,40,24221,24
SI,24203,0.7142857142857143,0.16666666666666666,84,24221,24
SI,24204,0.48928352725045926,0.3472137170851194,1633,24221,24
SI,24205,0.33601609657947684,0.4647887323943662,1491,24221,24
SI,24206,0.4644035832154644,0.3408769448373409,2121,24221,24
SI,24207,0.5861423220973783,0.2637640449438202,10680,24221,24
SI,24208,0.6486486486486487,0.17297297297297298,185,24221,24
SI,24209,0.4,0.3506172839506173,810,24221,24
SI,24210,0.5827934698108318,0.2601710287639285,3859,24221,24
SI,24211,0.3333333333333333,0.411522633744856,243,24221,24
SI,24212,0.494270435446906,0.3292589763177998,1309,24221,24
SI,24213,0.623653917564055,0.22447085035276643,5386,24221,24
SI,24214,0.5823008849557522,0.27315634218289087,1695,24221,24
SI,24215,0.42511346444780634,0.2987897125567322,1322,24221,24
SI,24216,0.5765010667479427,0.2500761962816215,6562,24221,24
SI,24217,0.4950083194675541,0.3257071547420965,2404,24221,24
SI,24218,0.3275290215588723,0.4552238805970149,1206,24221,24
SI,24219,0.5795778665145465,0.2759079672941624,5259,24221,24
SI,24220,0.5892149088025377,0.24107850911974624,1261,24221,24
SI,24221,0.5061728395061729,0.3012345679012346,810,24221,24
SI,24222,0.6160458452722063,0.234114276082926,5933,24221,24
SI,24223,0.5093612334801763,0.29680616740088106,1816,24221,24
SI,24224,0.4138192862566439,0.3583902809415338,1317,24221,24
SI,24225,0.6672582076308784,0.20496894409937888,5635,24221,24
SI,24226,0.5068493150684932,0.2638788752703677,1387,24221,24
SI,24227,0.44222833562585967,0.28817056396148555,1454,24221,24
SI,24228,0.6353747578602295,0.22008642527194158,6711,24221,24
SI,24229,0.5505154639175258,0.256701030927835,2910,24221,24
SI,24230,0.5413456599897278,0.24910118130457112,1947,24221,24
SI,24231,0.6684229012996137,0.1974007727432385,5694,24221,24
SI,24232,0.6765561372891216,0.1878999418266434,1719,24221,24
SI,24233,0.5235602094240838,0.27356020942408377,764,24221,24
SI,24234,0.6524567711008389,0.22598870056497175,5841,24221,24
SI,24235,0.4839797639123103,0.2928611579539067,1779,24221,24
SI,24236,0.4647887323943662,0.3704225352112676,1420,24221,24
SI,24237,0.6890756302521008,0.20168067226890757,476,24221,24
SI,24238,0.6061057334326135,0.25837676842889057,1343,24221,24
SI,24239,0.6821428571428572,0.18214285714285713,280,24221,24
SI,24240,0.614980694980695,0.21482625482625484,6475,24221,24
SI,24241,0.634989926124916,0.20147750167897918,2978,24221,24
SI,24242,0.4703703703703704,0.30246913580246915,810,24221,24
SI,24243,0.6754130223517979,0.2087463556851312,5145,24221,24
SI,24244,0.6012006861063465,0.21783876500857632,1166,24221,24
SI,24245,0.4900324524802967,0.3333333333333333,2157,24221,24
SI,24246,0.6134029590948651,0.2255874673629243,5745,24221,24
SI,24247,0.6603351955307263,0.21731843575418994,1790,24221,24
SI,24248,0.48,0.29210526315789476,1900,24221,24
SI,24249,0.6473249409913454,0.21695515342250196,5084,24221,24
SI,24250,0.6828953037483844,0.17966393795777683,2321,24221,24
SI,24251,0.5273504273504274,0.23333333333333334,1170,24221,24
SK,24182,0.13333333333333333,0.7666666666666667,30,24195,25
SK,24183,0.4128205128205128,0.4564102564102564,390,24195,25
SK,24184,0.304635761589404,0.5165562913907285,302,24195,25
SK,24185,0.30268199233716475,0.4482758620689655,261,24195,25
SK,24186,0.3315508021390374,0.39572192513368987,187,24195,25
SK,24187,0.2540322580645161,0.47580645161290325,248,24195,25
SK,24188,0.3793103448275862,0.41762452107279696,261,24195,25
SK,24189,0.3632286995515695,0.3991031390134529,223,24195,25
SK,24191,0.3241106719367589,0.43478260869565216,253,24195,25
SK,24192,0.34554973821989526,0.49214659685863876,191,24195,25
SK,24193,0.37538461538461537,0.44,325,24195,25
SK,24194,0.270935960591133,0.47783251231527096,203,24195,25
SK,24195,0.19101123595505617,0.5842696629213483,89,24195,25
SK,24203,0.045454545454545456,0.8636363636363636,44,24195,25
SK,24204,0.08426966292134831,0.8799157303370787,1424,24195,25
SK,24205,0.14323607427055704,0.8037135278514589,377,24195,25
SK,24206,0.33,0.48,100,24195,25
SK,24207,0.6744186046511628,0.20930232558139536,129,24195,25
SK,24208,0.09803921568627451,0.7254901960784313,51,24195,25
SK,24209,0.308411214953271,0.4953271028037383,107,24195,25
SK,24210,0.26229508196721313,0.48360655737704916,122,24195,25
SK,24212,0.27586206896551724,0.5287356321839081,87,24195,25
SK,24213,0.17482517482517482,0.46153846153846156,143,24195,25
SK,24214,0.30578512396694213,0.371900826446281,121,24195,25
SK,24215,0.3170731707317073,0.5804878048780487,205,24195,25
SK,24216,0.05274411974340699,0.9030648610121169,1403,24195,25
SK,24217,0.10482180293501048,0.7211740041928721,477,24195,25
SK,24218,0.2843601895734597,0.5355450236966824,211,24195,25
SK,24219,0.21464646464646464,0.5606060606060606,396,24195,25
SK,24220,0.11016949152542373,0.7401129943502824,354,24195,25
SK,24221,0.2891566265060241,0.4879518072289157,166,24195,25
SK,24222,0.4260355029585799,0.3727810650887574,169,24195,25
SK,24223,0.24539877300613497,0.5030674846625767,163,24195,25
SK,24224,0.29523809523809524,0.37142857142857144,105,24195,25
SK,24225,0.2972972972972973,0.4594594594594595,185,24195,25
SK,24226,0.3684210526315789,0.5,380,24195,25
SK,24227,0.35121951219512193,0.4292682926829268,410,24195,25
SK,24228,0.2631578947368421,0.48120300751879697,266,24195,25
SK,24229,0.32987012987012987,0.522077922077922,385,24195,25
SK,24230,0.2977941176470588,0.4852941176470588,272,24195,25
SK,24231,0.3627906976744186,0.413953488372093,215,24195,25
SK,24232,0.3885350318471338,0.3503184713375796,157,24195,25
SK,24233,0.41044776119402987,0.3843283582089552,268,24195,25
SK,24234,0.32160804020100503,0.4221105527638191,199,24195,25
SK,24235,0.30666666666666664,0.3466666666666667,150,24195,25
SK,24236,0.3918918918918919,0.38288288288288286,222,24195,25
SK,24237,0.09375,0.53125,32,24195,25
SK,24238,0.3821138211382114,0.3821138211382114,246,24195,25
SK,24239,0.3333333333333333,0.358974358974359,39,24195,25
SK,24240,0.3190789473684211,0.33881578947368424,304,24195,25
SK,24241,0.32323232323232326,0.3434343434343434,198,24195,25
SK,24242,0.40327868852459015,0.35081967213114756,305,24195,25
SK,24243,0.4342105263157895,0.38596491228070173,228,24195,25
SK,24244,0.3147208121827411,0.4416243654822335,197,24195,25
SK,24245,0.3242009132420091,0.3470319634703196,219,24195,25
SK,24246,0.29878048780487804,0.5426829268292683,164,24195,25
SK,24247,0.23923444976076555,0.4880382775119617,209,24195,25
SK,24248,0.25268817204301075,0.46774193548387094,186,24195,25
SK,24249,0.29581151832460734,0.4790575916230366,382,24195,25
SK,24250,0.32751091703056767,0.4148471615720524,229,24195,25
SK,24251,0.3109919571045576,0.36193029490616624,373,24195,25
