nkey,emis_t,n_install,nace,example_eutl,n_contracts,sb_rate,cpv,example_proc,log_emis
3M BELGIUM,13946.2,1,20,3M Belgium,70,0.18571428571428572,33,3M Belgium,9.54296234870781
3M FRANCE,6261.625,1,23,3M FRANCE,846,0.18321513002364065,33,3M France,8.742195015072411
A S NORSKE SHELL,152284.55555555556,2,6.,A/S Norske Shell,6,0.0,91,A/S Norske Shell,11.933506125701422
A S OLAINFARM,10019.444444444445,1,21,"A/S ""Olainfarm""",105,0.009523809523809525,33,A/S „Olainfarm”,9.21228292843552
A2A AMBIENTE S P A,32785.555555555555,3,35,A2A AMBIENTE S.P.A.,38,0.631578947368421,90,A2A Ambiente S.p.A.,10.397743317972953
AANNEMINGEN VAN WELLEN,5162.833333333334,2,23,Aannemingen Van Wellen,13,0.23076923076923078,45,Aannemingen Van Wellen SA,8.549240803385013
ABBOTT LABORATORIES,79.57142857142857,1,51,Abbott Laboratories,555,0.1873873873873874,33,Abbott Laboratories; SA,4.376655090871971
ABBVIE,25677.222222222223,1,21,AbbVie Srl,442,0.4502262443438914,33,Abbvie Ltd,10.153359583036638
ABBVIE DEUTSCHLAND,24635.5,1,35,AbbVie Deutschland GmbH & Co. KG,164,0.7073170731707317,33,AbbVie Deutschland GmbH & Co. KG,10.11194377109846
ABELAG AVIATION,6482.5,1,51,ABELAG AVIATION,5,0.2,60,Abelag Aviation NV,8.776861517412819
ACADEMISCH ZIEKENHUIS MAASTRICHT,11414.333333333334,1,,Academisch Ziekenhuis Maastricht,13,0.38461538461538464,85,Academisch Ziekenhuis Maastricht,9.34262515457187
ACEITES DEL SUR COOSUR S A,5552.888888888889,1,10,"Aceites del Sur - Coosur, S.A.",8,0.0,15,Aceites del Sur - Coosur; S.A.,8.622073591837186
ACOME,2252.625,1,27,ACOME,14,0.0,32,Acome,7.719851481838435
ADAM OPEL,10352.5,1,35,Adam Opel AG,71,0.1267605633802817,34,Adam Opel AG,9.244983315419722
ADOLF W RTH,2775.3333333333335,1,51,Adolf Würth GmbH & Co KG,214,0.18691588785046728,44,Adolf Würth GmbH & Co.KG,7.928526139086811
ADVEN,170765.1888888889,19,35,Adven Oy,17,0.29411764705882354,79,Adven Oy,12.04804472743815
AER LINGUS,634503.3333333334,1,51,Aer Lingus Limited,12,0.3333333333333333,60,Aer Lingus,13.36059781960321
AERO VODOCHODY AEROSPACE A S,4777.1,1,30,AERO Vodochody AEROSPACE a.s.,20,0.7,50,Aero Vodochody Aerospace a.s.,8.471588946811217
AERODATA,28.0,1,51,Aerodata AG,27,0.5555555555555556,34,Aerodata,3.332204510175204
AEROWEST,6871.4,1,51,Aerowest GmbH,12,0.16666666666666666,71,Aerowest GmbH,8.835123149025737
AFF RSVERKEN KARLSKRONA,1682.232142857143,4,35,Affärsverken Karlskrona AB,6,1.0,64,Affärsverken Karlskrona AB,7.427876846976952
AGC GLASS EUROPE,498397.56666666665,3,23,AGC GLASS EUROPE,4,0.5,38,AGC Glass Europe,13.119153364153467
AGESP ENERGIA,15291.0,1,,AGESP ENERGIA SRL,4,0.0,91,AGESP energia SRL,9.63501969900815
AGFA GEVAERT,156351.76388888888,3,20,Agfa-Gevaert,79,0.35443037974683544,33,Agfa Gevaert Limited,11.959863644490971
AGGREGATE INDUSTRIES UK,44073.333333333336,8,23,Aggregate Industries UK Limited,197,0.01015228426395939,45,Aggregate Industries UK Ltd,10.69361019221946
AGUSTAWESTLAND S P A,89.33333333333333,1,51,AgustaWestland S.P.A,16,0.5,35,AgustaWestland S.p.A.,4.4923746918427465
AIG ES DE BARCELONA EMPRESA METROPOLITANA DE GESTI DEL CICLE INTEGRAL DE L AIGUA,14727.666666666666,1,37,"Aigües de Barcelona, Empresa Metropolitana de Gestió del Cicle Integral de l'Aigua, SA",9,0.4444444444444444,90,"Aigües de Barcelona, Empresa Metropolitana de Gestió Del Cicle Integral de l'Aigua",9.597483090029597
AIR ALSIE A S,8367.5,1,51,Air Alsie A/S,4,0.0,60,Air Alsie A/S,9.032110433085482
AIR CANADA,402.4,1,51,Air Canada,9,0.0,60,Air Canada,5.9974466187855295
AIR CARAIBES,40906.5,1,51,AIR CARAIBES,11,0.18181818181818182,60,Air Caraibes,10.61904425360916
AIR CORSICA,116934.2,1,51,AIR CORSICA,12,1.0,60,Air Corsica,11.669366662415149
AIR EUROPA L NEAS A REAS S A U,420017.1666666667,1,51,"Air Europa Líneas Aéreas, S.A.U.",4,0.0,60,"Air Europa Líneas Aéreas, S.A.U.",12.948050862440144
AIR FRANCE,1952204.9166666667,1,51,AIR FRANCE,162,0.11728395061728394,60,Air France,14.484470018245938
AIR GREENLAND A S,5116.0,1,51,Air Greenland A/S,7,0.42857142857142855,60,Air Greenland A/S,8.540128162698734
AIR LIQUIDE DEUTSCHLAND,102453.84722222222,2,20,AIR LIQUIDE Deutschland GmbH,120,0.19166666666666668,24,Air Liquide Deutschland GmbH,11.537167705155461
AIR LIQUIDE FRANCE INDUSTRIE,116870.4,2,20,AIR LIQUIDE FRANCE INDUSTRIE,368,0.6277173913043478,24,Air liquide France industrie,11.66882090752766
AIRBUS,1597.7,1,51,AIRBUS SAS,16,0.5625,72,Airbus SAS,7.376320374033526
AIRBUS DEFENCE AND SPACE,14903.733333333334,4,30,Airbus Defence and Space GmbH,301,0.574750830564784,73,Airbus Defence and Space Limited,9.609367019832932
AIRBUS HELICOPTERS DEUTSCHLAND,5690.4,1,30,AIRBUS HELICOPTERS Deutschland GmbH,119,0.8403361344537815,34,Airbus Helicopters Deutschland GmbH,8.646535823419306
AIRBUS OPERATIONS,109630.91111111111,6,30,AIRBUS OPERATIONS SAS,6,1.0,73,Airbus Operations Limited,11.604874649416786
AIRCRAFT INDUSTRIES A S,7450.3,1,30,"Aircraft Industries, a.s.",14,0.8571428571428571,50,Aircraft Industries a.s.,8.916009579019228
ALCHEMIA S A,67246.08888888889,4,24,ALCHEMIA S.A.,6,0.0,44,Alchemia S.A.,11.116114137986816
ALELUIA CER MICAS,16191.138888888889,2,23,Aleluia Cerâmicas SA,3,1.0,44,Aleluia Cerâmicas; SA,9.692219389403805
ALENIA AERMACCHI,2506.0,2,30,Alenia Aermacchi spa,9,0.7777777777777778,50,Alenia Aermacchi SpA,7.826443135456014
ALEXION PHARMA INTERNATIONAL OPERATIONS UNLIMITED,4161.8,1,,Alexion Pharma International Operations Unlimited Company,5,1.0,33,Alexion Pharma International Operations Unlimited Company,8.33370295197868
ALKEN MAES,28249.0,2,11,Alken-Maes,13,0.07692307692307693,15,Alken-Maes SA,10.248813337717966
ALLARD EMBALLAGES,4472.0,1,17,ALLARD EMBALLAGES,7,0.5714285714285714,44,SA Allard Emballages,8.405591014834934
ALLEN OVERY LLP,1845.0,1,35,Allen & Overy LLP,30,0.06666666666666667,79,Allen & Overy LLP,7.520234556474628
ALLIANZ,580.0,1,51,Allianz SE,542,0.2952029520295203,66,Allianz,6.363028103540465
ALLTECH,311.6,1,51,Alltech Inc,3,0.0,24,Alltech,5.741720313996593
ALPHA TECHNOLOGIES,59.0,1,51,"Alpha Technologies, Inc.",20,0.0,38,Alpha Technologies,4.07753744390572
ALSTOM FERROVIARIA S P A,5705.25,1,35,ALSTOM FERROVIARIA s.p.a.,103,0.7961165048543689,34,Alstom Ferroviaria S.p.A.,8.64914208254552
ALSTOM POWER SYSTEMS,10494.0,1,35,ALSTOM POWER SYSTEMS SA,4,0.5,31,Alstom power systems,9.258558944246657
ALSTOM TRANSPORT,5603.0,1,30,ALSTOM TRANSPORT SA,147,0.272108843537415,34,Alstom Transport,8.631057447565285
ALTER SERVICES,3107.6,1,35,ALTER SERVICES,18,0.05555555555555555,74,Groupe Alter services,8.041606003076266
AMAPOLA FLYG,13455.57142857143,1,51,Amapola Flyg AB,11,0.0,60,Amapola Flyg AB,9.507148531866886
AMERICAN EXPRESS,74.375,1,51,American Express Company,3,0.0,63,AMERICAN EXPRESS,4.309119863865794
AMGEN,133.0,1,51,AMGEN INC.,1254,0.5470494417862839,33,AMGEN Sp z o.o.,4.890349128221754
AMPER SAVINGS A S,6748.6,1,22,"Amper Savings, a.s.",13,0.0,71,Amper Savings; a.s.,8.817090354947277
ANGLIAN WATER SERVICES,488.6666666666667,1,,Anglian Water Services Limited,5,0.0,65,Anglian Water Services Ltd,6.191680593778488
ANSALDO ENERGIA,2110.4444444444443,1,35,Ansaldo Energia Spa,10,0.9,45,Ansaldo Energia Spa,7.654653841466678
ANSALDOBREDA,4231.0,1,30,ANSALDOBREDA SPA,25,0.64,34,Ansaldobreda SpA,8.350193650720067
APRICA,150567.0,1,38,Aprica Spa,24,0.4166666666666667,90,Aprica Spa,11.922163446830892
ARCELORMITTAL ESPA A S A,5257914.188888889,4,24,"ARCELORMITTAL ESPAÑA, S.A.",153,0.738562091503268,34,Arcelormittal España; S.A,15.475244964033976
ARCELORMITTAL POLAND S A,6791563.211111112,14,24,ArcelorMittal Poland S.A.,119,0.01680672268907563,44,ArcelorMittal Poland S.A.,15.731191695587235
ARIANEGROUP,14728.3,1,20,ARIANEGROUP SAS,24,0.8333333333333334,73,ArianeGroup GmbH,9.597526092069938
ARJOWIGGINS SECURITY,7277.625,1,17,ARJOWIGGINS SECURITY,3,0.6666666666666666,37,ArjoWiggins Security SAS,8.89255985170037
ARK DATA CENTRES,152.25,2,63,Ark Data Centres Limited,4,0.0,72,Ark Data Centres Limited,5.025523906590006
ARKIL A S,1872.0,1,23,ARKIL A/S,262,0.09923664122137404,45,Arkil A/S,7.534762657037537
ARLA FOODS,33040.2,2,10,Arla Foods Limited,124,0.21774193548387097,15,Arla Foods AB,10.405480280885358
ARMBRUSTER FRERES,5897.333333333334,2,46,ARMBRUSTER FRERES SA,3,0.0,32,armbruster freres,8.682255550320107
ARTEMIS,498.625,1,51,ARTEMIS,80,0.0125,22,Artemis SA,6.21185431022557
ASFALTOS Y CONSTRUCCIONES ELSAN S A,961.2222222222222,1,42,"Asfaltos y Construcciones Elsan, S.A",19,0.42105263157894735,90,Asfaltos y Construcciones Elsan S.A.,6.868205622844155
ASPHALT,4349.333333333333,1,42,BV Asphalt,3,0.0,44,Νεμεσις Asphalt Co Ltd,8.37777785563274
ASTRAZENECA,1705.8333333333333,1,21,AstraZeneca AB,2479,0.7591770875352964,33,AstraZeneca Oy,7.441809028867334
ASTRAZENECA UK,58448.333333333336,1,21,AstraZeneca UK Limited,52,0.8269230769230769,33,Astrazeneca Uk,10.9758984520939
ATALIAN CZ S R O,114.14285714285714,1,25,ATALIAN CZ s.r.o.,41,0.24390243902439024,90,Atalian CZ s.r.o.,4.737450796710961
ATEMAX FRANCE,59079.57777777778,4,38,ATEMAX FRANCE,104,0.9615384615384616,90,Atemax France,10.986640590001258
ATTIANESE S P A,3102.6,1,10,Attianese S.p.A.,36,0.0,15,Attianese S.p.A.,8.039995748630231
AURUBIS,347766.22222222225,3,24,Aurubis AG,11,0.45454545454545453,79,Aurubis AG,12.759285757791032
AUSTRIAN AIRLINES,587624.0,1,51,Austrian Airlines AG,4,0.0,60,Austrian Airlines Oy,13.283842566559402
AVACON NATUR,47835.08888888889,4,35,Avacon Natur GmbH,4,0.5,45,Avacon Natur GmbH,10.77551472635009
AVISTA OIL DEUTSCHLAND,34125.8,1,19,AVISTA OIL Deutschland GmbH,6,0.3333333333333333,90,AVISTA OIL Deutschland GmbH,10.437808975435916
AVR AFVALVERWERKING B V,2274.0,2,,AVR-Afvalverwerking B.V.,13,0.23076923076923078,90,AVR - Afvalverwerking B.V.,7.729295674310482
AXENS,23141.666666666668,1,20,AXENS,5,0.0,71,Axens,10.049390023506891
AYLESFORD NEWSPRINT,14999.75,1,17,Aylesford Newsprint Ltd,4,0.0,90,Aylesford Newsprint Ltd,9.61578881327879
B T HORN ENERGIE,21088.555555555555,1,16,B+T Horn Energie GmbH,4,0.0,90,B+T Horn Energie GmbH,9.956485781585132
BABCOCK MARINE CLYDE,24387.555555555555,2,84,Babcock Marine (Clyde) Limited,4,0.0,34,Babcock Marine Clyde Ltd,10.101828262962828
BADENOVA,6302.0,1,35,badenova AG & Co. KG,67,0.47761194029850745,93,badenova AG & Co. KG,8.74862232231722
BAE SYSTEMS,80.5,1,51,"BAE Systems, Inc.",43,0.18604651162790697,35,BAE Systems Limited,4.388257184424518
BAE SYSTEMS GLOBAL COMBAT SYSTEMS MUNITIONS,11790.777777777777,2,25,BAE SYSTEMS GLOBAL COMBAT SYSTEMS MUNITIONS LIMITED,16,0.125,35,"""BAE Systems Global Combat Systems Munitions"" Ltd.",9.375072960632705
BAE SYSTEMS MARINE,12281.222222222223,1,30,BAE Systems Marine Limited,5,0.6,71,BAE Systems Marine Ltd,9.415826726245326
BAE SYSTEMS OPERATIONS,9648.0,2,30,BAE Systems (Operations) Limited,114,0.13157894736842105,73,BAE SYSTEMS (OPERATIONS) LIMITED,9.174505918966966
BAE SYSTEMS SURFACE SHIPS,16710.88888888889,1,30,BAE Systems Surface Ships Limited,58,0.1206896551724138,34,Bae Systems Surface Ships Limited,9.723815815200899
BALCAS,18.0,1,16,Balcas Limited,8,0.0,91,BALCAS Limited,2.8903717578961645
BALSAN,3837.1,1,13,BALSAN,463,0.22462203023758098,18,Balsan,8.252472151934969
BANCO BILBAO VIZCAYA ARGENTARIA S A,1772.6666666666667,4,,"Banco Bilbao Vizcaya Argentaria, S.A.",265,0.3622641509433962,34,Banco Bilbao Vizcaya Argentaria; S.A,7.480240283134855
BANQUE DE FRANCE,54.2,1,,BANQUE DE FRANCE,6,0.3333333333333333,66,Banque de France,3.9926809084456005
BARCLAYS BANK,2507.0694444444443,4,64,Barclays Bank plc,169,0.023668639053254437,66,Barclays Bank plc,7.826869797991819
BARTS HEALTH NHS TRUST,4842.625,1,86,Barts Health NHS Trust,25,0.32,85,Barts Health NHS Trust,8.48521220806106
BASF,7651164.49047619,53,20,BASF SE,73,0.3013698630136986,24,BASF SE,15.850368415195561
BASF PERFORMANCE PRODUCTS,7537.666666666667,1,20,BASF Performance Products plc,3,0.0,24,Basf Performance Products,8.927667952454884
BAUMIT,432868.3,3,23,Baumit GmbH,8,0.75,24,BAUMIT Kft.,12.978188803675613
BAXTER HEALTH CARE,101.0,1,51,Baxter Health Care,15,0.0,33,Baxter Health Care Limited,4.61512051684126
BAXTER HEALTHCARE,23440.1,2,32,Baxter Healthcare Limited,603,0.05970149253731343,33,Baxter Healthcare,10.062203509893452
BAYERNWERK NATUR,35340.53333333333,5,35,Bayernwerk Natur GmbH,29,0.1724137931034483,90,Bayernwerk Natur GmbH,10.472785837251983
BECHTEL,38.0,1,51,Bechtel,5,0.0,45,Bechtel LImited,3.6375861597263857
BECTON DICKINSON,9.0,1,51,Becton Dickinson,2948,0.18385345997286295,33,Becton Dickinson,2.1972245773362196
BEW BAYREUTHER ENERGIE UND WASSERVERSORGUNGS,5024.0,1,35,BEW Bayreuther Energie- und Wasserversorgungs GmbH,3,0.3333333333333333,90,BEW Bayreuther Energie und Wasserversorgungs- GmbH,8.521981708148035
BGW SP Z O O,57891.166666666664,1,,BGW Sp. z o.o.,11,0.18181818181818182,91,BGW Sp. z o.o.,10.966320090034024
BINTER CANARIAS S A,176.75,1,51,"Binter Canarias, S.A.",9,0.8888888888888888,60,"Binter Canarias, S.A.",5.174736304776682
BIOAGRA S A,94105.1,1,20,BIOAGRA S.A.,3,0.3333333333333333,24,BIOAGRA; S.A.,11.452167521766892
BIOTEK INSTRUMENTS,17.0,1,51,"BioTek Instruments, Inc.",22,0.4090909090909091,38,BioTek Instruments GmbH,2.833213344056216
BLEDINA,16477.5,2,10,BLEDINA,408,0.21568627450980393,15,Bledina,9.709751092926876
BLUE1,139721.0,1,51,Blue1 Oy,4,0.25,60,Blue1,11.847402856066642
BNP PARIBAS,304.6,2,,BNP PARIBAS,161,0.062111801242236024,66,BNP Paribas SA,5.718999440461062
BOCAHUT,110748.8,1,23,BOCAHUT SAS,4,0.5,14,Bocahut,11.615019852634234
BOCHUMER VEREIN VERKEHRSTECHNIK,15342.555555555555,1,30,Bochumer Verein Verkehrstechnik GmbH,40,0.125,34,Bochumer Verein Verkehrstechnik GmbH,9.63838565528036
BODENS ENERGI,44952.4,3,35,Bodens Energi AB,9,0.3333333333333333,90,Bodens Energi AB,10.713359431132938
BOEHRINGER INGELHEIM PHARMA,79019.2,3,21,Boehringer Ingelheim Pharma GmbH & Co. KG,141,0.6170212765957447,33,Boehringer Ingelheim Pharma GmbH & Co. KG,11.277446139894899
BOLLN S ENERGI,21463.266666666666,2,35,Bollnäs Energi AB,5,0.4,90,Bollnäs Energi AB,9.974098225786925
BOLTON NHS FOUNDATION TRUST,7248.0,1,86,Bolton NHS Foundation Trust,10,0.1,85,Bolton NHS Foundation Trust,8.888480847722816
BOMBARDIER,215.66666666666666,1,51,Bombardier Inc.,21,0.19047619047619047,34,Bombardier,5.373734005832791
BOMBARDIER TRANSPORTATION,2786.0,2,35,Bombardier Transportation GmbH,70,0.3142857142857143,34,Bombardier Transportation GmbH,7.932362154339751
BONATRANS A S,31285.444444444445,1,30,BONATRANS GROUP a.s.,285,0.43157894736842106,34,Bonatrans a.s.,10.35090823464271
BONDALTI CHEMICALS,31591.4,1,20,"Bondalti Chemicals, SA",12,1.0,24,"Bondalti Chemicals, SA",10.360640210636221
BOR S ENERGI OCH MILJ,44104.98333333334,6,35,Borås Energi och Miljö AB,11,0.0,90,Borås Energi och miljö,10.694328055806691
BORD GAIS ENERGY,731450.3,1,35,Bord Gais Energy Limited,18,0.2777777777777778,91,Bord Gais Energy,13.502784554550383
BORL NGE ENERGI,52978.055555555555,5,35,AB Borlänge Energi,10,0.0,90,AB Borlänge Energi,10.877633060671902
BOSCH ENERGY AND BUILDING SOLUTIONS ITALY,1856.3333333333333,1,35,Bosch Energy and Building Solutions Italy Srl,3,0.3333333333333333,50,Bosch Energy and Building Solutions Italy Srl,7.526358494921559
BP EUROPA,1094068.2,1,19,BP Europa SE,37,0.1891891891891892,91,BP Europa SE,13.905413600057567
BRAATHENS REGIONAL AIRWAYS,36597.833333333336,1,51,Braathens Regional Airways AB,4,0.0,60,Braathens Regional Airways AB,10.50774431909435
BRACCO IMAGING,37224.8,1,21,Bracco Imaging SpA,139,0.3669064748201439,33,Bracco Imaging spa,10.5247304848044
BRAUNSCHWEIGER VERSORGUNGS,461780.6,5,35,Braunschweiger Versorgungs-AG & Co. KG,11,0.18181818181818182,93,Braunschweiger Versorgungs-AG & Co.KG,13.042845165492173
BREMERHAVENER ENTSORGUNGSGESELLSCHAFT,3316.7,1,35,Bremerhavener Entsorgungsgesellschaft mbH,29,0.41379310344827586,90,Bremerhavener Entsorgungsgesellschaft,8.106725591685281
BRISTOW HELICOPTERS,50190.22222222222,1,51,Bristow Helicopters Limited,7,0.0,60,Bristow Helicopters Limited,10.823575510258667
BRITISH AIRWAYS,2009888.313131313,2,51,British Airways Plc,80,0.5375,63,British Airways,14.513589712885121
BRITISH STEEL,5220331.180555556,3,24,British Steel Limited,8,0.0,34,British Steel Limited,15.468071402397173
BRITISH TELECOMMUNICATIONS,1401.7777777777778,7,61,British Telecommunications Plc,523,0.0745697896749522,32,British Telecommunications,7.245496551306655
BROUWERIJ HAACHT,5301.3,1,11,Brouwerij Haacht,18,0.05555555555555555,15,Brouwerij Haacht,8.57570735248212
BRUDRA S R O,1823.8,1,35,BRUDRA s.r.o.,68,0.014705882352941176,18,BRUDRA s.r.o.,7.508677515499565
BRUSSELS AIRLINES,509887.5,1,51,BRUSSELS AIRLINES,14,0.14285714285714285,60,Brussels Airlines,13.141945392132051
BT COMMUNICATIONS IRELAND,17.2,1,,BT Communications Ireland Limited,19,0.0,64,BT Communications Ireland,2.8449093838194073
BUCKINGHAMSHIRE HEALTHCARE NHS TRUST,6225.0,1,86,Buckinghamshire Healthcare NHS Trust,15,0.3333333333333333,85,Buckinghamshire Healthcare NHS Trust,8.736328721332908
BURDA DRUCK,17567.75,1,35,Burda Druck GmbH,12,0.0,64,Burda Druck GmbH,9.77382011378906
BUZZI UNICEM S R L,3428118.5,8,23,Buzzi Unicem S.r.l.,4,0.0,90,BUZZI UNICEM S.R.L.,15.047522126363717
BYDGOSKIE ZAK ADY ELEKTROMECHANICZNE BELMA S A,2739.75,1,25,"Bydgoskie Zakłady Elektromechaniczne ""BELMA"" S.A",13,0.8461538461538461,24,Bydgoskie Zakłady Elektromechaniczne Belma S.A.,7.915621954343502
CABOT NORIT NEDERLAND B V,95577.55555555556,1,20,Cabot Norit Nederland B.V.,8,0.25,24,Cabot Norit Nederland B.V.,11.467693296952163
CAL DE CASTILLA S A,94768.5,1,23,Cal de Castilla S.A.,7,0.7142857142857143,24,Cal de Castilla; S.A.,11.459192354545374
CAL INDUSTRIAL S L,156521.5,2,23,"Cal Industrial, S.L",7,0.14285714285714285,24,Cal Industrial; S.L,11.960948659718245
CALACHEM,19904.88888888889,1,20,CalaChem Limited,4,1.0,33,Calachem Ltd,9.898720653348448
CALCE BARATTONI,59009.0,1,23,CALCE BARATTONI SPA,5,0.0,24,Calce Barattoni SpA,10.985445253627333
CALCIS LIENEN,161100.8,3,23,Calcis Lienen GmbH & Co. KG,4,0.0,24,Calcis Lienen GMBH & Co. KG,11.98978553501245
CALCIS WARSTEIN,140321.4,1,23,Calcis Warstein GmbH & Co. KG,4,0.0,24,Calcis Warstein GmbH & Co. KG,11.85169078475122
CALERAS DE SAN CUCAO S A,48220.2,1,23,"Caleras de San Cucao, S.A.",11,0.9090909090909091,24,Caleras de San Cucao; S.A.,10.783533299383134
CALES DE LA PLANA S A,49653.7,1,23,"Cales de la Plana, S.A.",3,0.6666666666666666,24,"Cales de La Plana, S.A.",10.812828188348279
CALMIT HUNG RIA,100630.3,1,23,Calmit Hungária Kft.,7,0.7142857142857143,24,Calmit Hungária Kft.,11.51920868414126
CALMIT SPOL S R O,145556.7,2,23,"Calmit, spol. s r.o.",50,0.16,14,Calmit; spol. s r.o.,11.888320980405625
CANSON,5968.0,1,17,CANSON SAS,19,0.10526315789473684,44,Canson,8.694167141883597
CARBOTERMO,21956.0,3,35,CARBOTERMO SPA,20,0.35,71,Carbotermo SpA,9.99679572966978
CARDIFF AND VALE UNIVERSITY HEALTH BOARD,17376.0,1,86,Cardiff and Vale University Health Board,3,0.0,73,Cardiff And Vale University Health Board,9.762845222733661
CARDINAL HEALTH,6.0,1,51,CARDINAL HEALTH INC,448,0.020089285714285716,33,Cardinal Health,1.791759469228055
CARGILL POLAND SP Z O O,86485.8,1,10,Cargill Poland Sp. z o.o.,9,0.7777777777777778,15,CARGILL POLAND Sp. z o.o.,11.367735517594229
CARMEUSE,1099154.3777777778,6,23,Carmeuse,34,0.29411764705882354,24,CARMEUSE,13.910051694655987
CARMEUSE CZECH REPUBLIC S R O,109068.1,1,23,CARMEUSE CZECH REPUBLIC s.r.o.,3,0.3333333333333333,44,CARMEUSE CZECH REPUBLIC s.r.o.,11.599727736765557
CARMEUSE HUNG RIA,105864.2,1,23,Carmeuse Hungária Kft.,10,1.0,44,Carmeuse Hungária Kft.,11.569912419667453
CARNES Y VEGETALES S L,4251.0,1,10,CARNES Y VEGETALES S.L.,14,0.2857142857142857,15,"CARNES Y VEGETALES, S.L.",8.35490952835879
CARPENTER,1108.3333333333333,1,,Carpenter GmbH,15,0.0,39,carpenter,7.010612664421845
CASA OLEARIA ITALIANA,29149.033333333333,2,10,Casa Olearia Italiana spa,24,0.0,15,Casa Olearia Italiana SpA,10.280177029422028
CATERPILLAR ENERGY SOLUTIONS,3708.777777777778,1,28,Caterpillar Energy Solutions GmbH,17,0.23529411764705882,50,Caterpillar Energy Solutions GmbH,8.218457661372137
CATHAY PACIFIC AIRWAYS,14348.9,1,51,CATHAY PACIFIC AIRWAYS LIMITED,3,0.0,60,Cathay Pacific Airways Limited,9.571428563197353
CBRE GWS,1182.6666666666665,4,63,CBRE GWS LTD,17,0.0,50,CBRE GWS Limited,7.07552705476136
CE U B VES FIRMA SIA BINDERS,1790.2,1,,Ceļu būves firma SIA „BINDERS”,107,0.037383177570093455,45,"Ceļu būves firma SIA ""Binders""",7.490082624436838
CEMENTOS PORTLAND VALDERRIVAS S A,2631671.688888889,6,23,"Cementos Portland Valderrivas, S.A.",11,0.5454545454545454,44,Cementos Portland Valderrivas; S.A.,14.783129825382781
CEMENTOWNIA WARTA S A,1502313.5,1,23,CEMENTOWNIA WARTA S.A.,6,1.0,90,Cementownia WARTA S.A.,14.222516811231268
CEMEX ESPA A OPERACIONES S L U,2279842.4000000004,6,23,"Cemex España Operaciones, S.L.U.",18,0.4444444444444444,44,"Cemex España Operaciones, S. L. U.",14.639616875734514
CEMEX POLSKA SP Z O O,1342592.2999999998,2,23,Cemex Polska Sp. z o.o.,36,0.5833333333333334,44,Cemex Polska Sp. z o.o.,14.11011285532957
CENTRE HOSPITALIER DE MULHOUSE,6825.0,1,86,CENTRE HOSPITALIER DE MULHOUSE,11,0.36363636363636365,85,Centre hospitalier de Mulhouse,8.82834762005316
CENTRE HOSPITALIER DE VALENCIENNES,5988.833333333333,1,35,Centre hospitalier de Valenciennes,8,0.0,85,Centre hospitalier de Valenciennes,8.697651903079995
CENTRE HOSPITALIER VICTOR DUPOUY,2289.3333333333335,1,86,Centre Hospitalier Victor Dupouy,5,1.0,71,Centre Hospitalier Victor Dupouy,7.736015933349257
CENTURYLINK COMMUNICATIONS UK,141.0,1,,Centurylink Communications UK Limited,6,0.0,32,CenturyLink Communications UK Limited,4.948759890378168
CEZ SKAWINA S A,1334084.7,1,35,CEZ Skawina S.A.,6,0.8333333333333334,65,CEZ Skawina S.A.,14.103755996695469
CGP D D,3221.0,1,42,"CGP, D.D.",34,0.4117647058823529,45,CGP; d.d.,8.0774471493312
CHEMVIRON,46053.7,1,20,Chemviron,20,0.1,24,Chemviron,10.737563385904195
CHIMCOMPLEX BORZESTI,54911.5,1,20,Chimcomplex SA Borzesti,15,0.4,24,Chimcomplex SA Borzesti,10.913478077328323
CIEP OWNIA RYDU TOWY SP Z O O,25156.8,1,35,Ciepłownia Rydułtowy sp. z o.o.,8,0.875,93,Ciepłownia Rydułtowy Sp. z o.o.,10.132883516716012
CLARIANT PRODUKTE DEUTSCHLAND,67828.0,2,20,Clariant Produkte (Deutschland) GmbH,6,1.0,24,Clariant Produkte (Deutschland) GmbH,11.124730368027018
CLEA,10973.2,1,35,CLEA,3,0.3333333333333333,15,Clea Srl,9.30321121538079
CLEVELAND POTASH,25742.333333333332,1,8.,Cleveland Potash Limited,25,0.04,14,Cleveland Potash,10.155892127132297
CLIFFORD CHANCE LLP,849.1428571428571,1,35,CLIFFORD CHANCE LLP,44,0.045454545454545456,79,Clifford Chance LLP,6.744227437342282
CLOGRENNANE LIME,136371.2,2,23,Clogrennane Lime Limited,25,0.04,24,Clogrennane Lime Ltd,11.823135858402516
COCA COLA ENTERPRISE,210.5,1,51,"COCA COLA ENTERPRISE, INC.",3,0.0,15,Coca Cola Enterprise Ltd,5.349485653122436
COGENCO,13691.0,1,35,Cogenco Ltd,8,0.125,31,Cogenco Limited,9.524493961633755
COLAS BELGIUM,8027.388888888889,3,23,COLAS BELGIUM,18,0.1111111111111111,45,SA Colas Belgium,8.99061458455849
COLAS DANMARK A S,13086.9,5,23,COLAS DANMARK A/S,79,0.0,45,Colas Danmark A/S,9.47936700885566
COLAS FRANCE,8223.5,4,23,COLAS FRANCE,946,0.10782241014799154,45,colas France,9.014751188181323
COLAS NOORD,4579.555555555556,1,23,Colas Noord,12,0.0,45,Colas Noord nv,8.429357232127806
COLAS NORD PICARDIE,1198.0,1,23,COLAS NORD PICARDIE,259,0.019305019305019305,45,Colas Nord Picardie,7.088408778675395
COLAS RHONE ALPES AUVERGNE,2476.285714285714,1,23,COLAS RHONE ALPES AUVERGNE,81,0.14814814814814814,45,Colas Rhone Alpes Auvergne,7.814515020638977
COLT TECHNOLOGY SERVICES,436.2,1,,COLT TECHNOLOGY SERVICES SAS,144,0.16666666666666666,72,Colt Technology Services GmbH,6.078100853767529
COLT TECHNOLOGY SERVICES S A U,49.8,1,,"COLT TECHNOLOGY SERVICES, S.A.U.",58,0.4827586206896552,32,Colt Technology Services; S.A.U.,3.9080149840306073
COLUMBUS,11238.25,1,10,COLUMBUS SRL,4,0.0,60,ColumBus,9.327078417375942
COMERCIAL E INDUSTRIAL ARIES S A,137640.6,2,23,Comercial e Industrial Aries s.a.,3,0.0,14,Comercial e Industrial Aries; S.A.,11.832401219099824
COMET,6456.888888888889,1,22,Comet SpA,17,0.17647058823529413,34,Comet,8.772902884624745
COMPA A ESPA OLA DE PETR LEOS S A,3303731.7,4,19,"Compañía Española de Petróleos, S.A.",134,0.07462686567164178,91,Compañía Española de Petróleos; S.A.,15.01056320572525
COMPTOIR AGRICOLE,11749.666666666666,5,46,COMPTOIR AGRICOLE,22,0.45454545454545453,31,Comptoir Agricole,9.371580150375577
CONDAT,65145.7,1,17,CONDAT,47,0.3829787234042553,72,Condat SA,11.084381578839874
CONSERVE ITALIA SOC COOP AGRICOLA,78637.5111111111,7,10,Conserve Italia soc.coop.agricola,19,0.0,15,Conserve Italia Soc. Coop. Agricola,11.272604105173599
CONSTRUCCIONES Y AUXILIAR DE FERROCARRILES S A,14063.333333333334,1,24,"Construcciones y Auxiliar de Ferrocarriles, S.A.",137,0.5547445255474452,34,Construcciones y Auxiliar de Ferrocarriles; S.A.,9.551326216450274
CONTITECH TRANSPORTBANDSYSTEME,23551.5,1,22,ContiTech Transportbandsysteme GmbH,4,0.0,42,Contitech Transportbandsysteme GmbH,10.066944791683685
COOPERL ARC ATLANTIQUE,15293.555555555555,3,10,COOPERL ARC ATLANTIQUE,22,0.22727272727272727,15,Cooperl ARC Atlantique,9.63518681312932
CORNING,4523.5,1,23,CORNING SAS,13,0.3076923076923077,38,Corning GmbH,8.417041309465796
CORPORACI N ALIMENTARIA GUISSONA S A,71168.76666666666,3,10,Corporación Alimentaria Guissona S.A.,37,0.10810810810810811,15,Corporación Alimentaria Guissona; S.A.,11.17280933074407
CORPORACI N ALIMENTARIA PE ASANTA S A,74044.2,2,10,"Corporación Alimentaria Peñasanta, S.A.",18,0.0,15,Corporación Alimentaria Peñasanta; S.A.,11.212417491172573
COUNTY DURHAM DARLINGTON NHS FOUNDATION TRUST,5641.0,1,86,County Durham & Darlington NHS Foundation Trust,4,0.0,85,County Durham & Darlington NHS Foundation Trust,8.637816633739977
COVESTRO,92779.33333333334,2,20,Covestro,5,0.6,24,Covestro,11.437979192823283
CPL CONCORDIA SOC COOP,5909.2,2,35,CPL CONCORDIA SOC. COOP,184,0.11413043478260869,50,CPL Concordia Soc. Coop.,8.684265737447452
CYCASA CANTERAS Y CONSTRUCCIONES S A,3430.0,1,,"CYCASA canteras y construcciones, S.A.",29,0.034482758620689655,14,Cycasa; canteras y construcciones; S.A.,8.140315540159985
DAF TRUCKS N V,16671.2,1,29,DAF Trucks N.V.,6,0.3333333333333333,34,DAF Trucks N.V.,9.72143795875688
DAIMLER TRUCK,129066.38888888889,6,29,Daimler Truck AG,670,0.48955223880597015,34,Daimler Truck AG,11.768082193510276
DAIRY CREST,9612.666666666668,2,10,Dairy Crest Limited,35,0.08571428571428572,15,Dairy Crest,9.170836952198483
DALE FARM,20283.222222222223,1,10,Dale Farm Ltd,68,0.4264705882352941,15,Dale Farm Ltd,9.917549331781313
DALKIA,329035.43333333335,26,35,DALKIA,3906,0.1579621095750128,50,Dalkia,12.703920724049587
DALKIA POLSKA ENERGIA S A,311978.85555555555,10,35,Dalkia Polska Energia S.A.,10,1.0,93,DALKIA Polska Energia S.A.,12.650690693839815
DALMINE,422128.2444444444,2,24,Dalmine SpA,11,0.18181818181818182,44,Dalmine SpA,12.953064443638656
DANFOSS A S,11141.9,1,28,Danfoss A/S,3,0.0,85,Danfoss A/S,9.318468055491122
DANUCEM SLOVENSKO A S,1193538.7,2,23,Danucem Slovensko a.s.,14,0.42857142857142855,14,Danucem Slovensko a.s.,13.992433149874199
DASSAULT AVIATION,820.3333333333334,1,51,DASSAULT AVIATION,38,0.5526315789473685,35,Dassault Aviation,6.709710761722946
DAT A S,37860.8,1,51,DAT A/S,5,1.0,60,DAT A/S,10.541671555020788
DE CLEMENTE CONSERVE,9724.5,2,10,De Clemente Conserve SpA,4,0.0,15,De Clemente conserve SpA,9.18240375328316
DECKX ALGEMENE ONDERNEMINGEN,3799.666666666667,2,23,Deckx algemene ondernemingen,20,0.1,45,Deckx Algemene Ondernemingen nv,8.242668622568669
DELEBECQUE,390318.6,1,19,DELEBECQUE,4,0.75,45,Delebecque,12.874718607682713
DEUSA INTERNATIONAL,47421.9,1,35,Deusa International GmbH,16,0.75,24,Deusa International GmbH,10.766839426298791
DEUTSCHES ZENTRUM F R LUFT UND RAUMFAHRT E V,826.5,5,72,Deutsches Zentrum für Luft- und Raumfahrt e.V.,114,0.631578947368421,73,Deutsches Zentrum für Luft- und Raumfahrt e.V.,6.717199917261079
DEVONPORT ROYAL DOCKYARD,8220.777777777777,1,25,Devonport Royal Dockyard Limited,66,0.12121212121212122,34,Devonport Royal Dockyard Ltd,9.014420103741633
DIAMO ST TN PODNIK,29698.175,2,7.,"DIAMO, státní podnik",4,1.0,71,Diamo; státní podnik,10.298840875091349
DISTRICLIMA S A,20.0,1,35,"DISTRICLIMA, S.A.",9,1.0,93,Districlima; S.A.,2.995732273553991
DOMPLAN D D,3883.0,1,71,"DOMPLAN, D.D.",3,0.3333333333333333,70,Domplan; d.d.,8.264363329731667
DONCASTER AND BASSETLAW TEACHING HOSPITALS NHS FOUNDATION TRUST,7723.0,1,86,Doncaster and Bassetlaw Teaching Hospitals NHS Foundation Trust,7,0.5714285714285714,85,Doncaster and Bassetlaw Teaching Hospitals NHS Foundation Trust,8.951958168569265
DOW DEUTSCHLAND ANLAGENGESELLSCHAFT,952680.3333333334,4,20,Dow Deutschland Anlagengesellschaft mbH,3,0.6666666666666666,24,Dow Deutschland Anlagengesellschaft mbH,13.767034694397232
DRAX POWER,10171750.0,1,35,Drax Power Limited,7,0.0,65,Drax Power Limited,16.13512482795118
DREWAG STADTWERKE DRESDEN,788190.425,5,35,DREWAG - Stadtwerke Dresden GmbH,386,0.16839378238341968,93,DREWAG - Stadtwerke Dresden AG,13.577494995737256
DREWSEN SPEZIALPAPIERE,83273.7,2,17,Drewsen Spezialpapiere GmbH & Co. KG,12,0.5833333333333334,22,Drewsen Spezialpapiere GmbH & Co. KG,11.329888052012379
DST DOMINGOS DA SILVA TEIXEIRA,1426.888888888889,1,23,"dst-Domingos da Silva Teixeira, SA",12,0.0,45,DST – Domingos da Silva Teixeira; SA,7.2632517510177745
DUMOULIN,2192.0,1,28,DUMOULIN,18,0.2777777777777778,98,Dumoulin NV,7.692569648067906
DUSLO A S,962515.1,2,20,"Duslo, a.s.",8,1.0,24,Duslo; a.s.,13.777305033332704
DYCKERHOFF,3460666.966666667,7,23,Dyckerhoff GmbH,3,0.3333333333333333,44,Dyckerhoff AG,15.056971893389697
E MIROGLIO,13006.2,2,13,E.Miroglio AD,10,0.6,19,E. MIROGLIO AD,9.473181445828933
E ON CONNECTING ENERGIES,49657.0,2,35,E.ON Connecting Energies Limited,4,0.5,45,E.ON Connecting Energies Limited,10.812894646443958
E ON ENERGY SOLUTIONS,92039.90000000001,4,35,E.ON Energy Solutions GmbH,90,0.0,45,E.ON Energy Solutions,11.429977457664574
E ON UK,6463248.5,2,35,E.ON UK Plc,53,0.0,93,E.ON UK Plc,15.681642613142255
EAST LANCASHIRE HOSPITALS NHS TRUST,7597.0,1,86,East Lancashire Hospitals NHS Trust,16,0.125,98,East Lancashire Hospitals NHS Trust,8.935508711503221
EAST SUSSEX HEALTHCARE NHS TRUST,7226.0,1,86,East Sussex Healthcare NHS Trust,13,0.15384615384615385,98,East Sussex Healthcare NHS Trust,8.885440911707585
EASYJET AIRLINE,4501260.428571428,1,51,easyJet Airline Company Ltd,12,0.8333333333333334,79,EasyJet Airline Company Ltd,15.319868010759295
EATON CORPORATION,92.5,1,51,Eaton Corporation,3,0.0,50,Eaton Corporation,4.52720864451838
ECO KUTNO SP Z O O,40262.46666666667,2,35,ECO Kutno sp. z o.o.,6,1.0,93,ECO Kutno Sp. z o.o.,10.603174965738873
EDEL,18386.8,1,10,Edel,31,0.06451612903225806,90,Edel GmbH,9.819388294844453
EDISON,5433412.892857143,12,35,EDISON SPA,55,0.07272727272727272,45,Edison,15.508078019858818
EEW ENERGY FROM WASTE G PPINGEN,1323.0,1,35,EEW Energy from Waste Göppingen GmbH,6,0.0,90,EEW Energy from Waste Göppingen GmbH,7.187657164114956
EFECTIS FRANCE,434.25,1,71,EFECTIS FRANCE,27,0.14814814814814814,71,Efectis France,6.073620405121214
EGGER HOLZWERKSTOFFE BRILON,25704.0,1,16,Egger Holzwerkstoffe Brilon GmbH & Co. KG,11,0.0,90,Egger Holzwerkstoffe Brilon GmbH & CO.KG,10.154401900795694
EGIS GY GYSZERGY R,14358.855555555554,2,21,EGIS Gyógyszergyár Zrt.,143,0.1258741258741259,33,EGIS Gyógyszergyár Zrt.,9.572122142737934
EIDSIVA BIOENERGI,747.4583333333333,2,35,Eidsiva Bioenergi AS,15,0.06666666666666667,90,Eidsiva Bioenergi AS,6.616678562351145
EIFFAGE GC INFRA LINEAIRES,3065.5,2,42,EIFFAGE GC INFRA LINEAIRES,4,0.0,45,EIFFAGE GC INFRA LINEAIRES,8.027965967202743
EIFFAGE GENIE CIVIL,3462.0714285714284,2,42,EIFFAGE GENIE CIVIL,46,0.043478260869565216,45,Eiffage Genie Civil,8.149622367692993
EIFFAGE INFRAESTRUCTURAS S A,3306.0,2,23,"EIFFAGE INFRAESTRUCTURAS, S.A",75,0.0,45,Eiffage Infraestructuras; S.A.,8.10349427838097
EINS ENERGIE IN SACHSEN,1049032.9,3,35,eins energie in sachsen GmbH & Co. KG,239,0.11715481171548117,93,eins energie in sachsen GmbH & Co. KG,13.86337925008967
EKSJ ENERGI,18238.3,2,35,Eksjö Energi AB,8,0.25,90,Eksjö Energi AB,9.811279057530383
EL CORTE INGL S S A,6283.0,1,,"El Corte Inglés, S.A.",1115,0.18923766816143497,18,El Corte Inglés S.A.,8.745602852402946
ELECTRABEL,7866286.305555555,27,35,Electrabel,409,0.19559902200489,93,Electrabel SA,15.87809662917008
ELECTRICIDADE DOS A ORES S A,306085.9,4,35,"Electricidade dos Açores, S.A.",12,1.0,31,"Electricidade dos Açores, S. A.",12.631621060494574
ELEZNI N SPOLO NOS CARGO SLOVAKIA A S,1646.0,1,35,"Železničná spoločnosť Cargo Slovakia, a.s.",70,0.8714285714285714,50,Železničná spoločnosť Cargo Slovakia; a.s.,7.406103381237015
ELI LILLY AND,73.0,1,51,Eli Lilly and Company,26,0.038461538461538464,33,ELI Lilly and Co Limited,4.290459441148391
EMIRATES,34224.545454545456,1,51,EMIRATES,7,0.0,60,EMIRATES,10.440698368974093
ENBW ENERGIE BADEN W RTTEMBERG,8142346.525,9,35,EnBW Energie Baden-Württemberg AG,11,0.36363636363636365,93,EnBW Energie Baden-Württemberg AG,15.912588967321176
ENEA CIEP O SP Z O O,352565.9,2,35,Enea Ciepło Sp. z o. o.,10,1.0,93,Enea Ciepło Sp. z o.o.,12.77299283411603
ENEA ELEKTROWNIA PO ANIEC S A,6473055.5,1,35,Enea Elektrownia Połaniec S.A.,5,0.0,65,Enea Elektrownia Połaniec S.A.,15.683158811567825
ENEA WYTWARZANIE SP Z O O,14256270.100000001,3,35,ENEA WYTWARZANIE SP. Z O.O.,14,0.35714285714285715,65,ENEA Wytwarzanie Sp. z o.o.,16.472707374921775
ENEFIT GREEN,56754.7,2,35,Enefit Green AS,7,0.42857142857142855,90,Enefit Green AS,10.946493751297574
ENERCITY AKTIENGESELLSCHAFT,415381.15,3,35,enercity Aktiengesellschaft,4,0.0,71,enercity Aktiengesellschaft,12.936951811445574
ENERGA CIEP O KALISKIE SP Z O O,31646.2,1,35,Energa Ciepło Kaliskie Sp. z o.o.,5,1.0,93,Energa Ciepło Kaliskie Sp. z o.o.,10.362373357173007
ENERGA ELEKTROWNIE OSTRO KA S A,2377398.65,2,35,ENERGA Elektrownie Ostrołęka S.A.,13,0.5384615384615384,65,Energa Elektrownie Ostrołęka S.A.,14.681517443681273
ENERGETIKA CELJE D O O,2235.3,1,35,"ENERGETIKA CELJE, D.O.O.",4,0.0,91,Energetika Celje; d.o.o.,7.712130726227792
ENERGETIKA LJUBLJANA D O O,621265.4,2,35,"ENERGETIKA LJUBLJANA, d.o.o.",16,0.375,91,Energetika Ljubljana d.o.o.,13.339513644818135
ENERGETYKA CIEPLNA OPOLSZCZYZNY S A,316680.81746031746,12,35,ENERGETYKA CIEPLNA OPOLSZCZYZNY S.A.,25,0.76,93,Energetyka Cieplna Opolszczyzny S. A.,12.665649660626984
ENERGIE KLAGENFURT,325.7,1,35,Energie Klagenfurt GmbH,9,0.3333333333333333,93,Energie Klagenfurt GmbH,5.785976712282188
ENERGIE OBER STERREICH UMWELT SERVICE,21743.0,1,35,Energie AG Oberösterreich Umwelt Service GmbH,87,0.16091954022988506,90,Energie AG Oberösterreich Umwelt Service GmbH,9.987047145635058
ENERGIE SAARLORLUX,166334.1,2,35,Energie SaarLorLux AG,117,0.11965811965811966,93,Energie SaarLorLux AG,12.021753695273361
ENERGIE UND WASSER POTSDAM,235408.6,2,35,Energie und Wasser Potsdam GmbH,39,0.15384615384615385,93,Energie und Wasser Potsdam GmbH,12.369078006700878
ENERGIEVERSORGUNG GERA,120059.875,2,35,Energieversorgung Gera GmbH,16,0.5,93,Energieversorgung Gera GmbH,11.695745855659199
ENERGIEVERSORGUNG OBERHAUSEN,72933.4,3,35,Energieversorgung Oberhausen AG,21,0.8095238095238095,93,Energieversorgung Oberhausen AG,11.197301974938219
ENERGIEVERSORGUNG OFFENBACH,227678.3,3,35,Energieversorgung Offenbach AG,49,0.061224489795918366,93,Energieversorgung Offenbach AG,12.335688946675987
ENERGOBALTIC SP Z O O,8946.9,1,6.,ENERGOBALTIC Sp. z o.o.,4,1.0,93,Energobaltic Sp. z o.o.,9.099062382554319
ENERGY,113.6,1,63,SCA Energy AB,134,0.22388059701492538,91,Energy Group,4.732683506287051
ENERLIS,30079.7,1,35,ENERLIS,39,0.20512820512820512,45,Enerlis,10.311605804609787
ENERSOL,79204.66666666667,1,35,ENERSOL,5,0.6,45,Enersol,11.279790498625575
ENERTEC HAMELN,738.3,1,35,Enertec Hameln GmbH,9,0.1111111111111111,90,Enertec Hameln GmbH,6.60435024606512
ENES CREUTZWALD,7992.0,1,,ENES CREUTZWALD,4,1.0,93,ENES Creutzwald,8.98619632032839
ENGIE DEUTSCHLAND,74463.75,2,,Engie Deutschland GmbH,419,0.22673031026252982,45,Engie Deutschland GmbH,11.218067708769352
ENGIE ENERGIE NEDERLAND N V,5333419.0,5,35,ENGIE Energie Nederland N.V.,28,0.42857142857142855,93,ENGIE Energie Nederland N.V.,15.489503053906946
ENGIE ENERGIE SERVICES,258084.81666666665,20,35,ENGIE ENERGIE SERVICES,369,0.16802168021680217,50,Engie Energie Services,12.4610435566484
ENGIE SERVICES,84469.88888888889,4,86,Engie Services Limited,125,0.072,45,Engie Services Limited,11.344150405329282
ENGIE SERVIZI S P A,605703.8361111111,16,35,ENGIE Servizi S.p.A.,73,0.3972602739726027,50,Engie Servizi S.p.A.,13.31414642630066
ENI S P A,5485660.706349206,17,6.,ENI S.P.A.,29,0.27586206896551724,91,Eni S.p.A.,15.517648101383184
ENSO ENERGIE SACHSEN OST,29692.833333333332,1,35,ENSO Energie Sachsen Ost AG,15,0.6666666666666666,32,ENSO Energie Sachsen Ost AG,10.298660993764832
ENTEGA,19794.766666666666,5,35,ENTEGA AG,25,0.04,93,Entega,9.893172871982335
ENTER AIR SP KA Z OGRANICZON ODPOWIEDZIALNO CI,104756.75,1,51,Enter Air spółka z ograniczoną odpowiedzialnością,8,0.0,80,Enter Air Spółka z ograniczoną odpowiedzialnością,11.559396274849083
ENTERPRISE HOLDINGS,151.0,1,51,Enterprise Holdings Inc.,6,0.3333333333333333,34,Enterprise Holdings,5.017279836814924
ENVIRAL A S,70039.1,1,20,"ENVIRAL, a.s.",15,0.0,24,Enviral; a.s.,11.156808936517114
EQUINIX NETHERLANDS,53.5,1,,Equinix (Netherlands) BV,8,0.5,72,Equinix (Netherlands) BV,3.979681653901961
EQUINIX NETHERLANDS B V,473.9,5,63,Equinix (Netherlands) B.V.,4,0.5,72,Equinix (Netherlands) B.V.,6.1609963289735425
EQUINIX UK,1002.2190476190476,7,63,Equinix (UK) Limited,11,0.18181818181818182,72,Equinix (UK) Ltd,6.90997186815129
ERCROS S A,219073.48571428572,7,20,"Ercros, S.A.",34,0.23529411764705882,24,Ercros; S.A.,12.297162503720706
ESK AEROLINIE A S,156201.54545454544,1,51,České aerolinie a.s.,5,0.8,79,České aerolinie a. s.,11.958902410413971
ESK ZBROJOVKA A S,3230.4,1,25,Česká zbrojovka a.s.,42,0.9047619047619048,35,Česká zbrojovka a.s.,8.080361247558573
ESSAR OIL UK,2322920.3333333335,1,19,Essar Oil UK Ltd,8,0.0,91,Essar Oil (UK) Limited,14.658335716430647
ESSITY AUSTRIA,72638.9,1,17,Essity Austria GmbH,67,0.14925373134328357,33,Essity Austria GmbH,11.19325586998871
ESSITY FINLAND,5762.6,1,17,Oy Essity Finland Ab,139,0.4460431654676259,33,Oy Essity Finland Ab,8.659144040733509
ESSITY HYGIENE AND HEALTH,13141.9,2,17,Essity Hygiene and Health AB,17,0.5882352941176471,33,Essity Hygiene and Health AB,9.48356087823696
ESSITY ITALY S P A,21495.222222222223,1,17,ESSITY ITALY S.P.A.,72,0.2777777777777778,33,Essity Italy S.p.A.,9.975585967198516
ESSITY SPAIN S L,59165.828571428574,3,17,"Essity Spain, S.L.",109,0.07339449541284404,33,"Essity Spain, S. L.",10.988099434139233
ESSITY UK,133353.0,4,17,Essity UK Limited,28,0.03571428571428571,33,Essity UK Ltd,11.800755026544953
ESSO NORGE,309307.1,1,19,Esso Norge AS,27,0.0,91,Esso Norge AS,12.64208991346951
ESSO PETROLEUM,3220309.777777778,2,19,Esso Petroleum Company Limited,27,0.037037037037037035,91,Esso Petroleum Company Limited,14.984988117172069
ESV WIS OSAN SP Z O O,4232.5,1,35,ESV WISŁOSAN Sp. z o.o.,12,0.16666666666666666,93,ESV Wisłosan sp. z o.o,8.35054811400729
ESWE VERSORGUNGS,21315.5,3,35,ESWE Versorgungs AG,18,0.1111111111111111,65,ESWE Versorgungs AG,9.96718978658311
ETEL SAVON ENERGIA,3.0,1,35,Etelä-Savon Energia Oy,3,0.0,93,Etelä-Savon Energia Oy,1.0986122886681098
ETHANOL ENERGY A S,51959.4,1,11,Ethanol Energy a.s.,18,0.05555555555555555,24,Ethanol Energy a.s.,10.858217923373754
EURENCO,23049.214285714286,2,20,EURENCO,3,0.0,24,Eurenco,10.04538696045614
EUROFLY SERVICE,7836.333333333333,1,51,EUROFLY SERVICE SpA,8,0.875,50,Eurofly Service Srl,8.966526316869912
EUROKAMEN D O O,2018.0,1,,EUROKAMEN d.o.o.,4,0.0,45,Eurokamen d.o.o.,7.609862200913554
EUROVIA GRANDS PROJETS FRANCE,9607.069444444445,6,23,EUROVIA GRANDS PROJETS FRANCE,8,0.0,45,"EUROVIA GRANDS PROJETS FRANCE, SAS ",9.17025450690911
EUROVIA INFRASTRUCTURE,6183.125,1,8.,Eurovia Infrastructure Limited,193,0.010362694300518135,45,Eurovia Infrastructure Ltd,8.729579086077488
EUSTREAM A S,286827.5,5,49,"eustream, a.s.",3,1.0,65,eustream; a.s.,12.566636268745457
EVOLVE,5855.375,1,35,Evolve srl,99,0.1919191919191919,33,Evolve Ltd,8.675115321803217
EWE ENERGIE,5389.0,1,35,EWE ENERGIE AG,30,0.36666666666666664,93,EWE Energie AG,8.592115117933497
EXPUR,2054.2,2,10,EXPUR SA,3,0.0,71,Expur SA,7.627641756731704
EXTRACO CONSTRUCCI NS E PROXECTOS S A,1323.7777777777778,1,42,"Extraco Construccións e proxectos, S.A.",3,0.0,45,"Extraco, Construccións e Proxectos, S. A.",7.188244880852413
EZ A S,15155851.487301586,13,35,"ČEZ, a. s.",19,0.8947368421052632,41,ČEZ; a.s.,16.53389725213501
EZ ENERGETICK SLU BY S R O,10123.25,1,35,"ČEZ Energetické služby, s.r.o.",41,0.36585365853658536,50,ČEZ Energetické služby; s.r.o.,9.222590037530098
EZ TEPL RENSK A S,23672.625,2,35,"ČEZ Teplárenská, a.s.",12,0.9166666666666666,65,ČEZ Teplárenská; a.s.,10.072074596232351
F BRICA NACIONAL DE MONEDA Y TIMBRE,2973.1111111111113,1,17,Fábrica Nacional de Moneda y Timbre,9,0.8888888888888888,30,Fábrica Nacional de Moneda y Timbre,7.997364195697346
FA GEBR VAN DER LEE,7064.777777777777,1,23,Fa. Gebr. Van der Lee,65,0.0,45,Fa. Gebr. van der Lee,8.862876840664674
FAIRENERGIE,26005.6,1,35,FairEnergie GmbH,42,0.3333333333333333,91,FairEnergie GmbH,10.166067178427067
FAKULTN NEMOCNICE V MOTOLE,13509.4,1,86,Fakultní nemocnice v Motole,5,0.8,33,Fakultní nemocnice v Motole,9.51114101842102
FALCO,8168.2,1,16,FALCO Zrt.,25,0.32,90,FALCO,9.008003845342966
FANTONI,105566.5,1,16,FANTONI SpA,9,0.2222222222222222,39,Fantoni AG,11.567096365076194
FASSA,367771.0,4,23,FASSA SRL,4,0.5,24,Fassa Srl,12.81521574084419
FAXE KALK A S,44228.5,1,23,Faxe Kalk A/S,34,0.5,44,Faxe Kalk A/S,10.697124656654012
FCC CONSTRUCCI N S A,795.0,1,42,"FCC CONSTRUCCIÓN, S.A",137,0.0364963503649635,45,FCC Construcción; S.A.,6.678342114654332
FCS FLIGHT CALIBRATION SERVICES,312.0,1,51,FCS Flight Calibration Services GmbH,4,0.5,80,fcs Flight Calibration Services Gmbh,5.7430031878094825
FEDRIGONI S P A,273244.6111111111,7,17,FEDRIGONI S.p.A.,9,0.7777777777777778,22,Fedrigoni S.p.A.,12.51812268438452
FELS WERKE,1829763.4,11,23,Fels-Werke GmbH,38,0.13157894736842105,24,Fels-Werke GmbH,14.419697226841494
FERRARI,46363.6,1,35,Ferrari SpA,70,0.11428571428571428,45,Ferrari,10.744269947588105
FIDIA FARMACEUTICI S P A,11142.0,1,21,Fidia Farmaceutici S.p.A.,49,0.6530612244897959,33,Fidia Farmaceutici S.p.A.,9.31847703058076
FINNAIR,684369.0,1,51,Finnair Oyj,406,0.6748768472906403,60,Finnair Oyj,13.436252524825283
FIRTEC S A,1313.0,1,23,"FIRTEC, S.A.",9,0.0,50,Firtec; S.A.,7.180069874302796
FJERNVARME FYN AFFALDSENERGI A S,135383.77777777778,1,35,Fjernvarme Fyn Affaldsenergi A/S,21,0.5714285714285714,90,Fjernvarme Fyn Affaldsenergi A/S,11.815868822664973
FJERNVARME HORSENS A S,55636.2,1,35,FJERNVARME HORSENS A/S,6,0.3333333333333333,90,Fjernvarme Horsens A/S,10.926589347515296
FLUGHAFEN K LN BONN,5882.9,1,35,Flughafen Köln/Bonn GmbH,3,1.0,71,Flughafen Köln/Bonn GmbH,8.67980511658978
FLUGHAFEN M NCHEN,71411.1,1,52,Flughafen München GmbH,6,0.3333333333333333,45,Flughafen München GmbH,11.176208598429557
FLYBE,437733.2,1,51,Flybe Limited,5,0.8,60,Flybe,12.989364871341968
FORD ESPA A S L,51013.5,1,29,"FORD ESPAÑA, S.L.",33,0.0,34,Ford España; S.L.,10.839845582560395
FORD MOTOR,36714.069444444445,3,29,Ford Motor Company Limited,375,0.0,34,Ford Motor Company,10.510915324186449
FORD WERKE,96613.41666666667,3,29,Ford-Werke GmbH,295,0.13220338983050847,34,Ford-Werke GmbH,11.478472899445329
FORSCHUNGSZENTRUM J LICH,434.3,1,35,Forschungszentrum Jülich GmbH,52,0.6346153846153846,73,Forschungszentrum Jülich GmbH,6.073735539540777
FORTUM POWER AND HEAT,1593942.2666666666,16,35,Fortum Power and Heat Oy,21,0.42857142857142855,71,Fortum Power and Heat Oy,14.281720918521202
FORTUM POWER AND HEAT POLSKA SP Z O O,326106.30000000005,3,35,FORTUM POWER AND HEAT POLSKA SP. Z O.O.,48,0.8125,93,Fortum Power and Heat Polska Sp. z o.o.,12.694978680818028
FOURSTONES PAPER MILL,5725.0,1,35,Fourstones Paper Mill Company Limited,3,0.0,33,Fourstones Paper Mill,8.65259782842244
FRAMATOME,11332.777777777777,1,25,FRAMATOME,47,0.44680851063829785,50,Framatome GmbH,9.335454494120846
FRANZESE,6801.5,1,10,Franzese spa,10,0.0,15,Franzese SpA,8.824898455073484
FRESENIUS KABI,5351.2,1,21,Fresenius Kabi AB,3148,0.22490470139771285,33,Fresenius Kabi Ab,8.585076113804199
FRESENIUS MEDICAL CARE DEUTSCHLAND,83973.1,1,32,Fresenius Medical Care Deutschland GmbH,3,0.0,33,Fresenius Medical Care Deutschland GmbH,11.338251788443044
FREVAR KF,40198.4,1,38,FREVAR KF,5,0.0,90,Frevar KF,10.601582472820008
FRIEDRICH ALEXANDER UNIVERSIT T ERLANGEN N RNBERG,6308.833333333333,1,85,Friedrich-Alexander-Universität Erlangen-Nürnberg,6,0.3333333333333333,73,Friedrich-Alexander-Universität Erlangen-Nürnberg,8.749706046734394
FRISIA ZOUT B V,7368.1,1,8.,Frisia Zout B.V.,3,0.0,34,Frisia Zout B.V.,8.904915150047167
FRUTTAGEL SCPA,12890.875,1,10,FRUTTAGEL SCPA,3,0.6666666666666666,15,Fruttagel SCPA,9.46427497570848
FUJITSU SERVICES,400.79999999999995,2,,Fujitsu Services Limited,394,0.13451776649746192,72,Fujitsu Services Oy,5.993462549770655
GASNOR,5587.3,1,6.,Gasnor AS,5,0.0,91,Gasnor AS,8.628251444097753
GATWICK AIRPORT,9350.444444444445,1,52,Gatwick Airport Limited,6,0.0,32,Gatwick AIrport Limited,9.143179155318201
GAVRILOVI D O O,5419.777777777777,1,10,Gavrilović d.o.o.,29,0.2413793103448276,15,Gavrilović d.o.o.,8.597810093183147
GDA SKIE PRZEDSI BIORSTWO ENERGETYKI CIEPLNEJ SP Z O O,32298.166666666664,2,35,Gdańskie Przedsiębiorstwo Energetyki Cieplnej sp. z o.o,110,0.8454545454545455,93,Gdańskie Przedsiębiorstwo Energetyki Cieplnej Sp. z o.o.,10.38276574805394
GE HEALTHCARE,15094.8,1,21,GE Healthcare AS,3293,0.2648041299726693,33,GE Healthcare Srl,9.622105592632828
GELSIA,20181.9,1,35,Gelsia Srl,3,0.0,65,Gelsia SRL,9.912541442101883
GEMEINDEWERKE OBERHACHING,602.0,1,,Gemeindewerke Oberhaching GmbH,321,0.19626168224299065,93,Gemeindewerke Oberhaching,6.400257445308821
GEMMO,56940.416666666664,5,86,Gemmo Spa,34,0.029411764705882353,45,Gemmo SpA,10.94976067844956
GENERAL ELECTRIC,170.2,1,51,General Electric Company,75,0.04,33,General Electric Company,5.136974216139274
GEORGIA PACIFIC,4392.0,1,17,GEORGIA PACIFIC ΕΛΛΑΣ ΑΕΒΕ,12,0.0,33,Georgia Pacific,8.387539983189367
GEOVAL,1543.5,1,35,GEOVAL,14,0.0,71,Geoval,7.341807843942214
GIAGUARO S P A,10108.9,1,10,GIAGUARO S.P.A.,6,0.0,15,Giaguaro S.p.A.,9.22117150292984
GIRK KALUN D D,34155.0,1,23,GIRK Kalun d.d.,11,0.6363636363636364,24,GIRK KALUN d.d.,10.438664267165949
GKN AEROSPACE SWEDEN,482.5,1,30,GKN Aerospace Sweden AB,31,0.8387096774193549,35,GKN Aerospace Sweden Ab,6.178980920779041
GLAXOSMITHKLINE,54217.055555555555,4,72,GlaxoSmithKline Plc,2796,0.32045779685264664,33,GlaxoSmithKline Oy,10.900750816073735
GLOCK,1696.6666666666667,1,51,Glock GmbH,19,0.2631578947368421,45,Glock GmbH,7.436420820876458
GOLDMAN SACHS INTERNATIONAL,60.77777777777778,1,63,Goldman Sachs International,10,0.0,66,Goldman Sachs International,4.107224225085762
GOODYEAR,107.0,1,51,Goodyear,3,0.0,34,Goodyear,4.672828834461906
GOODYEAR DUNLOP TIRES FRANCE,8110.4,1,22,GOODYEAR DUNLOP TIRES FRANCE,3,0.0,25,GOODYEAR DUNLOP TIRES FRANCE,9.000902467718085
GOOGLE IRELAND,136.2,1,63,Google Ireland Limited,204,0.9362745098039216,79,Google Ireland,4.9141243937154115
GR NENTHAL,6471.0,1,35,Grünenthal GmbH,84,0.47619047619047616,33,Grünenthal,8.775085935057266
GRADSKA TOPLANA D O O,14577.777777777777,1,35,Gradska toplana d.o.o.,44,1.0,93,Gradska toplana d.o.o.,9.587253578155906
GRANAROLO,20562.625,2,10,Granarolo SpA,6,0.3333333333333333,15,Granarolo,9.931230386516607
GRAVAUBEL,4285.555555555556,1,42,GRAVAUBEL,8,0.25,44,SA Gravaubel,8.363005473866053
GREENE KING BREWING AND RETAILING,4302.0,1,11,Greene King Brewing and Retailing Ltd,3,0.0,15,Greene King Brewing and Retailing Ltd,8.366835309827675
GREENS,3227.3,1,1.,Greens LTD,7,0.14285714285714285,79,Greens Limited,8.079401153333656
GRIFOLS S A,21948.0,1,35,"Grifols, S.A.",6,0.0,33,Grifols; S.A.,9.996431298178866
GRTGAZ,272094.36666666664,13,49,GRTGAZ,12,0.0,73,GRTGAZ,12.513904221384172
GRUPA AZOTY ZAK ADY AZOTOWE K DZIERZYN SP KA AKCYJNA,1227188.3555555556,2,20,Grupa Azoty Zakłady Azotowe Kędzierzyn Spółka Akcyjna,7,0.7142857142857143,24,Grupa Azoty Zakłady Azotowe Kędzierzyn Spółka Akcyjna,14.020236220921978
GRUPA AZOTY ZAK ADY AZOTOWE PU AWY S A,3591606.477777778,2,20,Grupa Azoty Zakłady Azotowe Puławy S.A.,49,0.8775510204081632,24,Grupa Azoty Zakłady Azotowe „Puławy” S.A.,15.09411014721826
GRUPA AZOTY ZAK ADY CHEMICZNE POLICE S A,1618252.3111111112,5,20,Grupa Azoty Zakłady Chemiczne POLICE S.A.,26,0.7307692307692307,24,Grupa Azoty Zakłady Chemiczne Police S.A.,14.296857304561293
GRUPA LOTOS S A,301823.0,1,35,GRUPA LOTOS S.A.,33,0.5454545454545454,91,Grupa Lotos S.A.,12.617596031822302
GUERRATO,7859.0,1,35,GUERRATO SPA,12,0.08333333333333333,45,Guerrato SpA,8.969414650866176
GULFSTREAM AEROSPACE CORPORATION,415.8333333333333,1,51,Gulfstream Aerospace Corporation,10,0.5,50,Gulfstream Aerospace Corporation,6.030284538957564
GUSTAVE MULLER,6060.333333333333,3,46,GUSTAVE MULLER SAS,22,0.18181818181818182,31,Gustave Muller,8.709520083051164
H RJE NS ENERGI,7620.099999999999,4,63,Härjeåns Energi AB,7,0.0,91,Härjeåns Energi AB,8.938544771954161
H SSLEHOLM MILJ,18949.0,3,35,Hässleholm Miljö AB,9,0.0,90,Hässleholm Miljö AB,9.849506438669614
H YRYTYS,53.0,1,,Höyrytys Oy,6,0.3333333333333333,42,Höyrytys Oy,3.970291913552122
HALBERSTADTWERKE,9653.0,1,35,Halberstadtwerke GmbH,4,0.5,91,Halberstadtwerke GmbH,9.175024026848615
HALLIBURTON,39.0,1,51,HALLIBURTON,7,0.14285714285714285,29,Halliburton,3.6635616461296463
HAM S R O,5053.5,1,10,Hamé s.r.o.,12,1.0,63,Hamé s.r.o.,8.527836351514717
HAMBURGER ENERGIEWERKE,2511851.3,8,35,Hamburger Energiewerke GmbH,20,0.9,93,Hamburger Energiewerke GmbH,14.73653060895821
HAMBURGER HUNG RIA,374078.0416666666,2,17,Hamburger Hungária Kft.,38,0.8421052631578947,90,Hamburger Hungária Kft.,12.832219722186554
HAMMEL FJERNVARME A M B A,13670.222222222223,1,38,Hammel Fjernvarme A M B A,3,0.3333333333333333,90,Hammel Fjernvarme a.m.b.a.,9.52297518578354
HANKKIJA,9423.875,1,10,Hankkija Oy,24,0.0,24,Hankkija Oy,9.15100164179661
HANSEWERK NATUR,42483.925,7,35,HanseWerk Natur GmbH,9,0.4444444444444444,93,Hansewerk Natur GmbH,10.65688104806938
HANSON QUARRY PRODUCTS EUROPE,20216.011904761905,6,8.,Hanson Quarry Products Europe Limited,44,0.022727272727272728,14,Hanson Quarry Products Europe Ltd,9.914230237946068
HEATHROW AIRPORT,27269.555555555555,1,52,Heathrow Airport Limited,16,0.0,63,Heathrow Airport Limited,10.213526177780732
HEIDELBERG MATERIALS,4711218.6,9,23,Heidelberg Materials AG,4,0.0,45,Heidelberg Materials,15.365457158643421
HEIDELBERGER DRUCKMASCHINEN,3466.0,1,28,Heidelberger Druckmaschinen AG,3,0.3333333333333333,42,Heidelberger Druckmaschinen,8.150756470275551
HEIJMANS WEGEN B V,1523.6666666666667,1,23,Heijmans Wegen B.V.,12,0.0,45,Heijmans Wegen B.V.,7.3288749896636345
HEINEKEN ESPA A S A,31921.4,4,11,"Heineken España, S.A.",4,0.0,15,Heineken España; S.A.,10.371031910251062
HEINEKEN UK,45220.77777777778,4,11,Heineken UK Limited,12,0.08333333333333333,15,Heineken UK Ltd,10.719311945546446
HEINZ ITALIA S P A,12278.0,1,10,HEINZ ITALIA S.p.A.,10,0.4,15,Heinz Italia S.p.A.,9.415564321987441
HELEN,3123708.166666667,15,35,Helen Oy,115,0.09565217391304348,93,Helen Oy,14.954531369018149
HELLA KGAA,22258.5,2,35,HELLA GmbH & Co. KGaA,3,0.0,34,Hella KGaA,10.010479237114291
HEP TOPLINARSTVO D O O,566.8333333333334,1,35,HEP-Toplinarstvo d.o.o.,108,1.0,93,HEP-Toplinarstvo d.o.o.,6.340065315779141
HERA,182883.78888888887,11,35,HERA SPA,28,0.14285714285714285,90,HERA SpA,12.116606196710398
HERBA RICEMILLS S L U,6049.0,1,10,"Herba Ricemills, S.L.U.",3,0.0,15,HERBA RICEMILLS S.L.U.,8.707648248106914
HERRFORS,990.575,4,35,Oy Herrfors Ab,20,0.0,93,Oy Herrfors Ab,6.898285582605712
HEWLETT PACKARD ENTERPRISE,105.0,1,51,Hewlett Packard Enterprise,50,0.42,30,Hewlett Packard Enterprise,4.653960350157523
HIGHER KINGS MILL,9046.222222222223,1,17,Higher Kings Mill Limited,17,0.11764705882352941,37,Higher Kings Mill Limited,9.110102515535548
HILCONA,236.33333333333334,1,10,Hilcona AG,9,0.0,15,Hilcona AG,5.4652432378640174
HILLHOUSE QUARRY,6489.5,1,8.,Hillhouse Quarry Group Limited,23,0.08695652173913043,44,HILLHOUSE QUARRY GROUP LTD,8.777940765127815
HITACHI ENERGY SWEDEN,8409.9,2,17,Hitachi Energy Sweden AB,8,1.0,51,Hitachi Energy Sweden AB,9.03716486228988
HOLCIM,956845.0,1,23,Holcim,5,0.0,14,HOLCIM,13.771396692845121
HOLCIM HRVATSKA D O O,304485.6666666667,1,23,Holcim (Hrvatska) d.o.o.,4,1.0,14,Holcim (Hrvatska) d.o.o.,12.626379293321937
HORIZON AVIATION,34.0,1,51,Horizon Aviation Ltd,4,0.5,80,Horizon Aviation,3.5263605246161616
HOSPICES CIVILS DE LYON,2444.6666666666665,1,86,HOSPICES CIVILS DE LYON,38,0.0,85,Hospices Civils de Lyon,7.801664059963161
HOSPITAL UNIVERSITARIO LA PAZ,10222.0,1,86,Hospital Universitario La Paz,98,0.0,na,"Hospital Universitario ""La Paz""",9.232297539328226
HULL UNIVERSITY TEACHING HOSPITALS NHS TRUST,12235.75,2,86,Hull University Teaching Hospitals NHS Trust,5,0.0,85,Hull University Teaching Hospitals NHS Trust,9.412117273548501
HUTA BANKOWA SP Z O O,21770.444444444445,1,24,Huta Bankowa Sp. z o.o.,5,0.6,14,Huta Bankowa Sp. z o.o.,9.9883085694747
HUTCHINSON,12259.7,2,22,SNC HUTCHINSON,52,0.09615384615384616,35,hutchinson,9.414072739370257
IBM BELGIUM,189.4,2,,IBM Belgium,18,0.5,72,IBM Belgium SA,5.243861180751978
ICELANDAIR EHF,330287.8333333333,1,51,Icelandair ehf.,32,0.125,60,Icelandair ehf.,12.707719775500125
IDEX ENERGIES,56489.1,4,35,IDEX ENERGIES,1360,0.09485294117647058,50,Idex Energies,10.941802978169024
IMPERIAL COLLEGE HEALTHCARE NHS TRUST,19845.0,2,86,Imperial College Healthcare NHS Trust,16,0.25,85,Imperial College Healthcare NHS Trust,9.895707365217167
INA D D,1271659.2222222222,4,19,INA d.d.,14,0.6428571428571429,91,INA d.d.,14.055833079930697
INA MAZIVA D O O,2009.0,1,19,INA MAZIVA d.o.o.,72,0.4722222222222222,92,Ina maziva d.o.o.,7.605392364814935
INALCA S P A,19227.0,1,10,INALCA S.p.A.,10,1.0,15,Inalca S.p.A.,9.864070820172337
INBEV BELGIUM,48400.0,2,11,InBev Belgium,56,0.07142857142857142,15,Inbev SA Belgium,10.787255092704724
INDUSTRIAL CHEMICALS,11203.5,1,20,Industrial Chemicals Ltd,39,0.0,24,Industrial Chemicals Ltd,9.32398150846523
INDUSTRIAS L CTEAS ASTURIANAS S A,132506.2,1,35,"Industrias Lácteas Asturianas, S.A.",22,0.22727272727272727,15,Industrias Lácteas Asturianas; S.A.,11.794384715766512
INEX,9469.0,1,10,INEX,20,0.0,45,INEX ΙΑΤΡΙΚΑ Α.Ε,9.1557785839835
INFRA F RTH,4830.6,1,35,infra fürth gmbh,11,0.6363636363636364,65,infra Fürth GmbH,8.48272596253399
INFRASERV H CHST,925617.7,1,35,Infraserv GmbH & Co. Höchst KG,10,0.4,90,Infraserv GmbH & Co. Höchst KG,13.738216577409968
INNOGY,924.0,1,35,innogy SE,59,0.3050847457627119,32,innogy SE,6.828712071641684
INNOGY ENERGO S R O,64541.55714285714,2,35,"innogy Energo, s.r.o.",11,0.5454545454545454,93,"Innogy Energo, s.r.o.",11.075064592102281
INNOSPEC,13305.555555555555,1,20,Innospec Limited,3,0.0,24,Innospec limited,9.495936937936943
INSTITUCI N FERIAL DE MADRID,2129.5,1,,INSTITUCIÓN FERIAL DE MADRID,22,1.0,79,Institución Ferial de Madrid,7.663642489363268
INSTITUTE,145.33333333333334,1,51,SAS Institute,169,0.7159763313609467,72,SAS Institute srl,4.979029954680925
IREN AMBIENTE S P A,8406.222222222223,1,35,Iren Ambiente S.p.A.,54,0.8148148148148148,90,Iren Ambiente S.p.A.,9.036727451359129
IREN ENERGIA S P A,3017647.677777778,16,35,Iren Energia S.p.A.,4,0.5,72,IREN Energia S.p.A.,14.919988171196305
ISCAL SUGAR,46715.7,1,10,ISCAL Sugar,4,1.0,15,ISCAL Sugar NV,10.75183557559515
ISKRA D D,1567.0,1,27,"Iskra, d.d.",15,0.6666666666666666,50,Iskra; d.d.,7.356918242356021
ISTITUTO POLIGRAFICO E ZECCA DELLO STATO S P A,7775.0,1,17,ISTITUTO POLIGRAFICO E ZECCA DELLO STATO S.P.A.,9,0.1111111111111111,18,Istituto Poligrafico e Zecca dello Stato S.p.A.,8.958668737047434
ISTRABENZ PLINI D O O,3297.0,1,68,Istrabenz plini d.o.o.,16,0.375,24,Istrabenz plini d.o.o.,8.10076824307173
IVECO CZECH REPUBLIC A S,14618.0,1,29,"Iveco Czech Republic, a. s.",97,0.5154639175257731,34,Iveco Czech Republic; a. s.,9.590008925040337
IVECO ESPA A S L,7145.4,2,29,"IVECO ESPAÑA, S.L.",223,0.4170403587443946,34,Iveco España; S.L.,8.874224072002004
J MTKRAFT,19587.092063492062,11,35,Jämtkraft AB,4,0.25,93,Jämtkraft AB,9.882626060078142
J NK PING ENERGI,69123.08730158731,16,35,Jönköping Energi AB,3,0.0,90,Jönköping Energi AB,11.143644068302025
JACOBS DOUWE EGBERTS DE,44298.5,2,35,JACOBS DOUWE EGBERTS DE GmbH,35,0.34285714285714286,15,JACOBS DOUWE EGBERTS DE GmbH,10.698706095414815
JAGUAR LAND ROVER,129967.22222222222,4,29,Jaguar Land Rover Limited,377,0.005305039787798408,34,Jaguar Land Rover Limited,11.775037560893768
JANSSEN PHARMACEUTICA,35698.1,2,21,Janssen Pharmaceutica,4,0.75,33,Janssen Pharmaceutica NV,10.482852745062912
JARO S A,10355.444444444445,1,23,JARO S.A.,4,1.0,14,Jaro S.A.,9.245267693666166
JAVNO PODJETJE ENERGETIKA MARIBOR D O O,13004.4,1,35,JAVNO PODJETJE ENERGETIKA MARIBOR D.O.O.,23,0.8695652173913043,91,Javno podjetje Energetika Maribor d.o.o.,9.47304304071695
JCDECAUX,1076.9,1,51,JCDECAUX SA,32,0.28125,34,JCDecaux,6.981841822334835
JET2 COM,697561.9090909091,1,51,Jet2.COM Limited,10,0.6,63,Jet2.Com Limited,13.455346547292125
JIHLAVSK KOTELNY S R O,3943.0,1,35,"JIHLAVSKÉ KOTELNY,s.r.o.",4,1.0,65,"Jihlavské kotelny, s.r.o.",8.279697133877628
JINDAL SAW ITALIA,2303.0,1,24,JINDAL SAW ITALIA SPA,15,0.0,44,Jindal Saw Italia SpA,7.741967899820685
JOHNSON CONTROLS,923.8,1,51,"Johnson Controls, Inc.",76,0.19736842105263158,45,Johnson Controls,6.828495597996505
JSW STEEL ITALY PIOMBINO S P A,241565.6,1,24,JSW STEEL ITALY PIOMBINO S.p.A.,26,0.3076923076923077,34,"JSW Steel Italy Piombino, S. P. A.",12.394896350799257
KABELWERK EUPEN,7317.5,1,27,Kabelwerk Eupen AG,140,0.36428571428571427,31,Kabelwerk Eupen,8.89802401856604
KALKWERKE H OETELSHOFEN,249155.4,1,23,Kalkwerke H. Oetelshofen GmbH & Co. KG,9,0.6666666666666666,24,Kalkwerke H. Oetelshofen GmbH & Co. KG,12.425832077165227
KAPOSV RI NKORM NYZATI VAGYONKEZEL S SZOLG LTAT,13680.8,1,35,Kaposvári Önkormányzati Vagyonkezelõ és Szolgáltató ZRt.,3,1.0,93,Kaposvári Önkormányzati Vagyonkezelő és Szolgáltató Zrt.,9.523748668998843
KARLSKOGA KRAFTV RMEVERK,38548.76666666667,3,35,Karlskoga Kraftvärmeverk AB,10,0.1,90,Karlskoga Kraftvärmeverk,10.559679385397109
KARLSRUHER INSTITUT F R TECHNOLOGIE KIT,16833.9,1,35,Karlsruher Institut für Technologie (KIT),23,0.6521739130434783,73,Karlsruher Institut für Technologie (KIT),9.73114998939508
KARLSTADS ENERGI,21363.168253968255,9,35,Karlstads Energi AB,7,0.0,90,Karlstads Energi AB,9.969423608571486
KAUNO ENERGIJA,19294.666666666668,6,35,AB Kauno energija,66,1.0,93,"AB ""Kauno Energija""",9.867583998189774
KELAG ENERGIE W RME,34914.3,6,35,Kelag Energie & Wärme GmbH,10,0.0,91,Kelag Energie & Wärme GmbH,10.460651766389484
KEMIRA CHEMICALS UK,17183.6,1,,Kemira Chemicals (UK) Ltd,3,0.0,24,Kemira Chemicals (UK) Ltd,9.751710719570255
KEMIRA KEMI,39730.8,1,20,Kemira Kemi AB,47,0.10638297872340426,24,Kemira Kemi AB,10.589881984523362
KERAVAN ENERGIA,19101.7,8,35,Keravan Energia Oy,51,0.0,93,Keravan Energia Oy,9.857532615309593
KIMBERLY CLARK,119301.57777777777,4,17,Kimberly Clark Limited,243,0.012345679012345678,33,Kimberly Clark Snc,11.68940983329426
KINGSTON HOSPITAL NHS FOUNDATION TRUST,7380.222222222223,1,86,Kingston Hospital NHS Foundation Trust,6,0.0,85,Kingston Hospital NHS Foundation Trust,8.906559028553405
KINNARPS,1119.5,1,51,Kinnarps AB,645,0.024806201550387597,39,Kinnarps AS,7.020637436038809
KME GERMANY,18091.222222222223,1,24,KME Germany GmbH,18,0.1111111111111111,14,KME Germany AG,9.803182139524516
KODA AUTO A S,18515.3,1,29,ŠKODA AUTO a.s.,1112,0.572841726618705,34,ŠKODA AUTO; a. s.,9.826352696295029
KODA JS A S,2773.0,1,25,ŠKODA JS a.s.,149,0.7516778523489933,50,ŠKODA JS a.s.,7.927685045615778
KODAK ALARIS,23334.0,1,20,Kodak Alaris Limited,17,0.17647058823529413,72,Kodak alaris,10.057666803383801
KOELNMESSE,2720.5,1,82,Koelnmesse GmbH,8,0.5,79,Koelnmesse Srl,7.90857096592598
KOGEN,24848.3,1,35,Kogen AS,3,0.0,24,KoGEN,10.120544618721896
KOHLER,100.75,1,51,KOHLER CO,48,0.20833333333333334,45,Kohler GmbH & Co. KG,4.612642200826793
KOKKOLAN ENERGIA,186165.8111111111,5,35,Kokkolan Energia Oy,11,0.0,93,Kokkolan Energia,12.134393013169632
KOMTERM ECHY S R O,3379.5,1,35,"KOMTERM Čechy, s.r.o.",44,0.7954545454545454,79,KOMTERM Čechy; s.r.o.,8.125483048540408
KOMUNALNE PRZEDSI BIORSTWO ENERGETYKI CIEPLNEJ SP Z O O,10679.666666666666,1,35,Komunalne Przedsiębiorstwo Energetyki Cieplnej Sp. z o.o.,9,0.6666666666666666,93,Komunalne Przedsiębiorstwo Energetyki Cieplnej Sp. z o.o.,9.276096901040846
KOTO D O O,4864.222222222223,1,10,KOTO d.o.o.,11,0.36363636363636365,90,KOTO d.o.o.,8.48966210973688
KOZIENICKA GOSPODARKA KOMUNALNA SP Z O O,25098.5,1,35,Kozienicka Gospodarka Komunalna Sp. z o.o.,27,0.8518518518518519,90,Kozienicka Gospodarka Komunalna sp. z o.o.,10.130563362377943
KRKA D D NOVO MESTO,26720.7,1,21,"KRKA, d. d., Novo mesto",48,0.14583333333333334,33,KRKA; d.d.; Novo mesto,10.193193824912221
KRONOS TITAN,348341.6666666666,3,20,Kronos Titan AS,12,0.9166666666666666,24,Kronos Titan AS,12.760939077871754
KRONOSPAN,140525.6,5,16,KRONOSPAN SAS,4,0.5,90,Kronospan,11.85314495756406
KSS ENERGIA,8986.6,1,35,KSS Energia Oy,90,0.022222222222222223,93,KSS Energia,9.103489857932992
KU LEUVEN,17380.5,2,86,KU Leuven,9,0.1111111111111111,73,KU Leuven,9.763104167105226
KUOPION ENERGIA,263072.8,9,35,Kuopion Energia Oy,8,0.0,93,Kuopion Energia Oy,12.480186078939816
KWS INFRA B V,10758.085317460318,4,23,KWS Infra B.V.,87,0.04597701149425287,45,KWS Infra b.v.,9.283412873407832
L SKI UNIWERSYTET MEDYCZNY W KATOWICACH,5602.5,1,35,Śląski Uniwersytet Medyczny w Katowicach,149,0.6040268456375839,80,Śląski Uniwersytet Medyczny w Katowicach,8.630968205675082
LA DORIA S P A,36889.6,3,10,La Doria S.p.A.,12,0.0,15,LA DORIA S.p.A.,10.515684947485038
LACPATRICK DAIRIES NI,18378.333333333332,1,10,LacPatrick Dairies (NI) Ltd,9,0.0,15,Lacpatrick Dairies NI Limited,9.818927713524669
LACTOGAL PRODUTOS ALIMENTARES S A,28223.055555555555,2,10,"Lactogal - Produtos Alimentares, S.A.",146,0.0547945205479452,15,Lactogal - Produtos alimentares; S.A.,10.24789449578758
LAHTI ENERGIA,364243.5666666667,29,35,Lahti Energia Oy,5,0.0,93,Lahti Energia Oy,12.805578062039205
LALLEMAND,13428.0,1,72,LALLEMAND,4,0.25,15,LALLEMAND,9.505097358099926
LAMINAZIONE ACCIAI SPECIALI S P A,4618.714285714285,1,24,Laminazione Acciai Speciali S.p.A,4,0.0,34,Laminazione Acciai Speciali S.p.A.,8.437871652209628
LANTM NNEN AGRO,4254.7,1,35,Lantmännen Agro Oy,4,0.0,24,Lantmännen Agro Oy,8.355779533233964
LAVERGNE,50831.4,2,17,LAVERGNE,10,0.2,45,Lavergne,10.836269552851343
LB CEMIX S R O,127466.1,1,23,"LB Cemix, s.r.o.",16,0.25,44,"LB Cemix, s.r.o.",11.755605725874698
LEDVANCE,23552.85714285714,2,23,LEDVANCE GmbH,4,0.25,31,Ledvance,10.06700241449991
LEK D D,12538.0,1,21,LEK d.d.,89,0.5168539325842697,33,LEK; d.d.,9.436519311833914
LENZING,177492.8,1,20,Lenzing AG,3,0.3333333333333333,33,Lenzing GmbH,12.08668532369461
LEONARDO S P A,108248.775,10,30,Leonardo S.p.A.,281,0.5444839857651246,50,Leonardo & Co. S.p.A.,11.592187329403476
LEONHARD KURZ STIFTUNG,27401.0,1,18,Leonhard Kurz Stiftung & Co. KG,3,1.0,19,Leonhard Kurz Stiftung & CO.KG.,10.21833478806055
LEROUX,14879.344444444445,2,10,LEROUX SAS,29,0.034482758620689655,45,Leroux,9.607729251263654
LESIEUR,20688.0,1,10,LESIEUR,15,0.0,77,Lesieur,9.937309101011639
LETI T PRAHA A S,13724.3,1,35,"Letiště Praha, a. s.",15,1.0,93,Letiště Praha; a.s.,9.5269232632556
LHOIST BUKOWA SP Z O O,388335.4,1,23,Lhoist Bukowa Sp. z o.o.,37,0.21621621621621623,44,Lhoist Bukowa Sp. z o.o.,12.86962467818808
LHOIST FRANCE OUEST,431268.5,4,23,LHOIST FRANCE OUEST,69,0.391304347826087,24,Lhoist France Ouest,12.974486144958314
LIBERTY MUTUAL INSURANCE,58.142857142857146,1,51,Liberty Mutual Insurance Company,40,0.55,66,Liberty Mutual Insurance,4.062903036387282
LIBERTY OSTRAVA A S,2870735.1666666665,3,24,Liberty Ostrava a.s.,10,0.0,44,Liberty Ostrava a.s.,14.870078710566537
LIDK PING ENERGI,46721.100000000006,3,35,Lidköping Energi AB,6,1.0,90,Lidköping Energi AB,10.751951161745488
LILLY FRANCE,7361.333333333333,1,21,LILLY France SAS,299,0.20066889632107024,33,Lilly France,8.903996354735826
LINDE FRANCE,135819.77777777778,1,20,LINDE FRANCE SA,503,0.35984095427435386,24,Linde France Sa,11.81908412251402
LINDE G Z MAGYARORSZ G,129703.66666666667,1,20,Linde Gáz Magyarország Zrt.,32,0.1875,24,Linde Gáz Magyarország ZRt.,11.77300764027245
LINDE GAS,180991.66666666666,1,,Oy Linde Gas Ab,184,0.28804347826086957,24,Linde Gas SA,12.106206268672413
LINDVALLS KAFFE,119.5,1,,Lindvalls Kaffe AB,5,0.0,15,Lindvalls Kaffe AB,4.783316371371566
LINERGY,3807.777777777778,1,10,Linergy Ltd,4,0.0,33,Linergy Ltd,8.244801037532435
LJUNGBY ENERGI,29210.480555555554,4,35,Ljungby Energi AB,4,0.0,90,Ljungby Energi AB,10.282282846994338
LLOYDS BANKING,203.75,1,64,Lloyds Banking Group plc,56,0.10714285714285714,66,Lloyds Banking Group,5.316893752120972
LOCKHEED MARTIN CORPORATION,124.77777777777777,1,51,Lockheed Martin Corporation,8,0.25,35,Lockheed Martin Corporation,4.826534377402224
LOCUM,267.8,3,35,Locum AB,3,0.0,50,Locum,5.5902404332570725
LOGANAIR,54522.333333333336,1,51,Loganair limited,14,0.42857142857142855,60,Loganair Limited,10.906365682644733
LONDON NORTH WEST UNIVERSITY HEALTHCARE NHS TRUST,7686.0,1,86,London North West University Healthcare NHS Trust,6,0.0,85,London North West University Healthcare NHS Trust,8.94715577112479
LOUGHBOROUGH UNIVERSITY,13735.666666666666,1,85,Loughborough University,43,0.06976744186046512,73,Loughborough University,9.527751135150265
LUBREM SP J K D BSKI J KLEPACKI,29685.285714285714,1,35,LUBREM Sp. J. K. Dębski J. Klepacki,3,0.6666666666666666,93,Lubrem Sp. j. K. Dębski J. Klepacki,10.298406771529123
LUCART,231088.59999999998,6,17,LUCART SPA,6,0.0,33,LUCART SPA,12.350556465751065
LUCOZADE RIBENA SUNTORY,28410.11111111111,1,11,Lucozade Ribena Suntory Limited,5,0.0,15,Lucozade Ribena Suntory Limited,10.254500385826546
LUFTFAHRT BUNDESAMT,334.0,1,51,Luftfahrt-Bundesamt,4,0.0,71,Luftfahrt-Bundesamt,5.811140992976701
LUFTHANSA CARGO,118881.27272727272,1,51,Lufthansa Cargo AG,6,0.0,60,LUFTHANSA CARGO,11.685880565877392
LUFTHANSA TECHNIK,27267.122222222224,4,33,Lufthansa Technik AG,35,0.8857142857142857,34,Lufthansa Technik AG,10.213436941199625
LUMINUS,973053.3,7,35,Luminus,96,0.13541666666666666,93,SA Luminus,13.78819413870174
LUSICAL COMPANHIA LUSITANA DE CAL S A,352693.2,1,23,Lusical - Companhia Lusitana de Cal S.A,17,0.6470588235294118,24,Lusical – Companhia Lusitana de Cal; S.A.,12.77335383619706
LYRECO,1516.6666666666665,2,51,LYRECO SAS,874,0.04233409610983982,30,Lyreco,7.324270223276886
M LARENERGI,275078.019047619,6,35,Mälarenergi AB,57,0.2631578947368421,93,Mälarenergi AB,12.524810042039583
M RKER KALK,318411.4,2,23,Märker Kalk GmbH,5,0.4,24,Märker Kalk GmbH,12.671099536331518
MAGYAR CUKOR,28811.7,1,10,Magyar Cukor Zrt.,4,1.0,15,Magyar Cukor Zrt.,10.268536833626849
MAGYAR SUZUKI,14382.4,1,29,Magyar Suzuki ZRt.,14,0.2857142857142857,34,Magyar Suzuki Zrt.,9.573760515819135
MAINOVA AKTIENGESELLSCHAFT,1075169.3,6,35,Mainova Aktiengesellschaft,8,0.25,65,Mainova Aktiengesellschaft,13.887988695516002
MAN ENERGY SOLUTIONS,18141.333333333332,6,28,MAN Energy Solutions SE,15,0.26666666666666666,42,MAN Energy Solutions SE,9.805948223356786
MAN TRUCK BUS,18946.5,2,29,MAN Truck & Bus SE,292,0.4075342465753425,34,MAN truck&bus bv,9.84937449688214
MANCHESTER AIRPORT,8187.555555555556,1,52,Manchester Airport PLC,4,0.0,32,Manchester Airport PLC,9.010370665331852
MANCHESTER UNIVERSITY NHS FOUNDATION TRUST,26008.0,2,86,Manchester University NHS Foundation Trust,22,0.2727272727272727,85,Manchester University NHS Foundation Trust,10.16615946198374
MANITALIDEA,750.25,1,26,MANITALIDEA SPA,18,0.0,90,Manitalidea SpA,6.620406484320476
MANUFACTURE FRAN AISE DES PNEUMATIQUES MICHELIN,112150.5611111111,9,22,Manufacture Française des Pneumatiques Michelin,34,0.38235294117647056,34,Manufacture française des pneumatiques Michelin,11.627597543155732
MARANGONI S P A,28109.1,1,22,Marangoni S.p.A.,4,0.0,19,Marangoni S.p.A.,10.243848646312246
MARIEHAMNS ENERGI,6142.944444444444,7,35,Mariehamns Energi Ab,8,1.0,93,Mariehamns Energi,8.723059457405704
MARS,12446.2,1,35,Mars GmbH,6,0.16666666666666666,90,Mars,9.429170634419945
MEDINOK,1364.5555555555557,1,35,MEDINOK SPA,33,0.0,50,Medinok SRL,7.218584054274165
MEDL,13274.599999999999,2,35,medl GmbH,23,0.7391304347826086,93,medl Gmbh,9.493607713829425
MEGAL,175760.09999999998,6,35,MEGAL GmbH & Co.KG,10,0.3,45,Megal,12.076875276015999
MERCEDES BENZ,345288.5,5,35,Mercedes-Benz AG,487,0.4887063655030801,34,Mercedes Benz,12.752135578450472
MERCEDES BENZ ESPA A S A U,18695.5,1,29,"MERCEDES-BENZ ESPAÑA, S.A.U.",20,0.9,34,MERCEDES-BENZ ESPA?A S.A.U.,9.836038132172586
MESKO S A,22805.6,1,35,MESKO S.A.,48,0.5833333333333334,35,MESKO S.A.,10.03476139881943
MESSE BERLIN,10464.9,1,35,Messe Berlin GmbH,8,0.875,79,Messe Berlin GmbH,9.255782079172715
METS LIITTO OSUUSKUNTA,1511.0,1,35,Metsäliitto Osuuskunta,4,0.5,33,Metsäliitto Osuuskunta,7.32052696227274
METS TISSUE,154498.9,6,17,Metsä Tissue GmbH,15,0.06666666666666667,33,Metsä Tissue,11.94794225555349
MG MOTOR UK,726.4,1,29,MG Motor UK Limited,3,0.0,34,MG Motor UK Ltd,6.588100827287083
MG VALDUNES,8469.0,1,,MG VALDUNES,3,0.0,34,MG Valdunes,9.0441677169216
MH TEPL RENSK A S,968460.0,8,35,"MH Teplárenský holding, a.s.",4,1.0,93,"MH Teplárenský holding, a.s. ",13.78346245999538
MICHELIN TYRE,33033.88888888889,2,22,Michelin Tyre Plc,12,0.08333333333333333,34,Michelin Tyre Plc,10.405289249537475
MICROSOFT IRELAND OPERATIONS,451.5,1,63,Microsoft Ireland Operations Limited,132,0.7196969696969697,48,Microsoft Ireland Operations Limited,6.11257537285704
MIDLAND QUARRY PRODUCTS,9022.125,1,23,Midland Quarry Products Limited,20,0.05,44,Midland Quarry Products Ltd,9.107435172893421
MIEJSKA ENERGETYKA CIEPLNA SP Z O O,97932.2,1,35,Miejska Energetyka Cieplna Sp. z o.o.,4,1.0,93,Miejska Energetyka Cieplna Sp. z o.o.,11.492030681488544
MIEJSKIE PRZEDSI BIORSTWO ENERGETYKI CIEPLNEJ,77347.85,4,35,MIEJSKIE  PRZEDSIĘBIORSTWO  ENERGETYKI  CIEPLNEJ,4,1.0,93,Miejskie Przedsiębiorstwo Energetyki Cieplnej SA,11.256068059881226
MIEJSKIE PRZEDSI BIORSTWO ENERGETYKI CIEPLNEJ S A,115276.7,2,35,Miejskie Przedsiębiorstwo Energetyki Cieplnej S.A,16,0.9375,93,Miejskie Przedsiębiorstwo Energetyki Cieplnej S.A.,11.655090604309475
MIEJSKIE PRZEDSI BIORSTWO ENERGETYKI CIEPLNEJ SP KA Z OGRANICZON ODPOWIEDZIALNO CI,87538.5,2,35,Miejskie Przedsiębiorstwo Energetyki Cieplnej Spółka z ograniczoną odpowiedzialnością,3,0.6666666666666666,93,Miejskie Przedsiębiorstwo Energetyki Cieplnej Spółka z ograniczoną odpowiedzialnością,11.37983397557409
MIEJSKIE PRZEDSI BIORSTWO ENERGETYKI CIEPLNEJ SP Z O O,68057.27777777778,4,35,Miejskie Przedsiębiorstwo Energetyki Cieplnej Sp. z o.o.,44,0.7045454545454546,93,Miejskie Przedsiębiorstwo Energetyki Cieplnej Sp. z o.o.,11.128104949867055
MIEJSKIE PRZEDSI BIORSTWO ENERGETYKI CIEPLNEJ W OM Y SP Z O O,61426.7,1,35,Miejskie Przedsiębiorstwo Energetyki Cieplnej w Łomży Sp. z o.o.,6,1.0,93,Miejskie Przedsiębiorstwo Energetyki Cieplnej w Łomży Sp. Z o.o.,11.025599873034082
MIEJSKIE PRZEDSI BIORSTWO GOSPODARKI KOMUNALNEJ SP KA Z O O,27023.2,1,35,Miejskie Przedsiębiorstwo Gospodarki Komunalnej Spółka z o.o.,76,0.8552631578947368,90,Miejskie Przedsiębiorstwo Gospodarki Komunalnej Spółka z o.o.,10.204451035293824
MIEJSKIE PRZEDSI BIORSTWO INFRASTRUKTURY KOS EKO SP Z O O,23298.0,1,35,Miejskie Przedsiębiorstwo Infrastruktury KOS-EKO Sp. z o.o.,4,1.0,90,Miejskie Przedsiębiorstwo Infrastruktury KOS-EKO Sp.  z o.o.,10.056122798959722
MIH MISKOLCI H SZOLG LTAT,4104.7,1,35,MIHÕ Miskolci Hõszolgáltató Kft.,5,1.0,65,MIHÖ Miskolci Hőszolgáltató Kft.,8.319887937608142
MINISTRY OF DEFENCE,59075.66468253968,11,84,Ministry of Defence,15,0.0,09,Ministry of Defence,10.98657435349481
MITIE FM,22694.88888888889,5,35,Mitie FM Limited,120,0.016666666666666666,45,MITIE FM Ltd,10.029895019037598
MITSUBISHI HITEC PAPER EUROPE,10003.9,1,17,Mitsubishi HiTec Paper Europe GmbH,4,1.0,22,Mitsubishi Hitec Paper Europe Gmbh,9.21073029594595
ML K RNA HLINSKO A S,7491.75,1,10,"Mlékárna Hlinsko, a.s.",17,1.0,15,Mlékárna Hlinsko; a.s.,8.921557694080368
MOHN MEDIA MOHNDRUCK,69372.3,1,35,Mohn Media Mohndruck GmbH,10,0.2,22,Mohn Media Mohndruck GmbH,11.147242931372457
MOL MAGYAR OLAJ S G ZIPARI NYRT,1723284.6,7,19,MOL Magyar Olaj- és Gázipari Nyrt,40,0.625,91,MOL Magyar Olaj- és Gázipari Nyrt.,14.359742678886676
MOLSON COORS BREWING UK,36274.11111111111,3,11,MOLSON COORS BREWING COMPANY (UK) LIMITED,14,0.0,15,Molson Coors Brewing Company UK Limited,10.49885957327879
MONARCH AIRLINES,648328.5,1,51,Monarch Airlines Limited,3,0.0,60,Monarch Airlines Limited,13.382152791325932
MOSAICO,283659.9,5,17,MOSAICO SpA,9,0.1111111111111111,32,Mosaico SRL,12.555531264313812
MOTOROLA SOLUTIONS,91.0,1,51,Motorola Solutions,17,0.35294117647058826,32,Motorola Solutions,4.51085950651685
MTT TEKSTIL D O O,2335.0,1,13,MTT TEKSTIL D.O.O.,4,0.5,17,MTT tekstil d.o.o.,7.755767170102998
MTU AERO ENGINES,18767.022222222222,5,30,MTU Aero Engines AG,5,0.8,34,MTU Aero Engines GmbH,9.839856471402163
MTU MAINTENANCE BERLIN BRANDENBURG,4985.222222222223,3,33,MTU Maintenance Berlin-Brandenburg GmbH,3,0.3333333333333333,50,MTU Maintenance Berlin Brandenburg GmbH,8.514233259581342
MUNCK ASFALT A S,7137.2,3,23,Munck Asfalt A/S,68,0.014705882352941176,45,Munck Asfalt a/s,8.873075821557274
MVV UMWELT ASSET,867.75,1,35,MVV Umwelt Asset GmbH,72,0.3888888888888889,90,MVV Umwelt Asset GmbH,6.765903654741896
MYTILINEOS HOLDINGS S A,1702862.2,2,24,MYTILINEOS HOLDINGS S.A.,6,0.0,91,Mytilineos Holdings S.A.,14.347821040340412
NAFTA A S,29305.811111111114,2,9.,NAFTA a.s.,9,0.0,76,Nafta a.s.,10.285541106777318
NATIONAL GRID GAS,294121.1333333333,24,35,National Grid Gas Plc,3,0.0,45,National Grid Gas plc,12.591746979605242
NATWEST,1262.5,3,,NatWest Group plc,21,0.0,66,Natwest,7.140849161149515
NAUJASIS KALCITAS,41659.666666666664,1,23,AB Naujasis kalcitas,3,0.0,14,AB „Naujasis kalcitas“,10.637288713502748
NAVAL,4595.666666666667,1,30,NAVAL GROUP,18,0.4444444444444444,35,Naval Group,8.43286910950352
NAVANTIA S A,23.0,1,35,"Navantia, S.A",38,0.6578947368421053,50,Navantia; S.A.,3.1354942159291497
NCC INDUSTRY A S,10460.977777777778,4,23,NCC Industry A/S,71,0.056338028169014086,45,NCC Industry A/S,9.25540721104916
NEDMAG B V,77190.33333333333,1,8.,NEDMAG Holding B.V.,3,0.3333333333333333,34,Nedmag B.V.,11.254029512283239
NEOELECTRA SC ECOENERG A NAVARRA S L U,46634.9,1,20,"Neoelectra SC Ecoenergía Navarra, S.L.U",3,0.0,90,Neoelectra SC Ecoenergía Navarra; S.L.U.,10.750104466846453
NEOS,71825.9,1,51,Neos Spa,14,0.0,43,NEOS SA,11.182000414224953
NEOVA,34232.75,5,35,Neova Oy,17,0.0,91,Neova AB,10.440938067181255
NESTE,2988641.8000000003,2,19,Neste Oyj,8,0.5,63,NESTE OYJ,14.910329594673584
NESTL ESPA A,136996.1,2,10,"Nestlé España, SA",6,0.0,33,"Nestlé España, SA",11.82770773725178
NESTL ITALIANA S P A,5860.0,1,10,Nestlè Italiana S.p.a.,211,0.2132701421800948,33,Nestlé Italiana S.p.A.,8.675904882571059
NESTL PORTUGAL S A,2924.5555555555557,1,10,"Nestlé Portugal, S.A.",9,0.4444444444444444,33,Nestlé Portugal S. A.,7.980897801302256
NESTLE FRANCE,51975.5,2,10,NESTLE FRANCE SAS,32,0.0,15,Nestle France,10.858527732689561
NEUBRANDENBURGER STADTWERKE,161292.7,3,35,Neubrandenburger Stadtwerke GmbH,57,0.24561403508771928,93,Neubrandenburger Stadtwerke GmbH,11.990976005804596
NEVE,122474.65555555555,9,35,Neve Oy,4,0.0,90,Neve Srl,11.715659394137486
NEWAG S A,8031.833333333333,1,30,NEWAG S.A.,150,0.56,50,NEWAG S.A.,8.991168091384214
NHS GRAMPIAN,25225.0,1,86,NHS Grampian,3,0.3333333333333333,85,Nhs Grampian,10.13559084522181
NIPPON GASES DEUTSCHLAND,5956.444444444444,1,20,Nippon Gases Deutschland GmbH,38,0.3684210526315789,24,Nippon Gases Deutschland GmbH,8.692229012316787
NITROERG S A,14179.75,1,20,NITROERG S.A.,202,0.7920792079207921,24,Nitroerg S.A.,9.559570169465255
NOMURA INTERNATIONAL,550.75,1,35,Nomura International plc,17,0.058823529411764705,66,Nomura International PLC.,6.311280985682452
NORDKALK,674789.35,7,23,Nordkalk Oy Ab,79,0.31645569620253167,24,Nordkalk AB,13.422155847075345
NORRMEJERIER EK F R,1655.0,1,10,Norrmejerier Ek för,12,0.5,15,Norrmejerier EK för,7.411556287811163
NORTH BRISTOL NHS TRUST,11320.0,2,86,North Bristol NHS Trust,12,0.16666666666666666,85,North Bristol NHS Trust,9.334326351757174
NORTHUMBRIAN WATER,1672.6666666666667,1,37,Northumbrian Water Limited,34,0.0,71,Northumbrian Water Ltd,7.422174438258258
NOTTINGHAM UNIVERSITY HOSPITALS NHS TRUST,20649.0,1,86,Nottingham University Hospitals NHS Trust,19,0.05263157894736842,85,Nottingham University Hospitals NHS Trust,9.935422171066474
NOVACARB,606568.7000000001,2,20,NOVACARB,11,0.0,24,NOVACARB,13.315573273828518
NUFARM,1856.1666666666667,1,35,NUFARM SAS,7,0.14285714285714285,24,Nufarm SAS,7.526268708165045
NYNAS,465503.4,4,19,Nynas AB,17,0.17647058823529413,44,AS NYNAS,13.050874679646807
NYNAS UK,22351.0,1,19,Nynas UK AB,24,0.16666666666666666,44,Nynas UK AB,10.014626341770095
NYRSTAR BELGIUM,32493.85,2,24,Nyrstar Belgium,3,0.0,93,Nyrstar Belgium NV,10.388806119642197
OKR GOWA SP DZIELNIA MLECZARSKA,6848.0,1,10,Okręgowa Spółdzielnia Mleczarska,47,0.44680851063829785,15,Okręgowa Spółdzielnia Mleczarska,8.831711917821577
OKR GOWE PRZEDSI BIORSTWO ENERGETYKI CIEPLNEJ SP Z O O,33805.8,1,35,Okręgowe Przedsiębiorstwo Energetyki Cieplnej Sp. z o.o.,8,0.75,93,Okręgowe Przedsiębiorstwo Energetyki Cieplnej Sp. z o.o.,10.428387664383056
OLYMPIC AIR,169566.2,1,51,OLYMPIC AIR,6,0.6666666666666666,60,OLYMPIC AIR,12.040998690025729
OMV DOWNSTREAM,2999233.2,4,19,OMV Downstream GmbH,56,0.6071428571428571,91,OMV Downstream GmbH,14.913867213961137
OMV PETROM,2491007.6333333333,16,6.,OMV PETROM SA,83,0.5903614457831325,91,OMV Petrom SA,14.72819785860467
OMYA,28215.8,2,23,OMYA SAS,3,0.0,24,OMYA,10.247637383713846
OPEC GRUDZI DZ SP Z O O,143806.3,1,35,OPEC GRUDZIĄDZ Sp. z o.o.,6,0.6666666666666666,93,OPEC Grudziądz Sp. z o.o.,11.876222534157817
OPEL AUTOMOBILE,291714.2,4,35,Opel Automobile GmbH,117,0.07692307692307693,34,Opel Automobile GmbH,12.583529834821812
OPEL ESPA A S L U,71450.6,1,29,"OPEL ESPAÑA, S.L.U.",13,0.0,34,"Opel España, S. L. U.",11.176761580803511
OPERATOR GAZOCI G W PRZESY OWYCH GAZ SYSTEM S A,114242.44444444444,5,49,Operator Gazociągów Przesyłowych GAZ-SYSTEM S.A.,40,0.725,76,Operator Gazociągów Przesyłowych Gaz-System S.A.,11.646078174792358
ORANGE,202.2,2,,ORANGE SA,3531,0.18634947606910224,64,Orange,5.309257306586371
ORANO RECYCLAGE,46683.3,1,24,ORANO RECYCLAGE,3,0.0,73,ORANO RECYCLAGE,10.751141777989186
ORLEN LIETUVA,1673148.6,1,19,AB ORLEN Lietuva,40,0.825,91,"AS ""ORLEN Lietuva""",14.330217798499076
ORLEN PO UDNIE S A,133668.4,5,19,ORLEN POŁUDNIE S.A.,6,1.0,91,Orlen Południe S.A.,11.803117385117565
ORLEN S A,8432112.438888889,13,19,ORLEN S.A.,18,1.0,91,ORLEN S.A.,15.947557884457211
ORLEN UNIPETROL RPA S R O,3813466.5,5,19,ORLEN Unipetrol RPA s.r.o.,76,0.34210526315789475,91,"Orlen Unipetrol RPA, s.r.o.",15.154049175966753
OS VR TKY A S,7788.0,1,30,ŽOS Vrútky a.s.,228,0.6798245614035088,50,ŽOS Vrútky; a.s.;,8.960339366492091
OSHKOSH CORPORATION,112.0,1,51,Oshkosh Corporation,5,0.0,34,Oshkosh Corporation,4.718498871295094
OSPEDALE SAN RAFFAELE,54056.3,1,35,OSPEDALE SAN RAFFAELE SRL,12,0.5833333333333334,79,Ospedale San Raffaele Srl,10.897781375016818
OSTROWSKI ZAK CIEP OWNICZY S A,51144.5,1,35,OSTROWSKI ZAKŁAD CIEPŁOWNICZY S.A.,3,1.0,93,Ostrowski Zakład Ciepłowniczy S.A.,10.842410238716623
OTTO MOROF TIEF UND STRASSENBAU,2809.5555555555557,1,23,Otto Morof Tief- und Straßenbau GmbH,16,0.0,45,OTTO MOROF – TIEF- UND STRAßENBAU – GmbH,7.940781584535624
OULUN ENERGIA,593681.0,7,35,Oulun Energia Oy,3,0.0,90,Oulun Energia,13.294097417051706
OXFORD UNIVERSITY HOSPITALS NHS FOUNDATION TRUST,7661.0,1,86,Oxford University Hospitals NHS Foundation Trust,8,0.5,85,Oxford University Hospitals NHS Foundation Trust,8.94389780251682
OZORKOWSKIE PRZEDSI BIORSTWO KOMUNALNE SP Z O O,7121.0,1,35,OZORKOWSKIE PRZEDSIĘBIORSTWO KOMUNALNE SP. Z O. O.,33,0.8787878787878788,90,Ozorkowskie Przedsiębiorstwo Komunalne Sp. z o.o.,8.870803443982124
P DUSSMANN,214.0,1,51,P. Dussmann Inc.,244,0.06557377049180328,90,P. Dussmann Kft.,5.365976015021851
PALOMA D D,26714.9,1,17,PALOMA D.D.,7,0.0,33,Paloma d.d.,10.192976741169444
PAPIER METTLER,628.0,1,51,Papier-Mettler KG,7,0.0,19,Papier Mettler KG,6.4425401664681985
PARAMO A S,28319.5,1,19,"PARAMO, a.s.",194,0.33505154639175255,44,PARAMO a.s.,10.251305892284567
PARMALAT,36678.0,2,10,PARMALAT SPA,18,0.1111111111111111,15,Parmalat SpA,10.50993239925678
PBS INDUSTRY A S,476.6666666666667,1,25,"PBS INDUSTRY, a.s.",17,1.0,80,PBS Industry; a.s.,6.166817434585844
PENSPEN,16506.777777777777,1,35,Penspen Limited,18,0.0,71,PENSPEN Ltd,9.711526349954735
PERSTORP SPECIALTY CHEMICALS,46612.6,1,20,Perstorp Specialty Chemicals AB,12,0.0,24,Perstorp Specialty chemicals AB,10.749626169832053
PERUTNINA PTUJ D D,5049.0,1,10,PERUTNINA PTUJ D.D.,883,0.20951302378255945,15,Perutnina Ptuj; d.d.,8.526945482858915
PETR LEOS DE PORTUGAL PETROGAL S A,3220782.6,2,19,Petróleos de Portugal - Petrogal S.A,82,0.1951219512195122,91,Petróleos de Portugal - Petrogal; S.A.,14.98513493146857
PETROL D D LJUBLJANA,15712.8,1,35,"PETROL d.d., Ljubljana",501,0.5169660678642715,91,Petrol; d.d.; Ljubljana,9.662230945794992
PFIZER,108.7,1,51,"Pfizer, Inc.",3022,0.35373924553275976,33,Pfizer Oy,4.688591794127164
PGE ENERGIA CIEP A S A,6594059.4,13,35,PGE Energia Ciepła S.A.,40,0.65,65,PGE Energia Ciepła S.A.,15.701679710762503
PGE G RNICTWO I ENERGETYKA KONWENCJONALNA S A,60379565.8,6,35,PGE Górnictwo i Energetyka Konwencjonalna S.A.,24,0.5416666666666666,65,PGE Górnictwo i Energetyka Konwencjonalna S.A.,17.916161291094223
PGE TORU S A,281535.5333333333,3,35,PGE Toruń S.A.,18,1.0,93,PGE Toruń S.A.,12.548013947133327
PGKIM SP Z O O,11267.2,1,35,PGKiM Sp. z o.o.,9,0.3333333333333333,90,PGKiM Sp. z o.o.,9.329651128960734
PGNIG TERMIKA ENERGETYKA PRZEMYS OWA S A,633711.2000000001,7,35,PGNiG TERMIKA Energetyka Przemysłowa S.A.,9,1.0,93,PGNiG Termika Energetyka Przemysłowa S.A.,13.359348609133649
PGNIG TERMIKA S A,5560107.4,5,35,PGNiG TERMIKA S.A.,43,0.37209302325581395,93,PGNiG Termika S.A.,15.531127982586966
PIAGGIO C S P A,11129.7,1,30,Piaggio & C. S.p.A.,11,0.7272727272727273,34,Piaggio & C. S.p.A.,9.317372489728422
PILKINGTON UNITED KINGDOM,267484.5,3,23,Pilkington United Kingdom Limited,3,0.0,14,Pilkington United Kingdom Ltd,12.496816899714151
PIVOVARNA LA KO UNION D O O,11196.1,2,11,PIVOVARNA LAŠKO UNION d.o.o.,30,0.9333333333333333,15,Pivovarna Laško Union d.o.o.,9.323320782356799
PLAMEN D O O,1752.5,1,24,Plamen d.o.o.,3,0.0,60,Plamen d.o.o.,7.468798618908745
PLZE SK TEPL RENSK A S,886696.1,2,35,"Plzeňská teplárenská, a.s.",14,1.0,93,Plzeňská teplárenská; a.s.,13.695257587027536
PODRAVKA D D,10013.333333333334,2,10,Podravka d.d.,39,0.20512820512820512,15,Podravka d.d.,9.211672817209962
POLENERGIA ELEKTROCIEP OWNIA NOWA SARZYNA SP Z O O,317275.1,1,35,POLENERGIA ELEKTROCIEPŁOWNIA NOWA SARZYNA SP. Z O.O.,15,0.5333333333333333,65,Polenergia Elektrociepłownia Nowa Sarzyna Sp. z o.o.,12.667524499862305
POLSKA CERAMIKA OGNIOTRWA A AR W SP Z O O,9307.7,1,23,Polska Ceramika Ogniotrwała Żarów Sp. z o.o.,10,0.2,44,Polska Ceramika Ogniotrwała „Żarów” Sp. z o.o.,9.138597293563281
POLSKA GRUPA G RNICZA S A,338695.49682539684,6,35,POLSKA GRUPA GÓRNICZA S.A.,5,1.0,60,Polska Grupa Górnicza S.A.,12.732856743250684
POLSKIE G RNICTWO NAFTOWE I GAZOWNICTWO S A,10575.0,1,35,Polskie Górnictwo Naftowe i Gazownictwo S.A.,152,0.881578947368421,91,Polskie Górnictwo Naftowe i Gazownictwo S.A.,9.266248003914479
POLSKIE LINIE LOTNICZE LOT SP KA AKCYJNA,398917.9166666667,1,51,POLSKIE LINIE LOTNICZE LOT SPÓŁKA AKCYJNA,180,0.5055555555555555,60,Polskie Linie Lotnicze LOT Spółka Akcyjna,12.896510952068262
POLSKIE ZAK ADY LOTNICZE SP Z O O,23.0,1,51,Polskie Zakłady Lotnicze Sp. z o.o.,26,0.5,34,Polskie Zakłady Lotnicze Sp. z o.o.,3.1354942159291497
PORI ENERGIA,133411.7,6,35,Pori Energia Oy,19,0.05263157894736842,93,Pori Energia Oy,11.801195114764628
PORR A S,2337.1111111111113,1,42,PORR a.s.,308,0.16883116883116883,45,Porr a.s.,7.756670877743755
PORVOON ENERGIA BORG ENERGI,11948.166666666668,8,35,Porvoon Energia Oy-Borgå Energi Ab,4,0.0,93,Porvoon Energia Oy - Borgå Energi Ab,9.388333128574722
PRA SK TEPL RENSK A S,46582.57777777778,4,35,Pražská teplárenská a.s.,32,0.96875,93,Pražská teplárenská a.s.,10.748981882778224
PREEM,2083400.2999999998,2,19,Preem AB,31,0.03225806451612903,91,Preem AB,14.549511876527868
PREMIER FOODS,26415.88888888889,2,10,Premier Foods Group Limited,39,0.07692307692307693,15,Premier Foods Ltd,10.18172095994607
PRINCES,31407.11111111111,2,10,Princes Limited,8,0.0,15,Princes Ltd,10.354789614762947
PRODIA,41497.3,1,10,PRODIA SNC,3,0.6666666666666666,85,Prodia SRL,10.633383643861317
PROXIMA,354.0,1,51,Proxima Ltd.,22,0.18181818181818182,80,proxima,5.869296913133774
PRZEDSI BIORSTWO ENERGETYKI CIEPLNEJ,32199.114285714284,3,35,Przedsiębiorstwo Energetyki Cieplnej,7,0.5714285714285714,93,Przedsiębiorstwo Energetyki Cieplnej,10.37969422449935
PRZEDSI BIORSTWO ENERGETYKI CIEPLNEJ LEGIONOWO SP Z O O,75390.9,1,35,Przedsiębiorstwo Energetyki Cieplnej Legionowo Sp. z o.o.,8,1.0,93,Przedsiębiorstwo Energetyki Cieplnej Legionowo Sp. z o.o.,11.230441857057292
PRZEDSI BIORSTWO ENERGETYKI CIEPLNEJ S A,9665.0,1,35,Przedsiębiorstwo Energetyki Cieplnej S.A.,11,0.6363636363636364,40,Przedsiębiorstwo Energetyki Cieplnej S.A.,9.17626639164243
PRZEDSI BIORSTWO ENERGETYKI CIEPLNEJ SP KA Z O O,94879.5,3,35,Przedsiębiorstwo Energetyki Cieplnej Spółka z o.o.,4,0.75,93,Przedsiębiorstwo Energetyki Cieplnej Spółka z o.o.,11.460362944403164
PRZEDSI BIORSTWO ENERGETYKI CIEPLNEJ SP Z O O,253051.7,9,35,PRZEDSIĘBIORSTWO ENERGETYKI CIEPLNEJ Sp. z o.o.,62,0.7419354838709677,93,Przedsiębiorstwo Energetyki Cieplnej Sp. z o.o.,12.441349094659572
PRZEDSI BIORSTWO GOSPODARKI KOMUNALNEJ I MIESZKANIOWEJ SP Z O O,9993.555555555555,1,35,Przedsiębiorstwo Gospodarki Komunalnej i Mieszkaniowej sp. z o.o.,269,0.8029739776951673,90,Przedsiębiorstwo Gospodarki Komunalnej i Mieszkaniowej Sp. z o.o.,9.20969571978816
PRZEDSI BIORSTWO GOSPODARKI KOMUNALNEJ SP Z O O,41749.1,1,35,PRZEDSIĘBIORSTWO GOSPODARKI KOMUNALNEJ SP. Z O.O.,455,0.7252747252747253,90,Przedsiębiorstwo Gospodarki Komunalnej Sp. z o.o.,10.639433173160421
PRZEDSI BIORSTWO KOMUNALNE SP Z O O,15222.666666666666,1,35,Przedsiębiorstwo Komunalne Sp. z o.o.,184,0.7608695652173914,90,Przedsiębiorstwo Komunalne Sp. z o.o.,9.630540824128108
PSA AUTOMOBILES,10449.555555555557,2,29,PSA AUTOMOBILES SA,6,0.3333333333333333,34,PSA Automobiles SA,9.254314725919661
QANTAS AIRWAYS,315.0,1,51,Qantas Airways Limited,4,0.0,60,QANTAS AIRWAYS,5.752572638825633
QATAR AIRWAYS,21388.916666666668,1,51,Qatar Airways,11,0.0,60,Qatar Airways Ltd,9.970628154074213
RACKSPACE,37.75,1,,Rackspace Limited,12,0.0,72,Rackspace Ltd,3.6309854756950335
RADE E PAPIR NOVA D O O,10007.6,1,17,"RADEČE PAPIR NOVA, d.o.o.",8,0.75,30,"RADEČE PAPIR NOVA, d.o.o.",9.211100083322425
RAFFINERIE HEIDE,1381844.5,2,19,Raffinerie Heide GmbH,11,0.2727272727272727,91,Raffinerie Heide GmbH,14.138929758889391
RASEBORGS ENERGI,91.1,2,35,Raseborgs Energi Ab,4,0.0,93,Raseborgs Energi Ab,4.511957804265912
RATP,391.2,2,,RATP,40,0.15,60,RATP,5.969218938160663
RAVENHEAT MANUFACTURING,130.0,1,51,Ravenheat Manufacturing Ltd,4,0.0,44,Ravenheat Manufacturing Ltd,4.867534450455582
RAYTHEON,37.333333333333336,1,51,Raytheon Company,7,0.2857142857142857,35,Raytheon,3.619886582626985
REAGENS,10942.0,1,20,REAGENS SPA,12,0.16666666666666666,33,Reagens Kft.,9.300363874623772
REGION HOVEDSTADEN,5620.9,3,86,Region Hovedstaden,5,0.0,48,Region Hovedstaden,8.634247072415073
REGOURD AVIATION,144.0,1,51,REGOURD AVIATION,4,0.0,34,Regourd aviation SAS,4.969813299576001
REKEEP S P A,44995.694444444445,4,35,Rekeep s.p.a.,19,0.10526315789473684,50,Rekeep S.p.A.,10.714322085162582
REMONDIS PRODUCTION,48022.3,1,35,REMONDIS Production GmbH,30,0.5666666666666667,24,Remondis Production GmbH,10.779420765337937
RENDAC,23166.1,1,10,Rendac,4,1.0,90,Rendac NV,10.050445282153959
RENOVA,202283.11111111112,1,35,Renova AB,29,0.06896551724137931,90,Renova AB,12.21742353529668
RH NENERGIE FULDA,1504.3,1,35,RhönEnergie Fulda GmbH,8,0.0,91,RhönEnergie Fulda GmbH,7.316082952703778
RHEINENERGIE,1764499.8535714285,9,35,RheinEnergie AG,133,0.24812030075187969,93,RheinEnergie AG,14.383377839111587
RHEINKALK,3034683.966666667,10,23,Rheinkalk GmbH,43,0.37209302325581395,24,Rheinkalk GmbH,14.92561784745475
RHEINLAND AIR SERVICE,3.0,1,51,Rheinland Air Service GmbH,6,1.0,50,Rheinland Air Service GmbH,1.0986122886681098
ROCA,18256.88888888889,1,23,ROCA SA,10,0.0,45,ROCA,9.812297761149265
ROCHE DIAGNOSTICS,16154.4,1,20,Roche Diagnostics GmbH,1992,0.23845381526104417,33,Roche Diagnostics,9.689947737364614
ROCKWELL AUTOMATION,56.0,1,51,"Rockwell Automation, Inc",12,0.3333333333333333,31,Rockwell Automation Ltd,4.02535169073515
ROCKWOOL,111356.22222222222,3,23,Rockwool Limited,3,0.3333333333333333,44,Rockwool,11.620489550982597
ROLLS ROYCE,73028.85912698413,4,30,Rolls-Royce plc,147,0.8027210884353742,34,Rolls-Royce plc,11.198609972514644
ROLLS ROYCE DEUTSCHLAND,11715.777777777777,1,30,Rolls-Royce Deutschland Ltd & Co KG,10,0.5,50,Rolls Royce Deutschland Ltd. & Co. KG,9.368691740353757
ROLLS ROYCE SOLUTIONS,37259.48888888889,4,28,Rolls-Royce Solutions GmbH,46,1.0,35,Rolls-Royce Solutions GmbH,10.52566192664037
ROMCIM,1562227.2999999998,2,23,ROMCIM SA,32,0.3125,14,ROMCIM,14.26162311736091
ROYAL AIR MAROC,1315.8333333333333,1,51,ROYAL AIR MAROC,3,0.3333333333333333,62,ROYAL AIR MAROC,7.182225457461687
ROYAL BERKSHIRE NHS FOUNDATION TRUST,9320.333333333334,1,86,Royal Berkshire NHS Foundation Trust,4,0.0,85,Royal Berkshire NHS Foundation Trust,9.139953672419184
ROYAL DEVON AND EXETER NHS FOUNDATION TRUST,6566.0,1,86,ROYAL DEVON AND EXETER  NHS FOUNDATION TRUST,14,0.21428571428571427,98,Royal Devon and Exeter NHS Foundation Trust,8.789660098061537
ROYAL FREE LONDON NHS FOUNDATION TRUST,20263.0,1,86,Royal Free London NHS Foundation Trust,25,0.0,85,Royal Free London NHS Foundation Trust,9.91655184186533
ROYAL UNITED HOSPITALS BATH NHS FOUNDATION TRUST,9420.0,1,86,Royal United Hospitals Bath NHS Foundation Trust,13,0.3076923076923077,75,Royal United Hospitals Bath NHS Foundation Trust,9.150590367570409
RSTED BIOENERGY THERMAL POWER A S,4248084.933333334,12,35,Ørsted Bioenergy & Thermal Power A/S,4,0.0,71,Ørsted Bioenergy & Thermal Power A/S,15.261978835426577
RSTED SALG SERVICE A S,8071.6,1,35,ØRSTED Salg & Service A/S,4,0.5,90,Ørsted Salg & Service A/S,8.996107006791728
RUDOLF HILGENROTH,2217.0,1,23,Rudolf Hilgenroth GmbH & Co. KG,3,0.0,45,Rudolf Hilgenroth GmbH & Co.KG,7.7039102096163115
RWE GENERATION,9929472.688888889,9,35,RWE Generation SE,47,0.23404255319148937,90,RWE Generation SE,16.111017931780424
RWTH AACHEN,36597.8,1,35,RWTH Aachen,8,0.75,71,RWTH Aachen,10.507743408293205
RYANAIR DESIGNATED ACTIVITY,6838964.636363637,1,51,Ryanair Designated Activity Company,6,0.6666666666666666,79,Ryanair - Designated Activity Company,15.738146909188613
S C ROMPETROL RAFINARE S A,946204.725,3,19,S.C. ROMPETROL RAFINARE S.A.,3,0.0,23,S.C. ROMPETROL RAFINARE S.A.,13.760214235825563
S DBAYERISCHES PORTLAND ZEMENTWERK GEBR WIESB CK,752215.8,1,23,Südbayerisches Portland-Zementwerk Gebr. Wiesböck & Co. GmbH,8,0.375,90,Südbayerisches Portland-Zementwerk Gebr. Wiesböck & Co. GmbH,13.530778529849618
S DRA SKOGS GARNA EKONOMISK F RENING,61345.399999999994,3,17,Södra Skogsägarna ekonomisk förening,3,1.0,34,SÖDRA Skogsägarna ekonomisk förening,11.024275467702843
S E CARBUROS MET LICOS S A,361140.77777777775,1,20,"S.E. Carburos Metálicos, S.A.",106,0.4811320754716981,24,S.E. Carburos Metálicos; S.A.,12.797023127441411
S NDERBORG KRAFTVARME A S,27556.7,1,35,Sønderborg Kraftvarme A/S,6,0.3333333333333333,90,Sønderborg Kraftvarme A/S,10.224000979206524
S WAG GR NE ENERGIEN UND WASSER,8641.7,1,35,Süwag Grüne Energien und Wasser AG & Co. KG,4,1.0,65,SÜWAG grüne Energien und Wasser AG & Co. KG,9.064354601702796
SAAB,748.0,1,51,Saab AB,148,0.5337837837837838,35,Saab AB,6.617402977974478
SAARSTAHL RAIL,34355.11111111111,1,24,SAARSTAHL RAIL,10,0.0,34,SAARSTAHL RAIL,10.444506081664898
SAFRAN AIRCRAFT ENGINES,20601.544444444444,2,30,Safran Aircraft Engines,13,0.6153846153846154,50,Safran Aircraft Engines,9.933121324998618
SAINT GOBAIN CONSTRUCTION PRODUCTS BELGIUM,36187.1,1,23,Saint Gobain Construction Products Belgium,48,0.1875,44,Saint-Gobain Construction Products Belgium SA,10.496457980713673
SAINT GOBAIN PAM CANALISATION,516981.8,2,24,SAINT GOBAIN PAM CANALISATION,14,0.2857142857142857,44,saint-gobain pam canalisation,13.155762949776145
SAINT GOBAIN PAM DEUTSCHLAND,36637.125,1,24,SAINT-GOBAIN PAM Deutschland GmbH,58,0.29310344827586204,44,SAINT-GOBAIN; PAM Deutschland GmbH,10.508817349552231
SAINT GOBAIN PAM ESPA A S A,35188.77777777778,1,24,"Saint-Gobain Pam España, S.A.",38,0.10526315789473684,44,Saint-Gobain Pam España; S.A.,10.468482497623166
SAINT GOBAIN SWEDEN,48157.4,2,23,Saint-Gobain Sweden AB,5,0.0,34,Saint-Gobain Sweden AB,10.782230091814405
SAINT LOUIS SUCRE,335821.43333333335,5,10,SAINT LOUIS SUCRE SA,4,0.0,15,saint louis sucre,12.724334849263881
SAIPOL,80162.2,4,10,SAIPOL SAS,34,0.47058823529411764,91,saipol sas,11.291807361051863
SALA HEBY ENERGI,31.0,1,35,Sala-Heby Energi AB,5,0.8,65,Sala-Heby Energi AB,3.4339872044851463
SALFORD ROYAL NHS FOUNDATION TRUST,6199.0,1,86,Salford Royal NHS Foundation Trust,20,0.2,85,Salford Royal NHS Foundation trust,8.73214326770192
SALG VAGYON SALG TARJ NI NKORM NYZATI VAGYONKEZEL S T VH SZOLG LTAT,4757.1,1,35,Salgó Vagyon Salgótarjáni Önkormányzati Vagyonkezelő és Távhőszolgáltató Kft.,6,1.0,93,Salgó Vagyon Salgótarjáni Önkormányzati Vagyonkezelő és Távhőszolgáltató Kft.,8.467393517863632
SALZBURG F R ENERGIE VERKEHR UND TELEKOMMUNIKATION,189512.2,3,35,"Salzburg AG für Energie, Verkehr und Telekommunikation",31,0.41935483870967744,91,Salzburg AG für Energie; Verkehr und Telekommunikation,12.152208681379548
SAME DEUTZ FAHR ITALIA S P A,3795.9,1,28,SAME DEUTZ - FAHR Italia s.p.a.,4,0.5,34,SAME DEUTZ-FAHR ITALIA S.p.A.,8.241676815863327
SAMPOL INGENIER A Y OBRAS S A,105632.8,1,35,"SAMPOL INGENIERÍA Y OBRAS, S.A.",69,0.37681159420289856,50,Sampol Ingeniería y Obras; S.A.,11.567724208086828
SANDWELL WEST BIRMINGHAM HOSPITALS NHS TRUST,10356.111111111111,2,86,Sandwell & West Birmingham Hospitals NHS Trust,9,0.1111111111111111,85,Sandwell & West Birmingham Hospitals NHS Trust,9.245332069967127
SANOFI PASTEUR,35990.055555555555,2,21,SANOFI PASTEUR,403,0.5533498759305211,33,Sanofi Pasteur,10.49099794471055
SANOFI WINTHROP INDUSTRIE,16731.2,1,21,SANOFI WINTHROP INDUSTRIE,13,0.5384615384615384,33,Sanofi Winthrop Industrie,9.725030518844324
SANTANDER UK,67.28571428571429,1,63,Santander UK plc,5,0.0,66,Santander UK Plc,4.208947944961104
SAPI,27115.977777777778,2,10,SAPI SPA,77,0.11688311688311688,45,SAPI,10.207878419026173
SAPIO PRODUZIONE IDROGENO OSSIGENO S R L,24523.5,1,20,Sapio Produzione Idrogeno Ossigeno S.r.l.,9,0.7777777777777778,24,SAPIO Produzione Idrogeno Ossigeno S.r.L.,10.107387120483576
SARVAL OUEST,16833.2,1,10,SARVAL OUEST,4,0.75,90,Sarval Ouest,9.731108405771893
SAVON VOIMA,222424.56984126984,20,35,Savon Voima Oyj,12,0.08333333333333333,93,Savon Voima Oy,12.312343311161541
SC LINDE GAZ ROMANIA,49168.0,1,20,SC LINDE GAZ ROMANIA SRL,5,0.6,24,SC Linde Gaz Romania SRL,10.802998284370267
SC UCM RESITA,1992.0,2,28,SC UCM Resita SA,4,0.5,42,SC Ucm Resita SA,7.596894438144544
SC UNIO,2492.25,1,28,SC UNIO SA,5,0.2,42,SC UNIO SA,7.8209411959028134
SCANDBIO,125.6,1,35,Scandbio AB,48,0.375,91,Scandbio AB,4.833102254034098
SCANDINAVIAN AIRLINES SYSTEM,1847408.9166666667,1,51,Scandinavian Airlines System SAS,10,0.1,60,Scandinavian Airlines System,14.429294629732153
SCHAEFER KALK,577572.3,2,23,Schaefer Kalk GmbH & Co. KG,3,0.0,24,Schaefer Kalk,13.266588908347066
SCHAEFFLER TECHNOLOGIES,9319.0,1,35,Schaeffler Technologies AG & Co. KG,6,0.0,34,Schaeffler Technologies AG & Co. KG ,9.139810605785655
SCHMIEDEWERKE GR DITZ,64857.265079365076,3,25,Schmiedewerke Gröditz GmbH,14,0.14285714285714285,34,Schmiedewerke Gröditz GmbH,11.079944212449998
SCHRETTER CIE,206426.4,2,23,Schretter & Cie GmbH & Co KG,13,0.8461538461538461,44,Schretter & Cie GmbH & Co. KG,12.23769921138689
SCHWENK LATVIJA SIA,736930.8,1,23,"SCHWENK Latvija, SIA",6,0.3333333333333333,14,SCHWENK Latvija SIA,13.510249272597605
SCHWENK ZEMENT,2371280.9,4,23,SCHWENK Zement GmbH & Co. KG,9,0.7777777777777778,28,SCHWENK Zement AG,14.678940831248196
SCHWERMETALL HALBZEUGWERK,11164.777777777777,1,24,Schwermetall Halbzeugwerk GmbH & Co.KG,13,1.0,14,Schwermetall Halbzeugwerk GmbH & Co. KG.,9.320519260608002
SEAT S A,100731.79999999999,2,29,"Seat, S.A.",35,0.08571428571428572,34,SEAT; S.A.,11.520216818329336
SECANIM,24603.833333333332,3,10,SecAnim GmbH,53,0.8301886792452831,85,SecAnim,10.110657536339023
SECANIM BIO INDUSTRIES S A U,29532.233333333337,2,10,"Secanim Bio-Industries, S.A.U.",24,0.7916666666666666,90,"Secanim-Bio Industries, S.A.U.",10.29323760118175
SECANIM BRETAGNE,28504.0,2,38,SECANIM BRETAGNE,8,1.0,90,secanim bretagne,10.257799707285672
SECANIM CENTRE,21103.9,1,38,SECANIM Centre,34,0.9411764705882353,90,SecAnim Centre,9.957213136507658
SECANIM SUD EST,10646.1,1,38,SECANIM SUD EST,54,0.9814814814814815,90,Secanim Sud-Est,9.27294890688791
SEEV,10041.1,2,35,SEEV,4,0.0,77,SEEV,9.214441948997258
SEFIR,10177.5,2,35,SEFIR,6,1.0,60,SEFIR Srl,9.227934680377134
SEGROMET SP Z O O,9961.25,2,23,SEGROMET Sp. z o.o.,6,0.0,90,SEGROMET Sp. z o.o,9.206457844711958
SEIN JOEN ENERGIA,2428.0,1,35,Seinäjoen Energia Oy,4,0.0,93,Seinäjoen Energia Oy,7.794823152179389
SELA,35.0,1,51,Sela Holding Group Ltd.,4,0.0,45,SELA,3.5553480614894135
SELIA,860.0,1,51,SELIA,67,0.1791044776119403,93,Selia,6.756932389247553
SELLIER BELLOT A S,4952.625,1,25,"Sellier & Bellot, a.s.",128,0.3515625,35,SELLIER & BELLOT a.s.,8.507673018032078
SEMPERIT TECHNISCHE PRODUKTE GESELLSCHAFT M B H,15444.777777777777,1,22,Semperit Technische Produkte Gesellschaft m.b.H.,4,0.0,33,Semperit Technische Produkte Gesellschaft M.B.H.,9.645026217277518
SEQIRUS VACCINES,4830.888888888889,1,21,Seqirus Vaccines Ltd,8,0.125,33,Seqirus Vaccines Ltd,8.482785764680905
SERCO,11817.0,2,86,Serco Limited,498,0.11244979919678715,80,Serco Ltd,9.377294451639015
SETRA TR VAROR,800.4444444444445,3,35,Setra Trävaror AB,7,0.2857142857142857,91,Setra trävaror AB,6.685167128959628
SEVERN TRENT WATER,63.0,1,37,Severn Trent Water Ltd,9,0.0,45,Severn Trent Water Ltd,4.143134726391533
SGL CARBON,16579.0,1,23,SGL Carbon SE,7,0.42857142857142855,42,SGL Carbon Ltd,9.715892113239466
SHEFFIELD FORGEMASTERS ENGINEERING,28647.875,1,24,Sheffield Forgemasters Engineering Limited,3,0.0,14,Sheffield Forgemasters Engineering Ltd,10.26283454836241
SHEFFIELD TEACHING HOSPITALS NHS FOUNDATION TRUST,20556.0,2,86,Sheffield Teaching Hospitals NHS Foundation Trust,52,0.019230769230769232,85,Sheffield Teaching Hospitals NHS Foundation Trust,9.93090814811212
SHELL DEUTSCHLAND,3645476.7,3,19,Shell Deutschland GmbH,11,0.0,91,Shell Deutschland GmbH,15.108997696766693
SHELL DEUTSCHLAND OIL,1151694.0,2,35,Shell Deutschland Oil GmbH,24,0.041666666666666664,91,Shell Deutschland Oil GmbH,13.956744459953406
SHELL NEDERLAND RAFFINADERIJ B V,4216904.9,1,19,SHELL Nederland Raffinaderij B.V.,8,0.0,93,Shell Nederland Raffinaderij B.V.,15.254611980897456
SHELL UK,1903119.425,13,6.,Shell UK Limited,5,0.0,30,Shell UK Ltd,14.459004900483661
SHORT BROTHERS,12006.111111111111,1,30,Short Brothers PLC,4,0.75,50,Short Brothers PLC,9.393171058400908
SIA SALASPILS SILTUMS,2787.6,1,35,SIA „Salaspils siltums”,11,1.0,93,"SIA ""Salaspils siltums""",7.932936289564363
SICA,1414.0,1,10,SICA srl,39,0.10256410256410256,15,SICA,7.254177846456518
SIEMENS ENERGY GLOBAL,3076.8571428571427,1,63,Siemens Energy Global GmbH & Co. KG,58,0.4482758620689655,31,Siemens Energy Global GmbH & Co. KG,8.031663946833513
SIEMENS MOBILITY,9086.2,1,30,Siemens Mobility GmbH,1086,0.427255985267035,34,Siemens Mobility,9.114512057963509
SILEC CABLE,9894.8,1,27,SILEC CABLE,90,0.011111111111111112,31,Silec Cable,9.199764645603999
SILL,2753.5,1,,SILL SAS,5,0.0,15,SILL,7.9206281087025365
SINGAPORE AIRLINES,22831.4,1,51,SINGAPORE AIRLINES LIMITED,15,0.13333333333333333,60,Singapore Airlines,10.035892060464525
SINGLETON BIRCH,294207.1111111111,2,23,Singleton Birch Limited,9,0.0,24,Singleton Birch Ltd,12.592039257867254
SIOUX,362.0,1,51,Sioux Company Ltd,7,0.0,18,Sioux GmbH,5.8916442118257715
SIRAM,124827.65198412698,17,35,SIRAM SPA,117,0.2222222222222222,50,Siram SpA,11.734689280760005
SIRIO S P A,8122.8,1,51,SIRIO S.p.A.,32,0.15625,55,Sirio S.p.A.,9.002430201302563
SIXT AUTOVERMIETUNG,412.0,1,51,SIXT GMBH & CO AUTOVERMIETUNG KG,12,0.16666666666666666,34,Sixt GmbH & Co. Autovermietung KG,6.021023349349527
SKANSKA RASHLEIGH WEATHERFOIL,27575.0,5,86,Skanska Rashleigh Weatherfoil Limited,9,0.0,71,Skanska Rashleigh Weatherfoil Limited,10.224664844121703
SKELLEFTE KRAFT,45588.675,13,35,Skellefteå Kraft AB,23,0.0,93,Skellefteå Kraft AB,10.727414609394044
SKF INDUSTRIE S P A,4785.3,1,28,SKF INDUSTRIE S.P.A.,12,0.5,34,SKF Industrie S.p.A.,8.473303997846513
SLOVENSK ENERGETICK STROJ RNE A S,406.0,1,35,SLOVENSKÉ ENERGETICKÉ STROJÁRNE a.s.,10,0.6,42,Slovenské Energetické Strojárne a.s.,6.0063531596017325
SLOVENSK PO NOHOSPOD RSKA UNIVERZITA V NITRE,2587.3333333333335,1,35,Slovenská poľnohospodárska univerzita v Nitre,5,0.0,73,Slovenská poľnohospodárska univerzita v Nitre,7.858383023260742
SLOVNAFT A S,2130642.0,3,19,"SLOVNAFT, a.s.",316,0.6550632911392406,91,Slovnaft; a.s.,14.57193390072191
SMA MINERAL,540116.7,7,23,SMA MINERAL OY,30,0.1,24,sma mineral,13.199540506302926
SMART PACKAGING SOLUTIONS B V,13096.5,1,17,Smart Packaging Solutions B.V.,4,0.5,90,Smart Packaging Solutions B.V.,9.480100297918971
SOCCRAM,44048.7,3,35,SOCCRAM,37,0.02702702702702703,50,Soccram,10.693051119010565
SOCIETE GENERALE,517.5,3,,SOCIETE GENERALE,6,0.0,66,Societe Generale,6.249009525139524
SOFAXIS,361.0,1,51,SOFAXIS,958,0.11691022964509394,66,sofaxis,5.8888779583328805
SOKO W S A,25067.93333333333,2,10,Sokołów S.A.,15,0.26666666666666666,15,Sokołów S.A.,10.12934475190802
SOKOLOVSK UHELN PR VN N STUPCE A S,3896524.8,1,35,"Sokolovská uhelná, právní nástupce, a.s.",20,1.0,80,"Sokolovská uhelná, právní nástupce a.s.",15.175595636931755
SOLEVAL FRANCE,37907.9,3,38,SOLEVAL France,18,0.8888888888888888,90,soleval france,10.542914812621005
SOLVAY,1134869.0,4,20,SOLVAY GmbH,22,0.09090909090909091,24,Solvay,13.94202778373421
SOLVAY CHIMICA ITALIA,1410897.677777778,4,20,SOLVAY CHIMICA ITALIA SPA,19,0.6842105263157895,24,Solvay Chimica Italia SpA,14.159736710684363
SOUTH TEES HOSPITALS NHS FOUNDATION TRUST,9365.0,1,86,South Tees Hospitals NHS Foundation Trust,7,0.14285714285714285,85,South Tees Hospitals NHS Foundation Trust,9.144734614878189
SP DZIELNIA MIESZKANIOWA,14969.5,1,35,SPÓŁDZIELNIA MIESZKANIOWA,3,0.6666666666666666,65,Spółdzielnia Mieszkaniowa,9.613770076722277
SP DZIELNIA MIESZKANIOWA ZAZAMCZE,39166.4,1,35,Spółdzielnia Mieszkaniowa Zazamcze,5,1.0,93,"Spółdzielnia Mieszkaniowa ;;ZAZAMCZE""",10.575574515364424
SP DZIELNIA MLECZARSKA MLEKOVITA,68021.03333333333,2,10,Spółdzielnia Mleczarska MLEKOVITA,537,0.5195530726256983,15,Spółdzielnia Mleczarska MLEKOVITA,11.127572250056106
SP DZIELNIA MLECZARSKA MLEKPOL W GRAJEWIE,69787.2,2,10,Spółdzielnia Mleczarska MLEKPOL w Grajewie,15,0.0,15,"Spółdzielnia Mleczarska ""MLEKPOL"" w Grajewie",11.153205890845271
SPENNER,710885.6,2,23,Spenner GmbH & Co. KG,12,0.25,44,Spenner GmbH & Co. KG,13.474266795698915
SPIE BATIGNOLLES MALET,5794.125,3,42,SPIE BATIGNOLLES MALET,106,0.0,45,SPIE Batignolles Malet,8.664599752138692
SPIE ENERGY SOLUTIONS,1023.0,1,35,SPIE Energy Solutions GmbH,5,0.0,45,SPIE Energy Solutions GmbH,6.930494765951626
SPRINGFIELDS FUELS,47797.666666666664,1,24,Springfields Fuels Limited,4,0.5,90,Springfields Fuels Limited,10.774732102783199
SPRINTAIR S A,10098.0,1,51,SprintAir S.A.,6,0.5,60,Sprintair S.A.,9.22009266341886
SPTP,370.0,1,35,SPTP SAS,23,0.08695652173913043,45,SARL SPTP,5.91350300563827
SPZOZ SZPITAL UNIWERSYTECKI W KRAKOWIE,4.0,1,35,SPZOZ SZPITAL UNIWERSYTECKI W KRAKOWIE,65,0.1076923076923077,85,SPZOZ szpital Uniwersytecki w Krakowie,1.3862943611198906
SSE GENERATION,1342946.2162698412,6,35,SSE Generation Limited,6,0.0,65,SSE Generation Ltd,14.110376427249873
ST DTISCHE WERKE MAGDEBURG,2134.7,2,35,Städtische Werke Magdeburg GmbH & Co. KG,202,0.19801980198019803,93,Städtische Werke Magdeburg GmbH,7.6660814005670534
STADT UND BERLANDWERKE LUCKAU L BBENAU,12511.5,1,35,Stadt- und Überlandwerke GmbH Luckau-Lübbenau,17,0.35294117647058826,91,Stadt- und Überlandwerke GmbH Luckau-Lübbenau,9.434403500349775
STADTWERKE ALTM RKISCHE GAS WASSER UND ELEKTRIZIT TSWERKE STENDAL,62022.9,2,35,"Stadtwerke - Altmärkische Gas-, Wasser- und Elektrizitätswerke GmbH Stendal",155,0.03225806451612903,93,Stadtwerke – Altmärkische Gas-; Wasser- und Elektrizitätswerke Stendal GmbH,11.035258950671231
STADTWERKE AUGSBURG ENERGIE,91986.7,4,35,Stadtwerke Augsburg Energie GmbH,234,0.10256410256410256,93,Stadtwerke Augsburg Energie GmbH,11.429399280363228
STADTWERKE BAMBERG ENERGIE UND WASSERVERSORGUNGS,4932.0,1,35,Stadtwerke Bamberg Energie- und Wasserversorgungs GmbH,21,0.09523809523809523,91,Stadtwerke Bamberg Energie- und Wasserversorgungs GmbH,8.503499864284235
STADTWERKE BERNAU,18499.4,1,35,Stadtwerke Bernau GmbH,3,0.6666666666666666,31,Stadtwerke Bernau GmbH,9.825493578108041
STADTWERKE BERNBURG,21004.7,1,35,Stadtwerke Bernburg GmbH,6,0.0,93,Stadtwerke Bernburg,9.952501501187754
STADTWERKE BIETIGHEIM BISSINGEN,9614.8,1,35,Stadtwerke Bietigheim- Bissingen GmbH,37,0.0,93,Stadtwerke Bietigheim-Bissingen,9.171058856974506
STADTWERKE BITTERFELD WOLFEN,10738.0,1,35,Stadtwerke Bitterfeld-Wolfen GmbH,9,0.0,93,Stadtwerke Bitterfeld-Wolfen,9.281544130982514
STADTWERKE BOCHUM,79063.4,3,35,Stadtwerke Bochum Holding GmbH,50,0.28,93,Stadtwerke Bochum GmbH,11.278005341238396
STADTWERKE COTTBUS,227196.7,1,35,Stadtwerke Cottbus GmbH,144,0.24305555555555555,93,Stadtwerke Cottbus GmbH,12.333571441075762
STADTWERKE D SSELDORF,853499.1333333334,5,35,Stadtwerke Düsseldorf AG,74,0.36486486486486486,93,Stadtwerke Düsseldorf AG,13.657099805789443
STADTWERKE DETMOLD,4935.0,1,35,Stadtwerke Detmold GmbH,16,0.25,93,Stadtwerke Detmold GmbH,8.504107951867582
STADTWERKE ERKRATH,35949.9,2,35,Stadtwerke Erkrath GmbH,8,0.0,93,Stadtwerke Erkrath GmbH,10.489881581504156
STADTWERKE FINSTERWALDE,4185.5,1,35,Stadtwerke Finsterwalde GmbH,11,0.18181818181818182,93,Stadtwerke Finsterwalde,8.339381450100111
STADTWERKE FLENSBURG,596108.7083333334,5,35,Stadtwerke Flensburg GmbH,129,0.20155038759689922,93,Stadtwerke Flensburg GmbH,13.2981783259477
STADTWERKE FRANKFURT ODER,171844.6,2,35,Stadtwerke Frankfurt (Oder) GmbH,12,0.0,65,Stadtwerke Frankfurt (Oder) GmbH,12.054345859031875
STADTWERKE G STROW,21671.6,2,35,Stadtwerke Güstrow GmbH,18,0.0,93,Stadtwerke Güstrow GmbH,9.983757926599397
STADTWERKE GIESSEN,49002.299999999996,3,35,Stadtwerke Gießen AG,238,0.01680672268907563,93,Stadtwerke Gießen AG,10.799622514766684
STADTWERKE GOTHA,28830.7,1,35,Stadtwerke Gotha GmbH,11,0.2727272727272727,90,Stadtwerke Gotha GmbH,10.269196070601302
STADTWERKE ISERLOHN,3425.7,3,35,Stadtwerke Iserlohn GmbH,3,0.0,93,Stadtwerke Iserlohn GmbH,8.139061109375712
STADTWERKE KARLSRUHE,30315.600000000002,3,35,Stadtwerke Karlsruhe GmbH,27,0.1111111111111111,93,Stadtwerke Karlsruhe GmbH,10.319417710492056
STADTWERKE KEMPEN,30351.9,1,35,Stadtwerke Kempen GmbH,16,0.0,93,Stadtwerke Kempen GmbH,10.320614397493564
STADTWERKE LEIPZIG,236575.4,3,35,Stadtwerke Leipzig GmbH,57,0.3333333333333333,65,Stadtwerke Leipzig GmbH,12.374022252170734
STADTWERKE LEMGO,27236.3,2,35,Stadtwerke Lemgo GmbH,22,0.0,93,Stadtwerke Lemgo GmbH,10.212305921375503
STADTWERKE LUTHERSTADT WITTENBERG,2693.7,1,35,Stadtwerke Lutherstadt Wittenberg GmbH,21,0.5714285714285714,93,Stadtwerke Lutherstadt Wittenberg GmbH,7.898670992194872
STADTWERKE M NSTER,215079.7,2,35,Stadtwerke Münster GmbH,71,0.4084507042253521,93,Stadtwerke Münster GmbH,12.27876393609281
STADTWERKE MARBURG,13631.9,1,35,Stadtwerke Marburg GmbH,39,0.1794871794871795,93,Stadtwerke Marburg,9.520167913361439
STADTWERKE MEININGEN,6844.666666666667,1,35,Stadtwerke Meiningen GmbH,7,0.5714285714285714,93,Stadtwerke Meiningen GmbH,8.8312250391908
STADTWERKE MERSEBURG,13606.2,1,35,Stadtwerke Merseburg GmbH,35,0.2,93,Stadtwerke Merseburg GmbH,9.518280850194296
STADTWERKE NEURUPPIN,15134.0,1,35,Stadtwerke Neuruppin GmbH,8,0.5,93,Stadtwerke Neuruppin GmbH,9.624699147254466
STADTWERKE ORANIENBURG,8649.0,1,35,Stadtwerke Oranienburg GmbH,39,0.1282051282051282,93,Stadtwerke Oranienburg GmbH,9.065198986306513
STADTWERKE PIRNA ENERGIE,15036.5,1,35,Stadtwerke Pirna Energie GmbH,8,0.0,91,Stadtwerke Pirna Energie GmbH,9.618235857656057
STADTWERKE RATINGEN,24678.5,1,35,Stadtwerke Ratingen GmbH,7,0.42857142857142855,65,Stadtwerke Ratingen GmbH,10.113687698214408
STADTWERKE ROSENHEIM,36520.4,2,35,Stadtwerke Rosenheim GmbH & Co. KG,9,0.2222222222222222,90,Stadtwerke Rosenheim,10.505626287551442
STADTWERKE SANGERHAUSEN,8793.285714285714,1,35,Stadtwerke Sangerhausen GmbH,9,0.4444444444444444,93,Stadtwerke Sangerhausen GmbH,9.081743722230577
STADTWERKE SENFTENBERG,2690.9,1,35,Stadtwerke Senftenberg GmbH,9,0.6666666666666666,93,Stadtwerke Senftenberg GmbH,7.897630989129696
STADTWERKE STRAUSBERG,24092.8,1,35,Stadtwerke Strausberg GmbH,5,0.0,93,Stadtwerke Strausberg,10.089668319655804
STADTWERKE T BINGEN,42627.8,3,35,Stadtwerke Tübingen GmbH,13,0.46153846153846156,50,Stadtwerke Tübingen GmbH,10.66026190157794
STADTWERKE WERNIGERODE,5067.4,1,35,Stadtwerke Wernigerode GmbH,36,0.2777777777777778,93,Stadtwerke Wernigerode GmbH,8.530583144534997
STADTWERKE WISMAR,13062.0,1,35,Stadtwerke Wismar GmbH,13,0.46153846153846156,93,Stadtwerke Wismar GmbH,9.477462530462603
STADTWERKE WITTENBERGE,5809.25,1,35,Stadtwerke Wittenberge GmbH,4,0.0,93,Stadtwerke Wittenberge,8.667206753733723
STANSTED AIRPORT,2372.0,1,52,Stansted Airport Ltd,5,0.0,63,Stansted Airport Limited,7.771488760117616
STATKRAFT MARKETS,312008.0833333333,4,35,Statkraft Markets GmbH,7,0.0,93,Statkraft Markets GMBH,12.650784374575668
STEAG NEW ENERGIES,30745.125,7,35,STEAG New Energies GmbH,3,0.6666666666666666,42,STEAG New Energies GmbH,10.333486724081045
STEELCASE,14.0,1,51,STEELCASE,91,0.2087912087912088,39,Steelcase,2.6390573296152584
STEINBEIS PAPIER,6199.5,1,17,Steinbeis Papier GmbH,4,0.0,22,Steinbeis Papier,8.732223922619896
STERIMED,4973.7,1,17,STERIMED SAS,53,0.3018867924528302,90,Sterimed srl,8.511919308913528
STICHTING RADBOUD UNIVERSITAIR MEDISCH CENTRUM,19292.1,1,86,Stichting Radboud universitair medisch centrum,8,0.0,71,Stichting Radboud Universitair Medisch Centrum,9.867450964671178
STICHTING VU,35435.8,1,35,Stichting VU,3,0.0,73,Stichting VU,10.475477887538121
STOCKHOLM EXERGI,750343.4115079365,25,35,Stockholm Exergi AB,16,0.125,90,Stockholm Exergi AB,13.528286262727097
STOELZLE OBERGLAS,47983.8,1,23,Stoelzle Oberglas GmbH,10,0.4,33,Stoelzle Oberglas GmbH,10.778618732924086
STORA ENSO WOOD PRODUCTS,176.83333333333334,1,16,Stora Enso Wood Products Oy Ltd,7,0.0,91,Stora Enso Wood Products Oy,5.175207669385928
STRUKTON CIVIEL ZUID B V,2347.714285714286,1,23,Strukton Civiel Zuid B.V.,24,0.0,90,Strukton Civiel Zuid B.V.,7.76119748943582
SUMOL COMPAL MARCAS S A,6382.222222222223,1,10,"Sumol+Compal, Marcas, S.A.",37,0.05405405405405406,15,"SUMOL+COMPAL Marcas, S. A.",8.761271626385886
SUNDSVALL ENERGI,67980.9,7,35,Sundsvall Energi AB,11,0.36363636363636365,90,Sundsvall Energi AB,11.126982062350466
SUUR SAVON S HK,45.0,2,35,Suur-Savon Sähkö Oy,18,0.0,93,Suur-Savon Sähkö Oy,3.8066624897703196
SVENDBORG KRAFTVARME A S,20196.0,1,38,Svendborg Kraftvarme A/S,4,0.0,90,Svendborg Kraftvarme A/S,9.913239843978806
SWAGELOK,69.0,1,51,SWAGELOK COMPANY,3,0.6666666666666666,44,Swagelok BV,4.23410650459726
SWB ENTSORGUNG,582.6,1,35,swb Entsorgung GmbH & Co. KG,13,0.15384615384615385,90,swb Entsorgung GmbH & Co. KG,6.367500844525334
SWB SERVICES,18694.0,3,35,swb Services AG & Co. KG,7,0.0,90,SWB Services GmbH & Co.KG,9.83595789574253
SWE ENERGIE,277918.1714285714,2,35,SWE Energie GmbH,8,0.125,65,SWE Energie GmbH,12.535082001964842
SWIETELSKY MAGYARORSZ G,1364.5,1,23,Swietelsky Magyarország Kft.,256,0.0703125,45,SWIETELSKY Magyarország Kft.,7.218543340148393
SWISS INTERNATIONAL AIR LINES,164933.0,1,51,SWISS INTERNATIONAL AIR LINES AG,5,0.2,60,Swiss International Air Lines Ltd,12.013294609811725
SWK ENERGIE,22492.5,3,35,SWK Energie GmbH,16,0.0,93,SWK Energie GmbH,10.020937199291273
SWK STADTWERKE KAISERSLAUTERN VERSORGUNGS,155812.7,5,35,SWK Stadtwerke Kaiserslautern Versorgungs-AG,3,0.0,65,SWK Stadtwerke Kaiserslautern Versorgungs-AG,11.956409923859153
SWN STADTWERKE NEUM NSTER,82134.8,1,35,SWN Stadtwerke Neumünster GmbH,101,0.0594059405940594,93,SWN Stadtwerke Neumünster GmbH,11.316117078956813
SWU ENERGIE,18399.98888888889,2,35,SWU Energie GmbH,24,0.4166666666666667,93,SWU Energie GmbH,9.82010533973216
SYNTHESIA A S,298627.3,1,20,"Synthesia, a.s.",3,0.6666666666666666,24,Synthesia; a.s.,12.6069515865658
SZ PH SZ KESFEH RV RI P LETFENNTART S H SZOLG LTAT,50473.6,2,35,SZÉPHŐ Székesfehérvári Épületfenntartó és Hőszolgáltató Zrt.,4,1.0,93,SZÉPHŐ Székesfehérvári Épületfenntartó és Hőszolgáltató Zrt.,10.829205706293155
SZCZECI SKA ENERGETYKA CIEPLNA SP Z O O,129349.9,2,35,Szczecińska Energetyka Cieplna Sp. z o.o.,14,0.7142857142857143,93,Szczecińska Energetyka Cieplna Sp. z o.o.,11.770276414517626
TAFJORD KRAFTVARME,488.0,1,35,Tafjord Kraftvarme AS,6,0.5,90,Tafjord Kraftvarme,6.1903154058531475
TAKEDA,11188.333333333334,1,,Takeda GmbH,272,0.5661764705882353,33,Takeda,9.322626847704742
TAMEH POLSKA SP Z O O,4861361.0,3,35,TAMEH Polska Sp. z o. o.,4,0.25,50,TAMEH Polska Sp. z o.o.,15.396828997824736
TARKETT,5147.333333333333,1,13,Tarkett,14,0.07142857142857142,44,Tarkett Ltd,8.546234060200652
TARMAC AGGREGATES,16017.25,2,23,Tarmac Aggregates Ltd,4,0.0,71,Tarmac Aggregates Limited,9.681421545462543
TARMAC CEMENT AND LIME,1900676.4444444445,5,23,Tarmac Cement and Lime Limited,7,0.5714285714285714,14,Tarmac Cement and Lime,14.457720404167192
TARMAC TRADING,42565.566666666666,9,8.,Tarmac Trading Limited,258,0.04263565891472868,45,Tarmac Trading Ltd,10.658800911201858
TATA CHEMICALS EUROPE,156376.375,2,20,Tata Chemicals Europe Limited,3,0.0,24,Tata Chemicals Europe Ltd,11.960021040696182
TATA STEEL UK,7131913.208333334,8,24,Tata Steel UK Limited,8,0.625,34,TATA STEEL UK Ltd,15.780090088560405
TATRAVAG NKA A S,7047.0,1,30,TATRAVAGÓNKA a.s.,12,0.4166666666666667,34,Tatravagónka a.s.,8.860357273327022
TAURON CIEP O SP Z O O,1882101.7333333334,9,35,TAURON Ciepło Sp. z o.o.,17,0.8235294117647058,93,Tauron Ciepło Sp. z o.o.,14.447899653635318
TAURON WYTWARZANIE S A,13996187.899999999,8,35,TAURON WYTWARZANIE S.A.,16,0.625,65,TAURON Wytwarzanie S.A.,16.45429555764396
TEAG TH RINGER ENERGIE,250427.4,2,35,TEAG Thüringer Energie AG,133,0.3458646616541353,93,TEAG Thüringer Energie AG,12.430924337141738
TECHNISCHE UNIVERSIT T DORTMUND,5390.888888888889,1,35,Technische Universität Dortmund,3,1.0,79,Technische Universität Dortmund,8.592465564756779
TECHNISCHE UNIVERSIT T M NCHEN,32673.8,2,35,Technische Universität München,14,0.2857142857142857,73,Technische Universität München,10.394328812492859
TEKNISKA VERKEN I LINK PING,259060.89920634922,15,35,Tekniska Verken i Linköping AB,19,0.21052631578947367,90,Tekniska Verken i Linköping AB,12.464818445113309
TELE FONIKA KABLE SP KA AKCYJNA,433.0,1,27,Tele-Fonika Kable Spółka Akcyjna,53,0.49056603773584906,31,TELE-FONIKA KABLE Spółka Akcyjna,6.07073772800249
TELIA FINLAND,187.75,1,,Telia Finland Oyj,124,0.08064516129032258,64,Telia Finland Oyj,5.2351112906442445
TEPL RNA LIBEREC A S,23902.1,1,35,"Teplárna Liberec, a.s.",7,1.0,65,Teplárna Liberec; a.s.,10.081721600168388
TEPL RNY BRNO A S,243028.59999999998,6,35,"Teplárny Brno, a.s.",20,0.4,93,Teplárny Brno; a.s.,12.400934410870368
TERA,1625.625,1,23,Tera Co Ltd,4,0.5,90,TERA,7.393647636202916
TEREA CHEB S R O,10070.777777777777,3,35,TEREA Cheb s.r.o.,4,1.0,65,TEREA Cheb s.r.o.,9.217393219847928
TEREOS TTD A S,198960.475,4,10,"Tereos TTD, a.s.",19,0.21052631578947367,24,Tereos TTD a.s.,12.200861465888993
TESSENDERLO,134711.45,2,10,Tessenderlo Group,10,0.0,24,Tessenderlo Group nv,11.810890362497798
TEVA GY GYSZERGY R,52038.3,2,21,TEVA Gyógyszergyár ZRt.,356,0.598314606741573,33,TEVA Gyógyszergyár Zrt.,10.859735264913764
TEXTIL SANTANDERINA S A,27758.3,1,13,"TEXTIL SANTANDERINA, S.A.",25,0.48,18,Textil Santanderina; S.A.,10.23129017355246
THAMES WATER UTILITIES,23479.111111111113,7,37,Thames Water Utilities Limited,5,0.0,65,THAMES WATER UTILITIES LIMITED,10.063866415947366
THE BANK OF NEW YORK MELLON,51.0,1,51,The Bank Of New York Mellon,7,0.0,66,The Bank of New York Mellon SA/NV,3.9318256327243257
THE BOEING,149.6,1,51,The Boeing Company,35,0.5714285714285714,34,The Boeing Company,5.007965065540377
THE LEEDS TEACHING HOSPITALS NHS TRUST,4490.0,1,86,The Leeds Teaching Hospitals NHS Trust,4,0.0,80,The Leeds Teaching Hospitals NHS Trust,8.4096079807363
THE UNIVERSITY COURT OF THE UNIVERSITY OF EDINBURGH,20475.0,2,85,The University Court of the University Of Edinburgh,4,0.0,73,The University Court of the University of Edinburgh,9.92695990872127
THE UNIVERSITY OF BIRMINGHAM,34816.22222222222,1,85,The University of Birmingham,21,0.047619047619047616,73,The University of Birmingham,10.457838712956683
THE UNIVERSITY OF MANCHESTER,20970.555555555555,1,85,The University of Manchester,87,0.11494252873563218,73,The University of Manchester,9.950874616418453
THE UNIVERSITY OF READING,7206.0,1,85,The University of Reading,3,0.0,80,The University of Reading,8.882669291308039
THE UNIVERSITY OF WARWICK,28003.222222222223,1,85,The University of Warwick,16,0.0,73,The University of Warwick,10.240074861901299
THERMO FISHER SCIENTIFIC,12.0,1,51,THERMO FISHER SCIENTIFIC,1453,0.5677907777013076,38,Thermo Fisher Scientific,2.4849066497880004
THERMODYN,2776.3,1,28,THERMODYN,3,0.6666666666666666,29,Thermodyn SAS,7.928874384951909
TINE,13061.5,1,10,Tine SA,149,0.4228187919463087,15,Tine,9.477424250752758
TITAN AIRWAYS,28659.272727272728,1,51,TITAN AIRWAYS LIMITED,6,0.3333333333333333,60,Titan Airways Ltd,10.263232325179963
TITAN INTERNATIONAL,16.0,1,51,"Titan International, Inc.",10,0.2,39,Titan International Ltd,2.772588722239781
TORRASPAPEL S A,306047.0333333333,6,17,"Torraspapel, S.A.",3,0.6666666666666666,30,Torraspapel; S.A.,12.631494072827017
TRADE AIR D O O,7963.0,1,51,TRADE AIR d.o.o.,4,1.0,60,Trade Air d.o.o.,8.982561092257445
TRENITALIA,10867.904761904761,4,33,TRENITALIA SPA,7,0.5714285714285714,60,Trenitalia,9.293569207341184
TROLLH TTAN ENERGI,354.38571428571424,4,35,Trollhättan Energi AB,3,0.3333333333333333,64,Trollhättan Energi AB,5.870385908340917
TRZUSKAWICA S A,680888.2,3,23,Trzuskawica S.A.,75,0.26666666666666666,44,Trzuskawica S.A.,13.431153401316486
TSTG SCHIENEN TECHNIK,95069.0,1,24,TSTG Schienen Technik GmbH & Co. KG,6,0.3333333333333333,34,TSTG Schienen Technik GmbH,11.462358222732488
TTS ENERGO S R O,135.875,2,35,TTS energo s.r.o.,21,0.5714285714285714,77,TTS energo s.r.o.,4.9117353454413735
TURKU ENERGIA BO ENERGI,38692.81587301587,27,35,Oy Turku Energia Åbo Energi Ab,6,0.5,93,Oy Turku Energia – Åbo Energi Ab,10.563409225429133
TWENCE B V,2308.0,1,,Twence Holding B.V.,9,0.0,90,Twence B.V.,7.744136627627991
TWIN JET,9228.333333333334,1,51,TWIN JET,3,0.3333333333333333,34,Twin Jet,9.130033740588958
UAB GREN KLAIP DA,120298.66666666667,1,35,UAB Gren Klaipėda,14,0.5714285714285714,90,UAB Gren Klaipėda,11.697732818498745
UCB PHARMA,10518.5,1,21,UCB Pharma,354,0.4124293785310734,33,UCB Pharma Ltd,9.260890890574084
UDDEVALLA KRAFT,52753.688888888886,5,35,Uddevalla Kraft AB,6,0.0,91,Uddevalla Kraft AB,10.873388980436134
UME ENERGI,77366.20476190477,8,35,Umeå Energi AB,13,0.46153846153846156,90,Umeå Energi AB,11.256305333243612
UMICORE,275263.30000000005,2,24,Umicore,4,0.25,14,Umicore AG & Co. KG,12.525483373126923
UNICALCE S P A,962650.0714285714,11,23,Unicalce S.p.A.,15,0.6666666666666666,24,Unicalce S.p.A.,13.777445251357419
UNILEVER UK,45404.0,3,10,Unilever UK Limited,9,0.0,15,Unilever UK LImited,10.72335548587523
UNILIN,58240.63333333333,6,16,Unilin,3,0.0,44,Unilin,10.972338557353565
UNIOR D D,7855.0,1,25,UNIOR D.D.,3,0.6666666666666666,42,Unior d.d.,8.96890555068972
UNITED UTILITIES WATER,1842.111111111111,2,36,United Utilities Water Limited,4,0.0,09,UNITED UTILITIES WATER LIMITED,7.518667535903246
UNIVERSIT DE LI GE,7113.8,1,35,Université de Liège,21,0.5714285714285714,72,Université de Liège,8.869791838534347
UNIVERSIT T STUTTGART,42665.0,1,35,Universität Stuttgart,15,0.6,73,Universität Stuttgart,10.661134190970685
UNIVERSIT TSKLINIKUM D SSELDORF,3749.75,1,35,Universitätsklinikum Düsseldorf,5,0.2,45,Universitätsklinikum Düsseldorf,8.22944445007547
UNIVERSITAIR MEDISCH CENTRUM UTRECHT,24424.8,1,85,Universitair Medisch Centrum Utrecht,4,0.5,73,Universitair Medisch Centrum Utrecht,10.103354288545832
UNIVERSITEIT UTRECHT,35022.4,1,85,Universiteit Utrecht,7,0.2857142857142857,73,Universiteit Utrecht,10.46374313575889
UNIVERSITY COLLEGE LONDON,11665.0,1,35,University College London,63,0.06349206349206349,73,University College London,9.36434818445553
UNIVERSITY COLLEGE LONDON HOSPITALS NHS FOUNDATION TRUST,3965.0,1,86,University College London Hospitals NHS Foundation Trust,13,0.0,85,University College London Hospitals NHS Foundation Trust,8.285261134068948
UNIVERSITY HOSPITAL SOUTHAMPTON NHS FOUNDATION TRUST,15817.0,1,86,University Hospital Southampton NHS Foundation Trust,14,0.14285714285714285,80,University Hospital Southampton NHS Foundation Trust,9.668840589963489
UNIVERSITY HOSPITALS BIRMINGHAM NHS FOUNDATION TRUST,25022.0,2,86,University Hospitals Birmingham NHS foundation Trust,51,0.0392156862745098,85,University Hospitals Birmingham NHS Foundation Trust,10.127510716877346
UNIVERSITY HOSPITALS BRISTOL NHS FOUNDATION TRUST,11136.0,1,86,University Hospitals Bristol NHS Foundation Trust,17,0.11764705882352941,85,University Hospitals Bristol NHS Foundation Trust,9.317938382574201
UNIVERSITY HOSPITALS COVENTRY WARWICKSHIRE NHS TRUST,8031.0,1,86,University Hospitals Coventry Warwickshire NHS Trust,3,0.0,80,University Hospitals Coventry & Warwickshire NHS Trust,8.991064332188461
UNIVERSITY HOSPITALS OF LEICESTER NHS TRUST,8947.0,1,86,University Hospitals of Leicester NHS Trust,27,0.07407407407407407,85,University Hospitals of Leicester NHS Trust,9.099073559547596
UNIVERSITY OF EAST ANGLIA,14530.222222222223,1,35,University of East Anglia,54,0.018518518518518517,80,University of East Anglia,9.583986050475058
UNIVERSITY OF LEICESTER,5906.0,1,85,University of Leicester,39,0.05128205128205128,73,University of Leicester,8.683724062303869
UNIVERSITY OF OXFORD,7743.888888888889,1,85,University of Oxford,50,0.06,73,University of Oxford,8.954659280827768
UNIVERSITY OF STRATHCLYDE,11711.333333333334,1,,University of Strathclyde,38,0.0,73,University of Strathclyde,9.36831231290522
UPM KYMMENE,468609.7,7,17,UPM-Kymmene Oyj,6,0.0,90,UPM Kymmene,13.05752550479891
UPM KYMMENE UK,13756.222222222223,1,17,UPM-Kymmene (UK) Limited,17,0.11764705882352941,90,UPM Kymmene (UK) Limited,9.529246525988569
UTEXBEL,9700.7,1,13,Utexbel,37,0.2972972972972973,19,UTEXBEL,9.179953326836163
UTILITAS TALLINN,148861.2,3,35,AS Utilitas Tallinn,27,1.0,93,AS Utilitas Tallinn,11.910769607147028
V EOBECN FAKULTN NEMOCNICE V PRAZE,6035.285714285715,2,35,Všeobecná fakultní nemocnice v Praze,6,1.0,85,Všeobecná fakultní nemocnice v Praze,8.705378475291807
V PENKA ERTOVY SCHODY A S,374618.6,1,23,Vápenka Čertovy schody a.s.,37,0.40540540540540543,44,Vápenka Čertovy schody a.s.,12.833663720722619
V PENKA VITO OV S R O,305662.3,1,23,VÁPENKA VITOŠOV s.r.o.,34,0.9705882352941176,14,Vápenka Vitošov; s.r.o.,12.630236176754165
V STERVIK MILJ ENERGI,24146.0,3,35,Västervik Miljö & Energi AB,6,0.0,90,Västervik Miljö & Energi AB,10.091874013892333
V STRA G TALANDSREGIONEN,97.0,1,35,Västra Götalandsregionen,21,0.23809523809523808,92,Västra Götalandsregionen,4.574710978503383
VAASAN S HK,4119.95,7,35,Vaasan Sähkö Oy,127,0.0,93,Vaasan Sähkö,8.323596306347602
VAFABMILJ KOMMUNALF RBUND,8575.888888888889,1,38,VafabMiljö Kommunalförbund,3,0.3333333333333333,90,VafabMiljö Kommunalförbund,9.056709927173586
VALERO ENERGY,2121022.3333333335,1,19,Valero Energy Ltd,5,0.0,91,Valero Energy Ltd,14.567408763115774
VALLOUREC DEUTSCHLAND,144321.52777777778,5,24,Vallourec Deutschland GmbH,4,0.0,44,Vallourec Deutschland GmbH,11.87979892128378
VANDERSANDEN NEDERLAND B V,39598.9,2,23,Vandersanden Nederland B.V.,14,0.7142857142857143,44,Vandersanden Nederland B.V.,10.586556619078985
VANTAAN ENERGIA,471327.14999999997,8,35,Vantaan Energia Oy,21,0.0,93,Vantaan Energia,13.063307717872611
VARASL TTENS LAGERHUS EK F R,74.55555555555556,1,63,Varaslättens Lagerhus Ek För,6,0.0,31,Varaslättens lagerhus ek för,4.311544559635462
VATTENFALL,292868.425,23,35,Vattenfall AB,145,0.15172413793103448,93,Vattenfall AB,12.587478725707475
VAUXHALL MOTORS,23262.88888888889,1,29,Vauxhall Motors Limited,105,0.0,34,Vauxhall Motors Ltd,10.054614618226736
VENATOR GERMANY,343949.9666666667,4,20,Venator Germany GmbH,5,0.6,24,Venator Germany GmbH,12.748251480040844
VEOLIA,13948.199999999999,2,35,VEOLIA,754,0.21750663129973474,90,Veolia,9.543105746666068
VEOLIA ENERGIA D S A,1960901.55,3,35,Veolia Energia Łódź S.A.,130,0.9384615384615385,93,Veolia Energia Łódź S.A.,14.488914899940658
VEOLIA ENERGIA MAGYARORSZ G,187577.475,4,35,Veolia Energia Magyarország Zrt.,7,0.14285714285714285,50,Veolia Energia Magyarország Zrt.,12.14194723904899
VEOLIA ENERGIA POZNA S A,1216039.4666666668,6,35,Veolia Energia Poznań S.A.,63,0.7301587301587301,93,VEOLIA Energia Poznań S.A.,14.011109797121911
VEOLIA ENERGIA WARSZAWA S A,26297.1,1,35,Veolia Energia Warszawa S.A.,204,0.47058823529411764,93,Veolia Energia Warszawa S.A.,10.1772139459264
VEOLIA ENERGIE PRAHA A S,54390.2,2,35,"Veolia Energie Praha, a.s.",9,1.0,93,"Veolia Energie Praha, a.s.",10.90393926955678
VEOLIA ENERGIE R A S,2270892.5666666664,13,35,"Veolia Energie ČR, a.s.",32,0.8125,93,Veolia Energie ČR; a.s.,14.635683513349004
VEOLIA ENERGY UTILITY SERVICES UK,105942.0,5,35,Veolia Energy & Utility Services UK PLC,6,0.0,50,Veolia Energy & Utility Services UK plc,11.570647053530854
VEOLIA PO UDNIE SP Z O O,122075.46666666666,5,35,VEOLIA POŁUDNIE SP. Z O.O.,4,1.0,93,Veolia Południe Sp. z o.o.,11.712394711709093
VEOLIA SZCZYTNO SP Z O O,20198.3,1,35,Veolia Szczytno sp. z o.o.,5,1.0,93,Veolia Szczytno Sp. z o.o.,9.913353721431937
VEOLIA WATER OUTSOURCING,2911.375,1,35,Veolia Water Outsourcing Ltd,5,0.0,90,Veolia Water Outsourcing Ltd,7.976380757159571
VERESCENCE LA GRANJA S L,34346.0,1,23,"Verescence La Granja, S.L.",11,0.0,31,Verescence La Granja S.L.,10.444240842543808
VERNACARE,4724.0,1,17,Vernacare Limited,52,0.038461538461538464,33,Vernacare Ltd,8.460411177317253
VERSOWOOD,761.0,1,16,Versowood Oy,8,0.25,91,Versowood Oy,6.634633357861686
VETRI SPECIALI S P A,103016.27777777778,4,23,VETRI SPECIALI S.p.A,3,0.6666666666666666,39,Vetri Speciali S.p.A.,11.542642291402746
VIABUILD,2790.0,1,42,Viabuild NV,24,0.0,45,Viabuild SA,7.933796874815411
VICAT,1868309.7333333334,7,23,VICAT,4,1.0,44,Sarl Vicat,14.440544694161561
VIRGIN ATLANTIC AIRWAYS,24888.3,1,51,Virgin Atlantic Airways Limited,63,0.6349206349206349,63,Virgin Atlantic Airways Ltd,10.122153092506753
VITAL ENERGI SOLUTIONS,25057.0,1,35,Vital Energi Solutions Limited,7,0.0,71,Vital Energi Solutions Ltd,10.128908508594378
VKG OIL,542319.4,2,19,VKG Oil AS,18,0.5555555555555556,91,VKG Oil AS,13.203610405746366
VLAAMSE INSTELLING VOOR TECHNOLOGISCH ONDERZOEK,7400.2,1,72,Vlaamse Instelling voor Technologisch Onderzoek,12,0.3333333333333333,73,Vlaamse Instelling Voor Technologisch Onderzoek,8.909262305854064
VODAFONE,138.44444444444446,2,35,Vodafone Limited,978,0.130879345603272,64,Vodafone,4.930469122011179
VOESTALPINE RAIL TECHNOLOGY,49552.555555555555,1,24,voestalpine Rail Technology GmbH,143,0.5594405594405595,34,voestalpine Rail Technology GmbH,10.810789113716885
VOESTALPINE STAHL,13771099.9,6,24,voestalpine Stahl GmbH,3,1.0,24,voestalpine Stahl GmbH,16.438082744058086
VOESTALPINE TUBULARS,63544.88888888889,1,24,voestalpine Tubulars GmbH & Co KG,26,0.11538461538461539,43,voestalpine Tubulars GmbH&Co KG,11.05950184677249
VOLAC INTERNATIONAL,15621.555555555555,1,10,Volac International Ltd,3,0.0,16,VOLAC INTERNATIONAL LTD,9.65640700585871
VOLKSWAGEN AKTIENGESELLSCHAFT,2468995.4,3,35,VOLKSWAGEN AKTIENGESELLSCHAFT,21,0.09523809523809523,34,Volkswagen Aktiengesellschaft,14.71932190522311
VOLOTEA S L,334247.1,1,51,"VOLOTEA, S.L.",13,1.0,79,Volotea; S.L.,12.719635818785939
VOLVO BELGIUM,391.0,1,29,Volvo Group Belgium,9,0.4444444444444444,34,Volvo Group Belgium,5.968707559985366
VOLVO CAR BELGIUM,22460.5,1,29,Volvo Car Belgium,9,0.3333333333333333,34,Volvo Car Belgium NV,10.019513489843398
VUELING AIRLINES S A,1332824.9166666667,1,51,"Vueling Airlines, S.A.",15,0.6666666666666666,79,Vueling Airlines; S.A.,14.102811245197957
VYNOVA BELGIUM,164672.18888888886,2,20,Vynova Belgium,7,0.0,24,Vynova Belgium NV,12.011712042702122
VYNOVA WILHELMSHAVEN,199159.55555555556,2,20,VYNOVA Wilhelmshaven GmbH,4,1.0,65,VYNOVA Wilhelmshaven GmbH,12.201861569158709
W GLOKOKS ENERGIA ZCP SP Z O O,136872.7,4,35,WĘGLOKOKS ENERGIA ZCP sp. z o.o.,6,1.0,93,WĘGLOKOKS ENERGIA ZCP sp. z o.o.,11.826806575758752
WACKER CHEMIE,743718.4777777777,4,35,Wacker Chemie AG,97,0.020618556701030927,34,Wacker Chemie AG,13.519417852124004
WALHALLA KALK,221306.9,2,23,Walhalla Kalk GmbH & Co. KG,4,0.0,24,"Walhalla Kalk GmbH "" Co. KG",12.307305704947561
WAVIN,10320.777777777777,1,23,Wavin Limited,12,0.0,44,Wavin GmbH,9.241914402259413
WEIBEL SCIENTIFIC A S,89.0,1,51,Weibel Scientific A/S,11,0.7272727272727273,38,Weibel scientific a/s,4.48863636973214
WESSEX WATER SERVICES,4804.222222222223,1,37,Wessex Water Services Ltd.,4,0.0,65,Wessex Water Services Limited,8.47725043987819
WIEN ENERGIE,2021574.075,10,35,WIEN ENERGIE GmbH,4,0.25,31,Wien Energie GmbH,14.519387010973102
WIENERBERGER,1010499.3964285714,66,23,Wienerberger,12,0.16666666666666666,44,Wienerberger BV,13.825955218525854
WIENERBERGER B V,199532.52222222224,18,23,Wienerberger B.V.,10,0.0,44,Wienerberger B.V.,12.203732520683714
WILLEMEN INFRA,12263.694444444445,4,23,Willemen Infra,89,0.0449438202247191,45,Willemen Infra,9.414398505404712
WILLIAM SAURIN PRODUCTION,9418.0,1,10,WILLIAM SAURIN PRODUCTION,26,0.0,15,william saurin production,9.1503780308035
WINCOR NIXDORF INTERNATIONAL,7553.5,1,35,WINCOR NIXDORF International GmbH,8,0.125,30,Wincor Nixdorf International GmbH,8.92976631098378
WIZZ AIR HUNGARY,1338543.4166666667,1,51,WIZZ AIR HUNGARY LTD,34,0.5,79,WIZZ Air Hungary Ltd,14.107092578223854
WOOD,4535.3,2,16,SCA Wood AB,28,0.0,73,Wood. Plc,8.419646512511225
WOTAN FOREST A S,101.8,1,16,"Wotan Forest, a.s.",133,0.03759398496240601,77,Wotan Forest; a.s.,4.623010104116422
WSW ENERGIE WASSER,441053.64285714284,5,35,WSW Energie & Wasser AG,29,0.5862068965517241,93,WSW Energie @ Wasser AG,12.996921786163387
WYETH LEDERLE,24264.6,1,21,Wyeth Lederle Srl,38,0.4473684210526316,33,Wyeth Lederle Spa,10.096773777054771
YARA,175159.77777777778,1,20,YARA GmbH & Co. KG,63,0.2698412698412698,24,YARA GmbH & Co. KG,12.073453852233197
YARA FRANCE,662386.6666666667,4,20,YARA FRANCE,72,0.2638888888888889,24,Yara France,13.403604753026123
YARA ITALIA,1103490.0,2,20,Yara Italia spa,7,0.0,24,Yara Italia SpA,13.913988442562651
YARA SUOMI,158021.49166666667,3,20,Yara Suomi Oy,3,0.6666666666666666,90,Yara Suomi Oy,11.970486325965537
YIT DANMARK A S,4085.1785714285716,2,23,YIT Danmark A/S,15,0.0,45,YIT Danmark A/S,8.31512072027468
ZAK ADY MECHANICZNE BUMAR DY S A,18333.1,1,25,"ZAKŁADY MECHANICZNE BUMAR-ŁABĘDY"" S.A.",15,0.8666666666666667,35,Zakłady Mechaniczne „BUMAR – ŁABĘDY” S.A.,9.816463448192778
ZAK ADY WAPIENNICZE LHOIST S A,527414.4,4,23,Zakłady Wapiennicze Lhoist S.A.,71,0.4788732394366197,44,Zakłady Wapiennicze Lhoist S.A.,13.17574185628285
ZAK ENERGETYKI CIEPLNEJ SP Z O O,125683.0,4,35,Zakład Energetyki Cieplnej Sp. z o.o.,11,0.8181818181818182,93,Zakład Energetyki Cieplnej Sp. z o.o.,11.74151814279102
ZAK GOSPODARKI KOMUNALNEJ W OSTROWI MAZOWIECKIEJ SP Z O O,20883.4,1,35,Zakład Gospodarki Komunalnej w Ostrowi Mazowieckiej Sp. z o.o.,49,0.5306122448979592,90,Zakład Gospodarki Komunalnej w Ostrowi Mazowieckiej Sp. z o.o.,9.946709863989398
ZESP ELEKTROCIEP OWNI WROC AWSKICH KOGENERACJA S A,1473632.3,3,35,Zespół Elektrociepłowni Wrocławskich KOGENERACJA S.A.,20,0.7,65,Zespół Elektrociepłowni Wrocławskich Kogeneracja S.A.,14.203240863352622
ZESP ZARZ DC W NIERUCHOMO CI SP Z O O,12527.2,1,35,Zespół Zarządców Nieruchomości Sp. z o. o.,4,0.0,70,Zespół Zarządców Nieruchomości Sp. z o.o.,9.435657559231233
ZF FRIEDRICHSHAFEN,8762.25,1,29,ZF FRIEDRICHSHAFEN AG,55,0.32727272727272727,50,ZF Friedrichshafen AG,9.078208000265368
ZG RAIFFEISEN EG,2290.5,1,46,ZG Raiffeisen eG,22,0.045454545454545456,24,ZG Raiffeisen eG,7.736525413326797
ZWICKAUER ENERGIEVERSORGUNG,24343.833333333332,3,35,Zwickauer Energieversorgung GmbH,4,0.0,91,Zwickauer Energieversorgung GmbH,10.100033845239427
